season,week,game_id,game_date,player_id,player_display_name,position,team,opponent,projected_fantasy_points_ppr,display_projected_fantasy_points_ppr,raw_position_rank,position_rank,overall_flex_rank,remaining_flex_rank,projected_lineup_slot,lineup_tier,role_eligible,depth_position_matches_model_position,depth_position,depth_slot,depth_rank,evidence_confidence,prior_games_count,prior_games_current_season,days_since_previous_game,fantasy_points_ppr_avg_last_5_games,opportunities_avg_last_5_games,offense_pct_avg_last_5_games,injury_context,risk_flags,recommendation_reason,source_as_of_utc,projection_created_at_utc,projection_source_model,model_bundle_version,ranking_version
2026,1,2026_01_BUF_HOU,2026-09-13,00-0034857,Josh Allen,QB,BUF,HOU,22.134834690535694,22.134834690535694,1,1,,,QB,PROVISIONAL_STARTER,True,True,QB,9,1,HIGH,126,0,259.0,21.832,35.0,1.0,SOURCE_UNAVAILABLE_FOR_2026_AT_BUILD,INJURY_CONTEXT_UNAVAILABLE,"Raw 22.13 PPR; QB raw rank 1; depth slot 9, rank 1; 126 prior games; injury context unavailable.",2026-08-22T07:46:47.668866+00:00,2026-08-22T07:49:49.992921+00:00,hist_gradient_boosting,v1_evaluated_2025,v1_weekly_rankings
2026,1,2026_01_SF_LA,2026-09-10,00-0026498,Matthew Stafford,QB,LA,SF,20.4359855763506,20.4359855763506,2,2,,,QB,PROVISIONAL_STARTER,True,True,QB,9,1,HIGH,114,0,249.0,22.891999999999996,40.0,0.958,SOURCE_UNAVAILABLE_FOR_2026_AT_BUILD,INJURY_CONTEXT_UNAVAILABLE,"Raw 20.44 PPR; QB raw rank 2; depth slot 9, rank 1; 114 prior games; injury context unavailable.",2026-08-22T07:46:47.668866+00:00,2026-08-22T07:49:49.992921+00:00,hist_gradient_boosting,v1_evaluated_2025,v1_weekly_rankings
2026,1,2026_01_ATL_PIT,2026-09-13,00-0023459,Aaron Rodgers,QB,PIT,ATL,19.93503160365564,19.93503160365564,3,3,,,QB,PROVISIONAL_STARTER,True,True,QB,9,1,HIGH,115,0,252.0,15.807999999999998,38.8,1.0,SOURCE_UNAVAILABLE_FOR_2026_AT_BUILD,INJURY_CONTEXT_UNAVAILABLE,"Raw 19.94 PPR; QB raw rank 3; depth slot 9, rank 1; 115 prior games; injury context unavailable.",2026-08-22T07:46:47.668866+00:00,2026-08-22T07:49:49.992921+00:00,hist_gradient_boosting,v1_evaluated_2025,v1_weekly_rankings
2026,1,2026_01_NO_DET,2026-09-13,00-0033106,Jared Goff,QB,DET,NO,19.798271471711452,19.798271471711452,4,4,,,QB,PROVISIONAL_STARTER,True,True,QB,9,1,HIGH,129,0,252.0,17.092000000000002,41.2,1.0,SOURCE_UNAVAILABLE_FOR_2026_AT_BUILD,INJURY_CONTEXT_UNAVAILABLE,"Raw 19.80 PPR; QB raw rank 4; depth slot 9, rank 1; 129 prior games; injury context unavailable.",2026-08-22T07:46:47.668866+00:00,2026-08-22T07:49:49.992921+00:00,hist_gradient_boosting,v1_evaluated_2025,v1_weekly_rankings
2026,1,2026_01_ARI_LAC,2026-09-13,00-0036355,Justin Herbert,QB,LAC,ARI,18.934224372784207,18.934224372784207,5,5,,,QB,PROVISIONAL_STARTER,True,True,QB,9,1,HIGH,95,0,260.0,16.148,33.0,0.97,SOURCE_UNAVAILABLE_FOR_2026_AT_BUILD,INJURY_CONTEXT_UNAVAILABLE,"Raw 18.93 PPR; QB raw rank 5; depth slot 9, rank 1; 95 prior games; injury context unavailable.",2026-08-22T07:46:47.668866+00:00,2026-08-22T07:49:49.992921+00:00,hist_gradient_boosting,v1_evaluated_2025,v1_weekly_rankings
2026,1,2026_01_MIA_LV,2026-09-13,00-0029604,Kirk Cousins,QB,LV,MIA,18.799238259341106,18.799238259341106,6,6,,,QB,PROVISIONAL_STARTER,True,True,QB,9,1,HIGH,112,0,252.0,13.064000000000002,34.0,1.0,SOURCE_UNAVAILABLE_FOR_2026_AT_BUILD,INJURY_CONTEXT_UNAVAILABLE,"Raw 18.80 PPR; QB raw rank 6; depth slot 9, rank 1; 112 prior games; injury context unavailable.",2026-08-22T07:46:47.668866+00:00,2026-08-22T07:49:49.992921+00:00,hist_gradient_boosting,v1_evaluated_2025,v1_weekly_rankings
2026,1,2026_01_TB_CIN,2026-09-13,00-0034855,Baker Mayfield,QB,TB,CIN,18.699367611833683,18.699367611833683,7,7,,,QB,PROVISIONAL_STARTER,True,True,QB,9,1,HIGH,123,0,253.0,14.724,34.8,1.0,SOURCE_UNAVAILABLE_FOR_2026_AT_BUILD,INJURY_CONTEXT_UNAVAILABLE,"Raw 18.70 PPR; QB raw rank 7; depth slot 9, rank 1; 123 prior games; injury context unavailable.",2026-08-22T07:46:47.668866+00:00,2026-08-22T07:49:49.992921+00:00,hist_gradient_boosting,v1_evaluated_2025,v1_weekly_rankings
2026,1,2026_01_TB_CIN,2026-09-13,00-0036442,Joe Burrow,QB,CIN,TB,18.196151163924945,18.196151163924945,8,8,,,QB,PROVISIONAL_STARTER,True,True,QB,9,1,HIGH,77,0,252.0,19.872,37.2,0.944,SOURCE_UNAVAILABLE_FOR_2026_AT_BUILD,INJURY_CONTEXT_UNAVAILABLE,"Raw 18.20 PPR; QB raw rank 8; depth slot 9, rank 1; 77 prior games; injury context unavailable.",2026-08-22T07:46:47.668866+00:00,2026-08-22T07:49:49.992921+00:00,hist_gradient_boosting,v1_evaluated_2025,v1_weekly_rankings
2026,1,2026_01_NO_DET,2026-09-13,00-0040743,Tyler Shough,QB,NO,DET,17.472784650076004,17.472784650076004,9,9,,,QB,PROVISIONAL_STARTER,True,True,QB,9,1,HIGH,11,0,252.0,20.028000000000002,37.4,0.9879999999999999,SOURCE_UNAVAILABLE_FOR_2026_AT_BUILD,INJURY_CONTEXT_UNAVAILABLE,"Raw 17.47 PPR; QB raw rank 9; depth slot 9, rank 1; 11 prior games; injury context unavailable.",2026-08-22T07:46:47.668866+00:00,2026-08-22T07:49:49.992921+00:00,hist_gradient_boosting,v1_evaluated_2025,v1_weekly_rankings
2026,1,2026_01_CLE_JAX,2026-09-13,00-0036971,Trevor Lawrence,QB,JAX,CLE,17.464890880353945,17.464890880353945,10,10,,,QB,PROVISIONAL_STARTER,True,True,QB,9,1,HIGH,77,0,252.0,28.248,38.0,0.9200000000000002,SOURCE_UNAVAILABLE_FOR_2026_AT_BUILD,INJURY_CONTEXT_UNAVAILABLE,"Raw 17.46 PPR; QB raw rank 10; depth slot 9, rank 1; 77 prior games; injury context unavailable.",2026-08-22T07:46:47.668866+00:00,2026-08-22T07:49:49.992921+00:00,hist_gradient_boosting,v1_evaluated_2025,v1_weekly_rankings
2026,1,2026_01_NYJ_TEN,2026-09-13,00-0030565,Geno Smith,QB,NYJ,TEN,16.231874716313282,16.231874716313282,11,11,,,QB,PROVISIONAL_STARTER,True,True,QB,9,1,HIGH,73,0,259.0,11.284,29.2,0.9280000000000002,SOURCE_UNAVAILABLE_FOR_2026_AT_BUILD,INJURY_CONTEXT_UNAVAILABLE,"Raw 16.23 PPR; QB raw rank 11; depth slot 9, rank 1; 73 prior games; injury context unavailable.",2026-08-22T07:46:47.668866+00:00,2026-08-22T07:49:49.992921+00:00,hist_gradient_boosting,v1_evaluated_2025,v1_weekly_rankings
2026,1,2026_01_NE_SEA,2026-09-09,00-0034869,Sam Darnold,QB,SEA,NE,15.876528859830364,15.876528859830364,12,12,,,QB,PROVISIONAL_STARTER,True,True,QB,9,1,HIGH,100,0,249.0,13.6,34.4,0.974,SOURCE_UNAVAILABLE_FOR_2026_AT_BUILD,INJURY_CONTEXT_UNAVAILABLE,"Raw 15.88 PPR; QB raw rank 12; depth slot 9, rank 1; 100 prior games; injury context unavailable.",2026-08-22T07:46:47.668866+00:00,2026-08-22T07:49:49.992921+00:00,hist_gradient_boosting,v1_evaluated_2025,v1_weekly_rankings
2026,1,2026_01_SF_LA,2026-09-10,00-0033280,Christian McCaffrey,RB,SF,LA,17.55139188860245,17.55139188860245,1,1,1,,RB,PROVISIONAL_STARTER,True,True,RB,11,1,HIGH,96,0,250.0,21.1,24.0,0.828,SOURCE_UNAVAILABLE_FOR_2026_AT_BUILD,INJURY_CONTEXT_UNAVAILABLE,"Raw 17.55 PPR; RB raw rank 1; depth slot 11, rank 1; 96 prior games; injury context unavailable.",2026-08-22T07:46:47.668866+00:00,2026-08-22T07:49:49.992921+00:00,random_forest,v1_evaluated_2025,v1_weekly_rankings
2026,1,2026_01_ATL_PIT,2026-09-13,00-0038542,Bijan Robinson,RB,ATL,PIT,16.05428624845228,16.05428624845228,2,2,5,,RB,PROVISIONAL_STARTER,True,True,RB,11,1,HIGH,51,0,252.0,23.18,25.4,0.78,SOURCE_UNAVAILABLE_FOR_2026_AT_BUILD,INJURY_CONTEXT_UNAVAILABLE,"Raw 16.05 PPR; RB raw rank 2; depth slot 11, rank 1; 51 prior games; injury context unavailable.",2026-08-22T07:46:47.668866+00:00,2026-08-22T07:49:49.992921+00:00,random_forest,v1_evaluated_2025,v1_weekly_rankings
2026,1,2026_01_TB_CIN,2026-09-13,00-0038597,Chase Brown,RB,CIN,TB,15.89161574662582,15.89161574662582,3,3,6,,RB,PROVISIONAL_STARTER,True,True,RB,11,1,HIGH,45,0,252.0,23.1,19.2,0.614,SOURCE_UNAVAILABLE_FOR_2026_AT_BUILD,INJURY_CONTEXT_UNAVAILABLE,"Raw 15.89 PPR; RB raw rank 3; depth slot 11, rank 1; 45 prior games; injury context unavailable.",2026-08-22T07:46:47.668866+00:00,2026-08-22T07:49:49.992921+00:00,random_forest,v1_evaluated_2025,v1_weekly_rankings
2026,1,2026_01_BAL_IND,2026-09-13,00-0032764,Derrick Henry,RB,BAL,IND,15.720865996230863,15.720865996230863,4,4,7,,RB,PROVISIONAL_STARTER,True,True,RB,11,1,HIGH,122,0,252.0,20.439999999999998,22.6,0.538,SOURCE_UNAVAILABLE_FOR_2026_AT_BUILD,INJURY_CONTEXT_UNAVAILABLE,"Raw 15.72 PPR; RB raw rank 4; depth slot 11, rank 1; 122 prior games; injury context unavailable.",2026-08-22T07:46:47.668866+00:00,2026-08-22T07:49:49.992921+00:00,random_forest,v1_evaluated_2025,v1_weekly_rankings
2026,1,2026_01_NO_DET,2026-09-13,00-0039139,Jahmyr Gibbs,RB,DET,NO,15.232286785707402,15.232286785707402,5,5,8,,RB,PROVISIONAL_STARTER,True,True,RB,11,1,HIGH,49,0,252.0,19.259999999999998,20.6,0.752,SOURCE_UNAVAILABLE_FOR_2026_AT_BUILD,INJURY_CONTEXT_UNAVAILABLE,"Raw 15.23 PPR; RB raw rank 5; depth slot 11, rank 1; 49 prior games; injury context unavailable.",2026-08-22T07:46:47.668866+00:00,2026-08-22T07:49:49.992921+00:00,random_forest,v1_evaluated_2025,v1_weekly_rankings
2026,1,2026_01_NE_SEA,2026-09-09,00-0036875,Rhamondre Stevenson,RB,NE,SEA,14.7379298118571,14.7379298118571,6,6,10,,RB,PROVISIONAL_STARTER,True,True,RB,11,1,HIGH,70,0,248.0,20.4,11.4,0.608,SOURCE_UNAVAILABLE_FOR_2026_AT_BUILD,INJURY_CONTEXT_UNAVAILABLE,"Raw 14.74 PPR; RB raw rank 6; depth slot 11, rank 1; 70 prior games; injury context unavailable.",2026-08-22T07:46:47.668866+00:00,2026-08-22T07:49:49.992921+00:00,random_forest,v1_evaluated_2025,v1_weekly_rankings
2026,1,2026_01_MIA_LV,2026-09-13,00-0040122,Ashton Jeanty,RB,LV,MIA,14.7200080521087,14.7200080521087,7,7,11,,RB,PROVISIONAL_STARTER,True,True,RB,11,1,HIGH,17,0,252.0,13.5,20.8,0.8240000000000001,SOURCE_UNAVAILABLE_FOR_2026_AT_BUILD,INJURY_CONTEXT_UNAVAILABLE,"Raw 14.72 PPR; RB raw rank 7; depth slot 11, rank 1; 17 prior games; injury context unavailable.",2026-08-22T07:46:47.668866+00:00,2026-08-22T07:49:49.992921+00:00,random_forest,v1_evaluated_2025,v1_weekly_rankings
2026,1,2026_01_NYJ_TEN,2026-09-13,00-0035261,Tony Pollard,RB,TEN,NYJ,14.187537282790872,14.187537282790872,8,8,13,,RB,PROVISIONAL_STARTER,True,True,RB,11,1,HIGH,111,0,252.0,15.5,19.8,0.5599999999999999,SOURCE_UNAVAILABLE_FOR_2026_AT_BUILD,INJURY_CONTEXT_UNAVAILABLE,"Raw 14.19 PPR; RB raw rank 8; depth slot 11, rank 1; 111 prior games; injury context unavailable.",2026-08-22T07:46:47.668866+00:00,2026-08-22T07:49:49.992921+00:00,random_forest,v1_evaluated_2025,v1_weekly_rankings
2026,1,2026_01_DAL_NYG,2026-09-13,00-0039384,Tyrone Tracy Jr.,RB,NYG,DAL,14.048705066925978,14.048705066925978,9,9,14,,RB,PROVISIONAL_STARTER,True,True,RB,11,2,HIGH,32,0,252.0,14.680000000000001,18.2,0.644,SOURCE_UNAVAILABLE_FOR_2026_AT_BUILD,INJURY_CONTEXT_UNAVAILABLE,"Raw 14.05 PPR; RB raw rank 9; depth slot 11, rank 2; 32 prior games; injury context unavailable.",2026-08-22T07:46:47.668866+00:00,2026-08-22T07:49:49.992921+00:00,random_forest,v1_evaluated_2025,v1_weekly_rankings
2026,1,2026_01_ARI_LAC,2026-09-13,00-0040666,Omarion Hampton,RB,LAC,ARI,13.705163181480827,13.705163181480827,10,10,16,,RB,PROVISIONAL_STARTER,True,True,RB,11,1,HIGH,9,0,260.0,14.34,17.8,0.522,SOURCE_UNAVAILABLE_FOR_2026_AT_BUILD,INJURY_CONTEXT_UNAVAILABLE,"Raw 13.71 PPR; RB raw rank 10; depth slot 11, rank 1; 9 prior games; injury context unavailable.",2026-08-22T07:46:47.668866+00:00,2026-08-22T07:49:49.992921+00:00,random_forest,v1_evaluated_2025,v1_weekly_rankings
2026,1,2026_01_MIA_LV,2026-09-13,00-0039040,De'Von Achane,RB,MIA,LV,13.277115928706367,13.277115928706367,11,11,19,,RB,PROVISIONAL_STARTER,True,True,RB,11,1,HIGH,44,0,259.0,17.56,17.6,0.666,SOURCE_UNAVAILABLE_FOR_2026_AT_BUILD,INJURY_CONTEXT_UNAVAILABLE,"Raw 13.28 PPR; RB raw rank 11; depth slot 11, rank 1; 44 prior games; injury context unavailable.",2026-08-22T07:46:47.668866+00:00,2026-08-22T07:49:49.992921+00:00,random_forest,v1_evaluated_2025,v1_weekly_rankings
2026,1,2026_01_NE_SEA,2026-09-09,00-0039165,Zach Charbonnet,RB,SEA,NE,13.117830308836616,13.117830308836616,12,12,20,,RB,PROVISIONAL_STARTER,True,True,RB,11,1,HIGH,49,0,249.0,14.8,14.6,0.5239999999999999,SOURCE_UNAVAILABLE_FOR_2026_AT_BUILD,INJURY_CONTEXT_UNAVAILABLE,"Raw 13.12 PPR; RB raw rank 12; depth slot 11, rank 1; 49 prior games; injury context unavailable.",2026-08-22T07:46:47.668866+00:00,2026-08-22T07:49:49.992921+00:00,random_forest,v1_evaluated_2025,v1_weekly_rankings
2026,1,2026_01_ATL_PIT,2026-09-13,00-0037228,Jaylen Warren,RB,PIT,ATL,13.092089412872697,13.092089412872697,13,13,21,,RB,PROVISIONAL_STARTER,True,True,RB,11,1,HIGH,64,0,252.0,14.680000000000001,14.6,0.426,SOURCE_UNAVAILABLE_FOR_2026_AT_BUILD,INJURY_CONTEXT_UNAVAILABLE,"Raw 13.09 PPR; RB raw rank 13; depth slot 11, rank 1; 64 prior games; injury context unavailable.",2026-08-22T07:46:47.668866+00:00,2026-08-22T07:49:49.992921+00:00,random_forest,v1_evaluated_2025,v1_weekly_rankings
2026,1,2026_01_SF_LA,2026-09-10,00-0037840,Kyren Williams,RB,LA,SF,12.958723151679473,12.958723151679473,14,14,24,,RB,PROVISIONAL_STARTER,True,True,RB,11,1,HIGH,53,0,249.0,15.62,18.6,0.6199999999999999,SOURCE_UNAVAILABLE_FOR_2026_AT_BUILD,INJURY_CONTEXT_UNAVAILABLE,"Raw 12.96 PPR; RB raw rank 14; depth slot 11, rank 1; 53 prior games; injury context unavailable.",2026-08-22T07:46:47.668866+00:00,2026-08-22T07:49:49.992921+00:00,random_forest,v1_evaluated_2025,v1_weekly_rankings
2026,1,2026_01_CHI_CAR,2026-09-13,00-0036275,D'Andre Swift,RB,CHI,CAR,12.783296086196524,12.783296086196524,15,15,26,,RB,PROVISIONAL_STARTER,True,True,RB,11,1,HIGH,89,0,252.0,14.1,15.0,0.5700000000000001,SOURCE_UNAVAILABLE_FOR_2026_AT_BUILD,INJURY_CONTEXT_UNAVAILABLE,"Raw 12.78 PPR; RB raw rank 15; depth slot 11, rank 1; 89 prior games; injury context unavailable.",2026-08-22T07:46:47.668866+00:00,2026-08-22T07:49:49.992921+00:00,random_forest,v1_evaluated_2025,v1_weekly_rankings
2026,1,2026_01_TB_CIN,2026-09-13,00-0036919,Kenneth Gainwell,RB,TB,CIN,12.541321867478928,12.541321867478928,16,16,28,,RB,PROVISIONAL_STARTER,True,True,RB,11,2,HIGH,83,0,252.0,17.559999999999995,14.4,0.5780000000000001,SOURCE_UNAVAILABLE_FOR_2026_AT_BUILD,INJURY_CONTEXT_UNAVAILABLE,"Raw 12.54 PPR; RB raw rank 16; depth slot 11, rank 2; 83 prior games; injury context unavailable.",2026-08-22T07:46:47.668866+00:00,2026-08-22T07:49:49.992921+00:00,random_forest,v1_evaluated_2025,v1_weekly_rankings
2026,1,2026_01_NO_DET,2026-09-13,00-0036973,Travis Etienne,RB,NO,DET,12.2949312707531,12.2949312707531,17,17,29,,RB,PROVISIONAL_STARTER,True,True,RB,11,1,HIGH,66,0,252.0,17.060000000000002,18.6,0.6580000000000001,SOURCE_UNAVAILABLE_FOR_2026_AT_BUILD,INJURY_CONTEXT_UNAVAILABLE,"Raw 12.29 PPR; RB raw rank 17; depth slot 11, rank 1; 66 prior games; injury context unavailable.",2026-08-22T07:46:47.668866+00:00,2026-08-22T07:49:49.992921+00:00,random_forest,v1_evaluated_2025,v1_weekly_rankings
2026,1,2026_01_DEN_KC,2026-09-14,00-0038134,Kenneth Walker III,RB,KC,DEN,12.212859501178498,12.212859501178498,18,18,31,,RB,PROVISIONAL_STARTER,True,True,RB,11,1,HIGH,58,0,254.0,11.420000000000002,14.8,0.454,SOURCE_UNAVAILABLE_FOR_2026_AT_BUILD,INJURY_CONTEXT_UNAVAILABLE,"Raw 12.21 PPR; RB raw rank 18; depth slot 11, rank 1; 58 prior games; injury context unavailable.",2026-08-22T07:46:47.668866+00:00,2026-08-22T07:49:49.992921+00:00,random_forest,v1_evaluated_2025,v1_weekly_rankings
2026,1,2026_01_NYJ_TEN,2026-09-13,00-0038120,Breece Hall,RB,NYJ,TEN,12.165551394250738,12.165551394250738,19,19,32,,RB,PROVISIONAL_STARTER,True,True,RB,11,1,HIGH,56,0,259.0,10.96,17.2,0.66,SOURCE_UNAVAILABLE_FOR_2026_AT_BUILD,INJURY_CONTEXT_UNAVAILABLE,"Raw 12.17 PPR; RB raw rank 19; depth slot 11, rank 1; 56 prior games; injury context unavailable.",2026-08-22T07:46:47.668866+00:00,2026-08-22T07:49:49.992921+00:00,random_forest,v1_evaluated_2025,v1_weekly_rankings
2026,1,2026_01_WAS_PHI,2026-09-13,00-0034844,Saquon Barkley,RB,PHI,WAS,11.978846576166351,11.978846576166351,20,20,35,,RB,PROVISIONAL_STARTER,True,True,RB,11,1,HIGH,106,0,259.0,13.800000000000002,20.8,0.7779999999999999,SOURCE_UNAVAILABLE_FOR_2026_AT_BUILD,INJURY_CONTEXT_UNAVAILABLE,"Raw 11.98 PPR; RB raw rank 20; depth slot 11, rank 1; 106 prior games; injury context unavailable.",2026-08-22T07:46:47.668866+00:00,2026-08-22T07:49:49.992921+00:00,random_forest,v1_evaluated_2025,v1_weekly_rankings
2026,1,2026_01_TB_CIN,2026-09-13,00-0039361,Bucky Irving,RB,TB,CIN,11.908359870953213,11.908359870953213,21,21,36,,RB,PROVISIONAL_STARTER,True,True,RB,11,1,HIGH,27,0,253.0,10.080000000000002,19.8,0.564,SOURCE_UNAVAILABLE_FOR_2026_AT_BUILD,INJURY_CONTEXT_UNAVAILABLE,"Raw 11.91 PPR; RB raw rank 21; depth slot 11, rank 1; 27 prior games; injury context unavailable.",2026-08-22T07:46:47.668866+00:00,2026-08-22T07:49:49.992921+00:00,random_forest,v1_evaluated_2025,v1_weekly_rankings
2026,1,2026_01_DEN_KC,2026-09-14,00-0040730,RJ Harvey,RB,DEN,KC,11.85105772180034,11.85105772180034,22,22,37,,RB,PROVISIONAL_STARTER,True,True,RB,11,2,HIGH,17,0,253.0,15.5,18.8,0.632,SOURCE_UNAVAILABLE_FOR_2026_AT_BUILD,INJURY_CONTEXT_UNAVAILABLE,"Raw 11.85 PPR; RB raw rank 22; depth slot 11, rank 2; 17 prior games; injury context unavailable.",2026-08-22T07:46:47.668866+00:00,2026-08-22T07:49:49.992921+00:00,random_forest,v1_evaluated_2025,v1_weekly_rankings
2026,1,2026_01_DAL_NYG,2026-09-13,00-0036997,Javonte Williams,RB,DAL,NYG,11.792495180935635,11.792495180935635,23,23,38,,RB,PROVISIONAL_STARTER,True,True,RB,11,1,HIGH,70,0,262.0,12.9,16.6,0.54,SOURCE_UNAVAILABLE_FOR_2026_AT_BUILD,INJURY_CONTEXT_UNAVAILABLE,"Raw 11.79 PPR; RB raw rank 23; depth slot 11, rank 1; 70 prior games; injury context unavailable.",2026-08-22T07:46:47.668866+00:00,2026-08-22T07:49:49.992921+00:00,random_forest,v1_evaluated_2025,v1_weekly_rankings
2026,1,2026_01_GB_MIN,2026-09-13,00-0033293,Aaron Jones,RB,MIN,GB,11.625441348792817,11.625441348792817,24,24,39,,RB,PROVISIONAL_STARTER,True,True,RB,11,1,HIGH,114,0,262.0,9.64,17.2,0.538,SOURCE_UNAVAILABLE_FOR_2026_AT_BUILD,INJURY_CONTEXT_UNAVAILABLE,"Raw 11.63 PPR; RB raw rank 24; depth slot 11, rank 1; 114 prior games; injury context unavailable.",2026-08-22T07:46:47.668866+00:00,2026-08-22T07:49:49.992921+00:00,random_forest,v1_evaluated_2025,v1_weekly_rankings
2026,1,2026_01_TB_CIN,2026-09-13,00-0036900,Ja'Marr Chase,WR,CIN,TB,17.200331904888206,17.200331904888206,1,1,2,,WR,PROVISIONAL_STARTER,True,True,WR,1,1,HIGH,78,0,252.0,20.380000000000003,10.8,0.9219999999999999,SOURCE_UNAVAILABLE_FOR_2026_AT_BUILD,INJURY_CONTEXT_UNAVAILABLE,"Raw 17.20 PPR; WR raw rank 1; depth slot 1, rank 1; 78 prior games; injury context unavailable.",2026-08-22T07:46:47.668866+00:00,2026-08-22T07:49:49.992921+00:00,ridge,v1_evaluated_2025,v1_weekly_rankings
2026,1,2026_01_SF_LA,2026-09-10,00-0039075,Puka Nacua,WR,LA,SF,16.903416552733958,16.903416552733958,2,2,3,,WR,PROVISIONAL_STARTER,True,True,WR,1,1,HIGH,44,0,249.0,30.360000000000003,11.8,0.642,SOURCE_UNAVAILABLE_FOR_2026_AT_BUILD,INJURY_CONTEXT_UNAVAILABLE,"Raw 16.90 PPR; WR raw rank 2; depth slot 1, rank 1; 44 prior games; injury context unavailable.",2026-08-22T07:46:47.668866+00:00,2026-08-22T07:49:49.992921+00:00,ridge,v1_evaluated_2025,v1_weekly_rankings
2026,1,2026_01_NO_DET,2026-09-13,00-0036963,Amon-Ra St. Brown,WR,DET,NO,16.30243293362959,16.30243293362959,3,3,4,,WR,PROVISIONAL_STARTER,True,True,WR,1,1,HIGH,82,0,252.0,21.140000000000004,12.8,0.924,SOURCE_UNAVAILABLE_FOR_2026_AT_BUILD,INJURY_CONTEXT_UNAVAILABLE,"Raw 16.30 PPR; WR raw rank 3; depth slot 1, rank 1; 82 prior games; injury context unavailable.",2026-08-22T07:46:47.668866+00:00,2026-08-22T07:49:49.992921+00:00,ridge,v1_evaluated_2025,v1_weekly_rankings
2026,1,2026_01_NO_DET,2026-09-13,00-0037239,Chris Olave,WR,NO,DET,14.741454092069413,14.741454092069413,4,4,9,,WR,PROVISIONAL_STARTER,True,True,WR,1,1,HIGH,55,0,259.0,20.78,9.6,0.868,SOURCE_UNAVAILABLE_FOR_2026_AT_BUILD,INJURY_CONTEXT_UNAVAILABLE,"Raw 14.74 PPR; WR raw rank 4; depth slot 1, rank 1; 55 prior games; injury context unavailable.",2026-08-22T07:46:47.668866+00:00,2026-08-22T07:49:49.992921+00:00,ridge,v1_evaluated_2025,v1_weekly_rankings
2026,1,2026_01_NE_SEA,2026-09-09,00-0038543,Jaxon Smith-Njigba,WR,SEA,NE,14.191899588039908,14.191899588039908,5,5,12,,WR,PROVISIONAL_STARTER,True,True,WR,1,1,HIGH,51,0,249.0,20.12,10.4,0.8640000000000001,SOURCE_UNAVAILABLE_FOR_2026_AT_BUILD,INJURY_CONTEXT_UNAVAILABLE,"Raw 14.19 PPR; WR raw rank 5; depth slot 1, rank 1; 51 prior games; injury context unavailable.",2026-08-22T07:46:47.668866+00:00,2026-08-22T07:49:49.992921+00:00,ridge,v1_evaluated_2025,v1_weekly_rankings
2026,1,2026_01_BAL_IND,2026-09-13,00-0039064,Zay Flowers,WR,BAL,IND,13.70530953660639,13.70530953660639,6,6,15,,WR,PROVISIONAL_STARTER,True,True,WR,1,1,HIGH,50,0,252.0,20.080000000000002,6.8,0.85,SOURCE_UNAVAILABLE_FOR_2026_AT_BUILD,INJURY_CONTEXT_UNAVAILABLE,"Raw 13.71 PPR; WR raw rank 6; depth slot 1, rank 1; 50 prior games; injury context unavailable.",2026-08-22T07:46:47.668866+00:00,2026-08-22T07:49:49.992921+00:00,ridge,v1_evaluated_2025,v1_weekly_rankings
2026,1,2026_01_TB_CIN,2026-09-13,00-0036410,Tee Higgins,WR,CIN,TB,13.495195757765307,13.495195757765307,7,7,17,,WR,PROVISIONAL_STARTER,True,True,WR,2,2,HIGH,82,0,252.0,15.64,6.8,0.712,SOURCE_UNAVAILABLE_FOR_2026_AT_BUILD,INJURY_CONTEXT_UNAVAILABLE,"Raw 13.50 PPR; WR raw rank 7; depth slot 2, rank 2; 82 prior games; injury context unavailable.",2026-08-22T07:46:47.668866+00:00,2026-08-22T07:49:49.992921+00:00,ridge,v1_evaluated_2025,v1_weekly_rankings
2026,1,2026_01_GB_MIN,2026-09-13,00-0036322,Justin Jefferson,WR,MIN,GB,13.460100777545914,13.460100777545914,8,8,18,,WR,PROVISIONAL_STARTER,True,True,WR,1,1,HIGH,94,0,252.0,9.440000000000001,7.2,0.89,SOURCE_UNAVAILABLE_FOR_2026_AT_BUILD,INJURY_CONTEXT_UNAVAILABLE,"Raw 13.46 PPR; WR raw rank 8; depth slot 1, rank 1; 94 prior games; injury context unavailable.",2026-08-22T07:46:47.668866+00:00,2026-08-22T07:49:49.992921+00:00,ridge,v1_evaluated_2025,v1_weekly_rankings
2026,1,2026_01_NO_DET,2026-09-13,00-0037240,Jameson Williams,WR,DET,NO,13.088931412609595,13.088931412609595,9,9,22,,WR,PROVISIONAL_STARTER,True,True,WR,2,2,HIGH,50,0,252.0,14.960000000000003,7.8,0.9120000000000001,SOURCE_UNAVAILABLE_FOR_2026_AT_BUILD,INJURY_CONTEXT_UNAVAILABLE,"Raw 13.09 PPR; WR raw rank 9; depth slot 2, rank 2; 50 prior games; injury context unavailable.",2026-08-22T07:46:47.668866+00:00,2026-08-22T07:49:49.992921+00:00,ridge,v1_evaluated_2025,v1_weekly_rankings
2026,1,2026_01_ARI_LAC,2026-09-13,00-0038559,Michael Wilson,WR,ARI,LAC,12.988283992093056,12.988283992093056,10,10,23,,WR,PROVISIONAL_STARTER,True,True,WR,2,2,HIGH,46,0,252.0,21.52,9.6,0.858,SOURCE_UNAVAILABLE_FOR_2026_AT_BUILD,INJURY_CONTEXT_UNAVAILABLE,"Raw 12.99 PPR; WR raw rank 10; depth slot 2, rank 2; 46 prior games; injury context unavailable.",2026-08-22T07:46:47.668866+00:00,2026-08-22T07:49:49.992921+00:00,ridge,v1_evaluated_2025,v1_weekly_rankings
2026,1,2026_01_DEN_KC,2026-09-14,00-0039067,Rashee Rice,WR,KC,DEN,12.785438578816153,12.785438578816153,11,11,25,,WR,PROVISIONAL_STARTER,True,True,WR,1,1,HIGH,28,0,274.0,16.560000000000002,10.4,0.78,SOURCE_UNAVAILABLE_FOR_2026_AT_BUILD,INJURY_CONTEXT_UNAVAILABLE,"Raw 12.79 PPR; WR raw rank 11; depth slot 1, rank 1; 28 prior games; injury context unavailable.",2026-08-22T07:46:47.668866+00:00,2026-08-22T07:49:49.992921+00:00,ridge,v1_evaluated_2025,v1_weekly_rankings
2026,1,2026_01_ATL_PIT,2026-09-13,00-0035640,DK Metcalf,WR,PIT,ATL,12.541520620270088,12.541520620270088,12,12,27,,WR,PROVISIONAL_STARTER,True,True,WR,1,1,HIGH,112,0,266.0,13.020000000000001,7.4,0.842,SOURCE_UNAVAILABLE_FOR_2026_AT_BUILD,INJURY_CONTEXT_UNAVAILABLE,"Raw 12.54 PPR; WR raw rank 12; depth slot 1, rank 1; 112 prior games; injury context unavailable.",2026-08-22T07:46:47.668866+00:00,2026-08-22T07:49:49.992921+00:00,ridge,v1_evaluated_2025,v1_weekly_rankings
2026,1,2026_01_NYJ_TEN,2026-09-13,00-0038117,Wan'Dale Robinson,WR,TEN,NYJ,12.240752561850668,12.240752561850668,13,13,30,,WR,PROVISIONAL_STARTER,True,True,WR,2,2,HIGH,54,0,259.0,16.98,10.4,0.9100000000000001,SOURCE_UNAVAILABLE_FOR_2026_AT_BUILD,INJURY_CONTEXT_UNAVAILABLE,"Raw 12.24 PPR; WR raw rank 13; depth slot 2, rank 2; 54 prior games; injury context unavailable.",2026-08-22T07:46:47.668866+00:00,2026-08-22T07:49:49.992921+00:00,ridge,v1_evaluated_2025,v1_weekly_rankings
2026,1,2026_01_NE_SEA,2026-09-09,00-0035676,A.J. Brown,WR,NE,SEA,12.07455312852942,12.07455312852942,14,14,33,,WR,PROVISIONAL_STARTER,True,True,WR,1,1,HIGH,105,0,255.0,18.720000000000002,9.2,0.882,SOURCE_UNAVAILABLE_FOR_2026_AT_BUILD,INJURY_CONTEXT_UNAVAILABLE,"Raw 12.07 PPR; WR raw rank 14; depth slot 1, rank 1; 105 prior games; injury context unavailable.",2026-08-22T07:46:47.668866+00:00,2026-08-22T07:49:49.992921+00:00,ridge,v1_evaluated_2025,v1_weekly_rankings
2026,1,2026_01_TB_CIN,2026-09-13,00-0033921,Chris Godwin Jr.,WR,TB,CIN,12.009227482323698,12.009227482323698,15,15,34,,WR,PROVISIONAL_STARTER,True,True,WR,2,2,HIGH,104,0,253.0,11.62,5.6,0.756,SOURCE_UNAVAILABLE_FOR_2026_AT_BUILD,INJURY_CONTEXT_UNAVAILABLE,"Raw 12.01 PPR; WR raw rank 15; depth slot 2, rank 2; 104 prior games; injury context unavailable.",2026-08-22T07:46:47.668866+00:00,2026-08-22T07:49:49.992921+00:00,ridge,v1_evaluated_2025,v1_weekly_rankings
2026,1,2026_01_CLE_JAX,2026-09-13,00-0038606,Parker Washington,WR,JAX,CLE,11.500491906948092,11.500491906948092,16,16,40,,WR,PROVISIONAL_STARTER,True,True,WR,2,2,HIGH,38,0,252.0,15.419999999999998,7.0,0.5880000000000001,SOURCE_UNAVAILABLE_FOR_2026_AT_BUILD,INJURY_CONTEXT_UNAVAILABLE,"Raw 11.50 PPR; WR raw rank 16; depth slot 2, rank 2; 38 prior games; injury context unavailable.",2026-08-22T07:46:47.668866+00:00,2026-08-22T07:49:49.992921+00:00,ridge,v1_evaluated_2025,v1_weekly_rankings
2026,1,2026_01_MIA_LV,2026-09-13,00-0038563,Tre Tucker,WR,LV,MIA,11.491268420754867,11.491268420754867,17,17,41,,WR,PROVISIONAL_STARTER,True,True,WR,1,1,HIGH,47,0,252.0,5.82,5.0,0.97,SOURCE_UNAVAILABLE_FOR_2026_AT_BUILD,INJURY_CONTEXT_UNAVAILABLE,"Raw 11.49 PPR; WR raw rank 17; depth slot 1, rank 1; 47 prior games; injury context unavailable.",2026-08-22T07:46:47.668866+00:00,2026-08-22T07:49:49.992921+00:00,ridge,v1_evaluated_2025,v1_weekly_rankings
2026,1,2026_01_CLE_JAX,2026-09-13,00-0034960,Jakobi Meyers,WR,JAX,CLE,11.394726761959276,11.394726761959276,18,18,42,,WR,PROVISIONAL_STARTER,True,True,WR,8,3,HIGH,100,0,252.0,10.559999999999999,8.0,0.858,SOURCE_UNAVAILABLE_FOR_2026_AT_BUILD,INJURY_CONTEXT_UNAVAILABLE,"Raw 11.39 PPR; WR raw rank 18; depth slot 8, rank 3; 100 prior games; injury context unavailable.",2026-08-22T07:46:47.668866+00:00,2026-08-22T07:49:49.992921+00:00,ridge,v1_evaluated_2025,v1_weekly_rankings
2026,1,2026_01_DAL_NYG,2026-09-13,00-0039410,Ryan Flournoy,WR,DAL,NYG,11.010498617086137,11.010498617086137,19,19,45,,WR,PROVISIONAL_STARTER,True,True,WR,8,3,HIGH,24,0,252.0,12.5,6.0,0.588,SOURCE_UNAVAILABLE_FOR_2026_AT_BUILD,INJURY_CONTEXT_UNAVAILABLE,"Raw 11.01 PPR; WR raw rank 19; depth slot 8, rank 3; 24 prior games; injury context unavailable.",2026-08-22T07:46:47.668866+00:00,2026-08-22T07:49:49.992921+00:00,ridge,v1_evaluated_2025,v1_weekly_rankings
2026,1,2026_01_GB_MIN,2026-09-13,00-0038124,Christian Watson,WR,GB,MIN,10.868618504744735,10.868618504744735,20,20,48,,WR,PROVISIONAL_STARTER,True,True,WR,1,1,HIGH,47,0,260.0,15.020000000000001,6.2,0.642,SOURCE_UNAVAILABLE_FOR_2026_AT_BUILD,INJURY_CONTEXT_UNAVAILABLE,"Raw 10.87 PPR; WR raw rank 20; depth slot 1, rank 1; 47 prior games; injury context unavailable.",2026-08-22T07:46:47.668866+00:00,2026-08-22T07:49:49.992921+00:00,ridge,v1_evaluated_2025,v1_weekly_rankings
2026,1,2026_01_WAS_PHI,2026-09-13,00-0035659,Terry McLaurin,WR,WAS,PHI,10.737756754600696,10.737756754600696,21,21,50,,WR,PROVISIONAL_STARTER,True,True,WR,1,1,HIGH,107,0,252.0,10.459999999999999,5.0,0.752,SOURCE_UNAVAILABLE_FOR_2026_AT_BUILD,INJURY_CONTEXT_UNAVAILABLE,"Raw 10.74 PPR; WR raw rank 21; depth slot 1, rank 1; 107 prior games; injury context unavailable.",2026-08-22T07:46:47.668866+00:00,2026-08-22T07:49:49.992921+00:00,ridge,v1_evaluated_2025,v1_weekly_rankings
2026,1,2026_01_GB_MIN,2026-09-13,00-0036259,Jauan Jennings,WR,MIN,GB,10.69817648813873,10.69817648813873,22,22,52,,WR,PROVISIONAL_STARTER,True,True,WR,8,3,HIGH,72,0,253.0,14.080000000000002,5.4,0.844,SOURCE_UNAVAILABLE_FOR_2026_AT_BUILD,INJURY_CONTEXT_UNAVAILABLE,"Raw 10.70 PPR; WR raw rank 22; depth slot 8, rank 3; 72 prior games; injury context unavailable.",2026-08-22T07:46:47.668866+00:00,2026-08-22T07:49:49.992921+00:00,ridge,v1_evaluated_2025,v1_weekly_rankings
2026,1,2026_01_GB_MIN,2026-09-13,00-0038994,Jordan Addison,WR,MIN,GB,10.574390662127858,10.574390662127858,23,23,53,,WR,PROVISIONAL_STARTER,True,True,WR,2,2,HIGH,46,0,252.0,7.539999999999999,3.2,0.738,SOURCE_UNAVAILABLE_FOR_2026_AT_BUILD,INJURY_CONTEXT_UNAVAILABLE,"Raw 10.57 PPR; WR raw rank 23; depth slot 2, rank 2; 46 prior games; injury context unavailable.",2026-08-22T07:46:47.668866+00:00,2026-08-22T07:49:49.992921+00:00,ridge,v1_evaluated_2025,v1_weekly_rankings
2026,1,2026_01_CHI_CAR,2026-09-13,00-0040735,Luther Burden III,WR,CHI,CAR,10.509842948625966,10.509842948625966,24,24,55,,WR,PROVISIONAL_STARTER,True,True,WR,2,2,HIGH,15,0,252.0,13.66,6.4,0.562,SOURCE_UNAVAILABLE_FOR_2026_AT_BUILD,INJURY_CONTEXT_UNAVAILABLE,"Raw 10.51 PPR; WR raw rank 24; depth slot 2, rank 2; 15 prior games; injury context unavailable.",2026-08-22T07:46:47.668866+00:00,2026-08-22T07:49:49.992921+00:00,ridge,v1_evaluated_2025,v1_weekly_rankings
2026,1,2026_01_ATL_PIT,2026-09-13,00-0036970,Kyle Pitts,TE,ATL,PIT,10.923200376449653,10.923200376449653,1,1,47,,TE,PROVISIONAL_STARTER,True,True,TE,10,1,HIGH,78,0,252.0,18.939999999999998,8.6,0.9179999999999999,SOURCE_UNAVAILABLE_FOR_2026_AT_BUILD,INJURY_CONTEXT_UNAVAILABLE,"Raw 10.92 PPR; TE raw rank 1; depth slot 10, rank 1; 78 prior games; injury context unavailable.",2026-08-22T07:46:47.668866+00:00,2026-08-22T07:49:49.992921+00:00,ridge,v1_evaluated_2025,v1_weekly_rankings
2026,1,2026_01_ARI_LAC,2026-09-13,00-0037744,Trey McBride,TE,ARI,LAC,10.701871030011006,10.701871030011006,2,2,51,,TE,PROVISIONAL_STARTER,True,True,TE,10,1,HIGH,62,0,252.0,18.4,10.2,0.952,SOURCE_UNAVAILABLE_FOR_2026_AT_BUILD,INJURY_CONTEXT_UNAVAILABLE,"Raw 10.70 PPR; TE raw rank 2; depth slot 10, rank 1; 62 prior games; injury context unavailable.",2026-08-22T07:46:47.668866+00:00,2026-08-22T07:49:49.992921+00:00,ridge,v1_evaluated_2025,v1_weekly_rankings
2026,1,2026_01_SF_LA,2026-09-10,00-0033288,George Kittle,TE,SF,LA,10.223311410580894,10.223311410580894,3,3,62,,TE,PROVISIONAL_STARTER,True,True,TE,10,1,HIGH,109,0,250.0,15.940000000000001,7.8,0.8620000000000001,SOURCE_UNAVAILABLE_FOR_2026_AT_BUILD,INJURY_CONTEXT_UNAVAILABLE,"Raw 10.22 PPR; TE raw rank 3; depth slot 10, rank 1; 109 prior games; injury context unavailable.",2026-08-22T07:46:47.668866+00:00,2026-08-22T07:49:49.992921+00:00,ridge,v1_evaluated_2025,v1_weekly_rankings
2026,1,2026_01_DEN_KC,2026-09-14,00-0030506,Travis Kelce,TE,KC,DEN,9.64610285990577,9.64610285990577,4,4,73,,TE,PROVISIONAL_STARTER,True,True,TE,10,1,HIGH,128,0,253.0,6.04,6.0,0.89,SOURCE_UNAVAILABLE_FOR_2026_AT_BUILD,INJURY_CONTEXT_UNAVAILABLE,"Raw 9.65 PPR; TE raw rank 4; depth slot 10, rank 1; 128 prior games; injury context unavailable.",2026-08-22T07:46:47.668866+00:00,2026-08-22T07:49:49.992921+00:00,ridge,v1_evaluated_2025,v1_weekly_rankings
2026,1,2026_01_MIA_LV,2026-09-13,00-0039338,Brock Bowers,TE,LV,MIA,8.863541747753112,8.863541747753112,5,5,89,,TE,PROVISIONAL_STARTER,True,True,TE,10,1,HIGH,29,0,266.0,14.3,6.2,0.9640000000000001,SOURCE_UNAVAILABLE_FOR_2026_AT_BUILD,INJURY_CONTEXT_UNAVAILABLE,"Raw 8.86 PPR; TE raw rank 5; depth slot 10, rank 1; 29 prior games; injury context unavailable.",2026-08-22T07:46:47.668866+00:00,2026-08-22T07:49:49.992921+00:00,ridge,v1_evaluated_2025,v1_weekly_rankings
2026,1,2026_01_WAS_PHI,2026-09-13,00-0034351,Dallas Goedert,TE,PHI,WAS,8.374322026739042,8.374322026739042,6,6,95,,TE,PROVISIONAL_STARTER,True,True,TE,10,1,HIGH,107,0,259.0,13.5,6.0,0.8460000000000001,SOURCE_UNAVAILABLE_FOR_2026_AT_BUILD,INJURY_CONTEXT_UNAVAILABLE,"Raw 8.37 PPR; TE raw rank 6; depth slot 10, rank 1; 107 prior games; injury context unavailable.",2026-08-22T07:46:47.668866+00:00,2026-08-22T07:49:49.992921+00:00,ridge,v1_evaluated_2025,v1_weekly_rankings
2026,1,2026_01_CHI_CAR,2026-09-13,00-0040126,Colston Loveland,TE,CHI,CAR,8.063769735524014,8.063769735524014,7,7,102,,TE,PROVISIONAL_STARTER,True,True,TE,10,1,HIGH,16,0,252.0,15.1,7.6,0.76,SOURCE_UNAVAILABLE_FOR_2026_AT_BUILD,INJURY_CONTEXT_UNAVAILABLE,"Raw 8.06 PPR; TE raw rank 7; depth slot 10, rank 1; 16 prior games; injury context unavailable.",2026-08-22T07:46:47.668866+00:00,2026-08-22T07:49:49.992921+00:00,ridge,v1_evaluated_2025,v1_weekly_rankings
2026,1,2026_01_NO_DET,2026-09-13,00-0039065,Sam LaPorta,TE,DET,NO,7.936850728300092,7.936850728300092,8,8,105,,TE,PROVISIONAL_STARTER,True,True,TE,10,1,HIGH,42,0,308.0,14.64,5.6,0.9259999999999999,SOURCE_UNAVAILABLE_FOR_2026_AT_BUILD,INJURY_CONTEXT_UNAVAILABLE,"Raw 7.94 PPR; TE raw rank 8; depth slot 10, rank 1; 42 prior games; injury context unavailable.",2026-08-22T07:46:47.668866+00:00,2026-08-22T07:49:49.992921+00:00,ridge,v1_evaluated_2025,v1_weekly_rankings
2026,1,2026_01_BAL_IND,2026-09-13,00-0034753,Mark Andrews,TE,BAL,IND,7.742663891419339,7.742663891419339,9,9,108,,TE,PROVISIONAL_STARTER,True,True,TE,10,1,HIGH,121,0,252.0,4.06,3.6,0.506,SOURCE_UNAVAILABLE_FOR_2026_AT_BUILD,INJURY_CONTEXT_UNAVAILABLE,"Raw 7.74 PPR; TE raw rank 9; depth slot 10, rank 1; 121 prior games; injury context unavailable.",2026-08-22T07:46:47.668866+00:00,2026-08-22T07:49:49.992921+00:00,ridge,v1_evaluated_2025,v1_weekly_rankings
2026,1,2026_01_GB_MIN,2026-09-13,00-0035229,T.J. Hockenson,TE,MIN,GB,7.679079039890083,7.679079039890083,10,10,110,,TE,PROVISIONAL_STARTER,True,True,TE,10,1,HIGH,97,0,266.0,7.760000000000001,3.8,0.716,SOURCE_UNAVAILABLE_FOR_2026_AT_BUILD,INJURY_CONTEXT_UNAVAILABLE,"Raw 7.68 PPR; TE raw rank 10; depth slot 10, rank 1; 97 prior games; injury context unavailable.",2026-08-22T07:46:47.668866+00:00,2026-08-22T07:49:49.992921+00:00,ridge,v1_evaluated_2025,v1_weekly_rankings
2026,1,2026_01_NO_DET,2026-09-13,00-0036040,Juwan Johnson,TE,NO,DET,7.4457450383811175,7.4457450383811175,11,11,118,,TE,PROVISIONAL_STARTER,True,True,TE,10,1,HIGH,79,0,252.0,10.46,5.2,0.6519999999999999,SOURCE_UNAVAILABLE_FOR_2026_AT_BUILD,INJURY_CONTEXT_UNAVAILABLE,"Raw 7.45 PPR; TE raw rank 11; depth slot 10, rank 1; 79 prior games; injury context unavailable.",2026-08-22T07:46:47.668866+00:00,2026-08-22T07:49:49.992921+00:00,ridge,v1_evaluated_2025,v1_weekly_rankings
2026,1,2026_01_SF_LA,2026-09-10,00-0036244,Colby Parkinson,TE,LA,SF,7.391835991239317,7.391835991239317,12,12,120,,TE,PROVISIONAL_STARTER,True,True,TE,10,1,HIGH,65,0,249.0,14.340000000000003,6.0,0.8059999999999998,SOURCE_UNAVAILABLE_FOR_2026_AT_BUILD,INJURY_CONTEXT_UNAVAILABLE,"Raw 7.39 PPR; TE raw rank 12; depth slot 10, rank 1; 65 prior games; injury context unavailable.",2026-08-22T07:46:47.668866+00:00,2026-08-22T07:49:49.992921+00:00,ridge,v1_evaluated_2025,v1_weekly_rankings
2026,1,2026_01_DAL_NYG,2026-09-13,00-0040715,Cam Skattebo,RB,NYG,DAL,11.322723502780061,11.322723502780061,25,25,43,1,FLEX,PROVISIONAL_FLEX,True,True,RB,11,1,HIGH,8,0,322.0,17.36,19.4,0.5900000000000001,SOURCE_UNAVAILABLE_FOR_2026_AT_BUILD,INJURY_CONTEXT_UNAVAILABLE,"Raw 11.32 PPR; RB raw rank 25; depth slot 11, rank 1; 8 prior games; injury context unavailable.",2026-08-22T07:46:47.668866+00:00,2026-08-22T07:49:49.992921+00:00,random_forest,v1_evaluated_2025,v1_weekly_rankings
2026,1,2026_01_CLE_JAX,2026-09-13,00-0038611,Chris Rodriguez Jr.,RB,JAX,CLE,11.015070260265487,11.015070260265487,27,26,44,2,FLEX,PROVISIONAL_FLEX,True,True,RB,11,2,HIGH,28,0,252.0,10.8,14.2,0.44400000000000006,SOURCE_UNAVAILABLE_FOR_2026_AT_BUILD,INJURY_CONTEXT_UNAVAILABLE,"Raw 11.02 PPR; RB raw rank 27; depth slot 11, rank 2; 28 prior games; injury context unavailable.",2026-08-22T07:46:47.668866+00:00,2026-08-22T07:49:49.992921+00:00,random_forest,v1_evaluated_2025,v1_weekly_rankings
2026,1,2026_01_BAL_IND,2026-09-13,00-0036223,Jonathan Taylor,RB,IND,BAL,10.938941276947746,10.938941276947746,28,27,46,3,FLEX,PROVISIONAL_FLEX,True,True,RB,11,1,HIGH,84,0,252.0,12.940000000000001,22.4,0.776,SOURCE_UNAVAILABLE_FOR_2026_AT_BUILD,INJURY_CONTEXT_UNAVAILABLE,"Raw 10.94 PPR; RB raw rank 28; depth slot 11, rank 1; 84 prior games; injury context unavailable.",2026-08-22T07:46:47.668866+00:00,2026-08-22T07:49:49.992921+00:00,random_forest,v1_evaluated_2025,v1_weekly_rankings
2026,1,2026_01_CLE_JAX,2026-09-13,00-0040784,Quinshon Judkins,RB,CLE,JAX,10.842563938385029,10.842563938385029,29,28,49,4,FLEX,PROVISIONAL_FLEX,True,True,RB,11,1,HIGH,14,0,266.0,11.360000000000001,17.8,0.522,SOURCE_UNAVAILABLE_FOR_2026_AT_BUILD,INJURY_CONTEXT_UNAVAILABLE,"Raw 10.84 PPR; RB raw rank 29; depth slot 11, rank 1; 14 prior games; injury context unavailable.",2026-08-22T07:46:47.668866+00:00,2026-08-22T07:49:49.992921+00:00,random_forest,v1_evaluated_2025,v1_weekly_rankings
2026,1,2026_01_NE_SEA,2026-09-09,00-0040734,TreVeyon Henderson,RB,NE,SEA,10.53358100222389,10.53358100222389,30,29,54,5,FLEX,PROVISIONAL_FLEX,True,True,RB,11,2,HIGH,17,0,248.0,13.88,14.0,0.418,SOURCE_UNAVAILABLE_FOR_2026_AT_BUILD,INJURY_CONTEXT_UNAVAILABLE,"Raw 10.53 PPR; RB raw rank 30; depth slot 11, rank 2; 17 prior games; injury context unavailable.",2026-08-22T07:46:47.668866+00:00,2026-08-22T07:49:49.992921+00:00,random_forest,v1_evaluated_2025,v1_weekly_rankings
2026,1,2026_01_SF_LA,2026-09-10,00-0039738,Blake Corum,RB,LA,SF,10.262942805305363,10.262942805305363,31,30,61,11,FLEX,PROVISIONAL_FLEX,True,True,RB,11,2,HIGH,32,0,249.0,12.4,12.0,0.328,SOURCE_UNAVAILABLE_FOR_2026_AT_BUILD,INJURY_CONTEXT_UNAVAILABLE,"Raw 10.26 PPR; RB raw rank 31; depth slot 11, rank 2; 32 prior games; injury context unavailable.",2026-08-22T07:46:47.668866+00:00,2026-08-22T07:49:49.992921+00:00,random_forest,v1_evaluated_2025,v1_weekly_rankings
2026,1,2026_01_ATL_PIT,2026-09-13,00-0037238,Drake London,WR,ATL,PIT,10.424644634340552,10.424644634340552,25,25,56,6,FLEX,PROVISIONAL_FLEX,True,True,WR,1,1,HIGH,62,0,252.0,13.64,7.0,0.9019999999999999,SOURCE_UNAVAILABLE_FOR_2026_AT_BUILD,INJURY_CONTEXT_UNAVAILABLE,"Raw 10.42 PPR; WR raw rank 25; depth slot 1, rank 1; 62 prior games; injury context unavailable.",2026-08-22T07:46:47.668866+00:00,2026-08-22T07:49:49.992921+00:00,ridge,v1_evaluated_2025,v1_weekly_rankings
2026,1,2026_01_BUF_HOU,2026-09-13,00-0036554,Nico Collins,WR,HOU,BUF,10.399546793508765,10.399546793508765,26,26,57,7,FLEX,PROVISIONAL_FLEX,True,True,WR,1,1,HIGH,66,0,260.0,15.940000000000001,7.0,0.754,SOURCE_UNAVAILABLE_FOR_2026_AT_BUILD,INJURY_CONTEXT_UNAVAILABLE,"Raw 10.40 PPR; WR raw rank 26; depth slot 1, rank 1; 66 prior games; injury context unavailable.",2026-08-22T07:46:47.668866+00:00,2026-08-22T07:49:49.992921+00:00,ridge,v1_evaluated_2025,v1_weekly_rankings
2026,1,2026_01_GB_MIN,2026-09-13,00-0039146,Jayden Reed,WR,GB,MIN,10.288220919165973,10.288220919165973,27,27,58,8,FLEX,PROVISIONAL_FLEX,True,True,WR,2,2,HIGH,38,0,260.0,9.7,4.4,0.53,SOURCE_UNAVAILABLE_FOR_2026_AT_BUILD,INJURY_CONTEXT_UNAVAILABLE,"Raw 10.29 PPR; WR raw rank 27; depth slot 2, rank 2; 38 prior games; injury context unavailable.",2026-08-22T07:46:47.668866+00:00,2026-08-22T07:49:49.992921+00:00,ridge,v1_evaluated_2025,v1_weekly_rankings
2026,1,2026_01_BUF_HOU,2026-09-13,00-0037261,Khalil Shakir,WR,BUF,HOU,10.268298113306727,10.268298113306727,28,28,59,9,FLEX,PROVISIONAL_FLEX,True,True,WR,2,2,HIGH,57,0,259.0,7.9,4.8,0.5880000000000001,SOURCE_UNAVAILABLE_FOR_2026_AT_BUILD,INJURY_CONTEXT_UNAVAILABLE,"Raw 10.27 PPR; WR raw rank 28; depth slot 2, rank 2; 57 prior games; injury context unavailable.",2026-08-22T07:46:47.668866+00:00,2026-08-22T07:49:49.992921+00:00,ridge,v1_evaluated_2025,v1_weekly_rankings
2026,1,2026_01_SF_LA,2026-09-10,00-0031381,Davante Adams,WR,LA,SF,10.263696492417154,10.263696492417154,29,29,60,10,FLEX,PROVISIONAL_FLEX,True,True,WR,2,2,HIGH,119,0,270.0,14.02,7.2,0.654,SOURCE_UNAVAILABLE_FOR_2026_AT_BUILD,INJURY_CONTEXT_UNAVAILABLE,"Raw 10.26 PPR; WR raw rank 29; depth slot 2, rank 2; 119 prior games; injury context unavailable.",2026-08-22T07:46:47.668866+00:00,2026-08-22T07:49:49.992921+00:00,ridge,v1_evaluated_2025,v1_weekly_rankings
2026,1,2026_01_ARI_LAC,2026-09-13,00-0040727,Tre Harris,WR,LAC,ARI,10.09023836052992,10.09023836052992,30,30,63,12,FLEX,PROVISIONAL_FLEX,True,True,WR,8,3,HIGH,16,0,252.0,5.54,3.8,0.6460000000000001,SOURCE_UNAVAILABLE_FOR_2026_AT_BUILD,INJURY_CONTEXT_UNAVAILABLE,"Raw 10.09 PPR; WR raw rank 30; depth slot 8, rank 3; 16 prior games; injury context unavailable.",2026-08-22T07:46:47.668866+00:00,2026-08-22T07:49:49.992921+00:00,ridge,v1_evaluated_2025,v1_weekly_rankings
2026,1,2026_01_BAL_IND,2026-09-13,00-0034796,Lamar Jackson,QB,BAL,IND,15.211806416909484,15.211806416909484,13,13,,,BENCH_DEPTH,BENCH_DEPTH,True,True,QB,9,1,HIGH,116,0,252.0,13.472,25.6,0.8699999999999999,SOURCE_UNAVAILABLE_FOR_2026_AT_BUILD,INJURY_CONTEXT_UNAVAILABLE,"Raw 15.21 PPR; QB raw rank 13; depth slot 9, rank 1; 116 prior games; injury context unavailable.",2026-08-22T07:46:47.668866+00:00,2026-08-22T07:49:49.992921+00:00,hist_gradient_boosting,v1_evaluated_2025,v1_weekly_rankings
2026,1,2026_01_WAS_PHI,2026-09-13,00-0036389,Jalen Hurts,QB,PHI,WAS,15.085732797358245,15.085732797358245,14,14,,,BENCH_DEPTH,BENCH_DEPTH,True,True,QB,9,1,HIGH,92,0,259.0,13.98,34.2,0.938,SOURCE_UNAVAILABLE_FOR_2026_AT_BUILD,INJURY_CONTEXT_UNAVAILABLE,"Raw 15.09 PPR; QB raw rank 14; depth slot 9, rank 1; 92 prior games; injury context unavailable.",2026-08-22T07:46:47.668866+00:00,2026-08-22T07:49:49.992921+00:00,hist_gradient_boosting,v1_evaluated_2025,v1_weekly_rankings
2026,1,2026_01_NE_SEA,2026-09-09,00-0039851,Drake Maye,QB,NE,SEA,14.921207538731856,14.921207538731856,15,15,,,BENCH_DEPTH,BENCH_DEPTH,True,True,QB,9,1,HIGH,30,0,248.0,22.572000000000003,33.0,0.9099999999999999,SOURCE_UNAVAILABLE_FOR_2026_AT_BUILD,INJURY_CONTEXT_UNAVAILABLE,"Raw 14.92 PPR; QB raw rank 15; depth slot 9, rank 1; 30 prior games; injury context unavailable.",2026-08-22T07:46:47.668866+00:00,2026-08-22T07:49:49.992921+00:00,hist_gradient_boosting,v1_evaluated_2025,v1_weekly_rankings
2026,1,2026_01_SF_LA,2026-09-10,00-0037834,Brock Purdy,QB,SF,LA,14.788871557593115,14.788871557593115,16,16,,,BENCH_DEPTH,BENCH_DEPTH,True,True,QB,9,1,HIGH,49,0,250.0,23.264,34.4,0.978,SOURCE_UNAVAILABLE_FOR_2026_AT_BUILD,INJURY_CONTEXT_UNAVAILABLE,"Raw 14.79 PPR; QB raw rank 16; depth slot 9, rank 1; 49 prior games; injury context unavailable.",2026-08-22T07:46:47.668866+00:00,2026-08-22T07:49:49.992921+00:00,hist_gradient_boosting,v1_evaluated_2025,v1_weekly_rankings
2026,1,2026_01_DAL_NYG,2026-09-13,00-0033077,Dak Prescott,QB,DAL,NYG,14.620614038763271,14.620614038763271,18,17,,,BENCH_DEPTH,BENCH_DEPTH,True,True,QB,9,1,HIGH,107,0,252.0,14.588,35.0,0.884,SOURCE_UNAVAILABLE_FOR_2026_AT_BUILD,INJURY_CONTEXT_UNAVAILABLE,"Raw 14.62 PPR; QB raw rank 18; depth slot 9, rank 1; 107 prior games; injury context unavailable.",2026-08-22T07:46:47.668866+00:00,2026-08-22T07:49:49.992921+00:00,hist_gradient_boosting,v1_evaluated_2025,v1_weekly_rankings
2026,1,2026_01_CHI_CAR,2026-09-13,00-0039918,Caleb Williams,QB,CHI,CAR,14.56959590623304,14.56959590623304,20,18,,,BENCH_DEPTH,BENCH_DEPTH,True,True,QB,9,1,HIGH,34,0,252.0,18.9,37.6,1.0,SOURCE_UNAVAILABLE_FOR_2026_AT_BUILD,INJURY_CONTEXT_UNAVAILABLE,"Raw 14.57 PPR; QB raw rank 20; depth slot 9, rank 1; 34 prior games; injury context unavailable.",2026-08-22T07:46:47.668866+00:00,2026-08-22T07:49:49.992921+00:00,hist_gradient_boosting,v1_evaluated_2025,v1_weekly_rankings
2026,1,2026_01_ARI_LAC,2026-09-13,00-0033119,Jacoby Brissett,QB,ARI,LAC,14.317970987973183,14.317970987973183,21,19,,,BENCH_DEPTH,BENCH_DEPTH,True,True,QB,9,1,HIGH,77,0,252.0,16.464,38.8,1.0,SOURCE_UNAVAILABLE_FOR_2026_AT_BUILD,INJURY_CONTEXT_UNAVAILABLE,"Raw 14.32 PPR; QB raw rank 21; depth slot 9, rank 1; 77 prior games; injury context unavailable.",2026-08-22T07:46:47.668866+00:00,2026-08-22T07:49:49.992921+00:00,hist_gradient_boosting,v1_evaluated_2025,v1_weekly_rankings
2026,1,2026_01_DAL_NYG,2026-09-13,00-0040691,Jaxson Dart,QB,NYG,DAL,14.158456093074145,14.158456093074145,22,20,,,BENCH_DEPTH,BENCH_DEPTH,True,True,QB,9,1,HIGH,14,0,252.0,16.240000000000002,32.8,0.994,SOURCE_UNAVAILABLE_FOR_2026_AT_BUILD,INJURY_CONTEXT_UNAVAILABLE,"Raw 14.16 PPR; QB raw rank 22; depth slot 9, rank 1; 14 prior games; injury context unavailable.",2026-08-22T07:46:47.668866+00:00,2026-08-22T07:49:49.992921+00:00,hist_gradient_boosting,v1_evaluated_2025,v1_weekly_rankings
2026,1,2026_01_GB_MIN,2026-09-13,00-0035228,Kyler Murray,QB,MIN,GB,14.06044544949305,14.06044544949305,23,21,,,BENCH_DEPTH,BENCH_DEPTH,True,True,QB,9,1,HIGH,87,0,343.0,15.556000000000001,38.0,0.9879999999999999,SOURCE_UNAVAILABLE_FOR_2026_AT_BUILD,INJURY_CONTEXT_UNAVAILABLE,"Raw 14.06 PPR; QB raw rank 23; depth slot 9, rank 1; 87 prior games; injury context unavailable.",2026-08-22T07:46:47.668866+00:00,2026-08-22T07:49:49.992921+00:00,hist_gradient_boosting,v1_evaluated_2025,v1_weekly_rankings
2026,1,2026_01_DEN_KC,2026-09-14,00-0033873,Patrick Mahomes,QB,KC,DEN,13.95851097621511,13.95851097621511,24,22,,,BENCH_DEPTH,BENCH_DEPTH,True,True,QB,9,1,HIGH,125,0,274.0,15.844,40.6,0.984,SOURCE_UNAVAILABLE_FOR_2026_AT_BUILD,INJURY_CONTEXT_UNAVAILABLE,"Raw 13.96 PPR; QB raw rank 24; depth slot 9, rank 1; 125 prior games; injury context unavailable.",2026-08-22T07:46:47.668866+00:00,2026-08-22T07:49:49.992921+00:00,hist_gradient_boosting,v1_evaluated_2025,v1_weekly_rankings
2026,1,2026_01_BAL_IND,2026-09-13,00-0035710,Daniel Jones,QB,IND,BAL,13.058008549677297,13.058008549677297,26,23,,,BENCH_DEPTH,BENCH_DEPTH,True,True,QB,9,1,HIGH,83,0,280.0,12.672,31.2,0.8460000000000001,SOURCE_UNAVAILABLE_FOR_2026_AT_BUILD,INJURY_CONTEXT_UNAVAILABLE,"Raw 13.06 PPR; QB raw rank 26; depth slot 9, rank 1; 83 prior games; injury context unavailable.",2026-08-22T07:46:47.668866+00:00,2026-08-22T07:49:49.992921+00:00,hist_gradient_boosting,v1_evaluated_2025,v1_weekly_rankings
2026,1,2026_01_CHI_CAR,2026-09-13,00-0039150,Bryce Young,QB,CAR,CHI,12.989282733569514,12.989282733569514,27,24,,,BENCH_DEPTH,BENCH_DEPTH,True,True,QB,9,1,HIGH,46,0,253.0,16.2,32.4,1.0,SOURCE_UNAVAILABLE_FOR_2026_AT_BUILD,INJURY_CONTEXT_UNAVAILABLE,"Raw 12.99 PPR; QB raw rank 27; depth slot 9, rank 1; 46 prior games; injury context unavailable.",2026-08-22T07:46:47.668866+00:00,2026-08-22T07:49:49.992921+00:00,hist_gradient_boosting,v1_evaluated_2025,v1_weekly_rankings
2026,1,2026_01_DEN_KC,2026-09-14,00-0039732,Bo Nix,QB,DEN,KC,12.51907126649635,12.51907126649635,30,25,,,BENCH_DEPTH,BENCH_DEPTH,True,True,QB,9,1,HIGH,34,0,253.0,18.052,42.2,1.0,SOURCE_UNAVAILABLE_FOR_2026_AT_BUILD,INJURY_CONTEXT_UNAVAILABLE,"Raw 12.52 PPR; QB raw rank 30; depth slot 9, rank 1; 34 prior games; injury context unavailable.",2026-08-22T07:46:47.668866+00:00,2026-08-22T07:49:49.992921+00:00,hist_gradient_boosting,v1_evaluated_2025,v1_weekly_rankings
2026,1,2026_01_NYJ_TEN,2026-09-13,00-0040676,Cam Ward,QB,TEN,NYJ,12.023504777362204,12.023504777362204,34,26,,,BENCH_DEPTH,BENCH_DEPTH,True,True,QB,9,1,HIGH,17,0,252.0,14.063999999999998,27.8,0.818,SOURCE_UNAVAILABLE_FOR_2026_AT_BUILD,INJURY_CONTEXT_UNAVAILABLE,"Raw 12.02 PPR; QB raw rank 34; depth slot 9, rank 1; 17 prior games; injury context unavailable.",2026-08-22T07:46:47.668866+00:00,2026-08-22T07:49:49.992921+00:00,hist_gradient_boosting,v1_evaluated_2025,v1_weekly_rankings
2026,1,2026_01_ATL_PIT,2026-09-13,00-0036212,Tua Tagovailoa,QB,ATL,PIT,11.447597479772295,11.447597479772295,38,27,,,BENCH_DEPTH,BENCH_DEPTH,True,True,QB,9,1,HIGH,78,0,272.0,9.528,24.2,0.9780000000000001,SOURCE_UNAVAILABLE_FOR_2026_AT_BUILD,INJURY_CONTEXT_UNAVAILABLE,"Raw 11.45 PPR; QB raw rank 38; depth slot 9, rank 1; 78 prior games; injury context unavailable.",2026-08-22T07:46:47.668866+00:00,2026-08-22T07:49:49.992921+00:00,hist_gradient_boosting,v1_evaluated_2025,v1_weekly_rankings
2026,1,2026_01_WAS_PHI,2026-09-13,00-0039910,Jayden Daniels,QB,WAS,PHI,11.12392899199232,11.12392899199232,43,28,,,BENCH_DEPTH,BENCH_DEPTH,True,True,QB,9,1,HIGH,24,0,280.0,14.892000000000001,31.2,0.8640000000000001,SOURCE_UNAVAILABLE_FOR_2026_AT_BUILD,INJURY_CONTEXT_UNAVAILABLE,"Raw 11.12 PPR; QB raw rank 43; depth slot 9, rank 1; 24 prior games; injury context unavailable.",2026-08-22T07:46:47.668866+00:00,2026-08-22T07:49:49.992921+00:00,hist_gradient_boosting,v1_evaluated_2025,v1_weekly_rankings
2026,1,2026_01_MIA_LV,2026-09-13,00-0038128,Malik Willis,QB,MIA,LV,10.465176862046551,10.465176862046551,52,29,,,BENCH_DEPTH,BENCH_DEPTH,True,True,QB,9,1,HIGH,19,0,260.0,10.983999999999998,14.2,0.47000000000000003,SOURCE_UNAVAILABLE_FOR_2026_AT_BUILD,INJURY_CONTEXT_UNAVAILABLE,"Raw 10.47 PPR; QB raw rank 52; depth slot 9, rank 1; 19 prior games; injury context unavailable.",2026-08-22T07:46:47.668866+00:00,2026-08-22T07:49:49.992921+00:00,hist_gradient_boosting,v1_evaluated_2025,v1_weekly_rankings
2026,1,2026_01_BUF_HOU,2026-09-13,00-0039163,C.J. Stroud,QB,HOU,BUF,10.034353152675955,10.034353152675955,59,30,,,BENCH_DEPTH,BENCH_DEPTH,True,True,QB,9,1,HIGH,46,0,252.0,15.703999999999999,32.8,0.93,SOURCE_UNAVAILABLE_FOR_2026_AT_BUILD,INJURY_CONTEXT_UNAVAILABLE,"Raw 10.03 PPR; QB raw rank 59; depth slot 9, rank 1; 46 prior games; injury context unavailable.",2026-08-22T07:46:47.668866+00:00,2026-08-22T07:49:49.992921+00:00,hist_gradient_boosting,v1_evaluated_2025,v1_weekly_rankings
2026,1,2026_01_GB_MIN,2026-09-13,00-0036264,Jordan Love,QB,GB,MIN,9.93035868347781,9.93035868347781,61,31,,,BENCH_DEPTH,BENCH_DEPTH,True,True,QB,9,1,HIGH,57,0,267.0,13.959999999999999,28.6,0.8540000000000001,SOURCE_UNAVAILABLE_FOR_2026_AT_BUILD,INJURY_CONTEXT_UNAVAILABLE,"Raw 9.93 PPR; QB raw rank 61; depth slot 9, rank 1; 57 prior games; injury context unavailable.",2026-08-22T07:46:47.668866+00:00,2026-08-22T07:49:49.992921+00:00,hist_gradient_boosting,v1_evaluated_2025,v1_weekly_rankings
2026,1,2026_01_CLE_JAX,2026-09-13,00-0033537,Deshaun Watson,QB,CLE,JAX,9.154874304721856,9.154874304721856,73,32,,,BENCH_DEPTH,BENCH_DEPTH,True,True,QB,9,1,MEDIUM,66,0,693.0,10.123999999999999,31.6,0.852,SOURCE_UNAVAILABLE_FOR_2026_AT_BUILD,INJURY_CONTEXT_UNAVAILABLE,"Raw 9.15 PPR; QB raw rank 73; depth slot 9, rank 1; 66 prior games; injury context unavailable.",2026-08-22T07:46:47.668866+00:00,2026-08-22T07:49:49.992921+00:00,hist_gradient_boosting,v1_evaluated_2025,v1_weekly_rankings
2026,1,2026_01_ARI_LAC,2026-09-13,00-0033553,James Conner,RB,ARI,LAC,9.72688515052759,9.72688515052759,33,31,71,20,BENCH_DEPTH,BENCH_DEPTH,True,True,RB,11,3,HIGH,96,0,357.0,12.540000000000001,13.4,0.418,SOURCE_UNAVAILABLE_FOR_2026_AT_BUILD,INJURY_CONTEXT_UNAVAILABLE,"Raw 9.73 PPR; RB raw rank 33; depth slot 11, rank 3; 96 prior games; injury context unavailable.",2026-08-22T07:46:47.668866+00:00,2026-08-22T07:49:49.992921+00:00,random_forest,v1_evaluated_2025,v1_weekly_rankings
2026,1,2026_01_ATL_PIT,2026-09-13,00-0036139,Rico Dowdle,RB,PIT,ATL,9.636880527514853,9.636880527514853,34,32,74,22,BENCH_DEPTH,BENCH_DEPTH,True,True,RB,11,2,HIGH,56,0,253.0,8.580000000000002,15.6,0.5519999999999999,SOURCE_UNAVAILABLE_FOR_2026_AT_BUILD,INJURY_CONTEXT_UNAVAILABLE,"Raw 9.64 PPR; RB raw rank 34; depth slot 11, rank 2; 56 prior games; injury context unavailable.",2026-08-22T07:46:47.668866+00:00,2026-08-22T07:49:49.992921+00:00,random_forest,v1_evaluated_2025,v1_weekly_rankings
2026,1,2026_01_DEN_KC,2026-09-14,00-0036158,J.K. Dobbins,RB,DEN,KC,9.303210008670378,9.303210008670378,36,33,82,30,BENCH_DEPTH,BENCH_DEPTH,True,True,RB,11,1,HIGH,47,0,312.0,8.68,16.4,0.49800000000000005,SOURCE_UNAVAILABLE_FOR_2026_AT_BUILD,INJURY_CONTEXT_UNAVAILABLE,"Raw 9.30 PPR; RB raw rank 36; depth slot 11, rank 1; 47 prior games; injury context unavailable.",2026-08-22T07:46:47.668866+00:00,2026-08-22T07:49:49.992921+00:00,random_forest,v1_evaluated_2025,v1_weekly_rankings
2026,1,2026_01_BUF_HOU,2026-09-13,00-0040583,Woody Marks,RB,HOU,BUF,9.030924103193001,9.030924103193001,37,34,86,34,BENCH_DEPTH,BENCH_DEPTH,True,True,RB,11,2,HIGH,16,0,252.0,8.680000000000001,18.2,0.554,SOURCE_UNAVAILABLE_FOR_2026_AT_BUILD,INJURY_CONTEXT_UNAVAILABLE,"Raw 9.03 PPR; RB raw rank 37; depth slot 11, rank 2; 16 prior games; injury context unavailable.",2026-08-22T07:46:47.668866+00:00,2026-08-22T07:49:49.992921+00:00,random_forest,v1_evaluated_2025,v1_weekly_rankings
2026,1,2026_01_NYJ_TEN,2026-09-13,00-0039032,Tyjae Spears,RB,TEN,NYJ,8.882203946134135,8.882203946134135,38,35,88,36,BENCH_DEPTH,BENCH_DEPTH,True,True,RB,11,2,HIGH,42,0,252.0,8.919999999999998,10.6,0.4600000000000001,SOURCE_UNAVAILABLE_FOR_2026_AT_BUILD,INJURY_CONTEXT_UNAVAILABLE,"Raw 8.88 PPR; RB raw rank 38; depth slot 11, rank 2; 42 prior games; injury context unavailable.",2026-08-22T07:46:47.668866+00:00,2026-08-22T07:49:49.992921+00:00,random_forest,v1_evaluated_2025,v1_weekly_rankings
2026,1,2026_01_DAL_NYG,2026-09-13,00-0035250,Devin Singletary,RB,NYG,DAL,8.492492449644729,8.492492449644729,39,36,91,38,BENCH_DEPTH,BENCH_DEPTH,True,True,RB,11,3,HIGH,110,0,252.0,10.96,10.8,0.35,SOURCE_UNAVAILABLE_FOR_2026_AT_BUILD,INJURY_CONTEXT_UNAVAILABLE,"Raw 8.49 PPR; RB raw rank 39; depth slot 11, rank 3; 110 prior games; injury context unavailable.",2026-08-22T07:46:47.668866+00:00,2026-08-22T07:49:49.992921+00:00,random_forest,v1_evaluated_2025,v1_weekly_rankings
2026,1,2026_01_CHI_CAR,2026-09-13,00-0040236,Kyle Monangai,RB,CHI,CAR,8.448259928470224,8.448259928470224,41,37,94,41,BENCH_DEPTH,BENCH_DEPTH,True,True,RB,11,2,HIGH,17,0,252.0,7.58,12.2,0.422,SOURCE_UNAVAILABLE_FOR_2026_AT_BUILD,INJURY_CONTEXT_UNAVAILABLE,"Raw 8.45 PPR; RB raw rank 41; depth slot 11, rank 2; 17 prior games; injury context unavailable.",2026-08-22T07:46:47.668866+00:00,2026-08-22T07:49:49.992921+00:00,random_forest,v1_evaluated_2025,v1_weekly_rankings
2026,1,2026_01_TB_CIN,2026-09-13,00-0033526,Samaje Perine,RB,CIN,TB,8.290389238979685,8.290389238979685,42,38,97,43,BENCH_DEPTH,BENCH_DEPTH,True,True,RB,11,2,HIGH,100,0,252.0,7.74,9.6,0.40199999999999997,SOURCE_UNAVAILABLE_FOR_2026_AT_BUILD,INJURY_CONTEXT_UNAVAILABLE,"Raw 8.29 PPR; RB raw rank 42; depth slot 11, rank 2; 100 prior games; injury context unavailable.",2026-08-22T07:46:47.668866+00:00,2026-08-22T07:49:49.992921+00:00,random_forest,v1_evaluated_2025,v1_weekly_rankings
2026,1,2026_01_BUF_HOU,2026-09-13,00-0037248,James Cook,RB,BUF,HOU,8.14421144245102,8.14421144245102,43,39,99,45,BENCH_DEPTH,BENCH_DEPTH,True,True,RB,11,1,HIGH,66,0,252.0,15.76,17.8,0.504,SOURCE_UNAVAILABLE_FOR_2026_AT_BUILD,INJURY_CONTEXT_UNAVAILABLE,"Raw 8.14 PPR; RB raw rank 43; depth slot 11, rank 1; 66 prior games; injury context unavailable.",2026-08-22T07:46:47.668866+00:00,2026-08-22T07:49:49.992921+00:00,random_forest,v1_evaluated_2025,v1_weekly_rankings
2026,1,2026_01_GB_MIN,2026-09-13,00-0037525,Jordan Mason,RB,MIN,GB,7.983074024972854,7.983074024972854,44,40,103,48,BENCH_DEPTH,BENCH_DEPTH,True,True,RB,11,2,HIGH,56,0,252.0,6.279999999999999,9.0,0.284,SOURCE_UNAVAILABLE_FOR_2026_AT_BUILD,INJURY_CONTEXT_UNAVAILABLE,"Raw 7.98 PPR; RB raw rank 44; depth slot 11, rank 2; 56 prior games; injury context unavailable.",2026-08-22T07:46:47.668866+00:00,2026-08-22T07:49:49.992921+00:00,random_forest,v1_evaluated_2025,v1_weekly_rankings
2026,1,2026_01_WAS_PHI,2026-09-13,00-0040242,Jacory Croskey-Merritt,RB,WAS,PHI,7.955930465979858,7.955930465979858,45,41,104,49,BENCH_DEPTH,BENCH_DEPTH,True,True,RB,11,1,HIGH,17,0,252.0,10.54,11.4,0.38199999999999995,SOURCE_UNAVAILABLE_FOR_2026_AT_BUILD,INJURY_CONTEXT_UNAVAILABLE,"Raw 7.96 PPR; RB raw rank 45; depth slot 11, rank 1; 17 prior games; injury context unavailable.",2026-08-22T07:46:47.668866+00:00,2026-08-22T07:49:49.992921+00:00,random_forest,v1_evaluated_2025,v1_weekly_rankings
2026,1,2026_01_GB_MIN,2026-09-13,00-0035700,Josh Jacobs,RB,GB,MIN,7.891455285211865,7.891455285211865,46,42,107,51,BENCH_DEPTH,BENCH_DEPTH,True,True,RB,11,1,HIGH,105,0,260.0,11.320000000000002,14.8,0.4960000000000001,SOURCE_UNAVAILABLE_FOR_2026_AT_BUILD,INJURY_CONTEXT_UNAVAILABLE,"Raw 7.89 PPR; RB raw rank 46; depth slot 11, rank 1; 105 prior games; injury context unavailable.",2026-08-22T07:46:47.668866+00:00,2026-08-22T07:49:49.992921+00:00,random_forest,v1_evaluated_2025,v1_weekly_rankings
2026,1,2026_01_MIA_LV,2026-09-13,00-0039874,Jaylen Wright,RB,MIA,LV,7.677955669834699,7.677955669834699,48,43,111,53,BENCH_DEPTH,BENCH_DEPTH,True,True,RB,11,2,HIGH,22,0,252.0,8.14,12.0,0.30399999999999994,SOURCE_UNAVAILABLE_FOR_2026_AT_BUILD,INJURY_CONTEXT_UNAVAILABLE,"Raw 7.68 PPR; RB raw rank 48; depth slot 11, rank 2; 22 prior games; injury context unavailable.",2026-08-22T07:46:47.668866+00:00,2026-08-22T07:49:49.992921+00:00,random_forest,v1_evaluated_2025,v1_weekly_rankings
2026,1,2026_01_WAS_PHI,2026-09-13,00-0038555,Tank Bigsby,RB,PHI,WAS,7.593577713120211,7.593577713120211,50,44,113,55,BENCH_DEPTH,BENCH_DEPTH,True,True,RB,11,2,HIGH,44,0,252.0,7.06,8.6,0.25599999999999995,SOURCE_UNAVAILABLE_FOR_2026_AT_BUILD,INJURY_CONTEXT_UNAVAILABLE,"Raw 7.59 PPR; RB raw rank 50; depth slot 11, rank 2; 44 prior games; injury context unavailable.",2026-08-22T07:46:47.668866+00:00,2026-08-22T07:49:49.992921+00:00,random_forest,v1_evaluated_2025,v1_weekly_rankings
2026,1,2026_01_NO_DET,2026-09-13,00-0033906,Alvin Kamara,RB,NO,DET,7.589399376708313,7.589399376708313,51,45,114,56,BENCH_DEPTH,BENCH_DEPTH,True,True,RB,11,2,HIGH,110,0,294.0,6.220000000000001,12.2,0.542,SOURCE_UNAVAILABLE_FOR_2026_AT_BUILD,INJURY_CONTEXT_UNAVAILABLE,"Raw 7.59 PPR; RB raw rank 51; depth slot 11, rank 2; 110 prior games; injury context unavailable.",2026-08-22T07:46:47.668866+00:00,2026-08-22T07:49:49.992921+00:00,random_forest,v1_evaluated_2025,v1_weekly_rankings
2026,1,2026_01_BUF_HOU,2026-09-13,00-0039875,Ray Davis,RB,BUF,HOU,7.487722937778044,7.487722937778044,52,46,116,58,BENCH_DEPTH,BENCH_DEPTH,True,True,RB,11,2,HIGH,34,0,252.0,7.140000000000001,6.2,0.21600000000000003,SOURCE_UNAVAILABLE_FOR_2026_AT_BUILD,INJURY_CONTEXT_UNAVAILABLE,"Raw 7.49 PPR; RB raw rank 52; depth slot 11, rank 2; 34 prior games; injury context unavailable.",2026-08-22T07:46:47.668866+00:00,2026-08-22T07:49:49.992921+00:00,random_forest,v1_evaluated_2025,v1_weekly_rankings
2026,1,2026_01_CLE_JAX,2026-09-13,00-0040162,Dylan Sampson,RB,CLE,JAX,7.391876024943987,7.391876024943987,53,47,119,60,BENCH_DEPTH,BENCH_DEPTH,True,True,RB,11,2,HIGH,15,0,252.0,8.080000000000002,9.8,0.358,SOURCE_UNAVAILABLE_FOR_2026_AT_BUILD,INJURY_CONTEXT_UNAVAILABLE,"Raw 7.39 PPR; RB raw rank 53; depth slot 11, rank 2; 15 prior games; injury context unavailable.",2026-08-22T07:46:47.668866+00:00,2026-08-22T07:49:49.992921+00:00,random_forest,v1_evaluated_2025,v1_weekly_rankings
2026,1,2026_01_CHI_CAR,2026-09-13,00-0036555,Chuba Hubbard,RB,CAR,CHI,7.360643860491362,7.360643860491362,54,48,121,61,BENCH_DEPTH,BENCH_DEPTH,True,True,RB,11,1,HIGH,77,0,253.0,7.220000000000001,9.8,0.45,SOURCE_UNAVAILABLE_FOR_2026_AT_BUILD,INJURY_CONTEXT_UNAVAILABLE,"Raw 7.36 PPR; RB raw rank 54; depth slot 11, rank 1; 77 prior games; injury context unavailable.",2026-08-22T07:46:47.668866+00:00,2026-08-22T07:49:49.992921+00:00,random_forest,v1_evaluated_2025,v1_weekly_rankings
2026,1,2026_01_ARI_LAC,2026-09-13,00-0039391,Kimani Vidal,RB,LAC,ARI,7.209763886425465,7.209763886425465,55,49,123,63,BENCH_DEPTH,BENCH_DEPTH,True,True,RB,11,3,HIGH,22,0,252.0,8.200000000000001,13.0,0.524,SOURCE_UNAVAILABLE_FOR_2026_AT_BUILD,INJURY_CONTEXT_UNAVAILABLE,"Raw 7.21 PPR; RB raw rank 55; depth slot 11, rank 3; 22 prior games; injury context unavailable.",2026-08-22T07:46:47.668866+00:00,2026-08-22T07:49:49.992921+00:00,random_forest,v1_evaluated_2025,v1_weekly_rankings
2026,1,2026_01_BUF_HOU,2026-09-13,00-0035537,Ty Johnson,RB,BUF,HOU,7.173235541909068,7.173235541909068,56,50,125,65,BENCH_DEPTH,BENCH_DEPTH,True,True,RB,11,3,HIGH,97,0,252.0,9.34,7.8,0.308,SOURCE_UNAVAILABLE_FOR_2026_AT_BUILD,INJURY_CONTEXT_UNAVAILABLE,"Raw 7.17 PPR; RB raw rank 56; depth slot 11, rank 3; 97 prior games; injury context unavailable.",2026-08-22T07:46:47.668866+00:00,2026-08-22T07:49:49.992921+00:00,random_forest,v1_evaluated_2025,v1_weekly_rankings
2026,1,2026_01_ARI_LAC,2026-09-13,00-0037263,Tyler Allgeier,RB,ARI,LAC,6.880385537644227,6.880385537644227,59,51,132,72,BENCH_DEPTH,BENCH_DEPTH,True,True,RB,11,2,HIGH,67,0,252.0,4.8,10.2,0.33799999999999997,SOURCE_UNAVAILABLE_FOR_2026_AT_BUILD,INJURY_CONTEXT_UNAVAILABLE,"Raw 6.88 PPR; RB raw rank 59; depth slot 11, rank 2; 67 prior games; injury context unavailable.",2026-08-22T07:46:47.668866+00:00,2026-08-22T07:49:49.992921+00:00,random_forest,v1_evaluated_2025,v1_weekly_rankings
2026,1,2026_01_BUF_HOU,2026-09-13,00-0035685,David Montgomery,RB,HOU,BUF,6.712032083810301,6.712032083810301,60,52,134,74,BENCH_DEPTH,BENCH_DEPTH,True,True,RB,11,1,HIGH,105,0,252.0,7.4799999999999995,8.0,0.306,SOURCE_UNAVAILABLE_FOR_2026_AT_BUILD,INJURY_CONTEXT_UNAVAILABLE,"Raw 6.71 PPR; RB raw rank 60; depth slot 11, rank 1; 105 prior games; injury context unavailable.",2026-08-22T07:46:47.668866+00:00,2026-08-22T07:49:49.992921+00:00,random_forest,v1_evaluated_2025,v1_weekly_rankings
2026,1,2026_01_NO_DET,2026-09-13,00-0037197,Isiah Pacheco,RB,DET,NO,6.663501115469498,6.663501115469498,61,53,137,77,BENCH_DEPTH,BENCH_DEPTH,True,True,RB,11,2,HIGH,51,0,262.0,5.42,9.8,0.434,SOURCE_UNAVAILABLE_FOR_2026_AT_BUILD,INJURY_CONTEXT_UNAVAILABLE,"Raw 6.66 PPR; RB raw rank 61; depth slot 11, rank 2; 51 prior games; injury context unavailable.",2026-08-22T07:46:47.668866+00:00,2026-08-22T07:49:49.992921+00:00,random_forest,v1_evaluated_2025,v1_weekly_rankings
2026,1,2026_01_WAS_PHI,2026-09-13,00-0037256,Rachaad White,RB,WAS,PHI,6.464912722751965,6.464912722751965,63,54,141,81,BENCH_DEPTH,BENCH_DEPTH,True,True,RB,11,2,HIGH,66,0,253.0,5.58,7.0,0.422,SOURCE_UNAVAILABLE_FOR_2026_AT_BUILD,INJURY_CONTEXT_UNAVAILABLE,"Raw 6.46 PPR; RB raw rank 63; depth slot 11, rank 2; 66 prior games; injury context unavailable.",2026-08-22T07:46:47.668866+00:00,2026-08-22T07:49:49.992921+00:00,random_forest,v1_evaluated_2025,v1_weekly_rankings
2026,1,2026_01_DAL_NYG,2026-09-13,00-0040021,Phil Mafah,RB,DAL,NYG,6.089793801213979,6.089793801213979,66,55,145,85,BENCH_DEPTH,BENCH_DEPTH,True,True,RB,11,3,LOW,1,0,252.0,10.9,7.0,0.18,SOURCE_UNAVAILABLE_FOR_2026_AT_BUILD,INJURY_CONTEXT_UNAVAILABLE;LIMITED_HISTORY,"Raw 6.09 PPR; RB raw rank 66; depth slot 11, rank 3; 1 prior games; injury context unavailable.",2026-08-22T07:46:47.668866+00:00,2026-08-22T07:49:49.992921+00:00,random_forest,v1_evaluated_2025,v1_weekly_rankings
2026,1,2026_01_CLE_JAX,2026-09-13,00-0040719,Bhayshul Tuten,RB,JAX,CLE,5.926470357211299,5.926470357211299,69,56,148,88,BENCH_DEPTH,BENCH_DEPTH,True,True,RB,11,1,HIGH,15,0,252.0,5.340000000000001,5.2,0.194,SOURCE_UNAVAILABLE_FOR_2026_AT_BUILD,INJURY_CONTEXT_UNAVAILABLE,"Raw 5.93 PPR; RB raw rank 69; depth slot 11, rank 1; 15 prior games; injury context unavailable.",2026-08-22T07:46:47.668866+00:00,2026-08-22T07:49:49.992921+00:00,random_forest,v1_evaluated_2025,v1_weekly_rankings
2026,1,2026_01_DAL_NYG,2026-09-13,00-0040586,Jaydon Blue,RB,DAL,NYG,5.686349998386884,5.686349998386884,70,57,152,92,BENCH_DEPTH,BENCH_DEPTH,True,True,RB,11,2,HIGH,5,0,252.0,4.08,7.8,0.25599999999999995,SOURCE_UNAVAILABLE_FOR_2026_AT_BUILD,INJURY_CONTEXT_UNAVAILABLE,"Raw 5.69 PPR; RB raw rank 70; depth slot 11, rank 2; 5 prior games; injury context unavailable.",2026-08-22T07:46:47.668866+00:00,2026-08-22T07:49:49.992921+00:00,random_forest,v1_evaluated_2025,v1_weekly_rankings
2026,1,2026_01_BUF_HOU,2026-09-13,00-0039405,Jawhar Jordan,RB,HOU,BUF,5.467048116228892,5.467048116228892,71,58,156,96,BENCH_DEPTH,BENCH_DEPTH,True,True,RB,11,3,MEDIUM,4,0,252.0,7.425000000000001,12.5,0.3,SOURCE_UNAVAILABLE_FOR_2026_AT_BUILD,INJURY_CONTEXT_UNAVAILABLE,"Raw 5.47 PPR; RB raw rank 71; depth slot 11, rank 3; 4 prior games; injury context unavailable.",2026-08-22T07:46:47.668866+00:00,2026-08-22T07:49:49.992921+00:00,random_forest,v1_evaluated_2025,v1_weekly_rankings
2026,1,2026_01_MIA_LV,2026-09-13,00-0040198,Ollie Gordon II,RB,MIA,LV,5.4539688278668885,5.4539688278668885,72,59,157,97,BENCH_DEPTH,BENCH_DEPTH,True,True,RB,11,3,HIGH,17,0,252.0,1.9400000000000002,3.6,0.186,SOURCE_UNAVAILABLE_FOR_2026_AT_BUILD,INJURY_CONTEXT_UNAVAILABLE,"Raw 5.45 PPR; RB raw rank 72; depth slot 11, rank 3; 17 prior games; injury context unavailable.",2026-08-22T07:46:47.668866+00:00,2026-08-22T07:49:49.992921+00:00,random_forest,v1_evaluated_2025,v1_weekly_rankings
2026,1,2026_01_DEN_KC,2026-09-14,00-0038705,Emari Demercado,RB,KC,DEN,5.405226257260969,5.405226257260969,75,60,160,100,BENCH_DEPTH,BENCH_DEPTH,True,True,RB,11,2,HIGH,36,0,253.0,3.96,5.8,0.272,SOURCE_UNAVAILABLE_FOR_2026_AT_BUILD,INJURY_CONTEXT_UNAVAILABLE,"Raw 5.41 PPR; RB raw rank 75; depth slot 11, rank 2; 36 prior games; injury context unavailable.",2026-08-22T07:46:47.668866+00:00,2026-08-22T07:49:49.992921+00:00,random_forest,v1_evaluated_2025,v1_weekly_rankings
2026,1,2026_01_BAL_IND,2026-09-13,00-0040179,DJ Giddens,RB,IND,BAL,5.322841925379112,5.322841925379112,79,61,163,103,BENCH_DEPTH,BENCH_DEPTH,True,True,RB,11,2,HIGH,5,0,252.0,1.9200000000000004,5.6,0.18200000000000002,SOURCE_UNAVAILABLE_FOR_2026_AT_BUILD,INJURY_CONTEXT_UNAVAILABLE,"Raw 5.32 PPR; RB raw rank 79; depth slot 11, rank 2; 5 prior games; injury context unavailable.",2026-08-22T07:46:47.668866+00:00,2026-08-22T07:49:49.992921+00:00,random_forest,v1_evaluated_2025,v1_weekly_rankings
2026,1,2026_01_GB_MIN,2026-09-13,00-0038685,Chris Brooks,RB,GB,MIN,5.296263375354434,5.296263375354434,80,62,164,104,BENCH_DEPTH,BENCH_DEPTH,True,True,RB,11,3,HIGH,31,0,252.0,2.56,4.2,0.304,SOURCE_UNAVAILABLE_FOR_2026_AT_BUILD,INJURY_CONTEXT_UNAVAILABLE,"Raw 5.30 PPR; RB raw rank 80; depth slot 11, rank 3; 31 prior games; injury context unavailable.",2026-08-22T07:46:47.668866+00:00,2026-08-22T07:49:49.992921+00:00,random_forest,v1_evaluated_2025,v1_weekly_rankings
2026,1,2026_01_CLE_JAX,2026-09-13,00-0040466,Raheim Sanders,RB,CLE,JAX,5.218428154829059,5.218428154829059,81,63,165,105,BENCH_DEPTH,BENCH_DEPTH,True,True,RB,11,3,MEDIUM,4,0,252.0,5.075,7.75,0.2575,SOURCE_UNAVAILABLE_FOR_2026_AT_BUILD,INJURY_CONTEXT_UNAVAILABLE,"Raw 5.22 PPR; RB raw rank 81; depth slot 11, rank 3; 4 prior games; injury context unavailable.",2026-08-22T07:46:47.668866+00:00,2026-08-22T07:49:49.992921+00:00,random_forest,v1_evaluated_2025,v1_weekly_rankings
2026,1,2026_01_NYJ_TEN,2026-09-13,00-0040886,Nicholas Singleton,RB,TEN,NYJ,5.210415242129446,5.210415242129446,82,64,166,106,BENCH_DEPTH,BENCH_DEPTH,True,True,RB,11,3,LOW,0,0,,,,,SOURCE_UNAVAILABLE_FOR_2026_AT_BUILD,INJURY_CONTEXT_UNAVAILABLE;NO_PRIOR_GAMES,"Raw 5.21 PPR; RB raw rank 82; depth slot 11, rank 3; 0 prior games; injury context unavailable.",2026-08-22T07:46:47.668866+00:00,2026-08-22T07:49:49.992921+00:00,random_forest,v1_evaluated_2025,v1_weekly_rankings
2026,1,2026_01_DEN_KC,2026-09-14,00-0041496,Jonah Coleman,RB,DEN,KC,5.019752353314034,5.019752353314034,87,65,174,114,BENCH_DEPTH,BENCH_DEPTH,True,True,RB,11,3,LOW,0,0,,,,,SOURCE_UNAVAILABLE_FOR_2026_AT_BUILD,INJURY_CONTEXT_UNAVAILABLE;NO_PRIOR_GAMES,"Raw 5.02 PPR; RB raw rank 87; depth slot 11, rank 3; 0 prior games; injury context unavailable.",2026-08-22T07:46:47.668866+00:00,2026-08-22T07:49:49.992921+00:00,random_forest,v1_evaluated_2025,v1_weekly_rankings
2026,1,2026_01_ARI_LAC,2026-09-13,00-0038454,Keaton Mitchell,RB,LAC,ARI,4.927391713515243,4.927391713515243,88,66,178,118,BENCH_DEPTH,BENCH_DEPTH,True,True,RB,11,2,HIGH,24,0,252.0,4.300000000000001,7.4,0.242,SOURCE_UNAVAILABLE_FOR_2026_AT_BUILD,INJURY_CONTEXT_UNAVAILABLE,"Raw 4.93 PPR; RB raw rank 88; depth slot 11, rank 2; 24 prior games; injury context unavailable.",2026-08-22T07:46:47.668866+00:00,2026-08-22T07:49:49.992921+00:00,random_forest,v1_evaluated_2025,v1_weekly_rankings
2026,1,2026_01_DEN_KC,2026-09-14,00-0041013,Emmett Johnson,RB,KC,DEN,4.902049567888536,4.902049567888536,91,67,179,119,BENCH_DEPTH,BENCH_DEPTH,True,True,RB,11,3,LOW,0,0,,,,,SOURCE_UNAVAILABLE_FOR_2026_AT_BUILD,INJURY_CONTEXT_UNAVAILABLE;NO_PRIOR_GAMES,"Raw 4.90 PPR; RB raw rank 91; depth slot 11, rank 3; 0 prior games; injury context unavailable.",2026-08-22T07:46:47.668866+00:00,2026-08-22T07:49:49.992921+00:00,random_forest,v1_evaluated_2025,v1_weekly_rankings
2026,1,2026_01_TB_CIN,2026-09-13,00-0038951,Sean Tucker,RB,TB,CIN,4.4107267474040714,4.4107267474040714,99,68,190,130,BENCH_DEPTH,BENCH_DEPTH,True,True,RB,11,3,HIGH,37,0,253.0,4.460000000000001,4.4,0.098,SOURCE_UNAVAILABLE_FOR_2026_AT_BUILD,INJURY_CONTEXT_UNAVAILABLE,"Raw 4.41 PPR; RB raw rank 99; depth slot 11, rank 3; 37 prior games; injury context unavailable.",2026-08-22T07:46:47.668866+00:00,2026-08-22T07:49:49.992921+00:00,random_forest,v1_evaluated_2025,v1_weekly_rankings
2026,1,2026_01_GB_MIN,2026-09-13,00-0041104,Demond Claiborne,RB,MIN,GB,4.390150861366305,4.390150861366305,102,69,191,131,BENCH_DEPTH,BENCH_DEPTH,True,True,RB,11,3,LOW,0,0,,,,,SOURCE_UNAVAILABLE_FOR_2026_AT_BUILD,INJURY_CONTEXT_UNAVAILABLE;NO_PRIOR_GAMES,"Raw 4.39 PPR; RB raw rank 102; depth slot 11, rank 3; 0 prior games; injury context unavailable.",2026-08-22T07:46:47.668866+00:00,2026-08-22T07:49:49.992921+00:00,random_forest,v1_evaluated_2025,v1_weekly_rankings
2026,1,2026_01_GB_MIN,2026-09-13,00-0039811,MarShawn Lloyd,RB,GB,MIN,4.387773770274564,4.387773770274564,103,70,192,132,BENCH_DEPTH,BENCH_DEPTH,True,True,RB,11,2,LOW,1,0,728.0,2.8,7.0,0.14,SOURCE_UNAVAILABLE_FOR_2026_AT_BUILD,INJURY_CONTEXT_UNAVAILABLE;LIMITED_HISTORY,"Raw 4.39 PPR; RB raw rank 103; depth slot 11, rank 2; 1 prior games; injury context unavailable.",2026-08-22T07:46:47.668866+00:00,2026-08-22T07:49:49.992921+00:00,random_forest,v1_evaluated_2025,v1_weekly_rankings
2026,1,2026_01_NYJ_TEN,2026-09-13,00-0039798,Isaiah Davis,RB,NYJ,TEN,4.084780683255798,4.084780683255798,109,71,197,137,BENCH_DEPTH,BENCH_DEPTH,True,True,RB,11,3,HIGH,29,0,259.0,5.74,4.8,0.246,SOURCE_UNAVAILABLE_FOR_2026_AT_BUILD,INJURY_CONTEXT_UNAVAILABLE,"Raw 4.08 PPR; RB raw rank 109; depth slot 11, rank 3; 29 prior games; injury context unavailable.",2026-08-22T07:46:47.668866+00:00,2026-08-22T07:49:49.992921+00:00,random_forest,v1_evaluated_2025,v1_weekly_rankings
2026,1,2026_01_NO_DET,2026-09-13,00-0038551,Kendre Miller,RB,NO,DET,4.06089284249033,4.06089284249033,110,72,201,141,BENCH_DEPTH,BENCH_DEPTH,True,True,RB,11,3,HIGH,20,0,329.0,5.779999999999999,8.2,0.28,SOURCE_UNAVAILABLE_FOR_2026_AT_BUILD,INJURY_CONTEXT_UNAVAILABLE,"Raw 4.06 PPR; RB raw rank 110; depth slot 11, rank 3; 20 prior games; injury context unavailable.",2026-08-22T07:46:47.668866+00:00,2026-08-22T07:49:49.992921+00:00,random_forest,v1_evaluated_2025,v1_weekly_rankings
2026,1,2026_01_WAS_PHI,2026-09-13,00-0039746,Will Shipley,RB,PHI,WAS,4.009722368747464,4.009722368747464,114,73,203,143,BENCH_DEPTH,BENCH_DEPTH,True,True,RB,11,3,HIGH,27,0,252.0,1.22,1.6,0.154,SOURCE_UNAVAILABLE_FOR_2026_AT_BUILD,INJURY_CONTEXT_UNAVAILABLE,"Raw 4.01 PPR; RB raw rank 114; depth slot 11, rank 3; 27 prior games; injury context unavailable.",2026-08-22T07:46:47.668866+00:00,2026-08-22T07:49:49.992921+00:00,random_forest,v1_evaluated_2025,v1_weekly_rankings
2026,1,2026_01_SF_LA,2026-09-10,00-0040177,Jordan James,RB,SF,LA,3.8725310003177666,3.8725310003177666,117,74,208,148,BENCH_DEPTH,BENCH_DEPTH,True,True,RB,11,3,LOW,0,0,,,,,SOURCE_UNAVAILABLE_FOR_2026_AT_BUILD,INJURY_CONTEXT_UNAVAILABLE;NO_PRIOR_GAMES,"Raw 3.87 PPR; RB raw rank 117; depth slot 11, rank 3; 0 prior games; injury context unavailable.",2026-08-22T07:46:47.668866+00:00,2026-08-22T07:49:49.992921+00:00,random_forest,v1_evaluated_2025,v1_weekly_rankings
2026,1,2026_01_SF_LA,2026-09-10,00-0041052,Kaelon Black,RB,SF,LA,3.8725310003177666,3.8725310003177666,118,75,209,149,BENCH_DEPTH,BENCH_DEPTH,True,True,RB,11,2,LOW,0,0,,,,,SOURCE_UNAVAILABLE_FOR_2026_AT_BUILD,INJURY_CONTEXT_UNAVAILABLE;NO_PRIOR_GAMES,"Raw 3.87 PPR; RB raw rank 118; depth slot 11, rank 2; 0 prior games; injury context unavailable.",2026-08-22T07:46:47.668866+00:00,2026-08-22T07:49:49.992921+00:00,random_forest,v1_evaluated_2025,v1_weekly_rankings
2026,1,2026_01_BAL_IND,2026-09-13,00-0041125,Seth McGowan,RB,IND,BAL,3.8496071253365365,3.8496071253365365,120,76,213,153,BENCH_DEPTH,BENCH_DEPTH,True,True,RB,11,3,LOW,0,0,,,,,SOURCE_UNAVAILABLE_FOR_2026_AT_BUILD,INJURY_CONTEXT_UNAVAILABLE;NO_PRIOR_GAMES,"Raw 3.85 PPR; RB raw rank 120; depth slot 11, rank 3; 0 prior games; injury context unavailable.",2026-08-22T07:46:47.668866+00:00,2026-08-22T07:49:49.992921+00:00,random_forest,v1_evaluated_2025,v1_weekly_rankings
2026,1,2026_01_WAS_PHI,2026-09-13,00-0041096,Kaytron Allen,RB,WAS,PHI,3.8022778911448025,3.8022778911448025,122,77,214,154,BENCH_DEPTH,BENCH_DEPTH,True,True,RB,11,3,LOW,0,0,,,,,SOURCE_UNAVAILABLE_FOR_2026_AT_BUILD,INJURY_CONTEXT_UNAVAILABLE;NO_PRIOR_GAMES,"Raw 3.80 PPR; RB raw rank 122; depth slot 11, rank 3; 0 prior games; injury context unavailable.",2026-08-22T07:46:47.668866+00:00,2026-08-22T07:49:49.992921+00:00,random_forest,v1_evaluated_2025,v1_weekly_rankings
2026,1,2026_01_NYJ_TEN,2026-09-13,00-0039794,Braelon Allen,RB,NYJ,TEN,3.69250584938081,3.69250584938081,126,78,215,155,BENCH_DEPTH,BENCH_DEPTH,True,True,RB,11,2,HIGH,21,0,349.0,3.9200000000000004,5.6,0.23000000000000004,SOURCE_UNAVAILABLE_FOR_2026_AT_BUILD,INJURY_CONTEXT_UNAVAILABLE,"Raw 3.69 PPR; RB raw rank 126; depth slot 11, rank 2; 21 prior games; injury context unavailable.",2026-08-22T07:46:47.668866+00:00,2026-08-22T07:49:49.992921+00:00,random_forest,v1_evaluated_2025,v1_weekly_rankings
2026,1,2026_01_NE_SEA,2026-09-09,00-0041512,Jadarian Price,RB,SEA,NE,3.623771187621579,3.623771187621579,127,79,217,157,BENCH_DEPTH,BENCH_DEPTH,True,True,RB,11,2,LOW,0,0,,,,,SOURCE_UNAVAILABLE_FOR_2026_AT_BUILD,INJURY_CONTEXT_UNAVAILABLE;NO_PRIOR_GAMES,"Raw 3.62 PPR; RB raw rank 127; depth slot 11, rank 2; 0 prior games; injury context unavailable.",2026-08-22T07:46:47.668866+00:00,2026-08-22T07:49:49.992921+00:00,random_forest,v1_evaluated_2025,v1_weekly_rankings
2026,1,2026_01_NE_SEA,2026-09-09,00-0039299,George Holani,RB,SEA,NE,3.528193191121171,3.528193191121171,130,80,218,158,BENCH_DEPTH,BENCH_DEPTH,True,True,RB,11,3,HIGH,13,0,297.0,2.12,2.4,0.052000000000000005,SOURCE_UNAVAILABLE_FOR_2026_AT_BUILD,INJURY_CONTEXT_UNAVAILABLE,"Raw 3.53 PPR; RB raw rank 130; depth slot 11, rank 3; 13 prior games; injury context unavailable.",2026-08-22T07:46:47.668866+00:00,2026-08-22T07:49:49.992921+00:00,random_forest,v1_evaluated_2025,v1_weekly_rankings
2026,1,2026_01_TB_CIN,2026-09-13,00-0040208,Tahj Brooks,RB,CIN,TB,3.3804330156871587,3.3804330156871587,132,81,219,159,BENCH_DEPTH,BENCH_DEPTH,True,True,RB,11,3,HIGH,12,0,259.0,0.9200000000000002,2.4,0.1,SOURCE_UNAVAILABLE_FOR_2026_AT_BUILD,INJURY_CONTEXT_UNAVAILABLE,"Raw 3.38 PPR; RB raw rank 132; depth slot 11, rank 3; 12 prior games; injury context unavailable.",2026-08-22T07:46:47.668866+00:00,2026-08-22T07:49:49.992921+00:00,random_forest,v1_evaluated_2025,v1_weekly_rankings
2026,1,2026_01_ATL_PIT,2026-09-13,00-0037746,Brian Robinson,RB,ATL,PIT,3.375718499604682,3.375718499604682,133,82,220,160,BENCH_DEPTH,BENCH_DEPTH,True,True,RB,11,2,HIGH,58,0,253.0,2.2800000000000002,6.0,0.162,SOURCE_UNAVAILABLE_FOR_2026_AT_BUILD,INJURY_CONTEXT_UNAVAILABLE,"Raw 3.38 PPR; RB raw rank 133; depth slot 11, rank 2; 58 prior games; injury context unavailable.",2026-08-22T07:46:47.668866+00:00,2026-08-22T07:49:49.992921+00:00,random_forest,v1_evaluated_2025,v1_weekly_rankings
2026,1,2026_01_BAL_IND,2026-09-13,00-0034975,Justice Hill,RB,BAL,IND,3.309340828645896,3.309340828645896,137,83,222,162,BENCH_DEPTH,BENCH_DEPTH,True,True,RB,11,2,HIGH,83,0,294.0,4.279999999999999,3.8,0.296,SOURCE_UNAVAILABLE_FOR_2026_AT_BUILD,INJURY_CONTEXT_UNAVAILABLE,"Raw 3.31 PPR; RB raw rank 137; depth slot 11, rank 2; 83 prior games; injury context unavailable.",2026-08-22T07:46:47.668866+00:00,2026-08-22T07:49:49.992921+00:00,random_forest,v1_evaluated_2025,v1_weekly_rankings
2026,1,2026_01_ARI_LAC,2026-09-13,00-0041027,Jeremiyah Love,RB,ARI,LAC,3.290481465988432,3.290481465988432,138,84,223,163,BENCH_DEPTH,BENCH_DEPTH,True,True,RB,11,1,LOW,0,0,,,,,SOURCE_UNAVAILABLE_FOR_2026_AT_BUILD,INJURY_CONTEXT_UNAVAILABLE;NO_PRIOR_GAMES,"Raw 3.29 PPR; RB raw rank 138; depth slot 11, rank 1; 0 prior games; injury context unavailable.",2026-08-22T07:46:47.668866+00:00,2026-08-22T07:49:49.992921+00:00,random_forest,v1_evaluated_2025,v1_weekly_rankings
2026,1,2026_01_NE_SEA,2026-09-09,00-0040568,Lan Larison,RB,NE,SEA,3.1179016456339226,3.1179016456339226,141,85,225,165,BENCH_DEPTH,BENCH_DEPTH,True,True,RB,11,3,LOW,0,0,,,,,SOURCE_UNAVAILABLE_FOR_2026_AT_BUILD,INJURY_CONTEXT_UNAVAILABLE;NO_PRIOR_GAMES,"Raw 3.12 PPR; RB raw rank 141; depth slot 11, rank 3; 0 prior games; injury context unavailable.",2026-08-22T07:46:47.668866+00:00,2026-08-22T07:49:49.992921+00:00,random_forest,v1_evaluated_2025,v1_weekly_rankings
2026,1,2026_01_BAL_IND,2026-09-13,00-0039796,Rasheen Ali,RB,BAL,IND,3.0411026424971075,3.0411026424971075,147,86,226,166,BENCH_DEPTH,BENCH_DEPTH,True,True,RB,11,3,HIGH,20,0,252.0,3.9,2.4,0.238,SOURCE_UNAVAILABLE_FOR_2026_AT_BUILD,INJURY_CONTEXT_UNAVAILABLE,"Raw 3.04 PPR; RB raw rank 147; depth slot 11, rank 3; 20 prior games; injury context unavailable.",2026-08-22T07:46:47.668866+00:00,2026-08-22T07:49:49.992921+00:00,random_forest,v1_evaluated_2025,v1_weekly_rankings
2026,1,2026_01_CLE_JAX,2026-09-13,00-0040238,LeQuint Allen Jr.,RB,JAX,CLE,2.962435442946859,2.962435442946859,150,87,229,169,BENCH_DEPTH,BENCH_DEPTH,True,True,RB,11,3,HIGH,16,0,259.0,1.34,2.4,0.254,SOURCE_UNAVAILABLE_FOR_2026_AT_BUILD,INJURY_CONTEXT_UNAVAILABLE,"Raw 2.96 PPR; RB raw rank 150; depth slot 11, rank 3; 16 prior games; injury context unavailable.",2026-08-22T07:46:47.668866+00:00,2026-08-22T07:49:49.992921+00:00,random_forest,v1_evaluated_2025,v1_weekly_rankings
2026,1,2026_01_CHI_CAR,2026-09-13,00-0039344,Jonathon Brooks,RB,CAR,CHI,2.4786784413413674,2.4786784413413674,159,88,235,175,BENCH_DEPTH,BENCH_DEPTH,True,True,RB,11,2,MEDIUM,3,0,644.0,2.5000000000000004,4.0,0.10999999999999999,SOURCE_UNAVAILABLE_FOR_2026_AT_BUILD,INJURY_CONTEXT_UNAVAILABLE,"Raw 2.48 PPR; RB raw rank 159; depth slot 11, rank 2; 3 prior games; injury context unavailable.",2026-08-22T07:46:47.668866+00:00,2026-08-22T07:49:49.992921+00:00,random_forest,v1_evaluated_2025,v1_weekly_rankings
2026,1,2026_01_ATL_PIT,2026-09-13,00-0040142,Kaleb Johnson,RB,PIT,ATL,2.291311839398992,2.291311839398992,165,89,239,179,BENCH_DEPTH,BENCH_DEPTH,True,True,RB,11,3,HIGH,10,0,272.0,0.58,2.6,0.072,SOURCE_UNAVAILABLE_FOR_2026_AT_BUILD,INJURY_CONTEXT_UNAVAILABLE,"Raw 2.29 PPR; RB raw rank 165; depth slot 11, rank 3; 10 prior games; injury context unavailable.",2026-08-22T07:46:47.668866+00:00,2026-08-22T07:49:49.992921+00:00,random_forest,v1_evaluated_2025,v1_weekly_rankings
2026,1,2026_01_SF_LA,2026-09-10,00-0037557,Ronnie Rivers,RB,LA,SF,2.231284918598775,2.231284918598775,167,90,240,180,BENCH_DEPTH,BENCH_DEPTH,True,True,RB,11,3,HIGH,23,0,249.0,0.9200000000000002,1.8,0.052000000000000005,SOURCE_UNAVAILABLE_FOR_2026_AT_BUILD,INJURY_CONTEXT_UNAVAILABLE,"Raw 2.23 PPR; RB raw rank 167; depth slot 11, rank 3; 23 prior games; injury context unavailable.",2026-08-22T07:46:47.668866+00:00,2026-08-22T07:49:49.992921+00:00,random_forest,v1_evaluated_2025,v1_weekly_rankings
2026,1,2026_01_CHI_CAR,2026-09-13,00-0039021,Roschon Johnson,RB,CHI,CAR,1.8886511932783985,1.8886511932783985,171,91,244,184,BENCH_DEPTH,BENCH_DEPTH,True,True,RB,11,3,HIGH,34,0,301.0,0.34,0.4,0.012,SOURCE_UNAVAILABLE_FOR_2026_AT_BUILD,INJURY_CONTEXT_UNAVAILABLE,"Raw 1.89 PPR; RB raw rank 171; depth slot 11, rank 3; 34 prior games; injury context unavailable.",2026-08-22T07:46:47.668866+00:00,2026-08-22T07:49:49.992921+00:00,random_forest,v1_evaluated_2025,v1_weekly_rankings
2026,1,2026_01_MIA_LV,2026-09-13,00-0039407,Dylan Laube,RB,LV,MIA,1.8488791205011035,1.8488791205011035,172,92,246,186,BENCH_DEPTH,BENCH_DEPTH,True,True,RB,11,3,HIGH,23,0,252.0,0.08,0.4,0.01,SOURCE_UNAVAILABLE_FOR_2026_AT_BUILD,INJURY_CONTEXT_UNAVAILABLE,"Raw 1.85 PPR; RB raw rank 172; depth slot 11, rank 3; 23 prior games; injury context unavailable.",2026-08-22T07:46:47.668866+00:00,2026-08-22T07:49:49.992921+00:00,random_forest,v1_evaluated_2025,v1_weekly_rankings
2026,1,2026_01_ATL_PIT,2026-09-13,00-0037120,Tyler Goodson,RB,ATL,PIT,1.770877768583326,1.770877768583326,173,93,248,188,BENCH_DEPTH,BENCH_DEPTH,True,True,RB,11,3,HIGH,30,0,252.0,0.24000000000000005,0.8,0.030000000000000006,SOURCE_UNAVAILABLE_FOR_2026_AT_BUILD,INJURY_CONTEXT_UNAVAILABLE,"Raw 1.77 PPR; RB raw rank 173; depth slot 11, rank 3; 30 prior games; injury context unavailable.",2026-08-22T07:46:47.668866+00:00,2026-08-22T07:49:49.992921+00:00,random_forest,v1_evaluated_2025,v1_weekly_rankings
2026,1,2026_01_NO_DET,2026-09-13,00-0039364,Sione Vaki,RB,DET,NO,1.0533051779103255,1.0533051779103255,178,94,250,190,BENCH_DEPTH,BENCH_DEPTH,True,True,RB,11,3,HIGH,17,0,252.0,0.0,0.0,0.0,SOURCE_UNAVAILABLE_FOR_2026_AT_BUILD,INJURY_CONTEXT_UNAVAILABLE,"Raw 1.05 PPR; RB raw rank 178; depth slot 11, rank 3; 17 prior games; injury context unavailable.",2026-08-22T07:46:47.668866+00:00,2026-08-22T07:49:49.992921+00:00,random_forest,v1_evaluated_2025,v1_weekly_rankings
2026,1,2026_01_CHI_CAR,2026-09-13,00-0040644,Trevor Etienne,RB,CAR,CHI,0.8927091554415083,0.8927091554415083,179,95,251,191,BENCH_DEPTH,BENCH_DEPTH,True,True,RB,11,3,HIGH,17,0,253.0,0.27999999999999997,0.2,0.036,SOURCE_UNAVAILABLE_FOR_2026_AT_BUILD,INJURY_CONTEXT_UNAVAILABLE,"Raw 0.89 PPR; RB raw rank 179; depth slot 11, rank 3; 17 prior games; injury context unavailable.",2026-08-22T07:46:47.668866+00:00,2026-08-22T07:49:49.992921+00:00,random_forest,v1_evaluated_2025,v1_weekly_rankings
2026,1,2026_01_MIA_LV,2026-09-13,00-0039066,Michael Mayer,TE,LV,MIA,7.291583891908843,7.291583891908843,13,13,122,62,BENCH_DEPTH,BENCH_DEPTH,True,True,TE,10,2,HIGH,37,0,252.0,5.999999999999999,3.8,0.5800000000000001,SOURCE_UNAVAILABLE_FOR_2026_AT_BUILD,INJURY_CONTEXT_UNAVAILABLE,"Raw 7.29 PPR; TE raw rank 13; depth slot 10, rank 2; 37 prior games; injury context unavailable.",2026-08-22T07:46:47.668866+00:00,2026-08-22T07:49:49.992921+00:00,ridge,v1_evaluated_2025,v1_weekly_rankings
2026,1,2026_01_CLE_JAX,2026-09-13,00-0040663,Harold Fannin Jr.,TE,CLE,JAX,7.132354663480175,7.132354663480175,14,14,126,66,BENCH_DEPTH,BENCH_DEPTH,True,True,TE,10,1,HIGH,16,0,259.0,15.84,7.6,0.774,SOURCE_UNAVAILABLE_FOR_2026_AT_BUILD,INJURY_CONTEXT_UNAVAILABLE,"Raw 7.13 PPR; TE raw rank 14; depth slot 10, rank 1; 16 prior games; injury context unavailable.",2026-08-22T07:46:47.668866+00:00,2026-08-22T07:49:49.992921+00:00,ridge,v1_evaluated_2025,v1_weekly_rankings
2026,1,2026_01_TB_CIN,2026-09-13,00-0038129,Cade Otton,TE,TB,CIN,7.129332566397245,7.129332566397245,15,15,127,67,BENCH_DEPTH,BENCH_DEPTH,True,True,TE,10,1,HIGH,62,0,253.0,8.2,4.2,0.9299999999999999,SOURCE_UNAVAILABLE_FOR_2026_AT_BUILD,INJURY_CONTEXT_UNAVAILABLE,"Raw 7.13 PPR; TE raw rank 15; depth slot 10, rank 1; 62 prior games; injury context unavailable.",2026-08-22T07:46:47.668866+00:00,2026-08-22T07:49:49.992921+00:00,ridge,v1_evaluated_2025,v1_weekly_rankings
2026,1,2026_01_TB_CIN,2026-09-13,00-0034829,Mike Gesicki,TE,CIN,TB,7.103346000894426,7.103346000894426,16,16,128,68,BENCH_DEPTH,BENCH_DEPTH,True,True,TE,10,1,HIGH,121,0,252.0,9.040000000000001,3.2,0.41600000000000004,SOURCE_UNAVAILABLE_FOR_2026_AT_BUILD,INJURY_CONTEXT_UNAVAILABLE,"Raw 7.10 PPR; TE raw rank 16; depth slot 10, rank 1; 121 prior games; injury context unavailable.",2026-08-22T07:46:47.668866+00:00,2026-08-22T07:49:49.992921+00:00,ridge,v1_evaluated_2025,v1_weekly_rankings
2026,1,2026_01_ATL_PIT,2026-09-13,00-0036894,Pat Freiermuth,TE,PIT,ATL,6.911095188947908,6.911095188947908,17,17,131,71,BENCH_DEPTH,BENCH_DEPTH,True,True,TE,10,1,HIGH,74,0,252.0,6.76,4.4,0.568,SOURCE_UNAVAILABLE_FOR_2026_AT_BUILD,INJURY_CONTEXT_UNAVAILABLE,"Raw 6.91 PPR; TE raw rank 17; depth slot 10, rank 1; 74 prior games; injury context unavailable.",2026-08-22T07:46:47.668866+00:00,2026-08-22T07:49:49.992921+00:00,ridge,v1_evaluated_2025,v1_weekly_rankings
2026,1,2026_01_DAL_NYG,2026-09-13,00-0039847,Theo Johnson,TE,NYG,DAL,6.641536752209335,6.641536752209335,19,18,138,78,BENCH_DEPTH,BENCH_DEPTH,True,True,TE,10,2,HIGH,26,0,266.0,6.679999999999998,4.6,0.884,SOURCE_UNAVAILABLE_FOR_2026_AT_BUILD,INJURY_CONTEXT_UNAVAILABLE,"Raw 6.64 PPR; TE raw rank 19; depth slot 10, rank 2; 26 prior games; injury context unavailable.",2026-08-22T07:46:47.668866+00:00,2026-08-22T07:49:49.992921+00:00,ridge,v1_evaluated_2025,v1_weekly_rankings
2026,1,2026_01_BAL_IND,2026-09-13,00-0040128,Tyler Warren,TE,IND,BAL,6.478734367885458,6.478734367885458,20,19,139,79,BENCH_DEPTH,BENCH_DEPTH,True,True,TE,10,1,HIGH,17,0,252.0,6.3,6.8,0.8619999999999999,SOURCE_UNAVAILABLE_FOR_2026_AT_BUILD,INJURY_CONTEXT_UNAVAILABLE,"Raw 6.48 PPR; TE raw rank 20; depth slot 10, rank 1; 17 prior games; injury context unavailable.",2026-08-22T07:46:47.668866+00:00,2026-08-22T07:49:49.992921+00:00,ridge,v1_evaluated_2025,v1_weekly_rankings
2026,1,2026_01_BUF_HOU,2026-09-13,00-0034383,Dalton Schultz,TE,HOU,BUF,6.324037758125709,6.324037758125709,21,20,142,82,BENCH_DEPTH,BENCH_DEPTH,True,True,TE,10,1,HIGH,111,0,252.0,11.5,5.2,0.7160000000000001,SOURCE_UNAVAILABLE_FOR_2026_AT_BUILD,INJURY_CONTEXT_UNAVAILABLE,"Raw 6.32 PPR; TE raw rank 21; depth slot 10, rank 1; 111 prior games; injury context unavailable.",2026-08-22T07:46:47.668866+00:00,2026-08-22T07:49:49.992921+00:00,ridge,v1_evaluated_2025,v1_weekly_rankings
2026,1,2026_01_CHI_CAR,2026-09-13,00-0036290,Cole Kmet,TE,CHI,CAR,6.098692024157463,6.098692024157463,22,21,144,84,BENCH_DEPTH,BENCH_DEPTH,True,True,TE,10,2,HIGH,97,0,252.0,4.720000000000001,3.2,0.752,SOURCE_UNAVAILABLE_FOR_2026_AT_BUILD,INJURY_CONTEXT_UNAVAILABLE,"Raw 6.10 PPR; TE raw rank 22; depth slot 10, rank 2; 97 prior games; injury context unavailable.",2026-08-22T07:46:47.668866+00:00,2026-08-22T07:49:49.992921+00:00,ridge,v1_evaluated_2025,v1_weekly_rankings
2026,1,2026_01_WAS_PHI,2026-09-13,00-0037809,Chig Okonkwo,TE,WAS,PHI,6.050928161314378,6.050928161314378,23,22,146,86,BENCH_DEPTH,BENCH_DEPTH,True,True,TE,10,1,HIGH,66,0,252.0,8.88,5.6,0.5619999999999999,SOURCE_UNAVAILABLE_FOR_2026_AT_BUILD,INJURY_CONTEXT_UNAVAILABLE,"Raw 6.05 PPR; TE raw rank 23; depth slot 10, rank 1; 66 prior games; injury context unavailable.",2026-08-22T07:46:47.668866+00:00,2026-08-22T07:49:49.992921+00:00,ridge,v1_evaluated_2025,v1_weekly_rankings
2026,1,2026_01_GB_MIN,2026-09-13,00-0038996,Tucker Kraft,TE,GB,MIN,5.722025368111741,5.722025368111741,24,23,149,89,BENCH_DEPTH,BENCH_DEPTH,True,True,TE,10,1,HIGH,39,0,315.0,15.4,5.8,0.834,SOURCE_UNAVAILABLE_FOR_2026_AT_BUILD,INJURY_CONTEXT_UNAVAILABLE,"Raw 5.72 PPR; TE raw rank 24; depth slot 10, rank 1; 39 prior games; injury context unavailable.",2026-08-22T07:46:47.668866+00:00,2026-08-22T07:49:49.992921+00:00,ridge,v1_evaluated_2025,v1_weekly_rankings
2026,1,2026_01_SF_LA,2026-09-10,00-0037112,Jake Tonges,TE,SF,LA,5.7147342745646466,5.7147342745646466,25,24,150,90,BENCH_DEPTH,BENCH_DEPTH,True,True,TE,10,2,HIGH,13,0,256.0,7.94,3.8,0.39,SOURCE_UNAVAILABLE_FOR_2026_AT_BUILD,INJURY_CONTEXT_UNAVAILABLE,"Raw 5.71 PPR; TE raw rank 25; depth slot 10, rank 2; 13 prior games; injury context unavailable.",2026-08-22T07:46:47.668866+00:00,2026-08-22T07:49:49.992921+00:00,ridge,v1_evaluated_2025,v1_weekly_rankings
2026,1,2026_01_NE_SEA,2026-09-09,00-0033090,Hunter Henry,TE,NE,SEA,5.709366099062798,5.709366099062798,26,25,151,91,BENCH_DEPTH,BENCH_DEPTH,True,True,TE,10,1,HIGH,104,0,248.0,10.82,4.8,0.732,SOURCE_UNAVAILABLE_FOR_2026_AT_BUILD,INJURY_CONTEXT_UNAVAILABLE,"Raw 5.71 PPR; TE raw rank 26; depth slot 10, rank 1; 104 prior games; injury context unavailable.",2026-08-22T07:46:47.668866+00:00,2026-08-22T07:49:49.992921+00:00,ridge,v1_evaluated_2025,v1_weekly_rankings
2026,1,2026_01_SF_LA,2026-09-10,00-0033110,Tyler Higbee,TE,LA,SF,5.665049860827039,5.665049860827039,27,26,153,93,BENCH_DEPTH,BENCH_DEPTH,True,True,TE,10,2,HIGH,102,0,249.0,8.98,4.2,0.4920000000000001,SOURCE_UNAVAILABLE_FOR_2026_AT_BUILD,INJURY_CONTEXT_UNAVAILABLE,"Raw 5.67 PPR; TE raw rank 27; depth slot 10, rank 2; 102 prior games; injury context unavailable.",2026-08-22T07:46:47.668866+00:00,2026-08-22T07:49:49.992921+00:00,ridge,v1_evaluated_2025,v1_weekly_rankings
2026,1,2026_01_NE_SEA,2026-09-09,00-0039793,AJ Barner,TE,SEA,NE,5.587572180160889,5.587572180160889,28,27,155,95,BENCH_DEPTH,BENCH_DEPTH,True,True,TE,10,1,HIGH,32,0,249.0,8.620000000000001,4.4,0.768,SOURCE_UNAVAILABLE_FOR_2026_AT_BUILD,INJURY_CONTEXT_UNAVAILABLE,"Raw 5.59 PPR; TE raw rank 28; depth slot 10, rank 1; 32 prior games; injury context unavailable.",2026-08-22T07:46:47.668866+00:00,2026-08-22T07:49:49.992921+00:00,ridge,v1_evaluated_2025,v1_weekly_rankings
2026,1,2026_01_CLE_JAX,2026-09-13,00-0038935,Brenton Strange,TE,JAX,CLE,5.41205740549422,5.41205740549422,29,28,158,98,BENCH_DEPTH,BENCH_DEPTH,True,True,TE,10,1,HIGH,33,0,252.0,9.959999999999999,5.4,0.7580000000000001,SOURCE_UNAVAILABLE_FOR_2026_AT_BUILD,INJURY_CONTEXT_UNAVAILABLE,"Raw 5.41 PPR; TE raw rank 29; depth slot 10, rank 1; 33 prior games; injury context unavailable.",2026-08-22T07:46:47.668866+00:00,2026-08-22T07:49:49.992921+00:00,ridge,v1_evaluated_2025,v1_weekly_rankings
2026,1,2026_01_BUF_HOU,2026-09-13,00-0035689,Dawson Knox,TE,BUF,HOU,5.345078501685495,5.345078501685495,30,29,161,101,BENCH_DEPTH,BENCH_DEPTH,True,True,TE,10,2,HIGH,96,0,252.0,11.28,4.0,0.51,SOURCE_UNAVAILABLE_FOR_2026_AT_BUILD,INJURY_CONTEXT_UNAVAILABLE,"Raw 5.35 PPR; TE raw rank 30; depth slot 10, rank 2; 96 prior games; injury context unavailable.",2026-08-22T07:46:47.668866+00:00,2026-08-22T07:49:49.992921+00:00,ridge,v1_evaluated_2025,v1_weekly_rankings
2026,1,2026_01_GB_MIN,2026-09-13,00-0035249,Josh Oliver,TE,MIN,GB,5.191387614630249,5.191387614630249,31,30,167,107,BENCH_DEPTH,BENCH_DEPTH,True,True,TE,10,2,HIGH,63,0,252.0,5.960000000000001,2.0,0.63,SOURCE_UNAVAILABLE_FOR_2026_AT_BUILD,INJURY_CONTEXT_UNAVAILABLE,"Raw 5.19 PPR; TE raw rank 31; depth slot 10, rank 2; 63 prior games; injury context unavailable.",2026-08-22T07:46:47.668866+00:00,2026-08-22T07:49:49.992921+00:00,ridge,v1_evaluated_2025,v1_weekly_rankings
2026,1,2026_01_GB_MIN,2026-09-13,00-0039144,Luke Musgrave,TE,GB,MIN,5.152148657849291,5.152148657849291,32,31,169,109,BENCH_DEPTH,BENCH_DEPTH,True,True,TE,10,2,HIGH,31,0,267.0,5.04,3.2,0.53,SOURCE_UNAVAILABLE_FOR_2026_AT_BUILD,INJURY_CONTEXT_UNAVAILABLE,"Raw 5.15 PPR; TE raw rank 32; depth slot 10, rank 2; 31 prior games; injury context unavailable.",2026-08-22T07:46:47.668866+00:00,2026-08-22T07:49:49.992921+00:00,ridge,v1_evaluated_2025,v1_weekly_rankings
2026,1,2026_01_NO_DET,2026-09-13,00-0036754,Brock Wright,TE,DET,NO,5.126198004352453,5.126198004352453,33,32,170,110,BENCH_DEPTH,BENCH_DEPTH,True,True,TE,10,2,HIGH,50,0,294.0,3.22,3.2,0.638,SOURCE_UNAVAILABLE_FOR_2026_AT_BUILD,INJURY_CONTEXT_UNAVAILABLE,"Raw 5.13 PPR; TE raw rank 33; depth slot 10, rank 2; 50 prior games; injury context unavailable.",2026-08-22T07:46:47.668866+00:00,2026-08-22T07:49:49.992921+00:00,ridge,v1_evaluated_2025,v1_weekly_rankings
2026,1,2026_01_TB_CIN,2026-09-13,00-0035631,Drew Sample,TE,CIN,TB,5.0707868676285575,5.0707868676285575,34,33,171,111,BENCH_DEPTH,BENCH_DEPTH,True,True,TE,10,2,HIGH,70,0,252.0,3.5,2.0,0.632,SOURCE_UNAVAILABLE_FOR_2026_AT_BUILD,INJURY_CONTEXT_UNAVAILABLE,"Raw 5.07 PPR; TE raw rank 34; depth slot 10, rank 2; 70 prior games; injury context unavailable.",2026-08-22T07:46:47.668866+00:00,2026-08-22T07:49:49.992921+00:00,ridge,v1_evaluated_2025,v1_weekly_rankings
2026,1,2026_01_DEN_KC,2026-09-14,00-0036637,Noah Gray,TE,KC,DEN,5.0707742036370345,5.0707742036370345,35,34,172,112,BENCH_DEPTH,BENCH_DEPTH,True,True,TE,10,2,HIGH,70,0,253.0,3.02,2.6,0.466,SOURCE_UNAVAILABLE_FOR_2026_AT_BUILD,INJURY_CONTEXT_UNAVAILABLE,"Raw 5.07 PPR; TE raw rank 35; depth slot 10, rank 2; 70 prior games; injury context unavailable.",2026-08-22T07:46:47.668866+00:00,2026-08-22T07:49:49.992921+00:00,ridge,v1_evaluated_2025,v1_weekly_rankings
2026,1,2026_01_DEN_KC,2026-09-14,00-0036422,Adam Trautman,TE,DEN,KC,5.0704756887173605,5.0704756887173605,36,35,173,113,BENCH_DEPTH,BENCH_DEPTH,True,True,TE,10,2,HIGH,75,0,263.0,4.2,2.4,0.658,SOURCE_UNAVAILABLE_FOR_2026_AT_BUILD,INJURY_CONTEXT_UNAVAILABLE,"Raw 5.07 PPR; TE raw rank 36; depth slot 10, rank 2; 75 prior games; injury context unavailable.",2026-08-22T07:46:47.668866+00:00,2026-08-22T07:49:49.992921+00:00,ridge,v1_evaluated_2025,v1_weekly_rankings
2026,1,2026_01_DAL_NYG,2026-09-13,00-0038041,Jake Ferguson,TE,DAL,NYG,4.977655824326694,4.977655824326694,37,36,175,115,BENCH_DEPTH,BENCH_DEPTH,True,True,TE,10,1,HIGH,59,0,252.0,5.68,3.8,0.6180000000000001,SOURCE_UNAVAILABLE_FOR_2026_AT_BUILD,INJURY_CONTEXT_UNAVAILABLE,"Raw 4.98 PPR; TE raw rank 37; depth slot 10, rank 1; 59 prior games; injury context unavailable.",2026-08-22T07:46:47.668866+00:00,2026-08-22T07:49:49.992921+00:00,ridge,v1_evaluated_2025,v1_weekly_rankings
2026,1,2026_01_CHI_CAR,2026-09-13,00-0037005,Tommy Tremble,TE,CAR,CHI,4.945509784762745,4.945509784762745,38,37,177,117,BENCH_DEPTH,BENCH_DEPTH,True,True,TE,10,1,HIGH,70,0,253.0,4.1,2.4,0.63,SOURCE_UNAVAILABLE_FOR_2026_AT_BUILD,INJURY_CONTEXT_UNAVAILABLE,"Raw 4.95 PPR; TE raw rank 38; depth slot 10, rank 1; 70 prior games; injury context unavailable.",2026-08-22T07:46:47.668866+00:00,2026-08-22T07:49:49.992921+00:00,ridge,v1_evaluated_2025,v1_weekly_rankings
2026,1,2026_01_NYJ_TEN,2026-09-13,00-0040736,Mason Taylor,TE,NYJ,TEN,4.788485615244514,4.788485615244514,39,38,181,121,BENCH_DEPTH,BENCH_DEPTH,True,True,TE,10,2,HIGH,13,0,280.0,5.540000000000001,4.6,0.78,SOURCE_UNAVAILABLE_FOR_2026_AT_BUILD,INJURY_CONTEXT_UNAVAILABLE,"Raw 4.79 PPR; TE raw rank 39; depth slot 10, rank 2; 13 prior games; injury context unavailable.",2026-08-22T07:46:47.668866+00:00,2026-08-22T07:49:49.992921+00:00,ridge,v1_evaluated_2025,v1_weekly_rankings
2026,1,2026_01_DAL_NYG,2026-09-13,00-0037838,Isaiah Likely,TE,NYG,DAL,4.5908644489977615,4.5908644489977615,41,39,184,124,BENCH_DEPTH,BENCH_DEPTH,True,True,TE,10,1,HIGH,55,0,252.0,7.18,3.4,0.542,SOURCE_UNAVAILABLE_FOR_2026_AT_BUILD,INJURY_CONTEXT_UNAVAILABLE,"Raw 4.59 PPR; TE raw rank 41; depth slot 10, rank 1; 55 prior games; injury context unavailable.",2026-08-22T07:46:47.668866+00:00,2026-08-22T07:49:49.992921+00:00,ridge,v1_evaluated_2025,v1_weekly_rankings
2026,1,2026_01_NYJ_TEN,2026-09-13,00-0038115,Daniel Bellinger,TE,TEN,NYJ,4.558177097492714,4.558177097492714,43,40,185,125,BENCH_DEPTH,BENCH_DEPTH,True,True,TE,10,2,HIGH,50,0,252.0,4.279999999999999,2.4,0.6479999999999999,SOURCE_UNAVAILABLE_FOR_2026_AT_BUILD,INJURY_CONTEXT_UNAVAILABLE,"Raw 4.56 PPR; TE raw rank 43; depth slot 10, rank 2; 50 prior games; injury context unavailable.",2026-08-22T07:46:47.668866+00:00,2026-08-22T07:49:49.992921+00:00,ridge,v1_evaluated_2025,v1_weekly_rankings
2026,1,2026_01_MIA_LV,2026-09-13,00-0037252,Greg Dulcich,TE,MIA,LV,4.526743578438783,4.526743578438783,44,41,187,127,BENCH_DEPTH,BENCH_DEPTH,True,True,TE,10,1,HIGH,25,0,252.0,8.3,3.6,0.418,SOURCE_UNAVAILABLE_FOR_2026_AT_BUILD,INJURY_CONTEXT_UNAVAILABLE,"Raw 4.53 PPR; TE raw rank 44; depth slot 10, rank 1; 25 prior games; injury context unavailable.",2026-08-22T07:46:47.668866+00:00,2026-08-22T07:49:49.992921+00:00,ridge,v1_evaluated_2025,v1_weekly_rankings
2026,1,2026_01_NYJ_TEN,2026-09-13,00-0040584,Gunnar Helm,TE,TEN,NYJ,4.5220585408993,4.5220585408993,45,42,188,128,BENCH_DEPTH,BENCH_DEPTH,True,True,TE,10,1,HIGH,16,0,259.0,5.8,3.6,0.5960000000000001,SOURCE_UNAVAILABLE_FOR_2026_AT_BUILD,INJURY_CONTEXT_UNAVAILABLE,"Raw 4.52 PPR; TE raw rank 45; depth slot 10, rank 1; 16 prior games; injury context unavailable.",2026-08-22T07:46:47.668866+00:00,2026-08-22T07:49:49.992921+00:00,ridge,v1_evaluated_2025,v1_weekly_rankings
2026,1,2026_01_BUF_HOU,2026-09-13,00-0038933,Dalton Kincaid,TE,BUF,HOU,4.423997923889952,4.423997923889952,46,43,189,129,BENCH_DEPTH,BENCH_DEPTH,True,True,TE,10,1,HIGH,41,0,252.0,6.8,3.2,0.29400000000000004,SOURCE_UNAVAILABLE_FOR_2026_AT_BUILD,INJURY_CONTEXT_UNAVAILABLE,"Raw 4.42 PPR; TE raw rank 46; depth slot 10, rank 1; 41 prior games; injury context unavailable.",2026-08-22T07:46:47.668866+00:00,2026-08-22T07:49:49.992921+00:00,ridge,v1_evaluated_2025,v1_weekly_rankings
2026,1,2026_01_DEN_KC,2026-09-14,00-0033881,Evan Engram,TE,DEN,KC,4.1206089933903485,4.1206089933903485,50,44,196,136,BENCH_DEPTH,BENCH_DEPTH,True,True,TE,10,1,HIGH,109,0,253.0,4.84,3.4,0.35600000000000004,SOURCE_UNAVAILABLE_FOR_2026_AT_BUILD,INJURY_CONTEXT_UNAVAILABLE,"Raw 4.12 PPR; TE raw rank 50; depth slot 10, rank 1; 109 prior games; injury context unavailable.",2026-08-22T07:46:47.668866+00:00,2026-08-22T07:49:49.992921+00:00,ridge,v1_evaluated_2025,v1_weekly_rankings
2026,1,2026_01_BAL_IND,2026-09-13,00-0033217,Mo Alie-Cox,TE,IND,BAL,3.9511900603444885,3.9511900603444885,52,45,206,146,BENCH_DEPTH,BENCH_DEPTH,True,True,TE,10,2,HIGH,100,0,252.0,4.34,2.4,0.364,SOURCE_UNAVAILABLE_FOR_2026_AT_BUILD,INJURY_CONTEXT_UNAVAILABLE,"Raw 3.95 PPR; TE raw rank 52; depth slot 10, rank 2; 100 prior games; injury context unavailable.",2026-08-22T07:46:47.668866+00:00,2026-08-22T07:49:49.992921+00:00,ridge,v1_evaluated_2025,v1_weekly_rankings
2026,1,2026_01_ARI_LAC,2026-09-13,00-0040189,Oronde Gadsden II,TE,LAC,ARI,3.857382768964439,3.857382768964439,53,46,211,151,BENCH_DEPTH,BENCH_DEPTH,True,True,TE,10,1,HIGH,15,0,252.0,6.0,3.6,0.584,SOURCE_UNAVAILABLE_FOR_2026_AT_BUILD,INJURY_CONTEXT_UNAVAILABLE,"Raw 3.86 PPR; TE raw rank 53; depth slot 10, rank 1; 15 prior games; injury context unavailable.",2026-08-22T07:46:47.668866+00:00,2026-08-22T07:49:49.992921+00:00,ridge,v1_evaluated_2025,v1_weekly_rankings
2026,1,2026_01_ATL_PIT,2026-09-13,00-0036429,Charlie Woerner,TE,ATL,PIT,3.854870349205315,3.854870349205315,54,47,212,152,BENCH_DEPTH,BENCH_DEPTH,True,True,TE,10,2,HIGH,46,0,258.0,2.46,1.4,0.63,SOURCE_UNAVAILABLE_FOR_2026_AT_BUILD,INJURY_CONTEXT_UNAVAILABLE,"Raw 3.85 PPR; TE raw rank 54; depth slot 10, rank 2; 46 prior games; injury context unavailable.",2026-08-22T07:46:47.668866+00:00,2026-08-22T07:49:49.992921+00:00,ridge,v1_evaluated_2025,v1_weekly_rankings
2026,1,2026_01_WAS_PHI,2026-09-13,00-0036628,John Bates,TE,WAS,PHI,3.310418225376763,3.310418225376763,73,48,221,161,BENCH_DEPTH,BENCH_DEPTH,True,True,TE,10,2,HIGH,59,0,252.0,3.0200000000000005,1.2,0.582,SOURCE_UNAVAILABLE_FOR_2026_AT_BUILD,INJURY_CONTEXT_UNAVAILABLE,"Raw 3.31 PPR; TE raw rank 73; depth slot 10, rank 2; 59 prior games; injury context unavailable.",2026-08-22T07:46:47.668866+00:00,2026-08-22T07:49:49.992921+00:00,ridge,v1_evaluated_2025,v1_weekly_rankings
2026,1,2026_01_BAL_IND,2026-09-13,00-0034798,Durham Smythe,TE,BAL,IND,3.1276485910457,3.1276485910457,78,49,224,164,BENCH_DEPTH,BENCH_DEPTH,True,True,TE,10,2,HIGH,96,0,252.0,0.9399999999999998,0.6,0.27799999999999997,SOURCE_UNAVAILABLE_FOR_2026_AT_BUILD,INJURY_CONTEXT_UNAVAILABLE,"Raw 3.13 PPR; TE raw rank 78; depth slot 10, rank 2; 96 prior games; injury context unavailable.",2026-08-22T07:46:47.668866+00:00,2026-08-22T07:49:49.992921+00:00,ridge,v1_evaluated_2025,v1_weekly_rankings
2026,1,2026_01_ATL_PIT,2026-09-13,00-0038558,Darnell Washington,TE,PIT,ATL,3.0245526543511088,3.0245526543511088,82,50,227,167,BENCH_DEPTH,BENCH_DEPTH,True,True,TE,10,2,HIGH,34,0,259.0,4.459999999999999,3.0,0.526,SOURCE_UNAVAILABLE_FOR_2026_AT_BUILD,INJURY_CONTEXT_UNAVAILABLE,"Raw 3.02 PPR; TE raw rank 82; depth slot 10, rank 2; 34 prior games; injury context unavailable.",2026-08-22T07:46:47.668866+00:00,2026-08-22T07:49:49.992921+00:00,ridge,v1_evaluated_2025,v1_weekly_rankings
2026,1,2026_01_ARI_LAC,2026-09-13,00-0033885,David Njoku,TE,LAC,ARI,2.9443856274700084,2.9443856274700084,85,51,230,170,BENCH_DEPTH,BENCH_DEPTH,True,True,TE,10,2,HIGH,96,0,280.0,6.999999999999998,2.4,0.5039999999999999,SOURCE_UNAVAILABLE_FOR_2026_AT_BUILD,INJURY_CONTEXT_UNAVAILABLE,"Raw 2.94 PPR; TE raw rank 85; depth slot 10, rank 2; 96 prior games; injury context unavailable.",2026-08-22T07:46:47.668866+00:00,2026-08-22T07:49:49.992921+00:00,ridge,v1_evaluated_2025,v1_weekly_rankings
2026,1,2026_01_WAS_PHI,2026-09-13,00-0041483,Eli Stowers,TE,PHI,WAS,2.9369262253098753,2.9369262253098753,86,52,231,171,BENCH_DEPTH,BENCH_DEPTH,True,True,TE,10,2,LOW,0,0,,,,,SOURCE_UNAVAILABLE_FOR_2026_AT_BUILD,INJURY_CONTEXT_UNAVAILABLE;NO_PRIOR_GAMES,"Raw 2.94 PPR; TE raw rank 86; depth slot 10, rank 2; 0 prior games; injury context unavailable.",2026-08-22T07:46:47.668866+00:00,2026-08-22T07:49:49.992921+00:00,ridge,v1_evaluated_2025,v1_weekly_rankings
2026,1,2026_01_TB_CIN,2026-09-13,00-0039050,Payne Durham,TE,TB,CIN,2.6671314050209665,2.6671314050209665,92,53,233,173,BENCH_DEPTH,BENCH_DEPTH,True,True,TE,10,2,HIGH,22,0,253.0,0.42000000000000004,0.6,0.318,SOURCE_UNAVAILABLE_FOR_2026_AT_BUILD,INJURY_CONTEXT_UNAVAILABLE,"Raw 2.67 PPR; TE raw rank 92; depth slot 10, rank 2; 22 prior games; injury context unavailable.",2026-08-22T07:46:47.668866+00:00,2026-08-22T07:49:49.992921+00:00,ridge,v1_evaluated_2025,v1_weekly_rankings
2026,1,2026_01_CLE_JAX,2026-09-13,00-0038710,Blake Whiteheart,TE,CLE,JAX,2.6163319478261613,2.6163319478261613,101,54,234,174,BENCH_DEPTH,BENCH_DEPTH,True,True,TE,10,2,HIGH,16,0,252.0,0.0,0.6,0.384,SOURCE_UNAVAILABLE_FOR_2026_AT_BUILD,INJURY_CONTEXT_UNAVAILABLE,"Raw 2.62 PPR; TE raw rank 101; depth slot 10, rank 2; 16 prior games; injury context unavailable.",2026-08-22T07:46:47.668866+00:00,2026-08-22T07:49:49.992921+00:00,ridge,v1_evaluated_2025,v1_weekly_rankings
2026,1,2026_01_MIA_LV,2026-09-13,00-0041524,Will Kacmarek,TE,MIA,LV,2.465531142534669,2.465531142534669,109,55,236,176,BENCH_DEPTH,BENCH_DEPTH,True,True,TE,10,2,LOW,0,0,,,,,SOURCE_UNAVAILABLE_FOR_2026_AT_BUILD,INJURY_CONTEXT_UNAVAILABLE;NO_PRIOR_GAMES,"Raw 2.47 PPR; TE raw rank 109; depth slot 10, rank 2; 0 prior games; injury context unavailable.",2026-08-22T07:46:47.668866+00:00,2026-08-22T07:49:49.992921+00:00,ridge,v1_evaluated_2025,v1_weekly_rankings
2026,1,2026_01_DAL_NYG,2026-09-13,00-0039530,Brevyn Spann-Ford,TE,DAL,NYG,2.432985928041372,2.432985928041372,112,56,237,177,BENCH_DEPTH,BENCH_DEPTH,True,True,TE,10,2,HIGH,27,0,252.0,2.16,1.4,0.296,SOURCE_UNAVAILABLE_FOR_2026_AT_BUILD,INJURY_CONTEXT_UNAVAILABLE,"Raw 2.43 PPR; TE raw rank 112; depth slot 10, rank 2; 27 prior games; injury context unavailable.",2026-08-22T07:46:47.668866+00:00,2026-08-22T07:49:49.992921+00:00,ridge,v1_evaluated_2025,v1_weekly_rankings
2026,1,2026_01_NO_DET,2026-09-13,00-0035644,Noah Fant,TE,NO,DET,2.302493503429371,2.302493503429371,116,57,238,178,BENCH_DEPTH,BENCH_DEPTH,True,True,TE,10,2,HIGH,105,0,252.0,1.04,1.4,0.31199999999999994,SOURCE_UNAVAILABLE_FOR_2026_AT_BUILD,INJURY_CONTEXT_UNAVAILABLE,"Raw 2.30 PPR; TE raw rank 116; depth slot 10, rank 2; 105 prior games; injury context unavailable.",2026-08-22T07:46:47.668866+00:00,2026-08-22T07:49:49.992921+00:00,ridge,v1_evaluated_2025,v1_weekly_rankings
2026,1,2026_01_CLE_JAX,2026-09-13,00-0041503,Nate Boerkircher,TE,JAX,CLE,2.1765929066748266,2.1765929066748266,126,58,241,181,BENCH_DEPTH,BENCH_DEPTH,True,True,TE,10,2,LOW,0,0,,,,,SOURCE_UNAVAILABLE_FOR_2026_AT_BUILD,INJURY_CONTEXT_UNAVAILABLE;NO_PRIOR_GAMES,"Raw 2.18 PPR; TE raw rank 126; depth slot 10, rank 2; 0 prior games; injury context unavailable.",2026-08-22T07:46:47.668866+00:00,2026-08-22T07:49:49.992921+00:00,ridge,v1_evaluated_2025,v1_weekly_rankings
2026,1,2026_01_BUF_HOU,2026-09-13,00-0034981,Foster Moreau,TE,HOU,BUF,2.062896205691673,2.062896205691673,132,59,242,182,BENCH_DEPTH,BENCH_DEPTH,True,True,TE,10,2,HIGH,84,0,266.0,2.2,1.6,0.404,SOURCE_UNAVAILABLE_FOR_2026_AT_BUILD,INJURY_CONTEXT_UNAVAILABLE,"Raw 2.06 PPR; TE raw rank 132; depth slot 10, rank 2; 84 prior games; injury context unavailable.",2026-08-22T07:46:47.668866+00:00,2026-08-22T07:49:49.992921+00:00,ridge,v1_evaluated_2025,v1_weekly_rankings
2026,1,2026_01_NE_SEA,2026-09-09,00-0041395,Eli Raridon,TE,NE,SEA,2.0429930760248487,2.0429930760248487,137,60,243,183,BENCH_DEPTH,BENCH_DEPTH,True,True,TE,10,2,LOW,0,0,,,,,SOURCE_UNAVAILABLE_FOR_2026_AT_BUILD,INJURY_CONTEXT_UNAVAILABLE;NO_PRIOR_GAMES,"Raw 2.04 PPR; TE raw rank 137; depth slot 10, rank 2; 0 prior games; injury context unavailable.",2026-08-22T07:46:47.668866+00:00,2026-08-22T07:49:49.992921+00:00,ridge,v1_evaluated_2025,v1_weekly_rankings
2026,1,2026_01_NE_SEA,2026-09-09,00-0040739,Elijah Arroyo,TE,SEA,NE,1.8605319868068477,1.8605319868068477,145,61,245,185,BENCH_DEPTH,BENCH_DEPTH,True,True,TE,10,2,HIGH,13,0,276.0,0.6,1.4,0.33999999999999997,SOURCE_UNAVAILABLE_FOR_2026_AT_BUILD,INJURY_CONTEXT_UNAVAILABLE,"Raw 1.86 PPR; TE raw rank 145; depth slot 10, rank 2; 13 prior games; injury context unavailable.",2026-08-22T07:46:47.668866+00:00,2026-08-22T07:49:49.992921+00:00,ridge,v1_evaluated_2025,v1_weekly_rankings
2026,1,2026_01_ARI_LAC,2026-09-13,00-0039737,Tip Reiman,TE,ARI,LAC,1.8143655576956252,1.8143655576956252,149,62,247,187,BENCH_DEPTH,BENCH_DEPTH,True,True,TE,10,2,HIGH,11,0,343.0,2.0,1.8,0.42800000000000005,SOURCE_UNAVAILABLE_FOR_2026_AT_BUILD,INJURY_CONTEXT_UNAVAILABLE,"Raw 1.81 PPR; TE raw rank 149; depth slot 10, rank 2; 11 prior games; injury context unavailable.",2026-08-22T07:46:47.668866+00:00,2026-08-22T07:49:49.992921+00:00,ridge,v1_evaluated_2025,v1_weekly_rankings
2026,1,2026_01_NYJ_TEN,2026-09-13,00-0041032,Kenyon Sadiq,TE,NYJ,TEN,1.6427708248571538,1.6427708248571538,156,63,249,189,BENCH_DEPTH,BENCH_DEPTH,True,True,TE,10,1,LOW,0,0,,,,,SOURCE_UNAVAILABLE_FOR_2026_AT_BUILD,INJURY_CONTEXT_UNAVAILABLE;NO_PRIOR_GAMES,"Raw 1.64 PPR; TE raw rank 156; depth slot 10, rank 1; 0 prior games; injury context unavailable.",2026-08-22T07:46:47.668866+00:00,2026-08-22T07:49:49.992921+00:00,ridge,v1_evaluated_2025,v1_weekly_rankings
2026,1,2026_01_ARI_LAC,2026-09-13,00-0038544,Quentin Johnston,WR,LAC,ARI,10.072626276619472,10.072626276619472,31,31,64,13,BENCH_DEPTH,BENCH_DEPTH,True,True,WR,2,2,HIGH,45,0,260.0,9.86,4.4,0.732,SOURCE_UNAVAILABLE_FOR_2026_AT_BUILD,INJURY_CONTEXT_UNAVAILABLE,"Raw 10.07 PPR; WR raw rank 31; depth slot 2, rank 2; 45 prior games; injury context unavailable.",2026-08-22T07:46:47.668866+00:00,2026-08-22T07:49:49.992921+00:00,ridge,v1_evaluated_2025,v1_weekly_rankings
2026,1,2026_01_NO_DET,2026-09-13,00-0039424,Devaughn Vele,WR,NO,DET,10.039560640013267,10.039560640013267,32,32,65,14,BENCH_DEPTH,BENCH_DEPTH,True,True,WR,8,3,HIGH,22,0,273.0,10.28,5.8,0.8240000000000001,SOURCE_UNAVAILABLE_FOR_2026_AT_BUILD,INJURY_CONTEXT_UNAVAILABLE,"Raw 10.04 PPR; WR raw rank 32; depth slot 8, rank 3; 22 prior games; injury context unavailable.",2026-08-22T07:46:47.668866+00:00,2026-08-22T07:49:49.992921+00:00,ridge,v1_evaluated_2025,v1_weekly_rankings
2026,1,2026_01_DEN_KC,2026-09-14,00-0034348,Courtland Sutton,WR,DEN,KC,10.03518222086044,10.03518222086044,33,33,66,15,BENCH_DEPTH,BENCH_DEPTH,True,True,WR,1,1,HIGH,114,0,253.0,13.319999999999999,8.8,0.8139999999999998,SOURCE_UNAVAILABLE_FOR_2026_AT_BUILD,INJURY_CONTEXT_UNAVAILABLE,"Raw 10.04 PPR; WR raw rank 33; depth slot 1, rank 1; 114 prior games; injury context unavailable.",2026-08-22T07:46:47.668866+00:00,2026-08-22T07:49:49.992921+00:00,ridge,v1_evaluated_2025,v1_weekly_rankings
2026,1,2026_01_TB_CIN,2026-09-13,00-0039855,Jalen McMillan,WR,TB,CIN,9.984324482791596,9.984324482791596,34,34,67,16,BENCH_DEPTH,BENCH_DEPTH,True,True,WR,8,3,HIGH,17,0,253.0,9.78,4.2,0.5880000000000001,SOURCE_UNAVAILABLE_FOR_2026_AT_BUILD,INJURY_CONTEXT_UNAVAILABLE,"Raw 9.98 PPR; WR raw rank 34; depth slot 8, rank 3; 17 prior games; injury context unavailable.",2026-08-22T07:46:47.668866+00:00,2026-08-22T07:49:49.992921+00:00,ridge,v1_evaluated_2025,v1_weekly_rankings
2026,1,2026_01_DAL_NYG,2026-09-13,00-0037247,George Pickens,WR,DAL,NYG,9.869817915391502,9.869817915391502,35,35,68,17,BENCH_DEPTH,BENCH_DEPTH,True,True,WR,2,2,HIGH,65,0,252.0,10.94,6.4,0.78,SOURCE_UNAVAILABLE_FOR_2026_AT_BUILD,INJURY_CONTEXT_UNAVAILABLE,"Raw 9.87 PPR; WR raw rank 35; depth slot 2, rank 2; 65 prior games; injury context unavailable.",2026-08-22T07:46:47.668866+00:00,2026-08-22T07:49:49.992921+00:00,ridge,v1_evaluated_2025,v1_weekly_rankings
2026,1,2026_01_CHI_CAR,2026-09-13,00-0039491,Jalen Coker,WR,CAR,CHI,9.803918575810918,9.803918575810918,36,36,69,18,BENCH_DEPTH,BENCH_DEPTH,True,True,WR,2,2,HIGH,22,0,253.0,11.88,4.8,0.736,SOURCE_UNAVAILABLE_FOR_2026_AT_BUILD,INJURY_CONTEXT_UNAVAILABLE,"Raw 9.80 PPR; WR raw rank 36; depth slot 2, rank 2; 22 prior games; injury context unavailable.",2026-08-22T07:46:47.668866+00:00,2026-08-22T07:49:49.992921+00:00,ridge,v1_evaluated_2025,v1_weekly_rankings
2026,1,2026_01_DAL_NYG,2026-09-13,00-0036358,CeeDee Lamb,WR,DAL,NYG,9.800349787594682,9.800349787594682,37,37,70,19,BENCH_DEPTH,BENCH_DEPTH,True,True,WR,1,1,HIGH,94,0,252.0,11.46,7.2,0.7000000000000001,SOURCE_UNAVAILABLE_FOR_2026_AT_BUILD,INJURY_CONTEXT_UNAVAILABLE,"Raw 9.80 PPR; WR raw rank 37; depth slot 1, rank 1; 94 prior games; injury context unavailable.",2026-08-22T07:46:47.668866+00:00,2026-08-22T07:49:49.992921+00:00,ridge,v1_evaluated_2025,v1_weekly_rankings
2026,1,2026_01_DAL_NYG,2026-09-13,00-0035535,Darius Slayton,WR,NYG,DAL,9.723530918298156,9.723530918298156,38,38,72,21,BENCH_DEPTH,BENCH_DEPTH,True,True,WR,2,2,HIGH,103,0,252.0,8.040000000000001,5.4,0.834,SOURCE_UNAVAILABLE_FOR_2026_AT_BUILD,INJURY_CONTEXT_UNAVAILABLE,"Raw 9.72 PPR; WR raw rank 38; depth slot 2, rank 2; 103 prior games; injury context unavailable.",2026-08-22T07:46:47.668866+00:00,2026-08-22T07:49:49.992921+00:00,ridge,v1_evaluated_2025,v1_weekly_rankings
2026,1,2026_01_ARI_LAC,2026-09-13,00-0039915,Ladd McConkey,WR,LAC,ARI,9.596280515505342,9.596280515505342,40,39,75,23,BENCH_DEPTH,BENCH_DEPTH,True,True,WR,1,1,HIGH,32,0,260.0,7.700000000000001,4.4,0.8,SOURCE_UNAVAILABLE_FOR_2026_AT_BUILD,INJURY_CONTEXT_UNAVAILABLE,"Raw 9.60 PPR; WR raw rank 40; depth slot 1, rank 1; 32 prior games; injury context unavailable.",2026-08-22T07:46:47.668866+00:00,2026-08-22T07:49:49.992921+00:00,ridge,v1_evaluated_2025,v1_weekly_rankings
2026,1,2026_01_SF_LA,2026-09-10,00-0031408,Mike Evans,WR,SF,LA,9.551120676327788,9.551120676327788,42,40,76,24,BENCH_DEPTH,BENCH_DEPTH,True,True,WR,1,1,HIGH,115,0,250.0,10.16,6.8,0.5820000000000001,SOURCE_UNAVAILABLE_FOR_2026_AT_BUILD,INJURY_CONTEXT_UNAVAILABLE,"Raw 9.55 PPR; WR raw rank 42; depth slot 1, rank 1; 115 prior games; injury context unavailable.",2026-08-22T07:46:47.668866+00:00,2026-08-22T07:49:49.992921+00:00,ridge,v1_evaluated_2025,v1_weekly_rankings
2026,1,2026_01_GB_MIN,2026-09-13,00-0040667,Matthew Golden,WR,GB,MIN,9.526251448755394,9.526251448755394,43,41,77,25,BENCH_DEPTH,BENCH_DEPTH,True,True,WR,8,3,HIGH,14,0,252.0,2.5800000000000005,2.4,0.45600000000000007,SOURCE_UNAVAILABLE_FOR_2026_AT_BUILD,INJURY_CONTEXT_UNAVAILABLE,"Raw 9.53 PPR; WR raw rank 43; depth slot 8, rank 3; 14 prior games; injury context unavailable.",2026-08-22T07:46:47.668866+00:00,2026-08-22T07:49:49.992921+00:00,ridge,v1_evaluated_2025,v1_weekly_rankings
2026,1,2026_01_TB_CIN,2026-09-13,00-0040129,Emeka Egbuka,WR,TB,CIN,9.52064864007609,9.52064864007609,44,42,78,26,BENCH_DEPTH,BENCH_DEPTH,True,True,WR,1,1,HIGH,17,0,253.0,5.14,5.2,0.648,SOURCE_UNAVAILABLE_FOR_2026_AT_BUILD,INJURY_CONTEXT_UNAVAILABLE,"Raw 9.52 PPR; WR raw rank 44; depth slot 1, rank 1; 17 prior games; injury context unavailable.",2026-08-22T07:46:47.668866+00:00,2026-08-22T07:49:49.992921+00:00,ridge,v1_evaluated_2025,v1_weekly_rankings
2026,1,2026_01_DAL_NYG,2026-09-13,00-0039337,Malik Nabers,WR,NYG,DAL,9.472352442183986,9.472352442183986,46,43,79,27,BENCH_DEPTH,BENCH_DEPTH,True,True,WR,1,1,HIGH,19,0,350.0,14.9,8.6,0.776,SOURCE_UNAVAILABLE_FOR_2026_AT_BUILD,INJURY_CONTEXT_UNAVAILABLE,"Raw 9.47 PPR; WR raw rank 46; depth slot 1, rank 1; 19 prior games; injury context unavailable.",2026-08-22T07:46:47.668866+00:00,2026-08-22T07:49:49.992921+00:00,ridge,v1_evaluated_2025,v1_weekly_rankings
2026,1,2026_01_CLE_JAX,2026-09-13,00-0036407,Jerry Jeudy,WR,CLE,JAX,9.441298243931087,9.441298243931087,47,44,80,28,BENCH_DEPTH,BENCH_DEPTH,True,True,WR,1,1,HIGH,91,0,252.0,7.92,5.2,0.8779999999999999,SOURCE_UNAVAILABLE_FOR_2026_AT_BUILD,INJURY_CONTEXT_UNAVAILABLE,"Raw 9.44 PPR; WR raw rank 47; depth slot 1, rank 1; 91 prior games; injury context unavailable.",2026-08-22T07:46:47.668866+00:00,2026-08-22T07:49:49.992921+00:00,ridge,v1_evaluated_2025,v1_weekly_rankings
2026,1,2026_01_NYJ_TEN,2026-09-13,00-0037740,Garrett Wilson,WR,NYJ,TEN,9.424743514718756,9.424743514718756,48,45,81,29,BENCH_DEPTH,BENCH_DEPTH,True,True,WR,1,1,HIGH,58,0,308.0,13.6,8.4,0.8299999999999998,SOURCE_UNAVAILABLE_FOR_2026_AT_BUILD,INJURY_CONTEXT_UNAVAILABLE,"Raw 9.42 PPR; WR raw rank 48; depth slot 1, rank 1; 58 prior games; injury context unavailable.",2026-08-22T07:46:47.668866+00:00,2026-08-22T07:49:49.992921+00:00,ridge,v1_evaluated_2025,v1_weekly_rankings
2026,1,2026_01_DEN_KC,2026-09-14,00-0039894,Xavier Worthy,WR,KC,DEN,9.237890118354812,9.237890118354812,49,46,83,31,BENCH_DEPTH,BENCH_DEPTH,True,True,WR,2,2,HIGH,30,0,263.0,6.32,4.0,0.7899999999999999,SOURCE_UNAVAILABLE_FOR_2026_AT_BUILD,INJURY_CONTEXT_UNAVAILABLE,"Raw 9.24 PPR; WR raw rank 49; depth slot 2, rank 2; 30 prior games; injury context unavailable.",2026-08-22T07:46:47.668866+00:00,2026-08-22T07:49:49.992921+00:00,ridge,v1_evaluated_2025,v1_weekly_rankings
2026,1,2026_01_BAL_IND,2026-09-13,00-0038997,Josh Downs,WR,IND,BAL,9.16564480000157,9.16564480000157,51,47,84,32,BENCH_DEPTH,BENCH_DEPTH,True,True,WR,2,2,HIGH,47,0,252.0,8.680000000000001,5.6,0.6799999999999999,SOURCE_UNAVAILABLE_FOR_2026_AT_BUILD,INJURY_CONTEXT_UNAVAILABLE,"Raw 9.17 PPR; WR raw rank 51; depth slot 2, rank 2; 47 prior games; injury context unavailable.",2026-08-22T07:46:47.668866+00:00,2026-08-22T07:49:49.992921+00:00,ridge,v1_evaluated_2025,v1_weekly_rankings
2026,1,2026_01_ATL_PIT,2026-09-13,00-0036252,Michael Pittman,WR,PIT,ATL,9.102455112291663,9.102455112291663,52,48,85,33,BENCH_DEPTH,BENCH_DEPTH,True,True,WR,2,2,HIGH,95,0,252.0,7.279999999999999,5.8,0.8959999999999999,SOURCE_UNAVAILABLE_FOR_2026_AT_BUILD,INJURY_CONTEXT_UNAVAILABLE,"Raw 9.10 PPR; WR raw rank 52; depth slot 2, rank 2; 95 prior games; injury context unavailable.",2026-08-22T07:46:47.668866+00:00,2026-08-22T07:49:49.992921+00:00,ridge,v1_evaluated_2025,v1_weekly_rankings
2026,1,2026_01_CHI_CAR,2026-09-13,00-0040124,Tetairoa McMillan,WR,CAR,CHI,8.917547047284165,8.917547047284165,53,49,87,35,BENCH_DEPTH,BENCH_DEPTH,True,True,WR,1,1,HIGH,17,0,253.0,9.82,5.2,0.8300000000000001,SOURCE_UNAVAILABLE_FOR_2026_AT_BUILD,INJURY_CONTEXT_UNAVAILABLE,"Raw 8.92 PPR; WR raw rank 53; depth slot 1, rank 1; 17 prior games; injury context unavailable.",2026-08-22T07:46:47.668866+00:00,2026-08-22T07:49:49.992921+00:00,ridge,v1_evaluated_2025,v1_weekly_rankings
2026,1,2026_01_CHI_CAR,2026-09-13,00-0039919,Rome Odunze,WR,CHI,CAR,8.602164411826006,8.602164411826006,57,50,90,37,BENCH_DEPTH,BENCH_DEPTH,True,True,WR,1,1,HIGH,29,0,289.0,7.56,6.8,0.8240000000000001,SOURCE_UNAVAILABLE_FOR_2026_AT_BUILD,INJURY_CONTEXT_UNAVAILABLE,"Raw 8.60 PPR; WR raw rank 57; depth slot 1, rank 1; 29 prior games; injury context unavailable.",2026-08-22T07:46:47.668866+00:00,2026-08-22T07:49:49.992921+00:00,ridge,v1_evaluated_2025,v1_weekly_rankings
2026,1,2026_01_BUF_HOU,2026-09-13,00-0039901,Keon Coleman,WR,BUF,HOU,8.457295386916229,8.457295386916229,59,51,92,39,BENCH_DEPTH,BENCH_DEPTH,True,True,WR,8,3,HIGH,25,0,252.0,7.74,4.0,0.5680000000000001,SOURCE_UNAVAILABLE_FOR_2026_AT_BUILD,INJURY_CONTEXT_UNAVAILABLE,"Raw 8.46 PPR; WR raw rank 59; depth slot 8, rank 3; 25 prior games; injury context unavailable.",2026-08-22T07:46:47.668866+00:00,2026-08-22T07:49:49.992921+00:00,ridge,v1_evaluated_2025,v1_weekly_rankings
2026,1,2026_01_BUF_HOU,2026-09-13,00-0034827,DJ Moore,WR,BUF,HOU,8.453530829344997,8.453530829344997,60,52,93,40,BENCH_DEPTH,BENCH_DEPTH,True,True,WR,1,1,HIGH,131,0,252.0,9.84,4.4,0.8859999999999999,SOURCE_UNAVAILABLE_FOR_2026_AT_BUILD,INJURY_CONTEXT_UNAVAILABLE,"Raw 8.45 PPR; WR raw rank 60; depth slot 1, rank 1; 131 prior games; injury context unavailable.",2026-08-22T07:46:47.668866+00:00,2026-08-22T07:49:49.992921+00:00,ridge,v1_evaluated_2025,v1_weekly_rankings
2026,1,2026_01_BAL_IND,2026-09-13,00-0037664,Alec Pierce,WR,IND,BAL,8.358863781985063,8.358863781985063,62,53,96,42,BENCH_DEPTH,BENCH_DEPTH,True,True,WR,1,1,HIGH,64,0,252.0,13.88,5.0,0.8779999999999999,SOURCE_UNAVAILABLE_FOR_2026_AT_BUILD,INJURY_CONTEXT_UNAVAILABLE,"Raw 8.36 PPR; WR raw rank 62; depth slot 1, rank 1; 64 prior games; injury context unavailable.",2026-08-22T07:46:47.668866+00:00,2026-08-22T07:49:49.992921+00:00,ridge,v1_evaluated_2025,v1_weekly_rankings
2026,1,2026_01_NE_SEA,2026-09-09,00-0033908,Cooper Kupp,WR,SEA,NE,8.241372378694102,8.241372378694102,63,54,98,44,BENCH_DEPTH,BENCH_DEPTH,True,True,WR,8,3,HIGH,105,0,249.0,6.9,4.0,0.8039999999999999,SOURCE_UNAVAILABLE_FOR_2026_AT_BUILD,INJURY_CONTEXT_UNAVAILABLE,"Raw 8.24 PPR; WR raw rank 63; depth slot 8, rank 3; 105 prior games; injury context unavailable.",2026-08-22T07:46:47.668866+00:00,2026-08-22T07:49:49.992921+00:00,ridge,v1_evaluated_2025,v1_weekly_rankings
2026,1,2026_01_CLE_JAX,2026-09-13,00-0039893,Brian Thomas Jr.,WR,JAX,CLE,8.10208417155821,8.10208417155821,65,55,100,46,BENCH_DEPTH,BENCH_DEPTH,True,True,WR,1,1,HIGH,31,0,252.0,9.68,5.6,0.736,SOURCE_UNAVAILABLE_FOR_2026_AT_BUILD,INJURY_CONTEXT_UNAVAILABLE,"Raw 8.10 PPR; WR raw rank 65; depth slot 1, rank 1; 31 prior games; injury context unavailable.",2026-08-22T07:46:47.668866+00:00,2026-08-22T07:49:49.992921+00:00,ridge,v1_evaluated_2025,v1_weekly_rankings
2026,1,2026_01_TB_CIN,2026-09-13,00-0038619,Andrei Iosivas,WR,CIN,TB,8.088993572913537,8.088993572913537,66,56,101,47,BENCH_DEPTH,BENCH_DEPTH,True,True,WR,8,3,HIGH,43,0,252.0,3.5800000000000005,2.8,0.656,SOURCE_UNAVAILABLE_FOR_2026_AT_BUILD,INJURY_CONTEXT_UNAVAILABLE,"Raw 8.09 PPR; WR raw rank 66; depth slot 8, rank 3; 43 prior games; injury context unavailable.",2026-08-22T07:46:47.668866+00:00,2026-08-22T07:49:49.992921+00:00,ridge,v1_evaluated_2025,v1_weekly_rankings
2026,1,2026_01_BUF_HOU,2026-09-13,00-0038618,Xavier Hutchinson,WR,HOU,BUF,7.901792047927132,7.901792047927132,68,57,106,50,BENCH_DEPTH,BENCH_DEPTH,True,True,WR,2,2,HIGH,42,0,252.0,4.46,3.6,0.492,SOURCE_UNAVAILABLE_FOR_2026_AT_BUILD,INJURY_CONTEXT_UNAVAILABLE,"Raw 7.90 PPR; WR raw rank 68; depth slot 2, rank 2; 42 prior games; injury context unavailable.",2026-08-22T07:46:47.668866+00:00,2026-08-22T07:49:49.992921+00:00,ridge,v1_evaluated_2025,v1_weekly_rankings
2026,1,2026_01_NO_DET,2026-09-13,00-0040669,Isaac TeSlaa,WR,DET,NO,7.6810966486245915,7.6810966486245915,71,58,109,52,BENCH_DEPTH,BENCH_DEPTH,True,True,WR,8,3,HIGH,14,0,252.0,8.379999999999999,3.2,0.612,SOURCE_UNAVAILABLE_FOR_2026_AT_BUILD,INJURY_CONTEXT_UNAVAILABLE,"Raw 7.68 PPR; WR raw rank 71; depth slot 8, rank 3; 14 prior games; injury context unavailable.",2026-08-22T07:46:47.668866+00:00,2026-08-22T07:49:49.992921+00:00,ridge,v1_evaluated_2025,v1_weekly_rankings
2026,1,2026_01_MIA_LV,2026-09-13,00-0039880,Malik Washington,WR,MIA,LV,7.620796066197268,7.620796066197268,73,59,112,54,BENCH_DEPTH,BENCH_DEPTH,True,True,WR,1,1,HIGH,31,0,252.0,5.9,2.6,0.5900000000000001,SOURCE_UNAVAILABLE_FOR_2026_AT_BUILD,INJURY_CONTEXT_UNAVAILABLE,"Raw 7.62 PPR; WR raw rank 73; depth slot 1, rank 1; 31 prior games; injury context unavailable.",2026-08-22T07:46:47.668866+00:00,2026-08-22T07:49:49.992921+00:00,ridge,v1_evaluated_2025,v1_weekly_rankings
2026,1,2026_01_NYJ_TEN,2026-09-13,00-0039890,Adonai Mitchell,WR,NYJ,TEN,7.491624220991106,7.491624220991106,75,60,115,57,BENCH_DEPTH,BENCH_DEPTH,True,True,WR,2,2,HIGH,33,0,252.0,6.659999999999999,6.6,0.778,SOURCE_UNAVAILABLE_FOR_2026_AT_BUILD,INJURY_CONTEXT_UNAVAILABLE,"Raw 7.49 PPR; WR raw rank 75; depth slot 2, rank 2; 33 prior games; injury context unavailable.",2026-08-22T07:46:47.668866+00:00,2026-08-22T07:49:49.992921+00:00,ridge,v1_evaluated_2025,v1_weekly_rankings
2026,1,2026_01_MIA_LV,2026-09-13,00-0040729,Jack Bech,WR,LV,MIA,7.453246138205817,7.453246138205817,76,61,117,59,BENCH_DEPTH,BENCH_DEPTH,True,True,WR,8,3,HIGH,14,0,252.0,5.04,3.4,0.6980000000000001,SOURCE_UNAVAILABLE_FOR_2026_AT_BUILD,INJURY_CONTEXT_UNAVAILABLE,"Raw 7.45 PPR; WR raw rank 76; depth slot 8, rank 3; 14 prior games; injury context unavailable.",2026-08-22T07:46:47.668866+00:00,2026-08-22T07:49:49.992921+00:00,ridge,v1_evaluated_2025,v1_weekly_rankings
2026,1,2026_01_ARI_LAC,2026-09-13,00-0039849,Marvin Harrison Jr.,WR,ARI,LAC,7.19515450843679,7.19515450843679,80,62,124,64,BENCH_DEPTH,BENCH_DEPTH,True,True,WR,1,1,HIGH,29,0,259.0,10.440000000000001,6.6,0.616,SOURCE_UNAVAILABLE_FOR_2026_AT_BUILD,INJURY_CONTEXT_UNAVAILABLE,"Raw 7.20 PPR; WR raw rank 80; depth slot 1, rank 1; 29 prior games; injury context unavailable.",2026-08-22T07:46:47.668866+00:00,2026-08-22T07:49:49.992921+00:00,ridge,v1_evaluated_2025,v1_weekly_rankings
2026,1,2026_01_WAS_PHI,2026-09-13,00-0036912,DeVonta Smith,WR,PHI,WAS,7.077850440174094,7.077850440174094,82,63,129,69,BENCH_DEPTH,BENCH_DEPTH,True,True,WR,1,1,HIGH,80,0,252.0,8.719999999999999,5.4,0.668,SOURCE_UNAVAILABLE_FOR_2026_AT_BUILD,INJURY_CONTEXT_UNAVAILABLE,"Raw 7.08 PPR; WR raw rank 82; depth slot 1, rank 1; 80 prior games; injury context unavailable.",2026-08-22T07:46:47.668866+00:00,2026-08-22T07:49:49.992921+00:00,ridge,v1_evaluated_2025,v1_weekly_rankings
2026,1,2026_01_NE_SEA,2026-09-09,00-0037545,Rashid Shaheed,WR,SEA,NE,6.973249466852058,6.973249466852058,85,64,130,70,BENCH_DEPTH,BENCH_DEPTH,True,True,WR,2,2,HIGH,51,0,249.0,8.18,3.0,0.4779999999999999,SOURCE_UNAVAILABLE_FOR_2026_AT_BUILD,INJURY_CONTEXT_UNAVAILABLE,"Raw 6.97 PPR; WR raw rank 85; depth slot 2, rank 2; 51 prior games; injury context unavailable.",2026-08-22T07:46:47.668866+00:00,2026-08-22T07:49:49.992921+00:00,ridge,v1_evaluated_2025,v1_weekly_rankings
2026,1,2026_01_MIA_LV,2026-09-13,00-0037291,Jalen Nailor,WR,LV,MIA,6.744509888220901,6.744509888220901,87,65,133,73,BENCH_DEPTH,BENCH_DEPTH,True,True,WR,2,2,HIGH,43,0,252.0,6.68,2.8,0.5780000000000001,SOURCE_UNAVAILABLE_FOR_2026_AT_BUILD,INJURY_CONTEXT_UNAVAILABLE,"Raw 6.74 PPR; WR raw rank 87; depth slot 2, rank 2; 43 prior games; injury context unavailable.",2026-08-22T07:46:47.668866+00:00,2026-08-22T07:49:49.992921+00:00,ridge,v1_evaluated_2025,v1_weekly_rankings
2026,1,2026_01_SF_LA,2026-09-10,00-0034775,Christian Kirk,WR,SF,LA,6.7018368281836445,6.7018368281836445,89,66,135,75,BENCH_DEPTH,BENCH_DEPTH,True,True,WR,8,3,HIGH,104,0,249.0,5.5,4.2,0.46399999999999997,SOURCE_UNAVAILABLE_FOR_2026_AT_BUILD,INJURY_CONTEXT_UNAVAILABLE,"Raw 6.70 PPR; WR raw rank 89; depth slot 8, rank 3; 104 prior games; injury context unavailable.",2026-08-22T07:46:47.668866+00:00,2026-08-22T07:49:49.992921+00:00,ridge,v1_evaluated_2025,v1_weekly_rankings
2026,1,2026_01_NE_SEA,2026-09-09,00-0037816,Romeo Doubs,WR,NE,SEA,6.678155502707438,6.678155502707438,91,67,136,76,BENCH_DEPTH,BENCH_DEPTH,True,True,WR,2,2,HIGH,59,0,256.0,9.24,3.6,0.72,SOURCE_UNAVAILABLE_FOR_2026_AT_BUILD,INJURY_CONTEXT_UNAVAILABLE,"Raw 6.68 PPR; WR raw rank 91; depth slot 2, rank 2; 59 prior games; injury context unavailable.",2026-08-22T07:46:47.668866+00:00,2026-08-22T07:49:49.992921+00:00,ridge,v1_evaluated_2025,v1_weekly_rankings
2026,1,2026_01_ATL_PIT,2026-09-13,00-0037741,Jahan Dotson,WR,ATL,PIT,6.477945461376844,6.477945461376844,103,68,140,80,BENCH_DEPTH,BENCH_DEPTH,True,True,WR,2,2,HIGH,58,0,252.0,2.96,3.6,0.632,SOURCE_UNAVAILABLE_FOR_2026_AT_BUILD,INJURY_CONTEXT_UNAVAILABLE,"Raw 6.48 PPR; WR raw rank 103; depth slot 2, rank 2; 58 prior games; injury context unavailable.",2026-08-22T07:46:47.668866+00:00,2026-08-22T07:49:49.992921+00:00,ridge,v1_evaluated_2025,v1_weekly_rankings
2026,1,2026_01_DEN_KC,2026-09-14,00-0036613,Jaylen Waddle,WR,DEN,KC,6.212638786688718,6.212638786688718,106,69,143,83,BENCH_DEPTH,BENCH_DEPTH,True,True,WR,2,2,HIGH,78,0,260.0,8.520000000000001,5.4,0.7,SOURCE_UNAVAILABLE_FOR_2026_AT_BUILD,INJURY_CONTEXT_UNAVAILABLE,"Raw 6.21 PPR; WR raw rank 106; depth slot 2, rank 2; 78 prior games; injury context unavailable.",2026-08-22T07:46:47.668866+00:00,2026-08-22T07:49:49.992921+00:00,ridge,v1_evaluated_2025,v1_weekly_rankings
2026,1,2026_01_DEN_KC,2026-09-14,00-0039868,Troy Franklin,WR,DEN,KC,5.960385827064934,5.960385827064934,120,70,147,87,BENCH_DEPTH,BENCH_DEPTH,True,True,WR,8,3,HIGH,33,0,253.0,8.24,4.0,0.43999999999999995,SOURCE_UNAVAILABLE_FOR_2026_AT_BUILD,INJURY_CONTEXT_UNAVAILABLE,"Raw 5.96 PPR; WR raw rank 120; depth slot 8, rank 3; 33 prior games; injury context unavailable.",2026-08-22T07:46:47.668866+00:00,2026-08-22T07:49:49.992921+00:00,ridge,v1_evaluated_2025,v1_weekly_rankings
2026,1,2026_01_ATL_PIT,2026-09-13,00-0035208,Olamide Zaccheaus,WR,ATL,PIT,5.643764684831473,5.643764684831473,128,71,154,94,BENCH_DEPTH,BENCH_DEPTH,True,True,WR,8,3,HIGH,88,0,267.0,3.9,3.0,0.6199999999999999,SOURCE_UNAVAILABLE_FOR_2026_AT_BUILD,INJURY_CONTEXT_UNAVAILABLE,"Raw 5.64 PPR; WR raw rank 128; depth slot 8, rank 3; 88 prior games; injury context unavailable.",2026-08-22T07:46:47.668866+00:00,2026-08-22T07:49:49.992921+00:00,ridge,v1_evaluated_2025,v1_weekly_rankings
2026,1,2026_01_NO_DET,2026-09-13,00-0041029,Jordyn Tyson,WR,NO,DET,5.4090746181503775,5.4090746181503775,148,72,159,99,BENCH_DEPTH,BENCH_DEPTH,True,True,WR,2,2,LOW,0,0,,,,,SOURCE_UNAVAILABLE_FOR_2026_AT_BUILD,INJURY_CONTEXT_UNAVAILABLE;NO_PRIOR_GAMES,"Raw 5.41 PPR; WR raw rank 148; depth slot 2, rank 2; 0 prior games; injury context unavailable.",2026-08-22T07:46:47.668866+00:00,2026-08-22T07:49:49.992921+00:00,ridge,v1_evaluated_2025,v1_weekly_rankings
2026,1,2026_01_DEN_KC,2026-09-14,00-0038104,Tyquan Thornton,WR,KC,DEN,5.334337066862837,5.334337066862837,151,73,162,102,BENCH_DEPTH,BENCH_DEPTH,True,True,WR,8,3,HIGH,37,0,274.0,3.54,1.8,0.308,SOURCE_UNAVAILABLE_FOR_2026_AT_BUILD,INJURY_CONTEXT_UNAVAILABLE,"Raw 5.33 PPR; WR raw rank 151; depth slot 8, rank 3; 37 prior games; injury context unavailable.",2026-08-22T07:46:47.668866+00:00,2026-08-22T07:49:49.992921+00:00,ridge,v1_evaluated_2025,v1_weekly_rankings
2026,1,2026_01_NYJ_TEN,2026-09-13,00-0034837,Calvin Ridley,WR,TEN,NYJ,5.189262002056102,5.189262002056102,159,74,168,108,BENCH_DEPTH,BENCH_DEPTH,True,True,WR,8,3,HIGH,90,0,301.0,6.380000000000001,4.4,0.43800000000000006,SOURCE_UNAVAILABLE_FOR_2026_AT_BUILD,INJURY_CONTEXT_UNAVAILABLE,"Raw 5.19 PPR; WR raw rank 159; depth slot 8, rank 3; 90 prior games; injury context unavailable.",2026-08-22T07:46:47.668866+00:00,2026-08-22T07:49:49.992921+00:00,ridge,v1_evaluated_2025,v1_weekly_rankings
2026,1,2026_01_WAS_PHI,2026-09-13,00-0040867,Makai Lemon,WR,PHI,WAS,4.9669532194746155,4.9669532194746155,172,75,176,116,BENCH_DEPTH,BENCH_DEPTH,True,True,WR,8,3,LOW,0,0,,,,,SOURCE_UNAVAILABLE_FOR_2026_AT_BUILD,INJURY_CONTEXT_UNAVAILABLE;NO_PRIOR_GAMES,"Raw 4.97 PPR; WR raw rank 172; depth slot 8, rank 3; 0 prior games; injury context unavailable.",2026-08-22T07:46:47.668866+00:00,2026-08-22T07:49:49.992921+00:00,ridge,v1_evaluated_2025,v1_weekly_rankings
2026,1,2026_01_MIA_LV,2026-09-13,00-0041523,Caleb Douglas,WR,MIA,LV,4.878440826140288,4.878440826140288,180,76,180,120,BENCH_DEPTH,BENCH_DEPTH,True,True,WR,8,3,LOW,0,0,,,,,SOURCE_UNAVAILABLE_FOR_2026_AT_BUILD,INJURY_CONTEXT_UNAVAILABLE;NO_PRIOR_GAMES,"Raw 4.88 PPR; WR raw rank 180; depth slot 8, rank 3; 0 prior games; injury context unavailable.",2026-08-22T07:46:47.668866+00:00,2026-08-22T07:49:49.992921+00:00,ridge,v1_evaluated_2025,v1_weekly_rankings
2026,1,2026_01_BAL_IND,2026-09-13,00-0036550,Rashod Bateman,WR,BAL,IND,4.699110693513211,4.699110693513211,192,77,182,122,BENCH_DEPTH,BENCH_DEPTH,True,True,WR,2,2,HIGH,62,0,260.0,2.0,1.8,0.6839999999999999,SOURCE_UNAVAILABLE_FOR_2026_AT_BUILD,INJURY_CONTEXT_UNAVAILABLE,"Raw 4.70 PPR; WR raw rank 192; depth slot 2, rank 2; 62 prior games; injury context unavailable.",2026-08-22T07:46:47.668866+00:00,2026-08-22T07:49:49.992921+00:00,ridge,v1_evaluated_2025,v1_weekly_rankings
2026,1,2026_01_ATL_PIT,2026-09-13,00-0039739,Roman Wilson,WR,PIT,ATL,4.625596663291087,4.625596663291087,196,78,183,123,BENCH_DEPTH,BENCH_DEPTH,True,True,WR,8,3,HIGH,9,0,287.0,2.72,2.2,0.422,SOURCE_UNAVAILABLE_FOR_2026_AT_BUILD,INJURY_CONTEXT_UNAVAILABLE,"Raw 4.63 PPR; WR raw rank 196; depth slot 8, rank 3; 9 prior games; injury context unavailable.",2026-08-22T07:46:47.668866+00:00,2026-08-22T07:49:49.992921+00:00,ridge,v1_evaluated_2025,v1_weekly_rankings
2026,1,2026_01_CHI_CAR,2026-09-13,00-0039342,Xavier Legette,WR,CAR,CHI,4.5455955867590525,4.5455955867590525,202,79,186,126,BENCH_DEPTH,BENCH_DEPTH,True,True,WR,8,3,HIGH,30,0,253.0,3.1399999999999997,2.6,0.5840000000000001,SOURCE_UNAVAILABLE_FOR_2026_AT_BUILD,INJURY_CONTEXT_UNAVAILABLE,"Raw 4.55 PPR; WR raw rank 202; depth slot 8, rank 3; 30 prior games; injury context unavailable.",2026-08-22T07:46:47.668866+00:00,2026-08-22T07:49:49.992921+00:00,ridge,v1_evaluated_2025,v1_weekly_rankings
2026,1,2026_01_DAL_NYG,2026-09-13,00-0037837,Calvin Austin III,WR,NYG,DAL,4.289178024104627,4.289178024104627,216,80,193,133,BENCH_DEPTH,BENCH_DEPTH,True,True,WR,8,3,HIGH,47,0,252.0,4.08,2.6,0.344,SOURCE_UNAVAILABLE_FOR_2026_AT_BUILD,INJURY_CONTEXT_UNAVAILABLE,"Raw 4.29 PPR; WR raw rank 216; depth slot 8, rank 3; 47 prior games; injury context unavailable.",2026-08-22T07:46:47.668866+00:00,2026-08-22T07:49:49.992921+00:00,ridge,v1_evaluated_2025,v1_weekly_rankings
2026,1,2026_01_NYJ_TEN,2026-09-13,00-0041511,Omar Cooper,WR,NYJ,TEN,4.23280245104878,4.23280245104878,234,81,194,134,BENCH_DEPTH,BENCH_DEPTH,True,True,WR,8,3,LOW,0,0,,,,,SOURCE_UNAVAILABLE_FOR_2026_AT_BUILD,INJURY_CONTEXT_UNAVAILABLE;NO_PRIOR_GAMES,"Raw 4.23 PPR; WR raw rank 234; depth slot 8, rank 3; 0 prior games; injury context unavailable.",2026-08-22T07:46:47.668866+00:00,2026-08-22T07:49:49.992921+00:00,ridge,v1_evaluated_2025,v1_weekly_rankings
2026,1,2026_01_BAL_IND,2026-09-13,00-0040870,Ja'Kobi Lane,WR,BAL,IND,4.211696307060837,4.211696307060837,238,82,195,135,BENCH_DEPTH,BENCH_DEPTH,True,True,WR,8,3,LOW,0,0,,,,,SOURCE_UNAVAILABLE_FOR_2026_AT_BUILD,INJURY_CONTEXT_UNAVAILABLE;NO_PRIOR_GAMES,"Raw 4.21 PPR; WR raw rank 238; depth slot 8, rank 3; 0 prior games; injury context unavailable.",2026-08-22T07:46:47.668866+00:00,2026-08-22T07:49:49.992921+00:00,ridge,v1_evaluated_2025,v1_weekly_rankings
2026,1,2026_01_CLE_JAX,2026-09-13,00-0041037,Denzel Boston,WR,CLE,JAX,4.078685145163807,4.078685145163807,255,83,198,138,BENCH_DEPTH,BENCH_DEPTH,True,True,WR,8,3,LOW,0,0,,,,,SOURCE_UNAVAILABLE_FOR_2026_AT_BUILD,INJURY_CONTEXT_UNAVAILABLE;NO_PRIOR_GAMES,"Raw 4.08 PPR; WR raw rank 255; depth slot 8, rank 3; 0 prior games; injury context unavailable.",2026-08-22T07:46:47.668866+00:00,2026-08-22T07:49:49.992921+00:00,ridge,v1_evaluated_2025,v1_weekly_rankings
2026,1,2026_01_CLE_JAX,2026-09-13,00-0041547,K.C. Concepcion,WR,CLE,JAX,4.078685145163807,4.078685145163807,257,84,199,139,BENCH_DEPTH,BENCH_DEPTH,True,True,WR,2,2,LOW,0,0,,,,,SOURCE_UNAVAILABLE_FOR_2026_AT_BUILD,INJURY_CONTEXT_UNAVAILABLE;NO_PRIOR_GAMES,"Raw 4.08 PPR; WR raw rank 257; depth slot 2, rank 2; 0 prior games; injury context unavailable.",2026-08-22T07:46:47.668866+00:00,2026-08-22T07:49:49.992921+00:00,ridge,v1_evaluated_2025,v1_weekly_rankings
2026,1,2026_01_NE_SEA,2026-09-09,00-0038621,DeMario Douglas,WR,NE,SEA,4.070376687179936,4.070376687179936,258,85,200,140,BENCH_DEPTH,BENCH_DEPTH,True,True,WR,8,3,HIGH,46,0,248.0,3.06,2.0,0.22000000000000003,SOURCE_UNAVAILABLE_FOR_2026_AT_BUILD,INJURY_CONTEXT_UNAVAILABLE,"Raw 4.07 PPR; WR raw rank 258; depth slot 8, rank 3; 46 prior games; injury context unavailable.",2026-08-22T07:46:47.668866+00:00,2026-08-22T07:49:49.992921+00:00,ridge,v1_evaluated_2025,v1_weekly_rankings
2026,1,2026_01_NYJ_TEN,2026-09-13,00-0041438,Carnell Tate,WR,TEN,NYJ,4.033230242250604,4.033230242250604,265,86,202,142,BENCH_DEPTH,BENCH_DEPTH,True,True,WR,1,1,LOW,0,0,,,,,SOURCE_UNAVAILABLE_FOR_2026_AT_BUILD,INJURY_CONTEXT_UNAVAILABLE;NO_PRIOR_GAMES,"Raw 4.03 PPR; WR raw rank 265; depth slot 1, rank 1; 0 prior games; injury context unavailable.",2026-08-22T07:46:47.668866+00:00,2026-08-22T07:49:49.992921+00:00,ridge,v1_evaluated_2025,v1_weekly_rankings
2026,1,2026_01_BUF_HOU,2026-09-13,00-0040138,Jaylin Noel,WR,HOU,BUF,3.988632165978111,3.988632165978111,268,87,204,144,BENCH_DEPTH,BENCH_DEPTH,True,True,WR,8,3,HIGH,17,0,252.0,4.040000000000001,1.4,0.21400000000000002,SOURCE_UNAVAILABLE_FOR_2026_AT_BUILD,INJURY_CONTEXT_UNAVAILABLE,"Raw 3.99 PPR; WR raw rank 268; depth slot 8, rank 3; 17 prior games; injury context unavailable.",2026-08-22T07:46:47.668866+00:00,2026-08-22T07:49:49.992921+00:00,ridge,v1_evaluated_2025,v1_weekly_rankings
2026,1,2026_01_WAS_PHI,2026-09-13,00-0038393,Dontayvion Wicks,WR,PHI,WAS,3.956002202646223,3.956002202646223,271,88,205,145,BENCH_DEPTH,BENCH_DEPTH,True,True,WR,2,2,HIGH,45,0,260.0,7.940000000000002,3.2,0.374,SOURCE_UNAVAILABLE_FOR_2026_AT_BUILD,INJURY_CONTEXT_UNAVAILABLE,"Raw 3.96 PPR; WR raw rank 271; depth slot 2, rank 2; 45 prior games; injury context unavailable.",2026-08-22T07:46:47.668866+00:00,2026-08-22T07:49:49.992921+00:00,ridge,v1_evaluated_2025,v1_weekly_rankings
2026,1,2026_01_ARI_LAC,2026-09-13,00-0033307,Kendrick Bourne,WR,ARI,LAC,3.924660533828935,3.924660533828935,274,89,207,147,BENCH_DEPTH,BENCH_DEPTH,True,True,WR,8,3,HIGH,114,0,253.0,2.58,2.2,0.454,SOURCE_UNAVAILABLE_FOR_2026_AT_BUILD,INJURY_CONTEXT_UNAVAILABLE,"Raw 3.92 PPR; WR raw rank 274; depth slot 8, rank 3; 114 prior games; injury context unavailable.",2026-08-22T07:46:47.668866+00:00,2026-08-22T07:49:49.992921+00:00,ridge,v1_evaluated_2025,v1_weekly_rankings
2026,1,2026_01_CHI_CAR,2026-09-13,00-0032464,Kalif Raymond,WR,CHI,CAR,3.8598577888386476,3.8598577888386476,277,90,210,150,BENCH_DEPTH,BENCH_DEPTH,True,True,WR,8,3,HIGH,100,0,252.0,6.919999999999999,2.6,0.22200000000000003,SOURCE_UNAVAILABLE_FOR_2026_AT_BUILD,INJURY_CONTEXT_UNAVAILABLE,"Raw 3.86 PPR; WR raw rank 277; depth slot 8, rank 3; 100 prior games; injury context unavailable.",2026-08-22T07:46:47.668866+00:00,2026-08-22T07:49:49.992921+00:00,ridge,v1_evaluated_2025,v1_weekly_rankings
2026,1,2026_01_MIA_LV,2026-09-13,00-0037666,Jalen Tolbert,WR,MIA,LV,3.6305405870471743,3.6305405870471743,284,91,216,156,BENCH_DEPTH,BENCH_DEPTH,True,True,WR,2,2,HIGH,46,0,252.0,3.9599999999999995,2.4,0.324,SOURCE_UNAVAILABLE_FOR_2026_AT_BUILD,INJURY_CONTEXT_UNAVAILABLE,"Raw 3.63 PPR; WR raw rank 284; depth slot 2, rank 2; 46 prior games; injury context unavailable.",2026-08-22T07:46:47.668866+00:00,2026-08-22T07:49:49.992921+00:00,ridge,v1_evaluated_2025,v1_weekly_rankings
2026,1,2026_01_WAS_PHI,2026-09-13,00-0039355,Luke McCaffrey,WR,WAS,PHI,3.0161020257831836,3.0161020257831836,307,92,228,168,BENCH_DEPTH,BENCH_DEPTH,True,True,WR,8,3,HIGH,22,0,315.0,4.340000000000001,1.6,0.364,SOURCE_UNAVAILABLE_FOR_2026_AT_BUILD,INJURY_CONTEXT_UNAVAILABLE,"Raw 3.02 PPR; WR raw rank 307; depth slot 8, rank 3; 22 prior games; injury context unavailable.",2026-08-22T07:46:47.668866+00:00,2026-08-22T07:49:49.992921+00:00,ridge,v1_evaluated_2025,v1_weekly_rankings
2026,1,2026_01_SF_LA,2026-09-10,00-0039751,Jordan Whittington,WR,LA,SF,2.8183151780312397,2.8183151780312397,315,93,232,172,BENCH_DEPTH,BENCH_DEPTH,True,True,WR,8,3,HIGH,29,0,249.0,0.8800000000000001,0.6,0.11800000000000002,SOURCE_UNAVAILABLE_FOR_2026_AT_BUILD,INJURY_CONTEXT_UNAVAILABLE,"Raw 2.82 PPR; WR raw rank 315; depth slot 8, rank 3; 29 prior games; injury context unavailable.",2026-08-22T07:46:47.668866+00:00,2026-08-22T07:49:49.992921+00:00,ridge,v1_evaluated_2025,v1_weekly_rankings
2026,1,2026_01_BAL_IND,2026-09-13,00-0035282,Easton Stick,QB,IND,BAL,14.701316777935169,14.701316777935169,17,,,,ROLE_FILTERED,ROLE_FILTERED,False,True,QB,9,4,LOW,6,0,980.0,13.512,40.2,0.908,SOURCE_UNAVAILABLE_FOR_2026_AT_BUILD,INJURY_CONTEXT_UNAVAILABLE;OUTSIDE_DEPTH_ELIGIBILITY;STALE_HISTORY,"Raw 14.70 PPR; QB raw rank 17; depth slot 9, rank 4; 6 prior games; injury context unavailable.",2026-08-22T07:46:47.668866+00:00,2026-08-22T07:49:49.992921+00:00,hist_gradient_boosting,v1_evaluated_2025,v1_weekly_rankings
2026,1,2026_01_GB_MIN,2026-09-13,00-0032950,Carson Wentz,QB,MIN,GB,14.571442488993732,14.571442488993732,19,,,,ROLE_FILTERED,ROLE_FILTERED,False,True,QB,9,3,HIGH,72,0,325.0,14.068000000000001,36.0,0.932,SOURCE_UNAVAILABLE_FOR_2026_AT_BUILD,INJURY_CONTEXT_UNAVAILABLE;OUTSIDE_DEPTH_ELIGIBILITY,"Raw 14.57 PPR; QB raw rank 19; depth slot 9, rank 3; 72 prior games; injury context unavailable.",2026-08-22T07:46:47.668866+00:00,2026-08-22T07:49:49.992921+00:00,hist_gradient_boosting,v1_evaluated_2025,v1_weekly_rankings
2026,1,2026_01_ARI_LAC,2026-09-13,00-0040464,DJ Uiagalelei,QB,LAC,ARI,13.204918629344094,13.204918629344094,25,,,,ROLE_FILTERED,ROLE_FILTERED,False,True,QB,9,3,LOW,0,0,,,,,SOURCE_UNAVAILABLE_FOR_2026_AT_BUILD,INJURY_CONTEXT_UNAVAILABLE;OUTSIDE_DEPTH_ELIGIBILITY;NO_PRIOR_GAMES,"Raw 13.20 PPR; QB raw rank 25; depth slot 9, rank 3; 0 prior games; injury context unavailable.",2026-08-22T07:46:47.668866+00:00,2026-08-22T07:49:49.992921+00:00,hist_gradient_boosting,v1_evaluated_2025,v1_weekly_rankings
2026,1,2026_01_MIA_LV,2026-09-13,00-0038579,Aidan O'Connell,QB,LV,MIA,12.735092483921889,12.735092483921889,28,,,,ROLE_FILTERED,ROLE_FILTERED,False,True,QB,9,3,HIGH,21,0,252.0,11.292000000000002,33.8,0.884,SOURCE_UNAVAILABLE_FOR_2026_AT_BUILD,INJURY_CONTEXT_UNAVAILABLE;OUTSIDE_DEPTH_ELIGIBILITY,"Raw 12.74 PPR; QB raw rank 28; depth slot 9, rank 3; 21 prior games; injury context unavailable.",2026-08-22T07:46:47.668866+00:00,2026-08-22T07:49:49.992921+00:00,hist_gradient_boosting,v1_evaluated_2025,v1_weekly_rankings
2026,1,2026_01_DEN_KC,2026-09-14,00-0040906,Garrett Nussmeier,QB,KC,DEN,12.525152301744564,12.525152301744564,29,,,,ROLE_FILTERED,ROLE_FILTERED,False,True,QB,9,3,LOW,0,0,,,,,SOURCE_UNAVAILABLE_FOR_2026_AT_BUILD,INJURY_CONTEXT_UNAVAILABLE;OUTSIDE_DEPTH_ELIGIBILITY;NO_PRIOR_GAMES,"Raw 12.53 PPR; QB raw rank 29; depth slot 9, rank 3; 0 prior games; injury context unavailable.",2026-08-22T07:46:47.668866+00:00,2026-08-22T07:49:49.992921+00:00,hist_gradient_boosting,v1_evaluated_2025,v1_weekly_rankings
2026,1,2026_01_MIA_LV,2026-09-13,00-0040996,Jacob Clark,QB,LV,MIA,12.184778701098303,12.184778701098303,31,,,,ROLE_FILTERED,ROLE_FILTERED,False,True,QB,9,4,LOW,0,0,,,,,SOURCE_UNAVAILABLE_FOR_2026_AT_BUILD,INJURY_CONTEXT_UNAVAILABLE;OUTSIDE_DEPTH_ELIGIBILITY;NO_PRIOR_GAMES,"Raw 12.18 PPR; QB raw rank 31; depth slot 9, rank 4; 0 prior games; injury context unavailable.",2026-08-22T07:46:47.668866+00:00,2026-08-22T07:49:49.992921+00:00,hist_gradient_boosting,v1_evaluated_2025,v1_weekly_rankings
2026,1,2026_01_TB_CIN,2026-09-13,00-0040415,Connor Bazelak,QB,TB,CIN,12.131618442045964,12.131618442045964,32,,,,ROLE_FILTERED,ROLE_FILTERED,False,True,QB,9,3,LOW,0,0,,,,,SOURCE_UNAVAILABLE_FOR_2026_AT_BUILD,INJURY_CONTEXT_UNAVAILABLE;OUTSIDE_DEPTH_ELIGIBILITY;NO_PRIOR_GAMES,"Raw 12.13 PPR; QB raw rank 32; depth slot 9, rank 3; 0 prior games; injury context unavailable.",2026-08-22T07:46:47.668866+00:00,2026-08-22T07:49:49.992921+00:00,hist_gradient_boosting,v1_evaluated_2025,v1_weekly_rankings
2026,1,2026_01_TB_CIN,2026-09-13,00-0041251,Jalon Daniels,QB,TB,CIN,12.131618442045964,12.131618442045964,33,,,,ROLE_FILTERED,ROLE_FILTERED,False,True,QB,9,4,LOW,0,0,,,,,SOURCE_UNAVAILABLE_FOR_2026_AT_BUILD,INJURY_CONTEXT_UNAVAILABLE;OUTSIDE_DEPTH_ELIGIBILITY;NO_PRIOR_GAMES,"Raw 12.13 PPR; QB raw rank 33; depth slot 9, rank 4; 0 prior games; injury context unavailable.",2026-08-22T07:46:47.668866+00:00,2026-08-22T07:49:49.992921+00:00,hist_gradient_boosting,v1_evaluated_2025,v1_weekly_rankings
2026,1,2026_01_NYJ_TEN,2026-09-13,00-0033869,Mitchell Trubisky,QB,TEN,NYJ,11.98211578100582,11.98211578100582,35,,,,ROLE_FILTERED,ROLE_FILTERED,False,True,QB,9,2,HIGH,68,0,252.0,8.072,13.8,0.41,SOURCE_UNAVAILABLE_FOR_2026_AT_BUILD,INJURY_CONTEXT_UNAVAILABLE;OUTSIDE_DEPTH_ELIGIBILITY,"Raw 11.98 PPR; QB raw rank 35; depth slot 9, rank 2; 68 prior games; injury context unavailable.",2026-08-22T07:46:47.668866+00:00,2026-08-22T07:49:49.992921+00:00,hist_gradient_boosting,v1_evaluated_2025,v1_weekly_rankings
2026,1,2026_01_BUF_HOU,2026-09-13,00-0040211,Graham Mertz,QB,HOU,BUF,11.713647346269386,11.713647346269386,36,,,,ROLE_FILTERED,ROLE_FILTERED,False,True,QB,9,4,LOW,0,0,,,,,SOURCE_UNAVAILABLE_FOR_2026_AT_BUILD,INJURY_CONTEXT_UNAVAILABLE;OUTSIDE_DEPTH_ELIGIBILITY;NO_PRIOR_GAMES,"Raw 11.71 PPR; QB raw rank 36; depth slot 9, rank 4; 0 prior games; injury context unavailable.",2026-08-22T07:46:47.668866+00:00,2026-08-22T07:49:49.992921+00:00,hist_gradient_boosting,v1_evaluated_2025,v1_weekly_rankings
2026,1,2026_01_ATL_PIT,2026-09-13,00-0040203,Will Howard,QB,PIT,ATL,11.581598999298402,11.581598999298402,37,,,,ROLE_FILTERED,ROLE_FILTERED,False,True,QB,9,3,LOW,0,0,,,,,SOURCE_UNAVAILABLE_FOR_2026_AT_BUILD,INJURY_CONTEXT_UNAVAILABLE;OUTSIDE_DEPTH_ELIGIBILITY;NO_PRIOR_GAMES,"Raw 11.58 PPR; QB raw rank 37; depth slot 9, rank 3; 0 prior games; injury context unavailable.",2026-08-22T07:46:47.668866+00:00,2026-08-22T07:49:49.992921+00:00,hist_gradient_boosting,v1_evaluated_2025,v1_weekly_rankings
2026,1,2026_01_GB_MIN,2026-09-13,00-0039923,J.J. McCarthy,QB,MIN,GB,11.297003289313972,11.297003289313972,39,,,,ROLE_FILTERED,ROLE_FILTERED,False,True,QB,9,2,HIGH,10,0,252.0,12.14,23.8,0.8320000000000001,SOURCE_UNAVAILABLE_FOR_2026_AT_BUILD,INJURY_CONTEXT_UNAVAILABLE;OUTSIDE_DEPTH_ELIGIBILITY,"Raw 11.30 PPR; QB raw rank 39; depth slot 9, rank 2; 10 prior games; injury context unavailable.",2026-08-22T07:46:47.668866+00:00,2026-08-22T07:49:49.992921+00:00,hist_gradient_boosting,v1_evaluated_2025,v1_weekly_rankings
2026,1,2026_01_NE_SEA,2026-09-09,00-0041123,Behren Morton,QB,NE,SEA,11.282608157923397,11.282608157923397,40,,,,ROLE_FILTERED,ROLE_FILTERED,False,True,QB,9,3,LOW,0,0,,,,,SOURCE_UNAVAILABLE_FOR_2026_AT_BUILD,INJURY_CONTEXT_UNAVAILABLE;OUTSIDE_DEPTH_ELIGIBILITY;NO_PRIOR_GAMES,"Raw 11.28 PPR; QB raw rank 40; depth slot 9, rank 3; 0 prior games; injury context unavailable.",2026-08-22T07:46:47.668866+00:00,2026-08-22T07:49:49.992921+00:00,hist_gradient_boosting,v1_evaluated_2025,v1_weekly_rankings
2026,1,2026_01_CLE_JAX,2026-09-13,00-0039534,Carter Bradley,QB,JAX,CLE,11.165155526384671,11.165155526384671,41,,,,ROLE_FILTERED,ROLE_FILTERED,False,True,QB,9,3,LOW,0,0,,,,,SOURCE_UNAVAILABLE_FOR_2026_AT_BUILD,INJURY_CONTEXT_UNAVAILABLE;OUTSIDE_DEPTH_ELIGIBILITY;NO_PRIOR_GAMES,"Raw 11.17 PPR; QB raw rank 41; depth slot 9, rank 3; 0 prior games; injury context unavailable.",2026-08-22T07:46:47.668866+00:00,2026-08-22T07:49:49.992921+00:00,hist_gradient_boosting,v1_evaluated_2025,v1_weekly_rankings
2026,1,2026_01_CLE_JAX,2026-09-13,00-0041203,Joey Aguilar,QB,JAX,CLE,11.165155526384671,11.165155526384671,42,,,,ROLE_FILTERED,ROLE_FILTERED,False,True,QB,9,4,LOW,0,0,,,,,SOURCE_UNAVAILABLE_FOR_2026_AT_BUILD,INJURY_CONTEXT_UNAVAILABLE;OUTSIDE_DEPTH_ELIGIBILITY;NO_PRIOR_GAMES,"Raw 11.17 PPR; QB raw rank 42; depth slot 9, rank 4; 0 prior games; injury context unavailable.",2026-08-22T07:46:47.668866+00:00,2026-08-22T07:49:49.992921+00:00,hist_gradient_boosting,v1_evaluated_2025,v1_weekly_rankings
2026,1,2026_01_CLE_JAX,2026-09-13,00-0040668,Shedeur Sanders,QB,CLE,JAX,11.063890491672536,11.063890491672536,44,,,,ROLE_FILTERED,ROLE_FILTERED,False,True,QB,9,2,HIGH,8,0,252.0,12.52,33.4,0.99,SOURCE_UNAVAILABLE_FOR_2026_AT_BUILD,INJURY_CONTEXT_UNAVAILABLE;OUTSIDE_DEPTH_ELIGIBILITY,"Raw 11.06 PPR; QB raw rank 44; depth slot 9, rank 2; 8 prior games; injury context unavailable.",2026-08-22T07:46:47.668866+00:00,2026-08-22T07:49:49.992921+00:00,hist_gradient_boosting,v1_evaluated_2025,v1_weekly_rankings
2026,1,2026_01_SF_LA,2026-09-10,00-0039107,Stetson Bennett,QB,LA,SF,10.85865454648956,10.85865454648956,45,,,,ROLE_FILTERED,ROLE_FILTERED,False,True,QB,9,2,LOW,0,0,,,,,SOURCE_UNAVAILABLE_FOR_2026_AT_BUILD,INJURY_CONTEXT_UNAVAILABLE;OUTSIDE_DEPTH_ELIGIBILITY;NO_PRIOR_GAMES,"Raw 10.86 PPR; QB raw rank 45; depth slot 9, rank 2; 0 prior games; injury context unavailable.",2026-08-22T07:46:47.668866+00:00,2026-08-22T07:49:49.992921+00:00,hist_gradient_boosting,v1_evaluated_2025,v1_weekly_rankings
2026,1,2026_01_SF_LA,2026-09-10,00-0041414,Matthew Caldwell,QB,LA,SF,10.85865454648956,10.85865454648956,46,,,,ROLE_FILTERED,ROLE_FILTERED,False,True,QB,9,4,LOW,0,0,,,,,SOURCE_UNAVAILABLE_FOR_2026_AT_BUILD,INJURY_CONTEXT_UNAVAILABLE;OUTSIDE_DEPTH_ELIGIBILITY;NO_PRIOR_GAMES,"Raw 10.86 PPR; QB raw rank 46; depth slot 9, rank 4; 0 prior games; injury context unavailable.",2026-08-22T07:46:47.668866+00:00,2026-08-22T07:49:49.992921+00:00,hist_gradient_boosting,v1_evaluated_2025,v1_weekly_rankings
2026,1,2026_01_NO_DET,2026-09-13,00-0041453,Luke Altmyer,QB,DET,NO,10.848995042307083,10.848995042307083,47,,,,ROLE_FILTERED,ROLE_FILTERED,False,True,QB,9,3,LOW,0,0,,,,,SOURCE_UNAVAILABLE_FOR_2026_AT_BUILD,INJURY_CONTEXT_UNAVAILABLE;OUTSIDE_DEPTH_ELIGIBILITY;NO_PRIOR_GAMES,"Raw 10.85 PPR; QB raw rank 47; depth slot 9, rank 3; 0 prior games; injury context unavailable.",2026-08-22T07:46:47.668866+00:00,2026-08-22T07:49:49.992921+00:00,hist_gradient_boosting,v1_evaluated_2025,v1_weekly_rankings
2026,1,2026_01_MIA_LV,2026-09-13,00-0040222,Cam Miller,QB,MIA,LV,10.792869892535489,10.792869892535489,48,,,,ROLE_FILTERED,ROLE_FILTERED,False,True,QB,9,3,LOW,0,0,,,,,SOURCE_UNAVAILABLE_FOR_2026_AT_BUILD,INJURY_CONTEXT_UNAVAILABLE;OUTSIDE_DEPTH_ELIGIBILITY;NO_PRIOR_GAMES,"Raw 10.79 PPR; QB raw rank 48; depth slot 9, rank 3; 0 prior games; injury context unavailable.",2026-08-22T07:46:47.668866+00:00,2026-08-22T07:49:49.992921+00:00,hist_gradient_boosting,v1_evaluated_2025,v1_weekly_rankings
2026,1,2026_01_MIA_LV,2026-09-13,00-0041156,Mark Gronowski,QB,MIA,LV,10.792869892535489,10.792869892535489,49,,,,ROLE_FILTERED,ROLE_FILTERED,False,True,QB,9,4,LOW,0,0,,,,,SOURCE_UNAVAILABLE_FOR_2026_AT_BUILD,INJURY_CONTEXT_UNAVAILABLE;OUTSIDE_DEPTH_ELIGIBILITY;NO_PRIOR_GAMES,"Raw 10.79 PPR; QB raw rank 49; depth slot 9, rank 4; 0 prior games; injury context unavailable.",2026-08-22T07:46:47.668866+00:00,2026-08-22T07:49:49.992921+00:00,hist_gradient_boosting,v1_evaluated_2025,v1_weekly_rankings
2026,1,2026_01_CHI_CAR,2026-09-13,00-0041172,Miller Moss,QB,CHI,CAR,10.564402577814777,10.564402577814777,50,,,,ROLE_FILTERED,ROLE_FILTERED,False,True,QB,9,4,LOW,0,0,,,,,SOURCE_UNAVAILABLE_FOR_2026_AT_BUILD,INJURY_CONTEXT_UNAVAILABLE;OUTSIDE_DEPTH_ELIGIBILITY;NO_PRIOR_GAMES,"Raw 10.56 PPR; QB raw rank 50; depth slot 9, rank 4; 0 prior games; injury context unavailable.",2026-08-22T07:46:47.668866+00:00,2026-08-22T07:49:49.992921+00:00,hist_gradient_boosting,v1_evaluated_2025,v1_weekly_rankings
2026,1,2026_01_WAS_PHI,2026-09-13,00-0040891,Cole Payton,QB,PHI,WAS,10.545191751765987,10.545191751765987,51,,,,ROLE_FILTERED,ROLE_FILTERED,False,True,QB,9,4,LOW,0,0,,,,,SOURCE_UNAVAILABLE_FOR_2026_AT_BUILD,INJURY_CONTEXT_UNAVAILABLE;OUTSIDE_DEPTH_ELIGIBILITY;NO_PRIOR_GAMES,"Raw 10.55 PPR; QB raw rank 51; depth slot 9, rank 4; 0 prior games; injury context unavailable.",2026-08-22T07:46:47.668866+00:00,2026-08-22T07:49:49.992921+00:00,hist_gradient_boosting,v1_evaluated_2025,v1_weekly_rankings
2026,1,2026_01_ATL_PIT,2026-09-13,00-0041194,Jack Strand,QB,ATL,PIT,10.26675329245002,10.26675329245002,53,,,,ROLE_FILTERED,ROLE_FILTERED,False,True,QB,9,4,LOW,0,0,,,,,SOURCE_UNAVAILABLE_FOR_2026_AT_BUILD,INJURY_CONTEXT_UNAVAILABLE;OUTSIDE_DEPTH_ELIGIBILITY;NO_PRIOR_GAMES,"Raw 10.27 PPR; QB raw rank 53; depth slot 9, rank 4; 0 prior games; injury context unavailable.",2026-08-22T07:46:47.668866+00:00,2026-08-22T07:49:49.992921+00:00,hist_gradient_boosting,v1_evaluated_2025,v1_weekly_rankings
2026,1,2026_01_DAL_NYG,2026-09-13,00-0031503,Jameis Winston,QB,NYG,DAL,10.235172517735352,10.235172517735352,54,,,,ROLE_FILTERED,ROLE_FILTERED,False,True,QB,9,2,HIGH,60,0,273.0,11.64,29.0,0.76,SOURCE_UNAVAILABLE_FOR_2026_AT_BUILD,INJURY_CONTEXT_UNAVAILABLE;OUTSIDE_DEPTH_ELIGIBILITY,"Raw 10.24 PPR; QB raw rank 54; depth slot 9, rank 2; 60 prior games; injury context unavailable.",2026-08-22T07:46:47.668866+00:00,2026-08-22T07:49:49.992921+00:00,hist_gradient_boosting,v1_evaluated_2025,v1_weekly_rankings
2026,1,2026_01_BAL_IND,2026-09-13,00-0035993,Tyler Huntley,QB,BAL,IND,10.175903206601868,10.175903206601868,55,,,,ROLE_FILTERED,ROLE_FILTERED,False,True,QB,9,2,HIGH,29,0,260.0,8.028,18.2,0.594,SOURCE_UNAVAILABLE_FOR_2026_AT_BUILD,INJURY_CONTEXT_UNAVAILABLE;OUTSIDE_DEPTH_ELIGIBILITY,"Raw 10.18 PPR; QB raw rank 55; depth slot 9, rank 2; 29 prior games; injury context unavailable.",2026-08-22T07:46:47.668866+00:00,2026-08-22T07:49:49.992921+00:00,hist_gradient_boosting,v1_evaluated_2025,v1_weekly_rankings
2026,1,2026_01_DEN_KC,2026-09-14,00-0036945,Justin Fields,QB,KC,DEN,10.112892111865186,10.112892111865186,56,,,,ROLE_FILTERED,ROLE_FILTERED,False,True,QB,9,2,HIGH,59,0,305.0,11.220000000000002,27.6,0.892,SOURCE_UNAVAILABLE_FOR_2026_AT_BUILD,INJURY_CONTEXT_UNAVAILABLE;OUTSIDE_DEPTH_ELIGIBILITY,"Raw 10.11 PPR; QB raw rank 56; depth slot 9, rank 2; 59 prior games; injury context unavailable.",2026-08-22T07:46:47.668866+00:00,2026-08-22T07:49:49.992921+00:00,hist_gradient_boosting,v1_evaluated_2025,v1_weekly_rankings
2026,1,2026_01_TB_CIN,2026-09-13,00-0026158,Joe Flacco,QB,CIN,TB,10.100679848725473,10.100679848725473,57,,,,ROLE_FILTERED,ROLE_FILTERED,False,True,QB,9,2,HIGH,54,0,252.0,4.200000000000001,18.0,0.45199999999999996,SOURCE_UNAVAILABLE_FOR_2026_AT_BUILD,INJURY_CONTEXT_UNAVAILABLE;OUTSIDE_DEPTH_ELIGIBILITY,"Raw 10.10 PPR; QB raw rank 57; depth slot 9, rank 2; 54 prior games; injury context unavailable.",2026-08-22T07:46:47.668866+00:00,2026-08-22T07:49:49.992921+00:00,hist_gradient_boosting,v1_evaluated_2025,v1_weekly_rankings
2026,1,2026_01_GB_MIN,2026-09-13,00-0040014,Kyle McCord,QB,GB,MIN,10.070231457232929,10.070231457232929,58,,,,ROLE_FILTERED,ROLE_FILTERED,False,True,QB,9,3,LOW,0,0,,,,,SOURCE_UNAVAILABLE_FOR_2026_AT_BUILD,INJURY_CONTEXT_UNAVAILABLE;OUTSIDE_DEPTH_ELIGIBILITY;NO_PRIOR_GAMES,"Raw 10.07 PPR; QB raw rank 58; depth slot 9, rank 3; 0 prior games; injury context unavailable.",2026-08-22T07:46:47.668866+00:00,2026-08-22T07:49:49.992921+00:00,hist_gradient_boosting,v1_evaluated_2025,v1_weekly_rankings
2026,1,2026_01_ATL_PIT,2026-09-13,00-0039917,Michael Penix Jr.,QB,ATL,PIT,9.968153909941211,9.968153909941211,60,,,,ROLE_FILTERED,ROLE_FILTERED,False,True,QB,9,2,HIGH,14,0,301.0,13.692000000000002,31.8,0.924,SOURCE_UNAVAILABLE_FOR_2026_AT_BUILD,INJURY_CONTEXT_UNAVAILABLE;OUTSIDE_DEPTH_ELIGIBILITY,"Raw 9.97 PPR; QB raw rank 60; depth slot 9, rank 2; 14 prior games; injury context unavailable.",2026-08-22T07:46:47.668866+00:00,2026-08-22T07:49:49.992921+00:00,hist_gradient_boosting,v1_evaluated_2025,v1_weekly_rankings
2026,1,2026_01_NYJ_TEN,2026-09-13,00-0041056,Cade Klubnik,QB,NYJ,TEN,9.838452717237429,9.838452717237429,62,,,,ROLE_FILTERED,ROLE_FILTERED,False,True,QB,9,2,LOW,0,0,,,,,SOURCE_UNAVAILABLE_FOR_2026_AT_BUILD,INJURY_CONTEXT_UNAVAILABLE;OUTSIDE_DEPTH_ELIGIBILITY;NO_PRIOR_GAMES,"Raw 9.84 PPR; QB raw rank 62; depth slot 9, rank 2; 0 prior games; injury context unavailable.",2026-08-22T07:46:47.668866+00:00,2026-08-22T07:49:49.992921+00:00,hist_gradient_boosting,v1_evaluated_2025,v1_weekly_rankings
2026,1,2026_01_TB_CIN,2026-09-13,00-0026300,Josh Johnson,QB,CIN,TB,9.711541572503744,9.711541572503744,63,,,,ROLE_FILTERED,ROLE_FILTERED,False,True,QB,9,3,HIGH,16,0,252.0,4.984,13.8,0.546,SOURCE_UNAVAILABLE_FOR_2026_AT_BUILD,INJURY_CONTEXT_UNAVAILABLE;OUTSIDE_DEPTH_ELIGIBILITY,"Raw 9.71 PPR; QB raw rank 63; depth slot 9, rank 3; 16 prior games; injury context unavailable.",2026-08-22T07:46:47.668866+00:00,2026-08-22T07:49:49.992921+00:00,hist_gradient_boosting,v1_evaluated_2025,v1_weekly_rankings
2026,1,2026_01_BAL_IND,2026-09-13,00-0040981,Joe Fagnano,QB,BAL,IND,9.652473943435782,9.652473943435782,64,,,,ROLE_FILTERED,ROLE_FILTERED,False,True,QB,9,3,LOW,0,0,,,,,SOURCE_UNAVAILABLE_FOR_2026_AT_BUILD,INJURY_CONTEXT_UNAVAILABLE;OUTSIDE_DEPTH_ELIGIBILITY;NO_PRIOR_GAMES,"Raw 9.65 PPR; QB raw rank 64; depth slot 9, rank 3; 0 prior games; injury context unavailable.",2026-08-22T07:46:47.668866+00:00,2026-08-22T07:49:49.992921+00:00,hist_gradient_boosting,v1_evaluated_2025,v1_weekly_rankings
2026,1,2026_01_WAS_PHI,2026-09-13,00-0027973,Andy Dalton,QB,PHI,WAS,9.566361988321924,9.566361988321924,65,,,,ROLE_FILTERED,ROLE_FILTERED,False,True,QB,9,2,HIGH,69,0,322.0,1.908,12.0,0.49000000000000005,SOURCE_UNAVAILABLE_FOR_2026_AT_BUILD,INJURY_CONTEXT_UNAVAILABLE;OUTSIDE_DEPTH_ELIGIBILITY,"Raw 9.57 PPR; QB raw rank 65; depth slot 9, rank 2; 69 prior games; injury context unavailable.",2026-08-22T07:46:47.668866+00:00,2026-08-22T07:49:49.992921+00:00,hist_gradient_boosting,v1_evaluated_2025,v1_weekly_rankings
2026,1,2026_01_NE_SEA,2026-09-09,00-0035704,Drew Lock,QB,SEA,NE,9.4883000629154,9.4883000629154,66,,,,ROLE_FILTERED,ROLE_FILTERED,False,True,QB,9,2,HIGH,38,0,276.0,8.456,13.6,0.51,SOURCE_UNAVAILABLE_FOR_2026_AT_BUILD,INJURY_CONTEXT_UNAVAILABLE;OUTSIDE_DEPTH_ELIGIBILITY,"Raw 9.49 PPR; QB raw rank 66; depth slot 9, rank 2; 38 prior games; injury context unavailable.",2026-08-22T07:46:47.668866+00:00,2026-08-22T07:49:49.992921+00:00,hist_gradient_boosting,v1_evaluated_2025,v1_weekly_rankings
2026,1,2026_01_NYJ_TEN,2026-09-13,00-0039152,Will Levis,QB,TEN,NYJ,9.467427776317855,9.467427776317855,67,,,,ROLE_FILTERED,ROLE_FILTERED,False,True,QB,9,3,MEDIUM,21,0,616.0,9.335999999999999,27.8,0.8099999999999999,SOURCE_UNAVAILABLE_FOR_2026_AT_BUILD,INJURY_CONTEXT_UNAVAILABLE;OUTSIDE_DEPTH_ELIGIBILITY,"Raw 9.47 PPR; QB raw rank 67; depth slot 9, rank 3; 21 prior games; injury context unavailable.",2026-08-22T07:46:47.668866+00:00,2026-08-22T07:49:49.992921+00:00,hist_gradient_boosting,v1_evaluated_2025,v1_weekly_rankings
2026,1,2026_01_NYJ_TEN,2026-09-13,00-0038108,Bailey Zappe,QB,NYJ,TEN,9.445992066038073,9.445992066038073,68,,,,ROLE_FILTERED,ROLE_FILTERED,False,True,QB,9,4,MEDIUM,15,0,617.0,9.144,32.6,0.9800000000000001,SOURCE_UNAVAILABLE_FOR_2026_AT_BUILD,INJURY_CONTEXT_UNAVAILABLE;OUTSIDE_DEPTH_ELIGIBILITY,"Raw 9.45 PPR; QB raw rank 68; depth slot 9, rank 4; 15 prior games; injury context unavailable.",2026-08-22T07:46:47.668866+00:00,2026-08-22T07:49:49.992921+00:00,hist_gradient_boosting,v1_evaluated_2025,v1_weekly_rankings
2026,1,2026_01_WAS_PHI,2026-09-13,00-0032268,Marcus Mariota,QB,WAS,PHI,9.42132065200697,9.42132065200697,69,,,,ROLE_FILTERED,ROLE_FILTERED,False,True,QB,9,2,HIGH,57,0,267.0,11.004,28.8,0.766,SOURCE_UNAVAILABLE_FOR_2026_AT_BUILD,INJURY_CONTEXT_UNAVAILABLE;OUTSIDE_DEPTH_ELIGIBILITY,"Raw 9.42 PPR; QB raw rank 69; depth slot 9, rank 2; 57 prior games; injury context unavailable.",2026-08-22T07:46:47.668866+00:00,2026-08-22T07:49:49.992921+00:00,hist_gradient_boosting,v1_evaluated_2025,v1_weekly_rankings
2026,1,2026_01_WAS_PHI,2026-09-13,00-0039677,Sam Hartman,QB,WAS,PHI,9.222163911645879,9.222163911645879,70,,,,ROLE_FILTERED,ROLE_FILTERED,False,True,QB,9,3,LOW,0,0,,,,,SOURCE_UNAVAILABLE_FOR_2026_AT_BUILD,INJURY_CONTEXT_UNAVAILABLE;OUTSIDE_DEPTH_ELIGIBILITY;NO_PRIOR_GAMES,"Raw 9.22 PPR; QB raw rank 70; depth slot 9, rank 3; 0 prior games; injury context unavailable.",2026-08-22T07:46:47.668866+00:00,2026-08-22T07:49:49.992921+00:00,hist_gradient_boosting,v1_evaluated_2025,v1_weekly_rankings
2026,1,2026_01_WAS_PHI,2026-09-13,00-0041117,Athan Kaliakmanis,QB,WAS,PHI,9.222163911645879,9.222163911645879,71,,,,ROLE_FILTERED,ROLE_FILTERED,False,True,QB,9,4,LOW,0,0,,,,,SOURCE_UNAVAILABLE_FOR_2026_AT_BUILD,INJURY_CONTEXT_UNAVAILABLE;OUTSIDE_DEPTH_ELIGIBILITY;NO_PRIOR_GAMES,"Raw 9.22 PPR; QB raw rank 71; depth slot 9, rank 4; 0 prior games; injury context unavailable.",2026-08-22T07:46:47.668866+00:00,2026-08-22T07:49:49.992921+00:00,hist_gradient_boosting,v1_evaluated_2025,v1_weekly_rankings
2026,1,2026_01_CLE_JAX,2026-09-13,00-0041092,Taylen Green,QB,CLE,JAX,9.218622562145262,9.218622562145262,72,,,,ROLE_FILTERED,ROLE_FILTERED,False,True,QB,9,4,LOW,0,0,,,,,SOURCE_UNAVAILABLE_FOR_2026_AT_BUILD,INJURY_CONTEXT_UNAVAILABLE;OUTSIDE_DEPTH_ELIGIBILITY;NO_PRIOR_GAMES,"Raw 9.22 PPR; QB raw rank 72; depth slot 9, rank 4; 0 prior games; injury context unavailable.",2026-08-22T07:46:47.668866+00:00,2026-08-22T07:49:49.992921+00:00,hist_gradient_boosting,v1_evaluated_2025,v1_weekly_rankings
2026,1,2026_01_NE_SEA,2026-09-09,00-0038476,Tommy DeVito,QB,NE,SEA,8.699769989021286,8.699769989021286,74,,,,ROLE_FILTERED,ROLE_FILTERED,False,True,QB,9,2,MEDIUM,11,0,633.0,5.484,21.8,0.592,SOURCE_UNAVAILABLE_FOR_2026_AT_BUILD,INJURY_CONTEXT_UNAVAILABLE;OUTSIDE_DEPTH_ELIGIBILITY,"Raw 8.70 PPR; QB raw rank 74; depth slot 9, rank 2; 11 prior games; injury context unavailable.",2026-08-22T07:46:47.668866+00:00,2026-08-22T07:49:49.992921+00:00,hist_gradient_boosting,v1_evaluated_2025,v1_weekly_rankings
2026,1,2026_01_TB_CIN,2026-09-13,00-0035100,Jake Browning,QB,TB,CIN,8.649624268590149,8.649624268590149,75,,,,ROLE_FILTERED,ROLE_FILTERED,False,True,QB,9,2,HIGH,16,0,294.0,9.748000000000001,26.8,0.734,SOURCE_UNAVAILABLE_FOR_2026_AT_BUILD,INJURY_CONTEXT_UNAVAILABLE;OUTSIDE_DEPTH_ELIGIBILITY,"Raw 8.65 PPR; QB raw rank 75; depth slot 9, rank 2; 16 prior games; injury context unavailable.",2026-08-22T07:46:47.668866+00:00,2026-08-22T07:49:49.992921+00:00,hist_gradient_boosting,v1_evaluated_2025,v1_weekly_rankings
2026,1,2026_01_DEN_KC,2026-09-14,00-0036879,Sam Ehlinger,QB,DEN,KC,8.620385138341147,8.620385138341147,76,,,,ROLE_FILTERED,ROLE_FILTERED,False,True,QB,9,3,LOW,7,0,1345.0,7.104000000000001,23.8,0.728,SOURCE_UNAVAILABLE_FOR_2026_AT_BUILD,INJURY_CONTEXT_UNAVAILABLE;OUTSIDE_DEPTH_ELIGIBILITY;STALE_HISTORY,"Raw 8.62 PPR; QB raw rank 76; depth slot 9, rank 3; 7 prior games; injury context unavailable.",2026-08-22T07:46:47.668866+00:00,2026-08-22T07:49:49.992921+00:00,hist_gradient_boosting,v1_evaluated_2025,v1_weekly_rankings
2026,1,2026_01_SF_LA,2026-09-10,00-0040589,Kurtis Rourke,QB,SF,LA,8.370074576578142,8.370074576578142,77,,,,ROLE_FILTERED,ROLE_FILTERED,False,True,QB,9,3,LOW,0,0,,,,,SOURCE_UNAVAILABLE_FOR_2026_AT_BUILD,INJURY_CONTEXT_UNAVAILABLE;OUTSIDE_DEPTH_ELIGIBILITY;NO_PRIOR_GAMES,"Raw 8.37 PPR; QB raw rank 77; depth slot 9, rank 3; 0 prior games; injury context unavailable.",2026-08-22T07:46:47.668866+00:00,2026-08-22T07:49:49.992921+00:00,hist_gradient_boosting,v1_evaluated_2025,v1_weekly_rankings
2026,1,2026_01_CHI_CAR,2026-09-13,00-0041149,Haynes King,QB,CAR,CHI,8.326357191120017,8.326357191120017,78,,,,ROLE_FILTERED,ROLE_FILTERED,False,True,QB,9,3,LOW,0,0,,,,,SOURCE_UNAVAILABLE_FOR_2026_AT_BUILD,INJURY_CONTEXT_UNAVAILABLE;OUTSIDE_DEPTH_ELIGIBILITY;NO_PRIOR_GAMES,"Raw 8.33 PPR; QB raw rank 78; depth slot 9, rank 3; 0 prior games; injury context unavailable.",2026-08-22T07:46:47.668866+00:00,2026-08-22T07:49:49.992921+00:00,hist_gradient_boosting,v1_evaluated_2025,v1_weekly_rankings
2026,1,2026_01_MIA_LV,2026-09-13,00-0040234,Quinn Ewers,QB,MIA,LV,8.216451113493171,8.216451113493171,79,,,,ROLE_FILTERED,ROLE_FILTERED,False,True,QB,9,2,MEDIUM,4,0,252.0,8.295,22.75,0.79,SOURCE_UNAVAILABLE_FOR_2026_AT_BUILD,INJURY_CONTEXT_UNAVAILABLE;OUTSIDE_DEPTH_ELIGIBILITY,"Raw 8.22 PPR; QB raw rank 79; depth slot 9, rank 2; 4 prior games; injury context unavailable.",2026-08-22T07:46:47.668866+00:00,2026-08-22T07:49:49.992921+00:00,hist_gradient_boosting,v1_evaluated_2025,v1_weekly_rankings
2026,1,2026_01_NYJ_TEN,2026-09-13,00-0040398,Brady Cook,QB,NYJ,TEN,8.09948611969609,8.09948611969609,80,,,,ROLE_FILTERED,ROLE_FILTERED,False,True,QB,9,3,HIGH,5,0,252.0,5.692,33.2,0.9800000000000001,SOURCE_UNAVAILABLE_FOR_2026_AT_BUILD,INJURY_CONTEXT_UNAVAILABLE;OUTSIDE_DEPTH_ELIGIBILITY,"Raw 8.10 PPR; QB raw rank 80; depth slot 9, rank 3; 5 prior games; injury context unavailable.",2026-08-22T07:46:47.668866+00:00,2026-08-22T07:49:49.992921+00:00,hist_gradient_boosting,v1_evaluated_2025,v1_weekly_rankings
2026,1,2026_01_NO_DET,2026-09-13,00-0039376,Spencer Rattler,QB,NO,DET,7.95239843008825,7.95239843008825,81,,,,ROLE_FILTERED,ROLE_FILTERED,False,True,QB,9,2,HIGH,16,0,273.0,8.068000000000001,25.2,0.6779999999999999,SOURCE_UNAVAILABLE_FOR_2026_AT_BUILD,INJURY_CONTEXT_UNAVAILABLE;OUTSIDE_DEPTH_ELIGIBILITY,"Raw 7.95 PPR; QB raw rank 81; depth slot 9, rank 2; 16 prior games; injury context unavailable.",2026-08-22T07:46:47.668866+00:00,2026-08-22T07:49:49.992921+00:00,hist_gradient_boosting,v1_evaluated_2025,v1_weekly_rankings
2026,1,2026_01_ARI_LAC,2026-09-13,00-0037012,Trey Lance,QB,LAC,ARI,7.928356478989119,7.928356478989119,82,,,,ROLE_FILTERED,ROLE_FILTERED,False,True,QB,9,2,HIGH,16,0,252.0,5.18,22.8,0.502,SOURCE_UNAVAILABLE_FOR_2026_AT_BUILD,INJURY_CONTEXT_UNAVAILABLE;OUTSIDE_DEPTH_ELIGIBILITY,"Raw 7.93 PPR; QB raw rank 82; depth slot 9, rank 2; 16 prior games; injury context unavailable.",2026-08-22T07:46:47.668866+00:00,2026-08-22T07:49:49.992921+00:00,hist_gradient_boosting,v1_evaluated_2025,v1_weekly_rankings
2026,1,2026_01_BAL_IND,2026-09-13,00-0040206,Riley Leonard,QB,IND,BAL,7.854159744195283,7.854159744195283,83,,,,ROLE_FILTERED,ROLE_FILTERED,False,True,QB,9,3,HIGH,5,0,252.0,6.2,14.6,0.394,SOURCE_UNAVAILABLE_FOR_2026_AT_BUILD,INJURY_CONTEXT_UNAVAILABLE;OUTSIDE_DEPTH_ELIGIBILITY,"Raw 7.85 PPR; QB raw rank 83; depth slot 9, rank 3; 5 prior games; injury context unavailable.",2026-08-22T07:46:47.668866+00:00,2026-08-22T07:49:49.992921+00:00,hist_gradient_boosting,v1_evaluated_2025,v1_weekly_rankings
2026,1,2026_01_SF_LA,2026-09-10,00-0036972,Mac Jones,QB,SF,LA,7.849080430480182,7.849080430480182,84,,,,ROLE_FILTERED,ROLE_FILTERED,False,True,QB,9,2,HIGH,63,0,262.0,7.692000000000002,15.2,0.43599999999999994,SOURCE_UNAVAILABLE_FOR_2026_AT_BUILD,INJURY_CONTEXT_UNAVAILABLE;OUTSIDE_DEPTH_ELIGIBILITY,"Raw 7.85 PPR; QB raw rank 84; depth slot 9, rank 2; 63 prior games; injury context unavailable.",2026-08-22T07:46:47.668866+00:00,2026-08-22T07:49:49.992921+00:00,hist_gradient_boosting,v1_evaluated_2025,v1_weekly_rankings
2026,1,2026_01_GB_MIN,2026-09-13,00-0028118,Tyrod Taylor,QB,GB,MIN,7.717779388100382,7.717779388100382,85,,,,ROLE_FILTERED,ROLE_FILTERED,False,True,QB,9,2,HIGH,36,0,280.0,10.224,29.4,0.728,SOURCE_UNAVAILABLE_FOR_2026_AT_BUILD,INJURY_CONTEXT_UNAVAILABLE;OUTSIDE_DEPTH_ELIGIBILITY,"Raw 7.72 PPR; QB raw rank 85; depth slot 9, rank 2; 36 prior games; injury context unavailable.",2026-08-22T07:46:47.668866+00:00,2026-08-22T07:49:49.992921+00:00,hist_gradient_boosting,v1_evaluated_2025,v1_weekly_rankings
2026,1,2026_01_BUF_HOU,2026-09-13,00-0036898,Davis Mills,QB,HOU,BUF,7.692137208150949,7.692137208150949,86,,,,ROLE_FILTERED,ROLE_FILTERED,False,True,QB,9,2,HIGH,43,0,252.0,13.475999999999999,33.0,0.806,SOURCE_UNAVAILABLE_FOR_2026_AT_BUILD,INJURY_CONTEXT_UNAVAILABLE;OUTSIDE_DEPTH_ELIGIBILITY,"Raw 7.69 PPR; QB raw rank 86; depth slot 9, rank 2; 43 prior games; injury context unavailable.",2026-08-22T07:46:47.668866+00:00,2026-08-22T07:49:49.992921+00:00,hist_gradient_boosting,v1_evaluated_2025,v1_weekly_rankings
2026,1,2026_01_CLE_JAX,2026-09-13,00-0033319,Nick Mullens,QB,JAX,CLE,7.3602370604219045,7.3602370604219045,87,,,,ROLE_FILTERED,ROLE_FILTERED,False,True,QB,9,2,HIGH,37,0,252.0,-0.04799999999999999,3.4,0.096,SOURCE_UNAVAILABLE_FOR_2026_AT_BUILD,INJURY_CONTEXT_UNAVAILABLE;OUTSIDE_DEPTH_ELIGIBILITY,"Raw 7.36 PPR; QB raw rank 87; depth slot 9, rank 2; 37 prior games; injury context unavailable.",2026-08-22T07:46:47.668866+00:00,2026-08-22T07:49:49.992921+00:00,hist_gradient_boosting,v1_evaluated_2025,v1_weekly_rankings
2026,1,2026_01_BAL_IND,2026-09-13,00-0039164,Anthony Richardson,QB,IND,BAL,6.988468209552092,6.988468209552092,88,,,,ROLE_FILTERED,ROLE_FILTERED,False,True,QB,9,2,HIGH,17,0,343.0,11.588,20.8,0.646,SOURCE_UNAVAILABLE_FOR_2026_AT_BUILD,INJURY_CONTEXT_UNAVAILABLE;OUTSIDE_DEPTH_ELIGIBILITY,"Raw 6.99 PPR; QB raw rank 88; depth slot 9, rank 2; 17 prior games; injury context unavailable.",2026-08-22T07:46:47.668866+00:00,2026-08-22T07:49:49.992921+00:00,hist_gradient_boosting,v1_evaluated_2025,v1_weekly_rankings
2026,1,2026_01_TB_CIN,2026-09-13,00-0038391,Sean Clifford,QB,CIN,TB,6.706418684420523,6.706418684420523,89,,,,ROLE_FILTERED,ROLE_FILTERED,False,True,QB,9,4,LOW,2,0,987.0,0.64,2.0,0.095,SOURCE_UNAVAILABLE_FOR_2026_AT_BUILD,INJURY_CONTEXT_UNAVAILABLE;OUTSIDE_DEPTH_ELIGIBILITY;LIMITED_HISTORY;STALE_HISTORY,"Raw 6.71 PPR; QB raw rank 89; depth slot 9, rank 4; 2 prior games; injury context unavailable.",2026-08-22T07:46:47.668866+00:00,2026-08-22T07:49:49.992921+00:00,hist_gradient_boosting,v1_evaluated_2025,v1_weekly_rankings
2026,1,2026_01_NO_DET,2026-09-13,00-0037013,Zach Wilson,QB,NO,DET,6.383922638424352,6.383922638424352,90,,,,ROLE_FILTERED,ROLE_FILTERED,False,True,QB,9,3,HIGH,38,0,252.0,0.08400000000000002,5.0,0.166,SOURCE_UNAVAILABLE_FOR_2026_AT_BUILD,INJURY_CONTEXT_UNAVAILABLE;OUTSIDE_DEPTH_ELIGIBILITY,"Raw 6.38 PPR; QB raw rank 90; depth slot 9, rank 3; 38 prior games; injury context unavailable.",2026-08-22T07:46:47.668866+00:00,2026-08-22T07:49:49.992921+00:00,hist_gradient_boosting,v1_evaluated_2025,v1_weekly_rankings
2026,1,2026_01_DEN_KC,2026-09-14,00-0037324,Chris Oladokun,QB,KC,DEN,6.26695017462792,6.26695017462792,91,,,,ROLE_FILTERED,ROLE_FILTERED,False,True,QB,9,4,MEDIUM,4,0,253.0,2.9250000000000003,15.25,0.5974999999999999,SOURCE_UNAVAILABLE_FOR_2026_AT_BUILD,INJURY_CONTEXT_UNAVAILABLE;OUTSIDE_DEPTH_ELIGIBILITY,"Raw 6.27 PPR; QB raw rank 91; depth slot 9, rank 4; 4 prior games; injury context unavailable.",2026-08-22T07:46:47.668866+00:00,2026-08-22T07:49:49.992921+00:00,hist_gradient_boosting,v1_evaluated_2025,v1_weekly_rankings
2026,1,2026_01_SF_LA,2026-09-10,00-0038658,Adrian Martinez,QB,SF,LA,6.221295146683677,6.221295146683677,92,,,,ROLE_FILTERED,ROLE_FILTERED,False,True,QB,9,4,LOW,1,0,312.0,-0.1,1.0,,SOURCE_UNAVAILABLE_FOR_2026_AT_BUILD,INJURY_CONTEXT_UNAVAILABLE;OUTSIDE_DEPTH_ELIGIBILITY;LIMITED_HISTORY,"Raw 6.22 PPR; QB raw rank 92; depth slot 9, rank 4; 1 prior games; injury context unavailable.",2026-08-22T07:46:47.668866+00:00,2026-08-22T07:49:49.992921+00:00,hist_gradient_boosting,v1_evaluated_2025,v1_weekly_rankings
2026,1,2026_01_WAS_PHI,2026-09-13,00-0038400,Tanner McKee,QB,PHI,WAS,6.140572891441273,6.140572891441273,93,,,,ROLE_FILTERED,ROLE_FILTERED,False,True,QB,9,3,HIGH,6,0,252.0,6.524000000000001,19.0,0.476,SOURCE_UNAVAILABLE_FOR_2026_AT_BUILD,INJURY_CONTEXT_UNAVAILABLE;OUTSIDE_DEPTH_ELIGIBILITY,"Raw 6.14 PPR; QB raw rank 93; depth slot 9, rank 3; 6 prior games; injury context unavailable.",2026-08-22T07:46:47.668866+00:00,2026-08-22T07:49:49.992921+00:00,hist_gradient_boosting,v1_evaluated_2025,v1_weekly_rankings
2026,1,2026_01_DEN_KC,2026-09-14,00-0035264,Jarrett Stidham,QB,DEN,KC,6.0290114045400625,6.0290114045400625,94,,,,ROLE_FILTERED,ROLE_FILTERED,False,True,QB,9,2,HIGH,16,0,323.0,5.4079999999999995,16.0,0.442,SOURCE_UNAVAILABLE_FOR_2026_AT_BUILD,INJURY_CONTEXT_UNAVAILABLE;OUTSIDE_DEPTH_ELIGIBILITY,"Raw 6.03 PPR; QB raw rank 94; depth slot 9, rank 2; 16 prior games; injury context unavailable.",2026-08-22T07:46:47.668866+00:00,2026-08-22T07:49:49.992921+00:00,hist_gradient_boosting,v1_evaluated_2025,v1_weekly_rankings
2026,1,2026_01_BAL_IND,2026-09-13,00-0037327,Skylar Thompson,QB,BAL,IND,5.987514854792976,5.987514854792976,95,,,,ROLE_FILTERED,ROLE_FILTERED,False,True,QB,9,5,MEDIUM,9,0,721.0,3.7640000000000002,18.2,0.45,SOURCE_UNAVAILABLE_FOR_2026_AT_BUILD,INJURY_CONTEXT_UNAVAILABLE;OUTSIDE_DEPTH_ELIGIBILITY,"Raw 5.99 PPR; QB raw rank 95; depth slot 9, rank 5; 9 prior games; injury context unavailable.",2026-08-22T07:46:47.668866+00:00,2026-08-22T07:49:49.992921+00:00,hist_gradient_boosting,v1_evaluated_2025,v1_weekly_rankings
2026,1,2026_01_CHI_CAR,2026-09-13,00-0028986,Case Keenum,QB,CHI,CAR,5.763899301999234,5.763899301999234,96,,,,ROLE_FILTERED,ROLE_FILTERED,False,True,QB,9,3,LOW,36,0,994.0,4.52,19.2,0.5720000000000001,SOURCE_UNAVAILABLE_FOR_2026_AT_BUILD,INJURY_CONTEXT_UNAVAILABLE;OUTSIDE_DEPTH_ELIGIBILITY;STALE_HISTORY,"Raw 5.76 PPR; QB raw rank 96; depth slot 9, rank 3; 36 prior games; injury context unavailable.",2026-08-22T07:46:47.668866+00:00,2026-08-22T07:49:49.992921+00:00,hist_gradient_boosting,v1_evaluated_2025,v1_weekly_rankings
2026,1,2026_01_ATL_PIT,2026-09-13,00-0034771,Mason Rudolph,QB,PIT,ATL,5.759280824035119,5.759280824035119,97,,,,ROLE_FILTERED,ROLE_FILTERED,False,True,QB,9,2,HIGH,33,0,287.0,3.0,11.8,0.33799999999999997,SOURCE_UNAVAILABLE_FOR_2026_AT_BUILD,INJURY_CONTEXT_UNAVAILABLE;OUTSIDE_DEPTH_ELIGIBILITY,"Raw 5.76 PPR; QB raw rank 97; depth slot 9, rank 2; 33 prior games; injury context unavailable.",2026-08-22T07:46:47.668866+00:00,2026-08-22T07:49:49.992921+00:00,hist_gradient_boosting,v1_evaluated_2025,v1_weekly_rankings
2026,1,2026_01_CHI_CAR,2026-09-13,00-0038102,Kenny Pickett,QB,CAR,CHI,5.689162039666743,5.689162039666743,98,,,,ROLE_FILTERED,ROLE_FILTERED,False,True,QB,9,2,HIGH,36,0,252.0,1.8800000000000001,9.4,0.314,SOURCE_UNAVAILABLE_FOR_2026_AT_BUILD,INJURY_CONTEXT_UNAVAILABLE;OUTSIDE_DEPTH_ELIGIBILITY,"Raw 5.69 PPR; QB raw rank 98; depth slot 9, rank 2; 36 prior games; injury context unavailable.",2026-08-22T07:46:47.668866+00:00,2026-08-22T07:49:49.992921+00:00,hist_gradient_boosting,v1_evaluated_2025,v1_weekly_rankings
2026,1,2026_01_NYJ_TEN,2026-09-13,00-0038550,Hendon Hooker,QB,TEN,NYJ,5.51546925618417,5.51546925618417,99,,,,ROLE_FILTERED,ROLE_FILTERED,False,True,QB,9,4,MEDIUM,3,0,665.0,0.8933333333333334,4.6667,0.16333333333333336,SOURCE_UNAVAILABLE_FOR_2026_AT_BUILD,INJURY_CONTEXT_UNAVAILABLE;OUTSIDE_DEPTH_ELIGIBILITY,"Raw 5.52 PPR; QB raw rank 99; depth slot 9, rank 4; 3 prior games; injury context unavailable.",2026-08-22T07:46:47.668866+00:00,2026-08-22T07:49:49.992921+00:00,hist_gradient_boosting,v1_evaluated_2025,v1_weekly_rankings
2026,1,2026_01_DAL_NYG,2026-09-13,00-0032434,Brandon Allen,QB,NYG,DAL,5.438050903221026,5.438050903221026,100,,,,ROLE_FILTERED,ROLE_FILTERED,False,True,QB,9,3,HIGH,18,0,252.0,1.6039999999999999,13.8,0.442,SOURCE_UNAVAILABLE_FOR_2026_AT_BUILD,INJURY_CONTEXT_UNAVAILABLE;OUTSIDE_DEPTH_ELIGIBILITY,"Raw 5.44 PPR; QB raw rank 100; depth slot 9, rank 3; 18 prior games; injury context unavailable.",2026-08-22T07:46:47.668866+00:00,2026-08-22T07:49:49.992921+00:00,hist_gradient_boosting,v1_evaluated_2025,v1_weekly_rankings
2026,1,2026_01_BUF_HOU,2026-09-13,00-0034577,Kyle Allen,QB,BUF,HOU,5.405773932227172,5.405773932227172,101,,,,ROLE_FILTERED,ROLE_FILTERED,False,True,QB,9,2,HIGH,32,0,308.0,0.011999999999999993,2.0,0.072,SOURCE_UNAVAILABLE_FOR_2026_AT_BUILD,INJURY_CONTEXT_UNAVAILABLE;OUTSIDE_DEPTH_ELIGIBILITY,"Raw 5.41 PPR; QB raw rank 101; depth slot 9, rank 2; 32 prior games; injury context unavailable.",2026-08-22T07:46:47.668866+00:00,2026-08-22T07:49:49.992921+00:00,hist_gradient_boosting,v1_evaluated_2025,v1_weekly_rankings
2026,1,2026_01_DAL_NYG,2026-09-13,00-0039398,Joe Milton III,QB,DAL,NYG,5.347803605350022,5.347803605350022,102,,,,ROLE_FILTERED,ROLE_FILTERED,False,True,QB,9,2,HIGH,5,0,252.0,5.912000000000001,13.6,0.358,SOURCE_UNAVAILABLE_FOR_2026_AT_BUILD,INJURY_CONTEXT_UNAVAILABLE;OUTSIDE_DEPTH_ELIGIBILITY,"Raw 5.35 PPR; QB raw rank 102; depth slot 9, rank 2; 5 prior games; injury context unavailable.",2026-08-22T07:46:47.668866+00:00,2026-08-22T07:49:49.992921+00:00,hist_gradient_boosting,v1_evaluated_2025,v1_weekly_rankings
2026,1,2026_01_ARI_LAC,2026-09-13,00-0035289,Gardner Minshew,QB,ARI,LAC,4.63397109816436,4.63397109816436,103,,,,ROLE_FILTERED,ROLE_FILTERED,False,True,QB,9,2,HIGH,61,0,266.0,2.2760000000000002,12.6,0.3,SOURCE_UNAVAILABLE_FOR_2026_AT_BUILD,INJURY_CONTEXT_UNAVAILABLE;OUTSIDE_DEPTH_ELIGIBILITY,"Raw 4.63 PPR; QB raw rank 103; depth slot 9, rank 2; 61 prior games; injury context unavailable.",2026-08-22T07:46:47.668866+00:00,2026-08-22T07:49:49.992921+00:00,hist_gradient_boosting,v1_evaluated_2025,v1_weekly_rankings
2026,1,2026_01_BUF_HOU,2026-09-13,00-0036679,Shane Buechele,QB,BUF,HOU,4.516342350985713,4.516342350985713,104,,,,ROLE_FILTERED,ROLE_FILTERED,False,True,QB,9,3,LOW,1,0,252.0,3.92,15.0,0.45,SOURCE_UNAVAILABLE_FOR_2026_AT_BUILD,INJURY_CONTEXT_UNAVAILABLE;OUTSIDE_DEPTH_ELIGIBILITY;LIMITED_HISTORY,"Raw 4.52 PPR; QB raw rank 104; depth slot 9, rank 3; 1 prior games; injury context unavailable.",2026-08-22T07:46:47.668866+00:00,2026-08-22T07:49:49.992921+00:00,hist_gradient_boosting,v1_evaluated_2025,v1_weekly_rankings
2026,1,2026_01_NE_SEA,2026-09-09,00-0040673,Jalen Milroe,QB,SEA,NE,4.487852079296615,4.487852079296615,105,,,,ROLE_FILTERED,ROLE_FILTERED,False,True,QB,9,3,MEDIUM,3,0,339.0,-0.5333333333333333,1.0,0.02,SOURCE_UNAVAILABLE_FOR_2026_AT_BUILD,INJURY_CONTEXT_UNAVAILABLE;OUTSIDE_DEPTH_ELIGIBILITY,"Raw 4.49 PPR; QB raw rank 105; depth slot 9, rank 3; 3 prior games; injury context unavailable.",2026-08-22T07:46:47.668866+00:00,2026-08-22T07:49:49.992921+00:00,hist_gradient_boosting,v1_evaluated_2025,v1_weekly_rankings
2026,1,2026_01_GB_MIN,2026-09-13,00-0040494,Max Brosmer,QB,MIN,GB,4.15695381901775,4.15695381901775,106,,,,ROLE_FILTERED,ROLE_FILTERED,False,True,QB,9,4,HIGH,7,0,252.0,0.632,14.6,0.592,SOURCE_UNAVAILABLE_FOR_2026_AT_BUILD,INJURY_CONTEXT_UNAVAILABLE;OUTSIDE_DEPTH_ELIGIBILITY,"Raw 4.16 PPR; QB raw rank 106; depth slot 9, rank 4; 7 prior games; injury context unavailable.",2026-08-22T07:46:47.668866+00:00,2026-08-22T07:49:49.992921+00:00,hist_gradient_boosting,v1_evaluated_2025,v1_weekly_rankings
2026,1,2026_01_CLE_JAX,2026-09-13,00-0040704,Dillon Gabriel,QB,CLE,JAX,4.059918452417084,4.059918452417084,107,,,,ROLE_FILTERED,ROLE_FILTERED,False,True,QB,9,3,HIGH,10,0,266.0,6.9079999999999995,17.2,0.506,SOURCE_UNAVAILABLE_FOR_2026_AT_BUILD,INJURY_CONTEXT_UNAVAILABLE;OUTSIDE_DEPTH_ELIGIBILITY,"Raw 4.06 PPR; QB raw rank 107; depth slot 9, rank 3; 10 prior games; injury context unavailable.",2026-08-22T07:46:47.668866+00:00,2026-08-22T07:49:49.992921+00:00,hist_gradient_boosting,v1_evaluated_2025,v1_weekly_rankings
2026,1,2026_01_DAL_NYG,2026-09-13,00-0037077,Sam Howell,QB,DAL,NYG,3.8226721827881254,3.8226721827881254,108,,,,ROLE_FILTERED,ROLE_FILTERED,False,True,QB,9,3,MEDIUM,19,0,637.0,3.9520000000000004,25.2,0.74,SOURCE_UNAVAILABLE_FOR_2026_AT_BUILD,INJURY_CONTEXT_UNAVAILABLE;OUTSIDE_DEPTH_ELIGIBILITY,"Raw 3.82 PPR; QB raw rank 108; depth slot 9, rank 3; 19 prior games; injury context unavailable.",2026-08-22T07:46:47.668866+00:00,2026-08-22T07:49:49.992921+00:00,hist_gradient_boosting,v1_evaluated_2025,v1_weekly_rankings
2026,1,2026_01_CHI_CAR,2026-09-13,00-0038416,Tyson Bagent,QB,CHI,CAR,3.0160722761609406,3.0160722761609406,109,,,,ROLE_FILTERED,ROLE_FILTERED,False,True,QB,9,2,HIGH,11,0,315.0,0.544,2.2,0.068,SOURCE_UNAVAILABLE_FOR_2026_AT_BUILD,INJURY_CONTEXT_UNAVAILABLE;OUTSIDE_DEPTH_ELIGIBILITY,"Raw 3.02 PPR; QB raw rank 109; depth slot 9, rank 2; 11 prior games; injury context unavailable.",2026-08-22T07:46:47.668866+00:00,2026-08-22T07:49:49.992921+00:00,hist_gradient_boosting,v1_evaluated_2025,v1_weekly_rankings
2026,1,2026_01_ARI_LAC,2026-09-13,00-0039577,Kedon Slovis,QB,ARI,LAC,2.2476479753244454,2.2476479753244454,110,,,,ROLE_FILTERED,ROLE_FILTERED,False,True,QB,9,4,LOW,2,0,294.0,-0.04,1.0,0.03,SOURCE_UNAVAILABLE_FOR_2026_AT_BUILD,INJURY_CONTEXT_UNAVAILABLE;OUTSIDE_DEPTH_ELIGIBILITY;LIMITED_HISTORY,"Raw 2.25 PPR; QB raw rank 110; depth slot 9, rank 4; 2 prior games; injury context unavailable.",2026-08-22T07:46:47.668866+00:00,2026-08-22T07:49:49.992921+00:00,hist_gradient_boosting,v1_evaluated_2025,v1_weekly_rankings
2026,1,2026_01_NO_DET,2026-09-13,00-0039373,Audric Estimé,RB,NO,DET,11.115815370289333,11.115815370289333,26,,,,ROLE_FILTERED,ROLE_FILTERED,False,True,RB,11,5,HIGH,18,0,252.0,9.620000000000001,11.8,0.542,SOURCE_UNAVAILABLE_FOR_2026_AT_BUILD,INJURY_CONTEXT_UNAVAILABLE;OUTSIDE_DEPTH_ELIGIBILITY,"Raw 11.12 PPR; RB raw rank 26; depth slot 11, rank 5; 18 prior games; injury context unavailable.",2026-08-22T07:46:47.668866+00:00,2026-08-22T07:49:49.992921+00:00,random_forest,v1_evaluated_2025,v1_weekly_rankings
2026,1,2026_01_NYJ_TEN,2026-09-13,00-0036924,Michael Carter,RB,TEN,NYJ,9.74396070353079,9.74396070353079,32,,,,ROLE_FILTERED,ROLE_FILTERED,False,True,RB,11,4,HIGH,61,0,252.0,7.640000000000001,11.8,0.5660000000000001,SOURCE_UNAVAILABLE_FOR_2026_AT_BUILD,INJURY_CONTEXT_UNAVAILABLE;OUTSIDE_DEPTH_ELIGIBILITY,"Raw 9.74 PPR; RB raw rank 32; depth slot 11, rank 4; 61 prior games; injury context unavailable.",2026-08-22T07:46:47.668866+00:00,2026-08-22T07:49:49.992921+00:00,random_forest,v1_evaluated_2025,v1_weekly_rankings
2026,1,2026_01_NO_DET,2026-09-13,00-0040202,Devin Neal,RB,NO,DET,9.516844913997817,9.516844913997817,35,,,,ROLE_FILTERED,ROLE_FILTERED,False,True,RB,11,4,HIGH,9,0,273.0,10.540000000000001,13.2,0.5879999999999999,SOURCE_UNAVAILABLE_FOR_2026_AT_BUILD,INJURY_CONTEXT_UNAVAILABLE;OUTSIDE_DEPTH_ELIGIBILITY,"Raw 9.52 PPR; RB raw rank 35; depth slot 11, rank 4; 9 prior games; injury context unavailable.",2026-08-22T07:46:47.668866+00:00,2026-08-22T07:49:49.992921+00:00,random_forest,v1_evaluated_2025,v1_weekly_rankings
2026,1,2026_01_NE_SEA,2026-09-09,00-0038797,Emanuel Wilson,RB,SEA,NE,8.477376223938034,8.477376223938034,40,,,,ROLE_FILTERED,ROLE_FILTERED,False,True,RB,11,4,HIGH,39,0,248.0,3.7400000000000007,8.4,0.344,SOURCE_UNAVAILABLE_FOR_2026_AT_BUILD,INJURY_CONTEXT_UNAVAILABLE;OUTSIDE_DEPTH_ELIGIBILITY,"Raw 8.48 PPR; RB raw rank 40; depth slot 11, rank 4; 39 prior games; injury context unavailable.",2026-08-22T07:46:47.668866+00:00,2026-08-22T07:49:49.992921+00:00,random_forest,v1_evaluated_2025,v1_weekly_rankings
2026,1,2026_01_SF_LA,2026-09-10,00-0035973,Patrick Taylor,RB,SF,LA,7.728723278814561,7.728723278814561,47,,,,ROLE_FILTERED,ROLE_FILTERED,False,True,RB,11,8,MEDIUM,29,0,613.0,5.96,10.0,0.458,SOURCE_UNAVAILABLE_FOR_2026_AT_BUILD,INJURY_CONTEXT_UNAVAILABLE;OUTSIDE_DEPTH_ELIGIBILITY,"Raw 7.73 PPR; RB raw rank 47; depth slot 11, rank 8; 29 prior games; injury context unavailable.",2026-08-22T07:46:47.668866+00:00,2026-08-22T07:49:49.992921+00:00,random_forest,v1_evaluated_2025,v1_weekly_rankings
2026,1,2026_01_ARI_LAC,2026-09-13,00-0036755,Jaret Patterson,RB,LAC,ARI,7.595692239104143,7.595692239104143,49,,,,ROLE_FILTERED,ROLE_FILTERED,False,True,RB,11,4,HIGH,23,0,252.0,4.54,6.8,0.29400000000000004,SOURCE_UNAVAILABLE_FOR_2026_AT_BUILD,INJURY_CONTEXT_UNAVAILABLE;OUTSIDE_DEPTH_ELIGIBILITY,"Raw 7.60 PPR; RB raw rank 49; depth slot 11, rank 4; 23 prior games; injury context unavailable.",2026-08-22T07:46:47.668866+00:00,2026-08-22T07:49:49.992921+00:00,random_forest,v1_evaluated_2025,v1_weekly_rankings
2026,1,2026_01_ARI_LAC,2026-09-13,00-0039921,Trey Benson,RB,ARI,LAC,7.131772672120103,7.131772672120103,57,,,,ROLE_FILTERED,ROLE_FILTERED,False,True,RB,11,4,HIGH,16,0,353.0,7.5200000000000005,10.0,0.418,SOURCE_UNAVAILABLE_FOR_2026_AT_BUILD,INJURY_CONTEXT_UNAVAILABLE;OUTSIDE_DEPTH_ELIGIBILITY,"Raw 7.13 PPR; RB raw rank 57; depth slot 11, rank 4; 16 prior games; injury context unavailable.",2026-08-22T07:46:47.668866+00:00,2026-08-22T07:49:49.992921+00:00,random_forest,v1_evaluated_2025,v1_weekly_rankings
2026,1,2026_01_DEN_KC,2026-09-14,00-0040078,Brashard Smith,RB,KC,DEN,7.103793203961214,7.103793203961214,58,,,,ROLE_FILTERED,ROLE_FILTERED,False,True,RB,11,4,HIGH,17,0,253.0,3.9,4.8,0.196,SOURCE_UNAVAILABLE_FOR_2026_AT_BUILD,INJURY_CONTEXT_UNAVAILABLE;OUTSIDE_DEPTH_ELIGIBILITY,"Raw 7.10 PPR; RB raw rank 58; depth slot 11, rank 4; 17 prior games; injury context unavailable.",2026-08-22T07:46:47.668866+00:00,2026-08-22T07:49:49.992921+00:00,random_forest,v1_evaluated_2025,v1_weekly_rankings
2026,1,2026_01_DAL_NYG,2026-09-13,00-0037563,Malik Davis,RB,DAL,NYG,6.494978457826869,6.494978457826869,62,,,,ROLE_FILTERED,ROLE_FILTERED,False,True,RB,11,4,HIGH,17,0,262.0,7.12,9.4,0.318,SOURCE_UNAVAILABLE_FOR_2026_AT_BUILD,INJURY_CONTEXT_UNAVAILABLE;OUTSIDE_DEPTH_ELIGIBILITY,"Raw 6.49 PPR; RB raw rank 62; depth slot 11, rank 4; 17 prior games; injury context unavailable.",2026-08-22T07:46:47.668866+00:00,2026-08-22T07:49:49.992921+00:00,random_forest,v1_evaluated_2025,v1_weekly_rankings
2026,1,2026_01_NO_DET,2026-09-13,00-0037276,Ty Chandler,RB,NO,DET,6.393324064395929,6.393324064395929,64,,,,ROLE_FILTERED,ROLE_FILTERED,False,True,RB,11,6,HIGH,35,0,252.0,1.9,5.2,0.154,SOURCE_UNAVAILABLE_FOR_2026_AT_BUILD,INJURY_CONTEXT_UNAVAILABLE;OUTSIDE_DEPTH_ELIGIBILITY,"Raw 6.39 PPR; RB raw rank 64; depth slot 11, rank 6; 35 prior games; injury context unavailable.",2026-08-22T07:46:47.668866+00:00,2026-08-22T07:49:49.992921+00:00,random_forest,v1_evaluated_2025,v1_weekly_rankings
2026,1,2026_01_CLE_JAX,2026-09-13,00-0041217,J'mari Taylor,RB,JAX,CLE,6.299896818595348,6.299896818595348,65,,,,ROLE_FILTERED,ROLE_FILTERED,False,True,RB,11,6,LOW,0,0,,,,,SOURCE_UNAVAILABLE_FOR_2026_AT_BUILD,INJURY_CONTEXT_UNAVAILABLE;OUTSIDE_DEPTH_ELIGIBILITY;NO_PRIOR_GAMES,"Raw 6.30 PPR; RB raw rank 65; depth slot 11, rank 6; 0 prior games; injury context unavailable.",2026-08-22T07:46:47.668866+00:00,2026-08-22T07:49:49.992921+00:00,random_forest,v1_evaluated_2025,v1_weekly_rankings
2026,1,2026_01_DEN_KC,2026-09-14,00-0038794,Jaleel McLaughlin,RB,DEN,KC,6.056149910900653,6.056149910900653,67,,,,ROLE_FILTERED,ROLE_FILTERED,False,True,RB,11,5,HIGH,41,0,253.0,3.8,5.4,0.172,SOURCE_UNAVAILABLE_FOR_2026_AT_BUILD,INJURY_CONTEXT_UNAVAILABLE;OUTSIDE_DEPTH_ELIGIBILITY,"Raw 6.06 PPR; RB raw rank 67; depth slot 11, rank 5; 41 prior games; injury context unavailable.",2026-08-22T07:46:47.668866+00:00,2026-08-22T07:49:49.992921+00:00,random_forest,v1_evaluated_2025,v1_weekly_rankings
2026,1,2026_01_SF_LA,2026-09-10,00-0037509,Sincere McCormick,RB,SF,LA,5.966673785118957,5.966673785118957,68,,,,ROLE_FILTERED,ROLE_FILTERED,False,True,RB,11,5,MEDIUM,4,0,633.0,6.800000000000001,11.5,0.32499999999999996,SOURCE_UNAVAILABLE_FOR_2026_AT_BUILD,INJURY_CONTEXT_UNAVAILABLE;OUTSIDE_DEPTH_ELIGIBILITY,"Raw 5.97 PPR; RB raw rank 68; depth slot 11, rank 5; 4 prior games; injury context unavailable.",2026-08-22T07:46:47.668866+00:00,2026-08-22T07:49:49.992921+00:00,random_forest,v1_evaluated_2025,v1_weekly_rankings
2026,1,2026_01_GB_MIN,2026-09-13,00-0038098,Pierre Strong,RB,GB,MIN,5.44324903947388,5.44324903947388,73,,,,ROLE_FILTERED,ROLE_FILTERED,False,True,RB,11,4,MEDIUM,39,0,623.0,2.72,3.2,0.15,SOURCE_UNAVAILABLE_FOR_2026_AT_BUILD,INJURY_CONTEXT_UNAVAILABLE;OUTSIDE_DEPTH_ELIGIBILITY,"Raw 5.44 PPR; RB raw rank 73; depth slot 11, rank 4; 39 prior games; injury context unavailable.",2026-08-22T07:46:47.668866+00:00,2026-08-22T07:49:49.992921+00:00,random_forest,v1_evaluated_2025,v1_weekly_rankings
2026,1,2026_01_MIA_LV,2026-09-13,00-0040998,Roman Hemby,RB,LV,MIA,5.442037344400814,5.442037344400814,74,,,,ROLE_FILTERED,ROLE_FILTERED,False,True,RB,11,4,LOW,0,0,,,,,SOURCE_UNAVAILABLE_FOR_2026_AT_BUILD,INJURY_CONTEXT_UNAVAILABLE;OUTSIDE_DEPTH_ELIGIBILITY;NO_PRIOR_GAMES,"Raw 5.44 PPR; RB raw rank 74; depth slot 11, rank 4; 0 prior games; injury context unavailable.",2026-08-22T07:46:47.668866+00:00,2026-08-22T07:49:49.992921+00:00,random_forest,v1_evaluated_2025,v1_weekly_rankings
2026,1,2026_01_ARI_LAC,2026-09-13,00-0037157,Bam Knight,RB,ARI,LAC,5.354482416492747,5.354482416492747,76,,,,ROLE_FILTERED,ROLE_FILTERED,False,True,RB,11,5,HIGH,21,0,273.0,10.139999999999999,10.4,0.364,SOURCE_UNAVAILABLE_FOR_2026_AT_BUILD,INJURY_CONTEXT_UNAVAILABLE;OUTSIDE_DEPTH_ELIGIBILITY,"Raw 5.35 PPR; RB raw rank 76; depth slot 11, rank 5; 21 prior games; injury context unavailable.",2026-08-22T07:46:47.668866+00:00,2026-08-22T07:49:49.992921+00:00,random_forest,v1_evaluated_2025,v1_weekly_rankings
2026,1,2026_01_MIA_LV,2026-09-13,00-0038930,Carlos Washington,RB,MIA,LV,5.3259733243837335,5.3259733243837335,77,,,,ROLE_FILTERED,ROLE_FILTERED,False,True,RB,11,5,LOW,0,0,,,,,SOURCE_UNAVAILABLE_FOR_2026_AT_BUILD,INJURY_CONTEXT_UNAVAILABLE;OUTSIDE_DEPTH_ELIGIBILITY;NO_PRIOR_GAMES,"Raw 5.33 PPR; RB raw rank 77; depth slot 11, rank 5; 0 prior games; injury context unavailable.",2026-08-22T07:46:47.668866+00:00,2026-08-22T07:49:49.992921+00:00,random_forest,v1_evaluated_2025,v1_weekly_rankings
2026,1,2026_01_MIA_LV,2026-09-13,00-0040400,Donovan Edwards,RB,MIA,LV,5.3259733243837335,5.3259733243837335,78,,,,ROLE_FILTERED,ROLE_FILTERED,False,True,RB,11,4,LOW,0,0,,,,,SOURCE_UNAVAILABLE_FOR_2026_AT_BUILD,INJURY_CONTEXT_UNAVAILABLE;OUTSIDE_DEPTH_ELIGIBILITY;NO_PRIOR_GAMES,"Raw 5.33 PPR; RB raw rank 78; depth slot 11, rank 4; 0 prior games; injury context unavailable.",2026-08-22T07:46:47.668866+00:00,2026-08-22T07:49:49.992921+00:00,random_forest,v1_evaluated_2025,v1_weekly_rankings
2026,1,2026_01_NYJ_TEN,2026-09-13,00-0036842,Kene Nwangwu,RB,NYJ,TEN,5.151144220796116,5.151144220796116,83,,,,ROLE_FILTERED,ROLE_FILTERED,False,True,RB,11,4,HIGH,43,0,252.0,0.9800000000000001,2.8,0.10200000000000001,SOURCE_UNAVAILABLE_FOR_2026_AT_BUILD,INJURY_CONTEXT_UNAVAILABLE;OUTSIDE_DEPTH_ELIGIBILITY,"Raw 5.15 PPR; RB raw rank 83; depth slot 11, rank 4; 43 prior games; injury context unavailable.",2026-08-22T07:46:47.668866+00:00,2026-08-22T07:49:49.992921+00:00,random_forest,v1_evaluated_2025,v1_weekly_rankings
2026,1,2026_01_WAS_PHI,2026-09-13,00-0039325,Carson Steele,RB,PHI,WAS,5.109164665928703,5.109164665928703,84,,,,ROLE_FILTERED,ROLE_FILTERED,False,True,RB,11,5,MEDIUM,13,0,616.0,1.8,3.4,0.242,SOURCE_UNAVAILABLE_FOR_2026_AT_BUILD,INJURY_CONTEXT_UNAVAILABLE;OUTSIDE_DEPTH_ELIGIBILITY,"Raw 5.11 PPR; RB raw rank 84; depth slot 11, rank 5; 13 prior games; injury context unavailable.",2026-08-22T07:46:47.668866+00:00,2026-08-22T07:49:49.992921+00:00,random_forest,v1_evaluated_2025,v1_weekly_rankings
2026,1,2026_01_MIA_LV,2026-09-13,00-0039244,Chris Collier,RB,LV,MIA,5.051323405815889,5.051323405815889,85,,,,ROLE_FILTERED,ROLE_FILTERED,False,True,RB,11,6,MEDIUM,6,0,616.0,0.36,1.4,0.06799999999999999,SOURCE_UNAVAILABLE_FOR_2026_AT_BUILD,INJURY_CONTEXT_UNAVAILABLE;OUTSIDE_DEPTH_ELIGIBILITY,"Raw 5.05 PPR; RB raw rank 85; depth slot 11, rank 6; 6 prior games; injury context unavailable.",2026-08-22T07:46:47.668866+00:00,2026-08-22T07:49:49.992921+00:00,random_forest,v1_evaluated_2025,v1_weekly_rankings
2026,1,2026_01_DAL_NYG,2026-09-13,00-0041139,Damon Bankston,RB,NYG,DAL,5.022571318910136,5.022571318910136,86,,,,ROLE_FILTERED,ROLE_FILTERED,False,True,RB,11,6,LOW,0,0,,,,,SOURCE_UNAVAILABLE_FOR_2026_AT_BUILD,INJURY_CONTEXT_UNAVAILABLE;OUTSIDE_DEPTH_ELIGIBILITY;NO_PRIOR_GAMES,"Raw 5.02 PPR; RB raw rank 86; depth slot 11, rank 6; 0 prior games; injury context unavailable.",2026-08-22T07:46:47.668866+00:00,2026-08-22T07:49:49.992921+00:00,random_forest,v1_evaluated_2025,v1_weekly_rankings
2026,1,2026_01_DEN_KC,2026-09-14,00-0040959,Jaydn Ott,RB,KC,DEN,4.902049567888536,4.902049567888536,89,,,,ROLE_FILTERED,ROLE_FILTERED,False,True,RB,11,5,LOW,0,0,,,,,SOURCE_UNAVAILABLE_FOR_2026_AT_BUILD,INJURY_CONTEXT_UNAVAILABLE;OUTSIDE_DEPTH_ELIGIBILITY;NO_PRIOR_GAMES,"Raw 4.90 PPR; RB raw rank 89; depth slot 11, rank 5; 0 prior games; injury context unavailable.",2026-08-22T07:46:47.668866+00:00,2026-08-22T07:49:49.992921+00:00,random_forest,v1_evaluated_2025,v1_weekly_rankings
2026,1,2026_01_DEN_KC,2026-09-14,00-0040964,E.J. Smith,RB,KC,DEN,4.902049567888536,4.902049567888536,90,,,,ROLE_FILTERED,ROLE_FILTERED,False,True,RB,11,6,LOW,0,0,,,,,SOURCE_UNAVAILABLE_FOR_2026_AT_BUILD,INJURY_CONTEXT_UNAVAILABLE;OUTSIDE_DEPTH_ELIGIBILITY;NO_PRIOR_GAMES,"Raw 4.90 PPR; RB raw rank 90; depth slot 11, rank 6; 0 prior games; injury context unavailable.",2026-08-22T07:46:47.668866+00:00,2026-08-22T07:49:49.992921+00:00,random_forest,v1_evaluated_2025,v1_weekly_rankings
2026,1,2026_01_DEN_KC,2026-09-14,00-0039703,Cody Schrader,RB,DEN,KC,4.841155338512539,4.841155338512539,92,,,,ROLE_FILTERED,ROLE_FILTERED,False,True,RB,11,6,LOW,1,0,617.0,1.9,2.0,0.03,SOURCE_UNAVAILABLE_FOR_2026_AT_BUILD,INJURY_CONTEXT_UNAVAILABLE;OUTSIDE_DEPTH_ELIGIBILITY;LIMITED_HISTORY,"Raw 4.84 PPR; RB raw rank 92; depth slot 11, rank 6; 1 prior games; injury context unavailable.",2026-08-22T07:46:47.668866+00:00,2026-08-22T07:49:49.992921+00:00,random_forest,v1_evaluated_2025,v1_weekly_rankings
2026,1,2026_01_CHI_CAR,2026-09-13,00-0036020,Salvon Ahmed,RB,CHI,CAR,4.828878388390076,4.828878388390076,93,,,,ROLE_FILTERED,ROLE_FILTERED,False,True,RB,11,5,LOW,30,0,1029.0,6.94,6.6,0.314,SOURCE_UNAVAILABLE_FOR_2026_AT_BUILD,INJURY_CONTEXT_UNAVAILABLE;OUTSIDE_DEPTH_ELIGIBILITY;STALE_HISTORY,"Raw 4.83 PPR; RB raw rank 93; depth slot 11, rank 5; 30 prior games; injury context unavailable.",2026-08-22T07:46:47.668866+00:00,2026-08-22T07:49:49.992921+00:00,random_forest,v1_evaluated_2025,v1_weekly_rankings
2026,1,2026_01_ATL_PIT,2026-09-13,00-0040547,Nate Carter,RB,ATL,PIT,4.725759362150579,4.725759362150579,94,,,,ROLE_FILTERED,ROLE_FILTERED,False,True,RB,11,4,LOW,2,0,322.0,2.0000000000000004,4.5,,SOURCE_UNAVAILABLE_FOR_2026_AT_BUILD,INJURY_CONTEXT_UNAVAILABLE;OUTSIDE_DEPTH_ELIGIBILITY;LIMITED_HISTORY,"Raw 4.73 PPR; RB raw rank 94; depth slot 11, rank 4; 2 prior games; injury context unavailable.",2026-08-22T07:46:47.668866+00:00,2026-08-22T07:49:49.992921+00:00,random_forest,v1_evaluated_2025,v1_weekly_rankings
2026,1,2026_01_DEN_KC,2026-09-14,00-0037085,Tyler Badie,RB,DEN,KC,4.664595146391276,4.664595146391276,95,,,,ROLE_FILTERED,ROLE_FILTERED,False,True,RB,11,4,HIGH,20,0,253.0,2.0,2.6,0.15,SOURCE_UNAVAILABLE_FOR_2026_AT_BUILD,INJURY_CONTEXT_UNAVAILABLE;OUTSIDE_DEPTH_ELIGIBILITY,"Raw 4.66 PPR; RB raw rank 95; depth slot 11, rank 4; 20 prior games; injury context unavailable.",2026-08-22T07:46:47.668866+00:00,2026-08-22T07:49:49.992921+00:00,random_forest,v1_evaluated_2025,v1_weekly_rankings
2026,1,2026_01_BUF_HOU,2026-09-13,00-0039603,British Brooks,RB,HOU,BUF,4.582491648584764,4.582491648584764,96,,,,ROLE_FILTERED,ROLE_FILTERED,False,True,RB,11,4,HIGH,10,0,252.0,1.2600000000000002,2.6,0.06999999999999999,SOURCE_UNAVAILABLE_FOR_2026_AT_BUILD,INJURY_CONTEXT_UNAVAILABLE;OUTSIDE_DEPTH_ELIGIBILITY,"Raw 4.58 PPR; RB raw rank 96; depth slot 11, rank 4; 10 prior games; injury context unavailable.",2026-08-22T07:46:47.668866+00:00,2026-08-22T07:49:49.992921+00:00,random_forest,v1_evaluated_2025,v1_weekly_rankings
2026,1,2026_01_WAS_PHI,2026-09-13,00-0033955,Jeremy McNichols,RB,WAS,PHI,4.524548672297207,4.524548672297207,97,,,,ROLE_FILTERED,ROLE_FILTERED,False,True,RB,11,4,HIGH,62,0,252.0,2.74,4.2,0.35,SOURCE_UNAVAILABLE_FOR_2026_AT_BUILD,INJURY_CONTEXT_UNAVAILABLE;OUTSIDE_DEPTH_ELIGIBILITY,"Raw 4.52 PPR; RB raw rank 97; depth slot 11, rank 4; 62 prior games; injury context unavailable.",2026-08-22T07:46:47.668866+00:00,2026-08-22T07:49:49.992921+00:00,random_forest,v1_evaluated_2025,v1_weekly_rankings
2026,1,2026_01_NE_SEA,2026-09-09,00-0040067,Jacardia Wright,RB,SEA,NE,4.514695418878509,4.514695418878509,98,,,,ROLE_FILTERED,ROLE_FILTERED,False,True,RB,11,6,LOW,1,0,353.0,2.0,5.0,0.09,SOURCE_UNAVAILABLE_FOR_2026_AT_BUILD,INJURY_CONTEXT_UNAVAILABLE;OUTSIDE_DEPTH_ELIGIBILITY;LIMITED_HISTORY,"Raw 4.51 PPR; RB raw rank 98; depth slot 11, rank 6; 1 prior games; injury context unavailable.",2026-08-22T07:46:47.668866+00:00,2026-08-22T07:49:49.992921+00:00,random_forest,v1_evaluated_2025,v1_weekly_rankings
2026,1,2026_01_CLE_JAX,2026-09-13,00-0040260,Ahmani Marshall,RB,CLE,JAX,4.3965957517700165,4.3965957517700165,100,,,,ROLE_FILTERED,ROLE_FILTERED,False,True,RB,11,4,LOW,0,0,,,,,SOURCE_UNAVAILABLE_FOR_2026_AT_BUILD,INJURY_CONTEXT_UNAVAILABLE;OUTSIDE_DEPTH_ELIGIBILITY;NO_PRIOR_GAMES,"Raw 4.40 PPR; RB raw rank 100; depth slot 11, rank 4; 0 prior games; injury context unavailable.",2026-08-22T07:46:47.668866+00:00,2026-08-22T07:49:49.992921+00:00,random_forest,v1_evaluated_2025,v1_weekly_rankings
2026,1,2026_01_CLE_JAX,2026-09-13,00-0041277,Davon Booth,RB,CLE,JAX,4.3965957517700165,4.3965957517700165,101,,,,ROLE_FILTERED,ROLE_FILTERED,False,True,RB,11,5,LOW,0,0,,,,,SOURCE_UNAVAILABLE_FOR_2026_AT_BUILD,INJURY_CONTEXT_UNAVAILABLE;OUTSIDE_DEPTH_ELIGIBILITY;NO_PRIOR_GAMES,"Raw 4.40 PPR; RB raw rank 101; depth slot 11, rank 5; 0 prior games; injury context unavailable.",2026-08-22T07:46:47.668866+00:00,2026-08-22T07:49:49.992921+00:00,random_forest,v1_evaluated_2025,v1_weekly_rankings
2026,1,2026_01_ARI_LAC,2026-09-13,00-0040556,Corey Kiner,RB,ARI,LAC,4.2187469569316685,4.2187469569316685,104,,,,ROLE_FILTERED,ROLE_FILTERED,False,True,RB,11,6,MEDIUM,4,0,252.0,2.325,3.75,0.1325,SOURCE_UNAVAILABLE_FOR_2026_AT_BUILD,INJURY_CONTEXT_UNAVAILABLE;OUTSIDE_DEPTH_ELIGIBILITY,"Raw 4.22 PPR; RB raw rank 104; depth slot 11, rank 6; 4 prior games; injury context unavailable.",2026-08-22T07:46:47.668866+00:00,2026-08-22T07:49:49.992921+00:00,random_forest,v1_evaluated_2025,v1_weekly_rankings
2026,1,2026_01_NYJ_TEN,2026-09-13,00-0041200,Sam Scott,RB,NYJ,TEN,4.14675360171161,4.14675360171161,105,,,,ROLE_FILTERED,ROLE_FILTERED,False,True,RB,11,6,LOW,0,0,,,,,SOURCE_UNAVAILABLE_FOR_2026_AT_BUILD,INJURY_CONTEXT_UNAVAILABLE;OUTSIDE_DEPTH_ELIGIBILITY;NO_PRIOR_GAMES,"Raw 4.15 PPR; RB raw rank 105; depth slot 11, rank 6; 0 prior games; injury context unavailable.",2026-08-22T07:46:47.668866+00:00,2026-08-22T07:49:49.992921+00:00,random_forest,v1_evaluated_2025,v1_weekly_rankings
2026,1,2026_01_NYJ_TEN,2026-09-13,00-0041239,Chip Trayanum,RB,NYJ,TEN,4.14675360171161,4.14675360171161,106,,,,ROLE_FILTERED,ROLE_FILTERED,False,True,RB,11,5,LOW,0,0,,,,,SOURCE_UNAVAILABLE_FOR_2026_AT_BUILD,INJURY_CONTEXT_UNAVAILABLE;OUTSIDE_DEPTH_ELIGIBILITY;NO_PRIOR_GAMES,"Raw 4.15 PPR; RB raw rank 106; depth slot 11, rank 5; 0 prior games; injury context unavailable.",2026-08-22T07:46:47.668866+00:00,2026-08-22T07:49:49.992921+00:00,random_forest,v1_evaluated_2025,v1_weekly_rankings
2026,1,2026_01_ATL_PIT,2026-09-13,00-0040618,Max Hurleman,RB,PIT,ATL,4.1328834829414935,4.1328834829414935,107,,,,ROLE_FILTERED,ROLE_FILTERED,False,False,WR,1,7,LOW,0,0,,,,,SOURCE_UNAVAILABLE_FOR_2026_AT_BUILD,INJURY_CONTEXT_UNAVAILABLE;OUTSIDE_DEPTH_ELIGIBILITY;DEPTH_POSITION_MISMATCH;NO_PRIOR_GAMES,"Raw 4.13 PPR; RB raw rank 107; depth slot 1, rank 7; 0 prior games; injury context unavailable.",2026-08-22T07:46:47.668866+00:00,2026-08-22T07:49:49.992921+00:00,random_forest,v1_evaluated_2025,v1_weekly_rankings
2026,1,2026_01_ATL_PIT,2026-09-13,00-0041490,Eli Heidenreich,RB,PIT,ATL,4.1328834829414935,4.1328834829414935,108,,,,ROLE_FILTERED,ROLE_FILTERED,False,True,RB,11,6,LOW,0,0,,,,,SOURCE_UNAVAILABLE_FOR_2026_AT_BUILD,INJURY_CONTEXT_UNAVAILABLE;OUTSIDE_DEPTH_ELIGIBILITY;NO_PRIOR_GAMES,"Raw 4.13 PPR; RB raw rank 108; depth slot 11, rank 6; 0 prior games; injury context unavailable.",2026-08-22T07:46:47.668866+00:00,2026-08-22T07:49:49.992921+00:00,random_forest,v1_evaluated_2025,v1_weekly_rankings
2026,1,2026_01_SF_LA,2026-09-10,00-0040601,Jordan Waters,RB,LA,SF,4.042844973925853,4.042844973925853,111,,,,ROLE_FILTERED,ROLE_FILTERED,False,True,RB,11,6,LOW,0,0,,,,,SOURCE_UNAVAILABLE_FOR_2026_AT_BUILD,INJURY_CONTEXT_UNAVAILABLE;OUTSIDE_DEPTH_ELIGIBILITY;NO_PRIOR_GAMES,"Raw 4.04 PPR; RB raw rank 111; depth slot 11, rank 6; 0 prior games; injury context unavailable.",2026-08-22T07:46:47.668866+00:00,2026-08-22T07:49:49.992921+00:00,random_forest,v1_evaluated_2025,v1_weekly_rankings
2026,1,2026_01_SF_LA,2026-09-10,00-0040692,Jarquez Hunter,RB,LA,SF,4.042844973925853,4.042844973925853,112,,,,ROLE_FILTERED,ROLE_FILTERED,False,True,RB,11,4,LOW,0,0,,,,,SOURCE_UNAVAILABLE_FOR_2026_AT_BUILD,INJURY_CONTEXT_UNAVAILABLE;OUTSIDE_DEPTH_ELIGIBILITY;NO_PRIOR_GAMES,"Raw 4.04 PPR; RB raw rank 112; depth slot 11, rank 4; 0 prior games; injury context unavailable.",2026-08-22T07:46:47.668866+00:00,2026-08-22T07:49:49.992921+00:00,random_forest,v1_evaluated_2025,v1_weekly_rankings
2026,1,2026_01_SF_LA,2026-09-10,00-0041415,Dean Connors,RB,LA,SF,4.042844973925853,4.042844973925853,113,,,,ROLE_FILTERED,ROLE_FILTERED,False,True,RB,11,5,LOW,0,0,,,,,SOURCE_UNAVAILABLE_FOR_2026_AT_BUILD,INJURY_CONTEXT_UNAVAILABLE;OUTSIDE_DEPTH_ELIGIBILITY;NO_PRIOR_GAMES,"Raw 4.04 PPR; RB raw rank 113; depth slot 11, rank 5; 0 prior games; injury context unavailable.",2026-08-22T07:46:47.668866+00:00,2026-08-22T07:49:49.992921+00:00,random_forest,v1_evaluated_2025,v1_weekly_rankings
2026,1,2026_01_NO_DET,2026-09-13,00-0041326,C.J. Donaldson,RB,NO,DET,3.9606722264964143,3.9606722264964143,115,,,,ROLE_FILTERED,ROLE_FILTERED,False,True,RB,11,7,LOW,0,0,,,,,SOURCE_UNAVAILABLE_FOR_2026_AT_BUILD,INJURY_CONTEXT_UNAVAILABLE;OUTSIDE_DEPTH_ELIGIBILITY;NO_PRIOR_GAMES,"Raw 3.96 PPR; RB raw rank 115; depth slot 11, rank 7; 0 prior games; injury context unavailable.",2026-08-22T07:46:47.668866+00:00,2026-08-22T07:49:49.992921+00:00,random_forest,v1_evaluated_2025,v1_weekly_rankings
2026,1,2026_01_ARI_LAC,2026-09-13,00-0040039,Amar Johnson,RB,LAC,ARI,3.9442089988715012,3.9442089988715012,116,,,,ROLE_FILTERED,ROLE_FILTERED,False,True,RB,11,5,LOW,1,0,301.0,0.8,3.0,0.08,SOURCE_UNAVAILABLE_FOR_2026_AT_BUILD,INJURY_CONTEXT_UNAVAILABLE;OUTSIDE_DEPTH_ELIGIBILITY;LIMITED_HISTORY,"Raw 3.94 PPR; RB raw rank 116; depth slot 11, rank 5; 1 prior games; injury context unavailable.",2026-08-22T07:46:47.668866+00:00,2026-08-22T07:49:49.992921+00:00,random_forest,v1_evaluated_2025,v1_weekly_rankings
2026,1,2026_01_BUF_HOU,2026-09-13,00-0039471,Frank Gore Jr.,RB,BUF,HOU,3.85847286396954,3.85847286396954,119,,,,ROLE_FILTERED,ROLE_FILTERED,False,True,RB,11,4,LOW,0,0,,,,,SOURCE_UNAVAILABLE_FOR_2026_AT_BUILD,INJURY_CONTEXT_UNAVAILABLE;OUTSIDE_DEPTH_ELIGIBILITY;NO_PRIOR_GAMES,"Raw 3.86 PPR; RB raw rank 119; depth slot 11, rank 4; 0 prior games; injury context unavailable.",2026-08-22T07:46:47.668866+00:00,2026-08-22T07:49:49.992921+00:00,random_forest,v1_evaluated_2025,v1_weekly_rankings
2026,1,2026_01_BAL_IND,2026-09-13,00-0041486,Anderson Castle,RB,IND,BAL,3.8496071253365365,3.8496071253365365,121,,,,ROLE_FILTERED,ROLE_FILTERED,False,True,RB,11,5,LOW,0,0,,,,,SOURCE_UNAVAILABLE_FOR_2026_AT_BUILD,INJURY_CONTEXT_UNAVAILABLE;OUTSIDE_DEPTH_ELIGIBILITY;NO_PRIOR_GAMES,"Raw 3.85 PPR; RB raw rank 121; depth slot 11, rank 5; 0 prior games; injury context unavailable.",2026-08-22T07:46:47.668866+00:00,2026-08-22T07:49:49.992921+00:00,random_forest,v1_evaluated_2025,v1_weekly_rankings
2026,1,2026_01_WAS_PHI,2026-09-13,00-0041178,Robert Henry,RB,WAS,PHI,3.8022778911448025,3.8022778911448025,123,,,,ROLE_FILTERED,ROLE_FILTERED,False,True,RB,11,5,LOW,0,0,,,,,SOURCE_UNAVAILABLE_FOR_2026_AT_BUILD,INJURY_CONTEXT_UNAVAILABLE;OUTSIDE_DEPTH_ELIGIBILITY;NO_PRIOR_GAMES,"Raw 3.80 PPR; RB raw rank 123; depth slot 11, rank 5; 0 prior games; injury context unavailable.",2026-08-22T07:46:47.668866+00:00,2026-08-22T07:49:49.992921+00:00,random_forest,v1_evaluated_2025,v1_weekly_rankings
2026,1,2026_01_NO_DET,2026-09-13,00-0039652,Jabari Small,RB,DET,NO,3.7484842735151576,3.7484842735151576,124,,,,ROLE_FILTERED,ROLE_FILTERED,False,True,RB,11,6,LOW,0,0,,,,,SOURCE_UNAVAILABLE_FOR_2026_AT_BUILD,INJURY_CONTEXT_UNAVAILABLE;OUTSIDE_DEPTH_ELIGIBILITY;NO_PRIOR_GAMES,"Raw 3.75 PPR; RB raw rank 124; depth slot 11, rank 6; 0 prior games; injury context unavailable.",2026-08-22T07:46:47.668866+00:00,2026-08-22T07:49:49.992921+00:00,random_forest,v1_evaluated_2025,v1_weekly_rankings
2026,1,2026_01_NO_DET,2026-09-13,00-0040393,Kye Robichaux,RB,DET,NO,3.7484842735151576,3.7484842735151576,125,,,,ROLE_FILTERED,ROLE_FILTERED,False,True,RB,11,8,LOW,0,0,,,,,SOURCE_UNAVAILABLE_FOR_2026_AT_BUILD,INJURY_CONTEXT_UNAVAILABLE;OUTSIDE_DEPTH_ELIGIBILITY;NO_PRIOR_GAMES,"Raw 3.75 PPR; RB raw rank 125; depth slot 11, rank 8; 0 prior games; injury context unavailable.",2026-08-22T07:46:47.668866+00:00,2026-08-22T07:49:49.992921+00:00,random_forest,v1_evaluated_2025,v1_weekly_rankings
2026,1,2026_01_GB_MIN,2026-09-13,00-0040651,Damien Martinez,RB,GB,MIN,3.5660473228984064,3.5660473228984064,128,,,,ROLE_FILTERED,ROLE_FILTERED,False,True,RB,11,5,LOW,0,0,,,,,SOURCE_UNAVAILABLE_FOR_2026_AT_BUILD,INJURY_CONTEXT_UNAVAILABLE;OUTSIDE_DEPTH_ELIGIBILITY;NO_PRIOR_GAMES,"Raw 3.57 PPR; RB raw rank 128; depth slot 11, rank 5; 0 prior games; injury context unavailable.",2026-08-22T07:46:47.668866+00:00,2026-08-22T07:49:49.992921+00:00,random_forest,v1_evaluated_2025,v1_weekly_rankings
2026,1,2026_01_GB_MIN,2026-09-13,00-0040946,Jaden Nixon,RB,GB,MIN,3.5660473228984064,3.5660473228984064,129,,,,ROLE_FILTERED,ROLE_FILTERED,False,True,RB,11,6,LOW,0,0,,,,,SOURCE_UNAVAILABLE_FOR_2026_AT_BUILD,INJURY_CONTEXT_UNAVAILABLE;OUTSIDE_DEPTH_ELIGIBILITY;NO_PRIOR_GAMES,"Raw 3.57 PPR; RB raw rank 129; depth slot 11, rank 6; 0 prior games; injury context unavailable.",2026-08-22T07:46:47.668866+00:00,2026-08-22T07:49:49.992921+00:00,random_forest,v1_evaluated_2025,v1_weekly_rankings
2026,1,2026_01_WAS_PHI,2026-09-13,00-0037267,Jerome Ford,RB,WAS,PHI,3.4964998760097834,3.4964998760097834,131,,,,ROLE_FILTERED,ROLE_FILTERED,False,True,RB,11,7,HIGH,57,0,280.0,1.54,2.0,0.21400000000000002,SOURCE_UNAVAILABLE_FOR_2026_AT_BUILD,INJURY_CONTEXT_UNAVAILABLE;OUTSIDE_DEPTH_ELIGIBILITY,"Raw 3.50 PPR; RB raw rank 131; depth slot 11, rank 7; 57 prior games; injury context unavailable.",2026-08-22T07:46:47.668866+00:00,2026-08-22T07:49:49.992921+00:00,random_forest,v1_evaluated_2025,v1_weekly_rankings
2026,1,2026_01_CLE_JAX,2026-09-13,00-0032104,Ameer Abdullah,RB,JAX,CLE,3.3448710559650183,3.3448710559650183,134,,,,ROLE_FILTERED,ROLE_FILTERED,False,True,RB,11,4,HIGH,112,0,252.0,3.9799999999999995,3.4,0.15,SOURCE_UNAVAILABLE_FOR_2026_AT_BUILD,INJURY_CONTEXT_UNAVAILABLE;OUTSIDE_DEPTH_ELIGIBILITY,"Raw 3.34 PPR; RB raw rank 134; depth slot 11, rank 4; 112 prior games; injury context unavailable.",2026-08-22T07:46:47.668866+00:00,2026-08-22T07:49:49.992921+00:00,random_forest,v1_evaluated_2025,v1_weekly_rankings
2026,1,2026_01_CHI_CAR,2026-09-13,00-0040394,Anthony Tyus III,RB,CAR,CHI,3.3155627442116984,3.3155627442116984,135,,,,ROLE_FILTERED,ROLE_FILTERED,False,True,RB,11,5,LOW,0,0,,,,,SOURCE_UNAVAILABLE_FOR_2026_AT_BUILD,INJURY_CONTEXT_UNAVAILABLE;OUTSIDE_DEPTH_ELIGIBILITY;NO_PRIOR_GAMES,"Raw 3.32 PPR; RB raw rank 135; depth slot 11, rank 5; 0 prior games; injury context unavailable.",2026-08-22T07:46:47.668866+00:00,2026-08-22T07:49:49.992921+00:00,random_forest,v1_evaluated_2025,v1_weekly_rankings
2026,1,2026_01_CHI_CAR,2026-09-13,00-0041485,Miles Davis,RB,CAR,CHI,3.3155627442116984,3.3155627442116984,136,,,,ROLE_FILTERED,ROLE_FILTERED,False,True,RB,11,6,LOW,0,0,,,,,SOURCE_UNAVAILABLE_FOR_2026_AT_BUILD,INJURY_CONTEXT_UNAVAILABLE;OUTSIDE_DEPTH_ELIGIBILITY;NO_PRIOR_GAMES,"Raw 3.32 PPR; RB raw rank 136; depth slot 11, rank 6; 0 prior games; injury context unavailable.",2026-08-22T07:46:47.668866+00:00,2026-08-22T07:49:49.992921+00:00,random_forest,v1_evaluated_2025,v1_weekly_rankings
2026,1,2026_01_TB_CIN,2026-09-13,00-0039266,Kendall Milton,RB,CIN,TB,3.2095678014824296,3.2095678014824296,139,,,,ROLE_FILTERED,ROLE_FILTERED,False,True,RB,11,5,LOW,1,0,301.0,0.2,2.0,0.06,SOURCE_UNAVAILABLE_FOR_2026_AT_BUILD,INJURY_CONTEXT_UNAVAILABLE;OUTSIDE_DEPTH_ELIGIBILITY;LIMITED_HISTORY,"Raw 3.21 PPR; RB raw rank 139; depth slot 11, rank 5; 1 prior games; injury context unavailable.",2026-08-22T07:46:47.668866+00:00,2026-08-22T07:49:49.992921+00:00,random_forest,v1_evaluated_2025,v1_weekly_rankings
2026,1,2026_01_ATL_PIT,2026-09-13,00-0041191,Cash Jones,RB,ATL,PIT,3.119849888132165,3.119849888132165,140,,,,ROLE_FILTERED,ROLE_FILTERED,False,True,RB,11,5,LOW,0,0,,,,,SOURCE_UNAVAILABLE_FOR_2026_AT_BUILD,INJURY_CONTEXT_UNAVAILABLE;OUTSIDE_DEPTH_ELIGIBILITY;NO_PRIOR_GAMES,"Raw 3.12 PPR; RB raw rank 140; depth slot 11, rank 5; 0 prior games; injury context unavailable.",2026-08-22T07:46:47.668866+00:00,2026-08-22T07:49:49.992921+00:00,random_forest,v1_evaluated_2025,v1_weekly_rankings
2026,1,2026_01_NE_SEA,2026-09-09,00-0041129,Jam Miller,RB,NE,SEA,3.1179016456339226,3.1179016456339226,142,,,,ROLE_FILTERED,ROLE_FILTERED,False,True,RB,11,4,LOW,0,0,,,,,SOURCE_UNAVAILABLE_FOR_2026_AT_BUILD,INJURY_CONTEXT_UNAVAILABLE;OUTSIDE_DEPTH_ELIGIBILITY;NO_PRIOR_GAMES,"Raw 3.12 PPR; RB raw rank 142; depth slot 11, rank 4; 0 prior games; injury context unavailable.",2026-08-22T07:46:47.668866+00:00,2026-08-22T07:49:49.992921+00:00,random_forest,v1_evaluated_2025,v1_weekly_rankings
2026,1,2026_01_NE_SEA,2026-09-09,00-0041323,Myles Montgomery,RB,NE,SEA,3.1179016456339226,3.1179016456339226,143,,,,ROLE_FILTERED,ROLE_FILTERED,False,True,RB,11,7,LOW,0,0,,,,,SOURCE_UNAVAILABLE_FOR_2026_AT_BUILD,INJURY_CONTEXT_UNAVAILABLE;OUTSIDE_DEPTH_ELIGIBILITY;NO_PRIOR_GAMES,"Raw 3.12 PPR; RB raw rank 143; depth slot 11, rank 7; 0 prior games; injury context unavailable.",2026-08-22T07:46:47.668866+00:00,2026-08-22T07:49:49.992921+00:00,random_forest,v1_evaluated_2025,v1_weekly_rankings
2026,1,2026_01_BAL_IND,2026-09-13,00-0040476,Ulysses Bentley IV,RB,IND,BAL,3.0843718002943605,3.0843718002943605,144,,,,ROLE_FILTERED,ROLE_FILTERED,False,True,RB,11,4,LOW,1,0,371.0,0.0,1.0,0.03,SOURCE_UNAVAILABLE_FOR_2026_AT_BUILD,INJURY_CONTEXT_UNAVAILABLE;OUTSIDE_DEPTH_ELIGIBILITY;LIMITED_HISTORY,"Raw 3.08 PPR; RB raw rank 144; depth slot 11, rank 4; 1 prior games; injury context unavailable.",2026-08-22T07:46:47.668866+00:00,2026-08-22T07:49:49.992921+00:00,random_forest,v1_evaluated_2025,v1_weekly_rankings
2026,1,2026_01_WAS_PHI,2026-09-13,00-0037258,Dameon Pierce,RB,PHI,WAS,3.08129436392211,3.08129436392211,145,,,,ROLE_FILTERED,ROLE_FILTERED,False,True,RB,11,4,HIGH,42,0,252.0,0.72,3.0,0.084,SOURCE_UNAVAILABLE_FOR_2026_AT_BUILD,INJURY_CONTEXT_UNAVAILABLE;OUTSIDE_DEPTH_ELIGIBILITY,"Raw 3.08 PPR; RB raw rank 145; depth slot 11, rank 4; 42 prior games; injury context unavailable.",2026-08-22T07:46:47.668866+00:00,2026-08-22T07:49:49.992921+00:00,random_forest,v1_evaluated_2025,v1_weekly_rankings
2026,1,2026_01_BUF_HOU,2026-09-13,00-0041312,Noah Whittington,RB,HOU,BUF,3.0419695889636698,3.0419695889636698,146,,,,ROLE_FILTERED,ROLE_FILTERED,False,True,RB,11,5,LOW,0,0,,,,,SOURCE_UNAVAILABLE_FOR_2026_AT_BUILD,INJURY_CONTEXT_UNAVAILABLE;OUTSIDE_DEPTH_ELIGIBILITY;NO_PRIOR_GAMES,"Raw 3.04 PPR; RB raw rank 146; depth slot 11, rank 5; 0 prior games; injury context unavailable.",2026-08-22T07:46:47.668866+00:00,2026-08-22T07:49:49.992921+00:00,random_forest,v1_evaluated_2025,v1_weekly_rankings
2026,1,2026_01_GB_MIN,2026-09-13,00-0038440,Zavier Scott,RB,MIN,GB,3.0051426492625026,3.0051426492625026,148,,,,ROLE_FILTERED,ROLE_FILTERED,False,True,RB,11,4,HIGH,11,0,252.0,2.2,3.0,0.1,SOURCE_UNAVAILABLE_FOR_2026_AT_BUILD,INJURY_CONTEXT_UNAVAILABLE;OUTSIDE_DEPTH_ELIGIBILITY,"Raw 3.01 PPR; RB raw rank 148; depth slot 11, rank 4; 11 prior games; injury context unavailable.",2026-08-22T07:46:47.668866+00:00,2026-08-22T07:49:49.992921+00:00,random_forest,v1_evaluated_2025,v1_weekly_rankings
2026,1,2026_01_DAL_NYG,2026-09-13,00-0038389,Israel Abanikanda,RB,DAL,NYG,2.987942698674161,2.987942698674161,149,,,,ROLE_FILTERED,ROLE_FILTERED,False,True,RB,11,5,LOW,6,0,980.0,3.1399999999999997,6.0,0.194,SOURCE_UNAVAILABLE_FOR_2026_AT_BUILD,INJURY_CONTEXT_UNAVAILABLE;OUTSIDE_DEPTH_ELIGIBILITY;STALE_HISTORY,"Raw 2.99 PPR; RB raw rank 149; depth slot 11, rank 5; 6 prior games; injury context unavailable.",2026-08-22T07:46:47.668866+00:00,2026-08-22T07:49:49.992921+00:00,random_forest,v1_evaluated_2025,v1_weekly_rankings
2026,1,2026_01_CHI_CAR,2026-09-13,00-0036265,AJ Dillon,RB,CAR,CHI,2.960214818225579,2.960214818225579,151,,,,ROLE_FILTERED,ROLE_FILTERED,False,True,RB,11,4,HIGH,64,0,252.0,1.6200000000000003,2.4,0.12600000000000003,SOURCE_UNAVAILABLE_FOR_2026_AT_BUILD,INJURY_CONTEXT_UNAVAILABLE;OUTSIDE_DEPTH_ELIGIBILITY,"Raw 2.96 PPR; RB raw rank 151; depth slot 11, rank 4; 64 prior games; injury context unavailable.",2026-08-22T07:46:47.668866+00:00,2026-08-22T07:49:49.992921+00:00,random_forest,v1_evaluated_2025,v1_weekly_rankings
2026,1,2026_01_CHI_CAR,2026-09-13,00-0037329,Brittain Brown,RB,CHI,CAR,2.82644375855626,2.82644375855626,152,,,,ROLE_FILTERED,ROLE_FILTERED,False,True,RB,11,4,MEDIUM,3,0,273.0,3.233333333333333,2.0,0.06666666666666667,SOURCE_UNAVAILABLE_FOR_2026_AT_BUILD,INJURY_CONTEXT_UNAVAILABLE;OUTSIDE_DEPTH_ELIGIBILITY,"Raw 2.83 PPR; RB raw rank 152; depth slot 11, rank 4; 3 prior games; injury context unavailable.",2026-08-22T07:46:47.668866+00:00,2026-08-22T07:49:49.992921+00:00,random_forest,v1_evaluated_2025,v1_weekly_rankings
2026,1,2026_01_TB_CIN,2026-09-13,00-0036569,Gary Brightwell,RB,CIN,TB,2.7351394278136163,2.7351394278136163,153,,,,ROLE_FILTERED,ROLE_FILTERED,False,True,RB,11,4,HIGH,29,0,290.0,1.7,2.6,0.086,SOURCE_UNAVAILABLE_FOR_2026_AT_BUILD,INJURY_CONTEXT_UNAVAILABLE;OUTSIDE_DEPTH_ELIGIBILITY,"Raw 2.74 PPR; RB raw rank 153; depth slot 11, rank 4; 29 prior games; injury context unavailable.",2026-08-22T07:46:47.668866+00:00,2026-08-22T07:49:49.992921+00:00,random_forest,v1_evaluated_2025,v1_weekly_rankings
2026,1,2026_01_TB_CIN,2026-09-13,00-0040429,Josh Williams,RB,TB,CIN,2.7100147443586686,2.7100147443586686,154,,,,ROLE_FILTERED,ROLE_FILTERED,False,True,RB,11,4,LOW,2,0,322.0,0.55,2.0,0.065,SOURCE_UNAVAILABLE_FOR_2026_AT_BUILD,INJURY_CONTEXT_UNAVAILABLE;OUTSIDE_DEPTH_ELIGIBILITY;LIMITED_HISTORY,"Raw 2.71 PPR; RB raw rank 154; depth slot 11, rank 4; 2 prior games; injury context unavailable.",2026-08-22T07:46:47.668866+00:00,2026-08-22T07:49:49.992921+00:00,random_forest,v1_evaluated_2025,v1_weekly_rankings
2026,1,2026_01_TB_CIN,2026-09-13,00-0041241,Kentrel Bullock,RB,CIN,TB,2.7078137568041996,2.7078137568041996,155,,,,ROLE_FILTERED,ROLE_FILTERED,False,True,RB,11,7,LOW,0,0,,,,,SOURCE_UNAVAILABLE_FOR_2026_AT_BUILD,INJURY_CONTEXT_UNAVAILABLE;OUTSIDE_DEPTH_ELIGIBILITY;NO_PRIOR_GAMES,"Raw 2.71 PPR; RB raw rank 155; depth slot 11, rank 7; 0 prior games; injury context unavailable.",2026-08-22T07:46:47.668866+00:00,2026-08-22T07:49:49.992921+00:00,random_forest,v1_evaluated_2025,v1_weekly_rankings
2026,1,2026_01_TB_CIN,2026-09-13,00-0041244,Jamal Haynes,RB,CIN,TB,2.7078137568041996,2.7078137568041996,156,,,,ROLE_FILTERED,ROLE_FILTERED,False,True,RB,11,6,LOW,0,0,,,,,SOURCE_UNAVAILABLE_FOR_2026_AT_BUILD,INJURY_CONTEXT_UNAVAILABLE;OUTSIDE_DEPTH_ELIGIBILITY;NO_PRIOR_GAMES,"Raw 2.71 PPR; RB raw rank 156; depth slot 11, rank 6; 0 prior games; injury context unavailable.",2026-08-22T07:46:47.668866+00:00,2026-08-22T07:49:49.992921+00:00,random_forest,v1_evaluated_2025,v1_weekly_rankings
2026,1,2026_01_DAL_NYG,2026-09-13,00-0039230,Dante Miller,RB,NYG,DAL,2.521921668908434,2.521921668908434,157,,,,ROLE_FILTERED,ROLE_FILTERED,False,True,RB,11,7,LOW,1,0,700.0,0.0,0.0,0.0,SOURCE_UNAVAILABLE_FOR_2026_AT_BUILD,INJURY_CONTEXT_UNAVAILABLE;OUTSIDE_DEPTH_ELIGIBILITY;LIMITED_HISTORY,"Raw 2.52 PPR; RB raw rank 157; depth slot 11, rank 7; 1 prior games; injury context unavailable.",2026-08-22T07:46:47.668866+00:00,2026-08-22T07:49:49.992921+00:00,random_forest,v1_evaluated_2025,v1_weekly_rankings
2026,1,2026_01_NYJ_TEN,2026-09-13,00-0040205,Kalel Mullings,RB,TEN,NYJ,2.4816066804491808,2.4816066804491808,158,,,,ROLE_FILTERED,ROLE_FILTERED,False,True,RB,11,5,MEDIUM,4,0,259.0,0.17500000000000002,0.75,0.030000000000000002,SOURCE_UNAVAILABLE_FOR_2026_AT_BUILD,INJURY_CONTEXT_UNAVAILABLE;OUTSIDE_DEPTH_ELIGIBILITY,"Raw 2.48 PPR; RB raw rank 158; depth slot 11, rank 5; 4 prior games; injury context unavailable.",2026-08-22T07:46:47.668866+00:00,2026-08-22T07:49:49.992921+00:00,random_forest,v1_evaluated_2025,v1_weekly_rankings
2026,1,2026_01_NE_SEA,2026-09-09,00-0037745,Velus Jones Jr.,RB,SEA,NE,2.467402998890228,2.467402998890228,160,,,,ROLE_FILTERED,ROLE_FILTERED,False,True,RB,11,5,HIGH,31,0,276.0,0.64,0.0,0.026000000000000002,SOURCE_UNAVAILABLE_FOR_2026_AT_BUILD,INJURY_CONTEXT_UNAVAILABLE;OUTSIDE_DEPTH_ELIGIBILITY,"Raw 2.47 PPR; RB raw rank 160; depth slot 11, rank 5; 31 prior games; injury context unavailable.",2026-08-22T07:46:47.668866+00:00,2026-08-22T07:49:49.992921+00:00,random_forest,v1_evaluated_2025,v1_weekly_rankings
2026,1,2026_01_BAL_IND,2026-09-13,00-0040888,Adam Randall,RB,BAL,IND,2.394123366136215,2.394123366136215,161,,,,ROLE_FILTERED,ROLE_FILTERED,False,True,RB,11,4,LOW,0,0,,,,,SOURCE_UNAVAILABLE_FOR_2026_AT_BUILD,INJURY_CONTEXT_UNAVAILABLE;OUTSIDE_DEPTH_ELIGIBILITY;NO_PRIOR_GAMES,"Raw 2.39 PPR; RB raw rank 161; depth slot 11, rank 4; 0 prior games; injury context unavailable.",2026-08-22T07:46:47.668866+00:00,2026-08-22T07:49:49.992921+00:00,random_forest,v1_evaluated_2025,v1_weekly_rankings
2026,1,2026_01_BAL_IND,2026-09-13,00-0040984,Dontae McMillan,RB,BAL,IND,2.394123366136215,2.394123366136215,162,,,,ROLE_FILTERED,ROLE_FILTERED,False,True,RB,11,6,LOW,0,0,,,,,SOURCE_UNAVAILABLE_FOR_2026_AT_BUILD,INJURY_CONTEXT_UNAVAILABLE;OUTSIDE_DEPTH_ELIGIBILITY;NO_PRIOR_GAMES,"Raw 2.39 PPR; RB raw rank 162; depth slot 11, rank 6; 0 prior games; injury context unavailable.",2026-08-22T07:46:47.668866+00:00,2026-08-22T07:49:49.992921+00:00,random_forest,v1_evaluated_2025,v1_weekly_rankings
2026,1,2026_01_BAL_IND,2026-09-13,00-0040991,Elijah Tau-Tolliver,RB,BAL,IND,2.394123366136215,2.394123366136215,163,,,,ROLE_FILTERED,ROLE_FILTERED,False,True,RB,11,5,LOW,0,0,,,,,SOURCE_UNAVAILABLE_FOR_2026_AT_BUILD,INJURY_CONTEXT_UNAVAILABLE;OUTSIDE_DEPTH_ELIGIBILITY;NO_PRIOR_GAMES,"Raw 2.39 PPR; RB raw rank 163; depth slot 11, rank 5; 0 prior games; injury context unavailable.",2026-08-22T07:46:47.668866+00:00,2026-08-22T07:49:49.992921+00:00,random_forest,v1_evaluated_2025,v1_weekly_rankings
2026,1,2026_01_TB_CIN,2026-09-13,00-0041433,Kadarius Calloway,RB,TB,CIN,2.346351344733698,2.346351344733698,164,,,,ROLE_FILTERED,ROLE_FILTERED,False,True,RB,11,6,LOW,0,0,,,,,SOURCE_UNAVAILABLE_FOR_2026_AT_BUILD,INJURY_CONTEXT_UNAVAILABLE;OUTSIDE_DEPTH_ELIGIBILITY;NO_PRIOR_GAMES,"Raw 2.35 PPR; RB raw rank 164; depth slot 11, rank 6; 0 prior games; injury context unavailable.",2026-08-22T07:46:47.668866+00:00,2026-08-22T07:49:49.992921+00:00,random_forest,v1_evaluated_2025,v1_weekly_rankings
2026,1,2026_01_NYJ_TEN,2026-09-13,00-0037594,Julius Chestnut,RB,TEN,NYJ,2.2670518045951873,2.2670518045951873,166,,,,ROLE_FILTERED,ROLE_FILTERED,False,True,RB,11,6,HIGH,35,0,252.0,0.02,0.2,0.01,SOURCE_UNAVAILABLE_FOR_2026_AT_BUILD,INJURY_CONTEXT_UNAVAILABLE;OUTSIDE_DEPTH_ELIGIBILITY,"Raw 2.27 PPR; RB raw rank 166; depth slot 11, rank 6; 35 prior games; injury context unavailable.",2026-08-22T07:46:47.668866+00:00,2026-08-22T07:49:49.992921+00:00,random_forest,v1_evaluated_2025,v1_weekly_rankings
2026,1,2026_01_CLE_JAX,2026-09-13,00-0036425,DeeJay Dallas,RB,JAX,CLE,2.0042913555728177,2.0042913555728177,168,,,,ROLE_FILTERED,ROLE_FILTERED,False,True,RB,11,5,HIGH,79,0,252.0,0.42000000000000004,0.8,0.074,SOURCE_UNAVAILABLE_FOR_2026_AT_BUILD,INJURY_CONTEXT_UNAVAILABLE;OUTSIDE_DEPTH_ELIGIBILITY,"Raw 2.00 PPR; RB raw rank 168; depth slot 11, rank 5; 79 prior games; injury context unavailable.",2026-08-22T07:46:47.668866+00:00,2026-08-22T07:49:49.992921+00:00,random_forest,v1_evaluated_2025,v1_weekly_rankings
2026,1,2026_01_DAL_NYG,2026-09-13,00-0038396,Eric Gray,RB,NYG,DAL,1.9184601863149464,1.9184601863149464,169,,,,ROLE_FILTERED,ROLE_FILTERED,False,True,RB,11,5,HIGH,25,0,294.0,1.16,1.2,0.11399999999999999,SOURCE_UNAVAILABLE_FOR_2026_AT_BUILD,INJURY_CONTEXT_UNAVAILABLE;OUTSIDE_DEPTH_ELIGIBILITY,"Raw 1.92 PPR; RB raw rank 169; depth slot 11, rank 5; 25 prior games; injury context unavailable.",2026-08-22T07:46:47.668866+00:00,2026-08-22T07:49:49.992921+00:00,random_forest,v1_evaluated_2025,v1_weekly_rankings
2026,1,2026_01_NE_SEA,2026-09-09,00-0039305,Jack Westover,RB,NE,SEA,1.893297896102578,1.893297896102578,170,,,,ROLE_FILTERED,ROLE_FILTERED,False,False,TE,10,4,MEDIUM,4,0,248.0,0.25,0.5,0.3425,SOURCE_UNAVAILABLE_FOR_2026_AT_BUILD,INJURY_CONTEXT_UNAVAILABLE;OUTSIDE_DEPTH_ELIGIBILITY;DEPTH_POSITION_MISMATCH,"Raw 1.89 PPR; RB raw rank 170; depth slot 10, rank 4; 4 prior games; injury context unavailable.",2026-08-22T07:46:47.668866+00:00,2026-08-22T07:49:49.992921+00:00,random_forest,v1_evaluated_2025,v1_weekly_rankings
2026,1,2026_01_ATL_PIT,2026-09-13,00-0038409,Lew Nichols III,RB,PIT,ATL,1.748653936259816,1.748653936259816,174,,,,ROLE_FILTERED,ROLE_FILTERED,False,True,RB,11,5,LOW,1,0,315.0,0.0,0.0,0.0,SOURCE_UNAVAILABLE_FOR_2026_AT_BUILD,INJURY_CONTEXT_UNAVAILABLE;OUTSIDE_DEPTH_ELIGIBILITY;LIMITED_HISTORY,"Raw 1.75 PPR; RB raw rank 174; depth slot 11, rank 5; 1 prior games; injury context unavailable.",2026-08-22T07:46:47.668866+00:00,2026-08-22T07:49:49.992921+00:00,random_forest,v1_evaluated_2025,v1_weekly_rankings
2026,1,2026_01_ATL_PIT,2026-09-13,00-0035594,Travis Homer,RB,PIT,ATL,1.5738987523641936,1.5738987523641936,175,,,,ROLE_FILTERED,ROLE_FILTERED,False,True,RB,11,4,HIGH,63,0,252.0,-0.04,0.2,0.002,SOURCE_UNAVAILABLE_FOR_2026_AT_BUILD,INJURY_CONTEXT_UNAVAILABLE;OUTSIDE_DEPTH_ELIGIBILITY,"Raw 1.57 PPR; RB raw rank 175; depth slot 11, rank 4; 63 prior games; injury context unavailable.",2026-08-22T07:46:47.668866+00:00,2026-08-22T07:49:49.992921+00:00,random_forest,v1_evaluated_2025,v1_weekly_rankings
2026,1,2026_01_SF_LA,2026-09-10,00-0039363,Isaac Guerendo,RB,SF,LA,1.285999261250732,1.285999261250732,176,,,,ROLE_FILTERED,ROLE_FILTERED,False,True,RB,11,4,HIGH,23,0,284.0,0.0,0.0,0.0,SOURCE_UNAVAILABLE_FOR_2026_AT_BUILD,INJURY_CONTEXT_UNAVAILABLE;OUTSIDE_DEPTH_ELIGIBILITY,"Raw 1.29 PPR; RB raw rank 176; depth slot 11, rank 4; 23 prior games; injury context unavailable.",2026-08-22T07:46:47.668866+00:00,2026-08-22T07:49:49.992921+00:00,random_forest,v1_evaluated_2025,v1_weekly_rankings
2026,1,2026_01_NO_DET,2026-09-13,00-0038896,Jacob Saylors,RB,DET,NO,1.0979062310238787,1.0979062310238787,177,,,,ROLE_FILTERED,ROLE_FILTERED,False,True,RB,11,4,HIGH,11,0,266.0,0.0,0.0,0.01,SOURCE_UNAVAILABLE_FOR_2026_AT_BUILD,INJURY_CONTEXT_UNAVAILABLE;OUTSIDE_DEPTH_ELIGIBILITY,"Raw 1.10 PPR; RB raw rank 177; depth slot 11, rank 4; 11 prior games; injury context unavailable.",2026-08-22T07:46:47.668866+00:00,2026-08-22T07:49:49.992921+00:00,random_forest,v1_evaluated_2025,v1_weekly_rankings
2026,1,2026_01_GB_MIN,2026-09-13,00-0040628,Drake Dabney,TE,GB,MIN,6.643149834953202,6.643149834953202,18,,,,ROLE_FILTERED,ROLE_FILTERED,False,True,TE,10,4,LOW,1,0,252.0,1.3,2.0,0.88,SOURCE_UNAVAILABLE_FOR_2026_AT_BUILD,INJURY_CONTEXT_UNAVAILABLE;OUTSIDE_DEPTH_ELIGIBILITY;LIMITED_HISTORY,"Raw 6.64 PPR; TE raw rank 18; depth slot 10, rank 4; 1 prior games; injury context unavailable.",2026-08-22T07:46:47.668866+00:00,2026-08-22T07:49:49.992921+00:00,ridge,v1_evaluated_2025,v1_weekly_rankings
2026,1,2026_01_MIA_LV,2026-09-13,00-0034365,Ian Thomas,TE,LV,MIA,4.7683510568349625,4.7683510568349625,40,,,,ROLE_FILTERED,ROLE_FILTERED,False,True,TE,10,3,HIGH,80,0,280.0,3.6,1.8,0.41400000000000003,SOURCE_UNAVAILABLE_FOR_2026_AT_BUILD,INJURY_CONTEXT_UNAVAILABLE;OUTSIDE_DEPTH_ELIGIBILITY,"Raw 4.77 PPR; TE raw rank 40; depth slot 10, rank 3; 80 prior games; injury context unavailable.",2026-08-22T07:46:47.668866+00:00,2026-08-22T07:49:49.992921+00:00,ridge,v1_evaluated_2025,v1_weekly_rankings
2026,1,2026_01_MIA_LV,2026-09-13,00-0036423,Albert Okwuegbunam,TE,LV,MIA,4.5905613519888995,4.5905613519888995,42,,,,ROLE_FILTERED,ROLE_FILTERED,False,True,TE,10,4,HIGH,26,0,343.0,4.720000000000001,3.0,0.418,SOURCE_UNAVAILABLE_FOR_2026_AT_BUILD,INJURY_CONTEXT_UNAVAILABLE;OUTSIDE_DEPTH_ELIGIBILITY,"Raw 4.59 PPR; TE raw rank 42; depth slot 10, rank 4; 26 prior games; injury context unavailable.",2026-08-22T07:46:47.668866+00:00,2026-08-22T07:49:49.992921+00:00,ridge,v1_evaluated_2025,v1_weekly_rankings
2026,1,2026_01_NE_SEA,2026-09-09,00-0033576,Eric Saubert,TE,SEA,NE,4.267729262235807,4.267729262235807,47,,,,ROLE_FILTERED,ROLE_FILTERED,False,True,TE,10,3,HIGH,63,0,249.0,1.3800000000000001,1.2,0.47400000000000003,SOURCE_UNAVAILABLE_FOR_2026_AT_BUILD,INJURY_CONTEXT_UNAVAILABLE;OUTSIDE_DEPTH_ELIGIBILITY,"Raw 4.27 PPR; TE raw rank 47; depth slot 10, rank 3; 63 prior games; injury context unavailable.",2026-08-22T07:46:47.668866+00:00,2026-08-22T07:49:49.992921+00:00,ridge,v1_evaluated_2025,v1_weekly_rankings
2026,1,2026_01_TB_CIN,2026-09-13,00-0034613,Tanner Hudson,TE,CIN,TB,4.186548917031162,4.186548917031162,48,,,,ROLE_FILTERED,ROLE_FILTERED,False,True,TE,10,3,HIGH,45,0,259.0,4.32,2.2,0.186,SOURCE_UNAVAILABLE_FOR_2026_AT_BUILD,INJURY_CONTEXT_UNAVAILABLE;OUTSIDE_DEPTH_ELIGIBILITY,"Raw 4.19 PPR; TE raw rank 48; depth slot 10, rank 3; 45 prior games; injury context unavailable.",2026-08-22T07:46:47.668866+00:00,2026-08-22T07:49:49.992921+00:00,ridge,v1_evaluated_2025,v1_weekly_rankings
2026,1,2026_01_NO_DET,2026-09-13,00-0040244,Moliki Matavao,TE,NO,DET,4.173536263776676,4.173536263776676,49,,,,ROLE_FILTERED,ROLE_FILTERED,False,True,TE,10,4,LOW,1,0,259.0,3.0,2.0,0.5,SOURCE_UNAVAILABLE_FOR_2026_AT_BUILD,INJURY_CONTEXT_UNAVAILABLE;OUTSIDE_DEPTH_ELIGIBILITY;LIMITED_HISTORY,"Raw 4.17 PPR; TE raw rank 49; depth slot 10, rank 4; 1 prior games; injury context unavailable.",2026-08-22T07:46:47.668866+00:00,2026-08-22T07:49:49.992921+00:00,ridge,v1_evaluated_2025,v1_weekly_rankings
2026,1,2026_01_WAS_PHI,2026-09-13,00-0039912,Ben Sinnott,TE,WAS,PHI,4.0437566367514455,4.0437566367514455,51,,,,ROLE_FILTERED,ROLE_FILTERED,False,True,TE,10,3,HIGH,16,0,252.0,3.22,2.0,0.534,SOURCE_UNAVAILABLE_FOR_2026_AT_BUILD,INJURY_CONTEXT_UNAVAILABLE;OUTSIDE_DEPTH_ELIGIBILITY,"Raw 4.04 PPR; TE raw rank 51; depth slot 10, rank 3; 16 prior games; injury context unavailable.",2026-08-22T07:46:47.668866+00:00,2026-08-22T07:49:49.992921+00:00,ridge,v1_evaluated_2025,v1_weekly_rankings
2026,1,2026_01_TB_CIN,2026-09-13,00-0041094,Bauer Sharp,TE,TB,CIN,3.780916208128816,3.780916208128816,55,,,,ROLE_FILTERED,ROLE_FILTERED,False,True,TE,10,4,LOW,0,0,,,,,SOURCE_UNAVAILABLE_FOR_2026_AT_BUILD,INJURY_CONTEXT_UNAVAILABLE;OUTSIDE_DEPTH_ELIGIBILITY;NO_PRIOR_GAMES,"Raw 3.78 PPR; TE raw rank 55; depth slot 10, rank 4; 0 prior games; injury context unavailable.",2026-08-22T07:46:47.668866+00:00,2026-08-22T07:49:49.992921+00:00,ridge,v1_evaluated_2025,v1_weekly_rankings
2026,1,2026_01_TB_CIN,2026-09-13,00-0041252,Kenny Fletcher,TE,TB,CIN,3.780916208128816,3.780916208128816,56,,,,ROLE_FILTERED,ROLE_FILTERED,False,True,TE,10,6,LOW,0,0,,,,,SOURCE_UNAVAILABLE_FOR_2026_AT_BUILD,INJURY_CONTEXT_UNAVAILABLE;OUTSIDE_DEPTH_ELIGIBILITY;NO_PRIOR_GAMES,"Raw 3.78 PPR; TE raw rank 56; depth slot 10, rank 6; 0 prior games; injury context unavailable.",2026-08-22T07:46:47.668866+00:00,2026-08-22T07:49:49.992921+00:00,ridge,v1_evaluated_2025,v1_weekly_rankings
2026,1,2026_01_CLE_JAX,2026-09-13,00-0037004,Hunter Long,TE,JAX,CLE,3.735629695465291,3.735629695465291,57,,,,ROLE_FILTERED,ROLE_FILTERED,False,True,TE,10,5,HIGH,23,0,315.0,4.340000000000001,2.6,0.596,SOURCE_UNAVAILABLE_FOR_2026_AT_BUILD,INJURY_CONTEXT_UNAVAILABLE;OUTSIDE_DEPTH_ELIGIBILITY,"Raw 3.74 PPR; TE raw rank 57; depth slot 10, rank 5; 23 prior games; injury context unavailable.",2026-08-22T07:46:47.668866+00:00,2026-08-22T07:49:49.992921+00:00,ridge,v1_evaluated_2025,v1_weekly_rankings
2026,1,2026_01_ARI_LAC,2026-09-13,00-0039041,Elijah Higgins,TE,ARI,LAC,3.7007850220649203,3.7007850220649203,58,,,,ROLE_FILTERED,ROLE_FILTERED,False,True,TE,10,3,HIGH,43,0,252.0,4.840000000000001,3.0,0.638,SOURCE_UNAVAILABLE_FOR_2026_AT_BUILD,INJURY_CONTEXT_UNAVAILABLE;OUTSIDE_DEPTH_ELIGIBILITY,"Raw 3.70 PPR; TE raw rank 58; depth slot 10, rank 3; 43 prior games; injury context unavailable.",2026-08-22T07:46:47.668866+00:00,2026-08-22T07:49:49.992921+00:00,ridge,v1_evaluated_2025,v1_weekly_rankings
2026,1,2026_01_ATL_PIT,2026-09-13,00-0032392,Austin Hooper,TE,ATL,PIT,3.615499958632609,3.615499958632609,59,,,,ROLE_FILTERED,ROLE_FILTERED,False,True,TE,10,3,HIGH,120,0,252.0,4.58,2.4,0.45,SOURCE_UNAVAILABLE_FOR_2026_AT_BUILD,INJURY_CONTEXT_UNAVAILABLE;OUTSIDE_DEPTH_ELIGIBILITY,"Raw 3.62 PPR; TE raw rank 59; depth slot 10, rank 3; 120 prior games; injury context unavailable.",2026-08-22T07:46:47.668866+00:00,2026-08-22T07:49:49.992921+00:00,ridge,v1_evaluated_2025,v1_weekly_rankings
2026,1,2026_01_NYJ_TEN,2026-09-13,00-0036876,Kylen Granson,TE,TEN,NYJ,3.603957936333067,3.603957936333067,60,,,,ROLE_FILTERED,ROLE_FILTERED,False,True,TE,10,3,HIGH,66,0,252.0,1.4,1.0,0.272,SOURCE_UNAVAILABLE_FOR_2026_AT_BUILD,INJURY_CONTEXT_UNAVAILABLE;OUTSIDE_DEPTH_ELIGIBILITY,"Raw 3.60 PPR; TE raw rank 60; depth slot 10, rank 3; 66 prior games; injury context unavailable.",2026-08-22T07:46:47.668866+00:00,2026-08-22T07:49:49.992921+00:00,ridge,v1_evaluated_2025,v1_weekly_rankings
2026,1,2026_01_WAS_PHI,2026-09-13,00-0037086,Grant Calcaterra,TE,PHI,WAS,3.5380557961928703,3.5380557961928703,61,,,,ROLE_FILTERED,ROLE_FILTERED,False,True,TE,10,4,HIGH,33,0,252.0,2.92,1.4,0.394,SOURCE_UNAVAILABLE_FOR_2026_AT_BUILD,INJURY_CONTEXT_UNAVAILABLE;OUTSIDE_DEPTH_ELIGIBILITY,"Raw 3.54 PPR; TE raw rank 61; depth slot 10, rank 4; 33 prior games; injury context unavailable.",2026-08-22T07:46:47.668866+00:00,2026-08-22T07:49:49.992921+00:00,ridge,v1_evaluated_2025,v1_weekly_rankings
2026,1,2026_01_DEN_KC,2026-09-14,00-0040081,Jake Briningstool,TE,KC,DEN,3.503010592462606,3.503010592462606,62,,,,ROLE_FILTERED,ROLE_FILTERED,False,True,TE,10,4,LOW,0,0,,,,,SOURCE_UNAVAILABLE_FOR_2026_AT_BUILD,INJURY_CONTEXT_UNAVAILABLE;OUTSIDE_DEPTH_ELIGIBILITY;NO_PRIOR_GAMES,"Raw 3.50 PPR; TE raw rank 62; depth slot 10, rank 4; 0 prior games; injury context unavailable.",2026-08-22T07:46:47.668866+00:00,2026-08-22T07:49:49.992921+00:00,ridge,v1_evaluated_2025,v1_weekly_rankings
2026,1,2026_01_DEN_KC,2026-09-14,00-0040094,Tre Watson,TE,KC,DEN,3.503010592462606,3.503010592462606,63,,,,ROLE_FILTERED,ROLE_FILTERED,False,True,TE,10,5,LOW,0,0,,,,,SOURCE_UNAVAILABLE_FOR_2026_AT_BUILD,INJURY_CONTEXT_UNAVAILABLE;OUTSIDE_DEPTH_ELIGIBILITY;NO_PRIOR_GAMES,"Raw 3.50 PPR; TE raw rank 63; depth slot 10, rank 5; 0 prior games; injury context unavailable.",2026-08-22T07:46:47.668866+00:00,2026-08-22T07:49:49.992921+00:00,ridge,v1_evaluated_2025,v1_weekly_rankings
2026,1,2026_01_DEN_KC,2026-09-14,00-0040955,John Michael Gyllenborg,TE,KC,DEN,3.503010592462606,3.503010592462606,64,,,,ROLE_FILTERED,ROLE_FILTERED,False,True,TE,10,7,LOW,0,0,,,,,SOURCE_UNAVAILABLE_FOR_2026_AT_BUILD,INJURY_CONTEXT_UNAVAILABLE;OUTSIDE_DEPTH_ELIGIBILITY;NO_PRIOR_GAMES,"Raw 3.50 PPR; TE raw rank 64; depth slot 10, rank 7; 0 prior games; injury context unavailable.",2026-08-22T07:46:47.668866+00:00,2026-08-22T07:49:49.992921+00:00,ridge,v1_evaluated_2025,v1_weekly_rankings
2026,1,2026_01_NYJ_TEN,2026-09-13,00-0037805,Jeremy Ruckert,TE,NYJ,TEN,3.463710584821618,3.463710584821618,65,,,,ROLE_FILTERED,ROLE_FILTERED,False,True,TE,10,3,HIGH,40,0,259.0,3.0,2.6,0.594,SOURCE_UNAVAILABLE_FOR_2026_AT_BUILD,INJURY_CONTEXT_UNAVAILABLE;OUTSIDE_DEPTH_ELIGIBILITY,"Raw 3.46 PPR; TE raw rank 65; depth slot 10, rank 3; 40 prior games; injury context unavailable.",2026-08-22T07:46:47.668866+00:00,2026-08-22T07:49:49.992921+00:00,ridge,v1_evaluated_2025,v1_weekly_rankings
2026,1,2026_01_SF_LA,2026-09-10,00-0039074,Davis Allen,TE,LA,SF,3.3860495889858493,3.3860495889858493,66,,,,ROLE_FILTERED,ROLE_FILTERED,False,True,TE,10,5,HIGH,29,0,249.0,3.1,2.6,0.6399999999999999,SOURCE_UNAVAILABLE_FOR_2026_AT_BUILD,INJURY_CONTEXT_UNAVAILABLE;OUTSIDE_DEPTH_ELIGIBILITY,"Raw 3.39 PPR; TE raw rank 66; depth slot 10, rank 5; 29 prior games; injury context unavailable.",2026-08-22T07:46:47.668866+00:00,2026-08-22T07:49:49.992921+00:00,ridge,v1_evaluated_2025,v1_weekly_rankings
2026,1,2026_01_NO_DET,2026-09-13,00-0034270,Tyler Conklin,TE,DET,NO,3.380617578362341,3.380617578362341,67,,,,ROLE_FILTERED,ROLE_FILTERED,False,True,TE,10,3,HIGH,95,0,252.0,2.02,1.6,0.278,SOURCE_UNAVAILABLE_FOR_2026_AT_BUILD,INJURY_CONTEXT_UNAVAILABLE;OUTSIDE_DEPTH_ELIGIBILITY,"Raw 3.38 PPR; TE raw rank 67; depth slot 10, rank 3; 95 prior games; injury context unavailable.",2026-08-22T07:46:47.668866+00:00,2026-08-22T07:49:49.992921+00:00,ridge,v1_evaluated_2025,v1_weekly_rankings
2026,1,2026_01_BUF_HOU,2026-09-13,00-0040363,Keleki Latu,TE,BUF,HOU,3.3750677387929326,3.3750677387929326,68,,,,ROLE_FILTERED,ROLE_FILTERED,False,True,TE,10,5,MEDIUM,3,0,252.0,2.5,1.3333,0.3333333333333333,SOURCE_UNAVAILABLE_FOR_2026_AT_BUILD,INJURY_CONTEXT_UNAVAILABLE;OUTSIDE_DEPTH_ELIGIBILITY,"Raw 3.38 PPR; TE raw rank 68; depth slot 10, rank 5; 3 prior games; injury context unavailable.",2026-08-22T07:46:47.668866+00:00,2026-08-22T07:49:49.992921+00:00,ridge,v1_evaluated_2025,v1_weekly_rankings
2026,1,2026_01_TB_CIN,2026-09-13,00-0041116,Jack Endries,TE,CIN,TB,3.3180241101422894,3.3180241101422894,69,,,,ROLE_FILTERED,ROLE_FILTERED,False,True,TE,10,6,LOW,0,0,,,,,SOURCE_UNAVAILABLE_FOR_2026_AT_BUILD,INJURY_CONTEXT_UNAVAILABLE;OUTSIDE_DEPTH_ELIGIBILITY;NO_PRIOR_GAMES,"Raw 3.32 PPR; TE raw rank 69; depth slot 10, rank 6; 0 prior games; injury context unavailable.",2026-08-22T07:46:47.668866+00:00,2026-08-22T07:49:49.992921+00:00,ridge,v1_evaluated_2025,v1_weekly_rankings
2026,1,2026_01_TB_CIN,2026-09-13,00-0041246,Josh Kattus,TE,CIN,TB,3.3180241101422894,3.3180241101422894,70,,,,ROLE_FILTERED,ROLE_FILTERED,False,True,TE,10,7,LOW,0,0,,,,,SOURCE_UNAVAILABLE_FOR_2026_AT_BUILD,INJURY_CONTEXT_UNAVAILABLE;OUTSIDE_DEPTH_ELIGIBILITY;NO_PRIOR_GAMES,"Raw 3.32 PPR; TE raw rank 70; depth slot 10, rank 7; 0 prior games; injury context unavailable.",2026-08-22T07:46:47.668866+00:00,2026-08-22T07:49:49.992921+00:00,ridge,v1_evaluated_2025,v1_weekly_rankings
2026,1,2026_01_BAL_IND,2026-09-13,00-0040879,Matthew Hibner,TE,BAL,IND,3.3170878342223338,3.3170878342223338,71,,,,ROLE_FILTERED,ROLE_FILTERED,False,True,TE,10,3,LOW,0,0,,,,,SOURCE_UNAVAILABLE_FOR_2026_AT_BUILD,INJURY_CONTEXT_UNAVAILABLE;OUTSIDE_DEPTH_ELIGIBILITY;NO_PRIOR_GAMES,"Raw 3.32 PPR; TE raw rank 71; depth slot 10, rank 3; 0 prior games; injury context unavailable.",2026-08-22T07:46:47.668866+00:00,2026-08-22T07:49:49.992921+00:00,ridge,v1_evaluated_2025,v1_weekly_rankings
2026,1,2026_01_BAL_IND,2026-09-13,00-0040887,Josh Cuevas,TE,BAL,IND,3.3170878342223338,3.3170878342223338,72,,,,ROLE_FILTERED,ROLE_FILTERED,False,True,TE,10,4,LOW,0,0,,,,,SOURCE_UNAVAILABLE_FOR_2026_AT_BUILD,INJURY_CONTEXT_UNAVAILABLE;OUTSIDE_DEPTH_ELIGIBILITY;NO_PRIOR_GAMES,"Raw 3.32 PPR; TE raw rank 72; depth slot 10, rank 4; 0 prior games; injury context unavailable.",2026-08-22T07:46:47.668866+00:00,2026-08-22T07:49:49.992921+00:00,ridge,v1_evaluated_2025,v1_weekly_rankings
2026,1,2026_01_TB_CIN,2026-09-13,00-0039754,Devin Culp,TE,TB,CIN,3.3082264148933813,3.3082264148933813,74,,,,ROLE_FILTERED,ROLE_FILTERED,False,True,TE,10,5,HIGH,6,0,276.0,2.6399999999999997,0.6,0.13399999999999998,SOURCE_UNAVAILABLE_FOR_2026_AT_BUILD,INJURY_CONTEXT_UNAVAILABLE;OUTSIDE_DEPTH_ELIGIBILITY,"Raw 3.31 PPR; TE raw rank 74; depth slot 10, rank 5; 6 prior games; injury context unavailable.",2026-08-22T07:46:47.668866+00:00,2026-08-22T07:49:49.992921+00:00,ridge,v1_evaluated_2025,v1_weekly_rankings
2026,1,2026_01_WAS_PHI,2026-09-13,00-0033246,Johnny Mundt,TE,PHI,WAS,3.3056271981467917,3.3056271981467917,75,,,,ROLE_FILTERED,ROLE_FILTERED,False,True,TE,10,3,HIGH,64,0,252.0,2.48,1.8,0.42000000000000004,SOURCE_UNAVAILABLE_FOR_2026_AT_BUILD,INJURY_CONTEXT_UNAVAILABLE;OUTSIDE_DEPTH_ELIGIBILITY,"Raw 3.31 PPR; TE raw rank 75; depth slot 10, rank 3; 64 prior games; injury context unavailable.",2026-08-22T07:46:47.668866+00:00,2026-08-22T07:49:49.992921+00:00,ridge,v1_evaluated_2025,v1_weekly_rankings
2026,1,2026_01_SF_LA,2026-09-10,00-0036887,Luke Farrell,TE,SF,LA,3.285698530489805,3.285698530489805,76,,,,ROLE_FILTERED,ROLE_FILTERED,False,True,TE,10,3,HIGH,47,0,262.0,2.16,0.8,0.29,SOURCE_UNAVAILABLE_FOR_2026_AT_BUILD,INJURY_CONTEXT_UNAVAILABLE;OUTSIDE_DEPTH_ELIGIBILITY,"Raw 3.29 PPR; TE raw rank 76; depth slot 10, rank 3; 47 prior games; injury context unavailable.",2026-08-22T07:46:47.668866+00:00,2026-08-22T07:49:49.992921+00:00,ridge,v1_evaluated_2025,v1_weekly_rankings
2026,1,2026_01_BUF_HOU,2026-09-13,00-0036534,Shane Zylstra,TE,BUF,HOU,3.2327391390840483,3.2327391390840483,77,,,,ROLE_FILTERED,ROLE_FILTERED,False,True,TE,10,4,HIGH,14,0,266.0,1.98,1.8,0.382,SOURCE_UNAVAILABLE_FOR_2026_AT_BUILD,INJURY_CONTEXT_UNAVAILABLE;OUTSIDE_DEPTH_ELIGIBILITY,"Raw 3.23 PPR; TE raw rank 77; depth slot 10, rank 4; 14 prior games; injury context unavailable.",2026-08-22T07:46:47.668866+00:00,2026-08-22T07:49:49.992921+00:00,ridge,v1_evaluated_2025,v1_weekly_rankings
2026,1,2026_01_GB_MIN,2026-09-13,00-0038589,Josh Whyle,TE,GB,MIN,3.105191589556595,3.105191589556595,79,,,,ROLE_FILTERED,ROLE_FILTERED,False,True,TE,10,3,HIGH,30,0,252.0,1.48,1.0,0.542,SOURCE_UNAVAILABLE_FOR_2026_AT_BUILD,INJURY_CONTEXT_UNAVAILABLE;OUTSIDE_DEPTH_ELIGIBILITY,"Raw 3.11 PPR; TE raw rank 79; depth slot 10, rank 3; 30 prior games; injury context unavailable.",2026-08-22T07:46:47.668866+00:00,2026-08-22T07:49:49.992921+00:00,ridge,v1_evaluated_2025,v1_weekly_rankings
2026,1,2026_01_GB_MIN,2026-09-13,00-0040215,Gavin Bartholomew,TE,MIN,GB,3.0635025516282304,3.0635025516282304,80,,,,ROLE_FILTERED,ROLE_FILTERED,False,True,TE,10,4,LOW,0,0,,,,,SOURCE_UNAVAILABLE_FOR_2026_AT_BUILD,INJURY_CONTEXT_UNAVAILABLE;OUTSIDE_DEPTH_ELIGIBILITY;NO_PRIOR_GAMES,"Raw 3.06 PPR; TE raw rank 80; depth slot 10, rank 4; 0 prior games; injury context unavailable.",2026-08-22T07:46:47.668866+00:00,2026-08-22T07:49:49.992921+00:00,ridge,v1_evaluated_2025,v1_weekly_rankings
2026,1,2026_01_GB_MIN,2026-09-13,00-0040504,Bryson Nesbit,TE,MIN,GB,3.0635025516282304,3.0635025516282304,81,,,,ROLE_FILTERED,ROLE_FILTERED,False,True,TE,10,5,LOW,0,0,,,,,SOURCE_UNAVAILABLE_FOR_2026_AT_BUILD,INJURY_CONTEXT_UNAVAILABLE;OUTSIDE_DEPTH_ELIGIBILITY;NO_PRIOR_GAMES,"Raw 3.06 PPR; TE raw rank 81; depth slot 10, rank 5; 0 prior games; injury context unavailable.",2026-08-22T07:46:47.668866+00:00,2026-08-22T07:49:49.992921+00:00,ridge,v1_evaluated_2025,v1_weekly_rankings
2026,1,2026_01_CHI_CAR,2026-09-13,00-0039356,Ja'Tavion Sanders,TE,CAR,CHI,2.9779981318458457,2.9779981318458457,83,,,,ROLE_FILTERED,ROLE_FILTERED,False,True,TE,10,4,HIGH,27,0,266.0,3.8400000000000007,1.8,0.5259999999999999,SOURCE_UNAVAILABLE_FOR_2026_AT_BUILD,INJURY_CONTEXT_UNAVAILABLE;OUTSIDE_DEPTH_ELIGIBILITY,"Raw 2.98 PPR; TE raw rank 83; depth slot 10, rank 4; 27 prior games; injury context unavailable.",2026-08-22T07:46:47.668866+00:00,2026-08-22T07:49:49.992921+00:00,ridge,v1_evaluated_2025,v1_weekly_rankings
2026,1,2026_01_SF_LA,2026-09-10,00-0040737,Terrance Ferguson,TE,LA,SF,2.9730501357916355,2.9730501357916355,84,,,,ROLE_FILTERED,ROLE_FILTERED,False,True,TE,10,3,HIGH,11,0,255.0,5.46,2.6,0.6040000000000001,SOURCE_UNAVAILABLE_FOR_2026_AT_BUILD,INJURY_CONTEXT_UNAVAILABLE;OUTSIDE_DEPTH_ELIGIBILITY,"Raw 2.97 PPR; TE raw rank 84; depth slot 10, rank 3; 11 prior games; injury context unavailable.",2026-08-22T07:46:47.668866+00:00,2026-08-22T07:49:49.992921+00:00,ridge,v1_evaluated_2025,v1_weekly_rankings
2026,1,2026_01_CHI_CAR,2026-09-13,00-0040187,Mitchell Evans,TE,CAR,CHI,2.9297686853438405,2.9297686853438405,87,,,,ROLE_FILTERED,ROLE_FILTERED,False,True,TE,10,3,HIGH,14,0,253.0,2.68,2.0,0.458,SOURCE_UNAVAILABLE_FOR_2026_AT_BUILD,INJURY_CONTEXT_UNAVAILABLE;OUTSIDE_DEPTH_ELIGIBILITY,"Raw 2.93 PPR; TE raw rank 87; depth slot 10, rank 3; 14 prior games; injury context unavailable.",2026-08-22T07:46:47.668866+00:00,2026-08-22T07:49:49.992921+00:00,ridge,v1_evaluated_2025,v1_weekly_rankings
2026,1,2026_01_DAL_NYG,2026-09-13,00-0038547,Luke Schoonmaker,TE,DAL,NYG,2.7788013220173697,2.7788013220173697,88,,,,ROLE_FILTERED,ROLE_FILTERED,False,True,TE,10,3,HIGH,38,0,252.0,2.5800000000000005,1.4,0.316,SOURCE_UNAVAILABLE_FOR_2026_AT_BUILD,INJURY_CONTEXT_UNAVAILABLE;OUTSIDE_DEPTH_ELIGIBILITY,"Raw 2.78 PPR; TE raw rank 88; depth slot 10, rank 3; 38 prior games; injury context unavailable.",2026-08-22T07:46:47.668866+00:00,2026-08-22T07:49:49.992921+00:00,ridge,v1_evaluated_2025,v1_weekly_rankings
2026,1,2026_01_DAL_NYG,2026-09-13,00-0040938,D.J. Rogers,TE,DAL,NYG,2.7645307556871055,2.7645307556871055,89,,,,ROLE_FILTERED,ROLE_FILTERED,False,True,TE,10,5,LOW,0,0,,,,,SOURCE_UNAVAILABLE_FOR_2026_AT_BUILD,INJURY_CONTEXT_UNAVAILABLE;OUTSIDE_DEPTH_ELIGIBILITY;NO_PRIOR_GAMES,"Raw 2.76 PPR; TE raw rank 89; depth slot 10, rank 5; 0 prior games; injury context unavailable.",2026-08-22T07:46:47.668866+00:00,2026-08-22T07:49:49.992921+00:00,ridge,v1_evaluated_2025,v1_weekly_rankings
2026,1,2026_01_DAL_NYG,2026-09-13,00-0040939,Michael Trigg,TE,DAL,NYG,2.7645307556871055,2.7645307556871055,90,,,,ROLE_FILTERED,ROLE_FILTERED,False,True,TE,10,4,LOW,0,0,,,,,SOURCE_UNAVAILABLE_FOR_2026_AT_BUILD,INJURY_CONTEXT_UNAVAILABLE;OUTSIDE_DEPTH_ELIGIBILITY;NO_PRIOR_GAMES,"Raw 2.76 PPR; TE raw rank 90; depth slot 10, rank 4; 0 prior games; injury context unavailable.",2026-08-22T07:46:47.668866+00:00,2026-08-22T07:49:49.992921+00:00,ridge,v1_evaluated_2025,v1_weekly_rankings
2026,1,2026_01_DEN_KC,2026-09-14,00-0039824,Jared Wiley,TE,KC,DEN,2.6975975215586816,2.6975975215586816,91,,,,ROLE_FILTERED,ROLE_FILTERED,False,True,TE,10,3,MEDIUM,3,0,253.0,1.0333333333333334,0.6667,0.17,SOURCE_UNAVAILABLE_FOR_2026_AT_BUILD,INJURY_CONTEXT_UNAVAILABLE;OUTSIDE_DEPTH_ELIGIBILITY,"Raw 2.70 PPR; TE raw rank 91; depth slot 10, rank 3; 3 prior games; injury context unavailable.",2026-08-22T07:46:47.668866+00:00,2026-08-22T07:49:49.992921+00:00,ridge,v1_evaluated_2025,v1_weekly_rankings
2026,1,2026_01_TB_CIN,2026-09-13,00-0037311,Ko Kieft,TE,TB,CIN,2.6663486276977713,2.6663486276977713,93,,,,ROLE_FILTERED,ROLE_FILTERED,False,True,TE,10,3,HIGH,28,0,357.0,0.0,0.0,0.122,SOURCE_UNAVAILABLE_FOR_2026_AT_BUILD,INJURY_CONTEXT_UNAVAILABLE;OUTSIDE_DEPTH_ELIGIBILITY,"Raw 2.67 PPR; TE raw rank 93; depth slot 10, rank 3; 28 prior games; injury context unavailable.",2026-08-22T07:46:47.668866+00:00,2026-08-22T07:49:49.992921+00:00,ridge,v1_evaluated_2025,v1_weekly_rankings
2026,1,2026_01_WAS_PHI,2026-09-13,00-0037475,Stone Smartt,TE,PHI,WAS,2.662316077063728,2.662316077063728,94,,,,ROLE_FILTERED,ROLE_FILTERED,False,True,TE,10,7,HIGH,30,0,259.0,2.44,1.8,0.162,SOURCE_UNAVAILABLE_FOR_2026_AT_BUILD,INJURY_CONTEXT_UNAVAILABLE;OUTSIDE_DEPTH_ELIGIBILITY,"Raw 2.66 PPR; TE raw rank 94; depth slot 10, rank 7; 30 prior games; injury context unavailable.",2026-08-22T07:46:47.668866+00:00,2026-08-22T07:49:49.992921+00:00,ridge,v1_evaluated_2025,v1_weekly_rankings
2026,1,2026_01_NO_DET,2026-09-13,00-0039518,Treyton Welch,TE,NO,DET,2.6618807344426263,2.6618807344426263,95,,,,ROLE_FILTERED,ROLE_FILTERED,False,True,TE,10,6,LOW,0,0,,,,,SOURCE_UNAVAILABLE_FOR_2026_AT_BUILD,INJURY_CONTEXT_UNAVAILABLE;OUTSIDE_DEPTH_ELIGIBILITY;NO_PRIOR_GAMES,"Raw 2.66 PPR; TE raw rank 95; depth slot 10, rank 6; 0 prior games; injury context unavailable.",2026-08-22T07:46:47.668866+00:00,2026-08-22T07:49:49.992921+00:00,ridge,v1_evaluated_2025,v1_weekly_rankings
2026,1,2026_01_NO_DET,2026-09-13,00-0041041,Oscar Delp,TE,NO,DET,2.6618807344426263,2.6618807344426263,96,,,,ROLE_FILTERED,ROLE_FILTERED,False,True,TE,10,3,LOW,0,0,,,,,SOURCE_UNAVAILABLE_FOR_2026_AT_BUILD,INJURY_CONTEXT_UNAVAILABLE;OUTSIDE_DEPTH_ELIGIBILITY;NO_PRIOR_GAMES,"Raw 2.66 PPR; TE raw rank 96; depth slot 10, rank 3; 0 prior games; injury context unavailable.",2026-08-22T07:46:47.668866+00:00,2026-08-22T07:49:49.992921+00:00,ridge,v1_evaluated_2025,v1_weekly_rankings
2026,1,2026_01_NO_DET,2026-09-13,00-0041327,Cody Hardy,TE,NO,DET,2.6618807344426263,2.6618807344426263,97,,,,ROLE_FILTERED,ROLE_FILTERED,False,True,TE,10,7,LOW,0,0,,,,,SOURCE_UNAVAILABLE_FOR_2026_AT_BUILD,INJURY_CONTEXT_UNAVAILABLE;OUTSIDE_DEPTH_ELIGIBILITY;NO_PRIOR_GAMES,"Raw 2.66 PPR; TE raw rank 97; depth slot 10, rank 7; 0 prior games; injury context unavailable.",2026-08-22T07:46:47.668866+00:00,2026-08-22T07:49:49.992921+00:00,ridge,v1_evaluated_2025,v1_weekly_rankings
2026,1,2026_01_NO_DET,2026-09-13,00-0040387,Zach Horton,TE,DET,NO,2.6358450220276013,2.6358450220276013,98,,,,ROLE_FILTERED,ROLE_FILTERED,False,True,TE,10,5,LOW,0,0,,,,,SOURCE_UNAVAILABLE_FOR_2026_AT_BUILD,INJURY_CONTEXT_UNAVAILABLE;OUTSIDE_DEPTH_ELIGIBILITY;NO_PRIOR_GAMES,"Raw 2.64 PPR; TE raw rank 98; depth slot 10, rank 5; 0 prior games; injury context unavailable.",2026-08-22T07:46:47.668866+00:00,2026-08-22T07:49:49.992921+00:00,ridge,v1_evaluated_2025,v1_weekly_rankings
2026,1,2026_01_NO_DET,2026-09-13,00-0040697,Thomas Gordon,TE,DET,NO,2.6358450220276013,2.6358450220276013,99,,,,ROLE_FILTERED,ROLE_FILTERED,False,True,TE,10,6,LOW,0,0,,,,,SOURCE_UNAVAILABLE_FOR_2026_AT_BUILD,INJURY_CONTEXT_UNAVAILABLE;OUTSIDE_DEPTH_ELIGIBILITY;NO_PRIOR_GAMES,"Raw 2.64 PPR; TE raw rank 99; depth slot 10, rank 6; 0 prior games; injury context unavailable.",2026-08-22T07:46:47.668866+00:00,2026-08-22T07:49:49.992921+00:00,ridge,v1_evaluated_2025,v1_weekly_rankings
2026,1,2026_01_NYJ_TEN,2026-09-13,00-0037755,Jelani Woods,TE,NYJ,TEN,2.6201410287938605,2.6201410287938605,100,,,,ROLE_FILTERED,ROLE_FILTERED,False,True,TE,10,4,HIGH,14,0,259.0,3.1,3.2,0.45999999999999996,SOURCE_UNAVAILABLE_FOR_2026_AT_BUILD,INJURY_CONTEXT_UNAVAILABLE;OUTSIDE_DEPTH_ELIGIBILITY,"Raw 2.62 PPR; TE raw rank 100; depth slot 10, rank 4; 14 prior games; injury context unavailable.",2026-08-22T07:46:47.668866+00:00,2026-08-22T07:49:49.992921+00:00,ridge,v1_evaluated_2025,v1_weekly_rankings
2026,1,2026_01_GB_MIN,2026-09-13,00-0039275,Messiah Swinson,TE,GB,MIN,2.567565774856951,2.567565774856951,102,,,,ROLE_FILTERED,ROLE_FILTERED,False,True,TE,10,5,LOW,0,0,,,,,SOURCE_UNAVAILABLE_FOR_2026_AT_BUILD,INJURY_CONTEXT_UNAVAILABLE;OUTSIDE_DEPTH_ELIGIBILITY;NO_PRIOR_GAMES,"Raw 2.57 PPR; TE raw rank 102; depth slot 10, rank 5; 0 prior games; injury context unavailable.",2026-08-22T07:46:47.668866+00:00,2026-08-22T07:49:49.992921+00:00,ridge,v1_evaluated_2025,v1_weekly_rankings
2026,1,2026_01_ATL_PIT,2026-09-13,00-0041263,Lake McRee,TE,PIT,ATL,2.5609162736137003,2.5609162736137003,103,,,,ROLE_FILTERED,ROLE_FILTERED,False,True,TE,10,5,LOW,0,0,,,,,SOURCE_UNAVAILABLE_FOR_2026_AT_BUILD,INJURY_CONTEXT_UNAVAILABLE;OUTSIDE_DEPTH_ELIGIBILITY;NO_PRIOR_GAMES,"Raw 2.56 PPR; TE raw rank 103; depth slot 10, rank 5; 0 prior games; injury context unavailable.",2026-08-22T07:46:47.668866+00:00,2026-08-22T07:49:49.992921+00:00,ridge,v1_evaluated_2025,v1_weekly_rankings
2026,1,2026_01_DAL_NYG,2026-09-13,00-0037348,Tanner Conner,TE,NYG,DAL,2.554187447941893,2.554187447941893,104,,,,ROLE_FILTERED,ROLE_FILTERED,False,True,TE,10,5,HIGH,14,0,318.0,2.3600000000000003,1.8,0.292,SOURCE_UNAVAILABLE_FOR_2026_AT_BUILD,INJURY_CONTEXT_UNAVAILABLE;OUTSIDE_DEPTH_ELIGIBILITY,"Raw 2.55 PPR; TE raw rank 104; depth slot 10, rank 5; 14 prior games; injury context unavailable.",2026-08-22T07:46:47.668866+00:00,2026-08-22T07:49:49.992921+00:00,ridge,v1_evaluated_2025,v1_weekly_rankings
2026,1,2026_01_DEN_KC,2026-09-14,00-0040240,Caleb Lohner,TE,DEN,KC,2.510541869559718,2.510541869559718,105,,,,ROLE_FILTERED,ROLE_FILTERED,False,True,TE,10,6,LOW,0,0,,,,,SOURCE_UNAVAILABLE_FOR_2026_AT_BUILD,INJURY_CONTEXT_UNAVAILABLE;OUTSIDE_DEPTH_ELIGIBILITY;NO_PRIOR_GAMES,"Raw 2.51 PPR; TE raw rank 105; depth slot 10, rank 6; 0 prior games; injury context unavailable.",2026-08-22T07:46:47.668866+00:00,2026-08-22T07:49:49.992921+00:00,ridge,v1_evaluated_2025,v1_weekly_rankings
2026,1,2026_01_DEN_KC,2026-09-14,00-0041077,Justin Joly,TE,DEN,KC,2.510541869559718,2.510541869559718,106,,,,ROLE_FILTERED,ROLE_FILTERED,False,True,TE,10,3,LOW,0,0,,,,,SOURCE_UNAVAILABLE_FOR_2026_AT_BUILD,INJURY_CONTEXT_UNAVAILABLE;OUTSIDE_DEPTH_ELIGIBILITY;NO_PRIOR_GAMES,"Raw 2.51 PPR; TE raw rank 106; depth slot 10, rank 3; 0 prior games; injury context unavailable.",2026-08-22T07:46:47.668866+00:00,2026-08-22T07:49:49.992921+00:00,ridge,v1_evaluated_2025,v1_weekly_rankings
2026,1,2026_01_DEN_KC,2026-09-14,00-0041133,Dallen Bentley,TE,DEN,KC,2.510541869559718,2.510541869559718,107,,,,ROLE_FILTERED,ROLE_FILTERED,False,True,TE,10,7,LOW,0,0,,,,,SOURCE_UNAVAILABLE_FOR_2026_AT_BUILD,INJURY_CONTEXT_UNAVAILABLE;OUTSIDE_DEPTH_ELIGIBILITY;NO_PRIOR_GAMES,"Raw 2.51 PPR; TE raw rank 107; depth slot 10, rank 7; 0 prior games; injury context unavailable.",2026-08-22T07:46:47.668866+00:00,2026-08-22T07:49:49.992921+00:00,ridge,v1_evaluated_2025,v1_weekly_rankings
2026,1,2026_01_DEN_KC,2026-09-14,00-0037539,Lucas Krull,TE,DEN,KC,2.497230698586203,2.497230698586203,108,,,,ROLE_FILTERED,ROLE_FILTERED,False,True,TE,10,5,HIGH,19,0,358.0,2.54,2.0,0.386,SOURCE_UNAVAILABLE_FOR_2026_AT_BUILD,INJURY_CONTEXT_UNAVAILABLE;OUTSIDE_DEPTH_ELIGIBILITY,"Raw 2.50 PPR; TE raw rank 108; depth slot 10, rank 5; 19 prior games; injury context unavailable.",2026-08-22T07:46:47.668866+00:00,2026-08-22T07:49:49.992921+00:00,ridge,v1_evaluated_2025,v1_weekly_rankings
2026,1,2026_01_GB_MIN,2026-09-13,00-0040509,Ben Yurosek,TE,MIN,GB,2.4415029625177125,2.4415029625177125,110,,,,ROLE_FILTERED,ROLE_FILTERED,False,True,TE,10,3,HIGH,6,0,252.0,0.6799999999999999,0.6,0.272,SOURCE_UNAVAILABLE_FOR_2026_AT_BUILD,INJURY_CONTEXT_UNAVAILABLE;OUTSIDE_DEPTH_ELIGIBILITY,"Raw 2.44 PPR; TE raw rank 110; depth slot 10, rank 3; 6 prior games; injury context unavailable.",2026-08-22T07:46:47.668866+00:00,2026-08-22T07:49:49.992921+00:00,ridge,v1_evaluated_2025,v1_weekly_rankings
2026,1,2026_01_CLE_JAX,2026-09-13,00-0036590,Quintin Morris,TE,JAX,CLE,2.436885555084282,2.436885555084282,111,,,,ROLE_FILTERED,ROLE_FILTERED,False,True,TE,10,4,HIGH,32,0,252.0,2.6,0.8,0.28400000000000003,SOURCE_UNAVAILABLE_FOR_2026_AT_BUILD,INJURY_CONTEXT_UNAVAILABLE;OUTSIDE_DEPTH_ELIGIBILITY,"Raw 2.44 PPR; TE raw rank 111; depth slot 10, rank 4; 32 prior games; injury context unavailable.",2026-08-22T07:46:47.668866+00:00,2026-08-22T07:49:49.992921+00:00,ridge,v1_evaluated_2025,v1_weekly_rankings
2026,1,2026_01_NYJ_TEN,2026-09-13,00-0039023,Joel Wilson,TE,TEN,NYJ,2.3837701158092948,2.3837701158092948,113,,,,ROLE_FILTERED,ROLE_FILTERED,False,True,TE,10,5,LOW,0,0,,,,,SOURCE_UNAVAILABLE_FOR_2026_AT_BUILD,INJURY_CONTEXT_UNAVAILABLE;OUTSIDE_DEPTH_ELIGIBILITY;NO_PRIOR_GAMES,"Raw 2.38 PPR; TE raw rank 113; depth slot 10, rank 5; 0 prior games; injury context unavailable.",2026-08-22T07:46:47.668866+00:00,2026-08-22T07:49:49.992921+00:00,ridge,v1_evaluated_2025,v1_weekly_rankings
2026,1,2026_01_NYJ_TEN,2026-09-13,00-0040901,Jaren Kanak,TE,TEN,NYJ,2.3837701158092948,2.3837701158092948,114,,,,ROLE_FILTERED,ROLE_FILTERED,False,True,TE,10,6,LOW,0,0,,,,,SOURCE_UNAVAILABLE_FOR_2026_AT_BUILD,INJURY_CONTEXT_UNAVAILABLE;OUTSIDE_DEPTH_ELIGIBILITY;NO_PRIOR_GAMES,"Raw 2.38 PPR; TE raw rank 114; depth slot 10, rank 6; 0 prior games; injury context unavailable.",2026-08-22T07:46:47.668866+00:00,2026-08-22T07:49:49.992921+00:00,ridge,v1_evaluated_2025,v1_weekly_rankings
2026,1,2026_01_BAL_IND,2026-09-13,00-0040853,Carson Towt,TE,IND,BAL,2.329387331326928,2.329387331326928,115,,,,ROLE_FILTERED,ROLE_FILTERED,False,True,TE,10,8,LOW,0,0,,,,,SOURCE_UNAVAILABLE_FOR_2026_AT_BUILD,INJURY_CONTEXT_UNAVAILABLE;OUTSIDE_DEPTH_ELIGIBILITY;NO_PRIOR_GAMES,"Raw 2.33 PPR; TE raw rank 115; depth slot 10, rank 8; 0 prior games; injury context unavailable.",2026-08-22T07:46:47.668866+00:00,2026-08-22T07:49:49.992921+00:00,ridge,v1_evaluated_2025,v1_weekly_rankings
2026,1,2026_01_CLE_JAX,2026-09-13,00-0039458,Brenden Bates,TE,CLE,JAX,2.2705424269134156,2.2705424269134156,117,,,,ROLE_FILTERED,ROLE_FILTERED,False,True,TE,10,9,HIGH,6,0,252.0,1.7600000000000002,1.0,0.36,SOURCE_UNAVAILABLE_FOR_2026_AT_BUILD,INJURY_CONTEXT_UNAVAILABLE;OUTSIDE_DEPTH_ELIGIBILITY,"Raw 2.27 PPR; TE raw rank 117; depth slot 10, rank 9; 6 prior games; injury context unavailable.",2026-08-22T07:46:47.668866+00:00,2026-08-22T07:49:49.992921+00:00,ridge,v1_evaluated_2025,v1_weekly_rankings
2026,1,2026_01_WAS_PHI,2026-09-13,00-0041180,Quentin Moore,TE,WAS,PHI,2.264434488903441,2.264434488903441,118,,,,ROLE_FILTERED,ROLE_FILTERED,False,True,TE,10,7,LOW,0,0,,,,,SOURCE_UNAVAILABLE_FOR_2026_AT_BUILD,INJURY_CONTEXT_UNAVAILABLE;OUTSIDE_DEPTH_ELIGIBILITY;NO_PRIOR_GAMES,"Raw 2.26 PPR; TE raw rank 118; depth slot 10, rank 7; 0 prior games; injury context unavailable.",2026-08-22T07:46:47.668866+00:00,2026-08-22T07:49:49.992921+00:00,ridge,v1_evaluated_2025,v1_weekly_rankings
2026,1,2026_01_WAS_PHI,2026-09-13,00-0038564,Cameron Latu,TE,PHI,WAS,2.264113143319188,2.264113143319188,119,,,,ROLE_FILTERED,ROLE_FILTERED,False,True,TE,10,5,HIGH,10,0,252.0,0.0,0.0,0.10400000000000001,SOURCE_UNAVAILABLE_FOR_2026_AT_BUILD,INJURY_CONTEXT_UNAVAILABLE;OUTSIDE_DEPTH_ELIGIBILITY,"Raw 2.26 PPR; TE raw rank 119; depth slot 10, rank 5; 10 prior games; injury context unavailable.",2026-08-22T07:46:47.668866+00:00,2026-08-22T07:49:49.992921+00:00,ridge,v1_evaluated_2025,v1_weekly_rankings
2026,1,2026_01_NO_DET,2026-09-13,00-0037340,Zaire Mitchell-Paden,TE,NO,DET,2.254766979006911,2.254766979006911,120,,,,ROLE_FILTERED,ROLE_FILTERED,False,True,TE,10,5,MEDIUM,3,0,308.0,1.2333333333333334,1.0,0.30333333333333334,SOURCE_UNAVAILABLE_FOR_2026_AT_BUILD,INJURY_CONTEXT_UNAVAILABLE;OUTSIDE_DEPTH_ELIGIBILITY,"Raw 2.25 PPR; TE raw rank 120; depth slot 10, rank 5; 3 prior games; injury context unavailable.",2026-08-22T07:46:47.668866+00:00,2026-08-22T07:49:49.992921+00:00,ridge,v1_evaluated_2025,v1_weekly_rankings
2026,1,2026_01_SF_LA,2026-09-10,00-0039489,Hayden Rucci,TE,SF,LA,2.250805204681532,2.250805204681532,121,,,,ROLE_FILTERED,ROLE_FILTERED,False,True,TE,10,5,LOW,1,0,319.0,0.0,0.0,0.16,SOURCE_UNAVAILABLE_FOR_2026_AT_BUILD,INJURY_CONTEXT_UNAVAILABLE;OUTSIDE_DEPTH_ELIGIBILITY;LIMITED_HISTORY,"Raw 2.25 PPR; TE raw rank 121; depth slot 10, rank 5; 1 prior games; injury context unavailable.",2026-08-22T07:46:47.668866+00:00,2026-08-22T07:49:49.992921+00:00,ridge,v1_evaluated_2025,v1_weekly_rankings
2026,1,2026_01_CLE_JAX,2026-09-13,00-0041087,Joe Royer,TE,CLE,JAX,2.243450548315095,2.243450548315095,122,,,,ROLE_FILTERED,ROLE_FILTERED,False,True,TE,10,4,LOW,0,0,,,,,SOURCE_UNAVAILABLE_FOR_2026_AT_BUILD,INJURY_CONTEXT_UNAVAILABLE;OUTSIDE_DEPTH_ELIGIBILITY;NO_PRIOR_GAMES,"Raw 2.24 PPR; TE raw rank 122; depth slot 10, rank 4; 0 prior games; injury context unavailable.",2026-08-22T07:46:47.668866+00:00,2026-08-22T07:49:49.992921+00:00,ridge,v1_evaluated_2025,v1_weekly_rankings
2026,1,2026_01_CLE_JAX,2026-09-13,00-0041131,Carsen Ryan,TE,CLE,JAX,2.243450548315095,2.243450548315095,123,,,,ROLE_FILTERED,ROLE_FILTERED,False,True,TE,10,3,LOW,0,0,,,,,SOURCE_UNAVAILABLE_FOR_2026_AT_BUILD,INJURY_CONTEXT_UNAVAILABLE;OUTSIDE_DEPTH_ELIGIBILITY;NO_PRIOR_GAMES,"Raw 2.24 PPR; TE raw rank 123; depth slot 10, rank 3; 0 prior games; injury context unavailable.",2026-08-22T07:46:47.668866+00:00,2026-08-22T07:49:49.992921+00:00,ridge,v1_evaluated_2025,v1_weekly_rankings
2026,1,2026_01_CLE_JAX,2026-09-13,00-0040331,Patrick Herbert,TE,JAX,CLE,2.1765929066748266,2.1765929066748266,124,,,,ROLE_FILTERED,ROLE_FILTERED,False,True,TE,10,6,LOW,0,0,,,,,SOURCE_UNAVAILABLE_FOR_2026_AT_BUILD,INJURY_CONTEXT_UNAVAILABLE;OUTSIDE_DEPTH_ELIGIBILITY;NO_PRIOR_GAMES,"Raw 2.18 PPR; TE raw rank 124; depth slot 10, rank 6; 0 prior games; injury context unavailable.",2026-08-22T07:46:47.668866+00:00,2026-08-22T07:49:49.992921+00:00,ridge,v1_evaluated_2025,v1_weekly_rankings
2026,1,2026_01_CLE_JAX,2026-09-13,00-0041084,Tanner Koziol,TE,JAX,CLE,2.1765929066748266,2.1765929066748266,125,,,,ROLE_FILTERED,ROLE_FILTERED,False,True,TE,10,3,LOW,0,0,,,,,SOURCE_UNAVAILABLE_FOR_2026_AT_BUILD,INJURY_CONTEXT_UNAVAILABLE;OUTSIDE_DEPTH_ELIGIBILITY;NO_PRIOR_GAMES,"Raw 2.18 PPR; TE raw rank 125; depth slot 10, rank 3; 0 prior games; injury context unavailable.",2026-08-22T07:46:47.668866+00:00,2026-08-22T07:49:49.992921+00:00,ridge,v1_evaluated_2025,v1_weekly_rankings
2026,1,2026_01_NYJ_TEN,2026-09-13,00-0039648,David Martin-Robinson,TE,TEN,NYJ,2.1677664905496035,2.1677664905496035,127,,,,ROLE_FILTERED,ROLE_FILTERED,False,True,TE,10,4,HIGH,15,0,252.0,1.1800000000000002,1.0,0.262,SOURCE_UNAVAILABLE_FOR_2026_AT_BUILD,INJURY_CONTEXT_UNAVAILABLE;OUTSIDE_DEPTH_ELIGIBILITY,"Raw 2.17 PPR; TE raw rank 127; depth slot 10, rank 4; 15 prior games; injury context unavailable.",2026-08-22T07:46:47.668866+00:00,2026-08-22T07:49:49.992921+00:00,ridge,v1_evaluated_2025,v1_weekly_rankings
2026,1,2026_01_ATL_PIT,2026-09-13,00-0033757,Robert Tonyan,TE,PIT,ATL,2.1502337441334634,2.1502337441334634,128,,,,ROLE_FILTERED,ROLE_FILTERED,False,True,TE,10,3,HIGH,70,0,301.0,2.1,1.4,0.34,SOURCE_UNAVAILABLE_FOR_2026_AT_BUILD,INJURY_CONTEXT_UNAVAILABLE;OUTSIDE_DEPTH_ELIGIBILITY,"Raw 2.15 PPR; TE raw rank 128; depth slot 10, rank 3; 70 prior games; injury context unavailable.",2026-08-22T07:46:47.668866+00:00,2026-08-22T07:49:49.992921+00:00,ridge,v1_evaluated_2025,v1_weekly_rankings
2026,1,2026_01_BUF_HOU,2026-09-13,00-0040194,Jackson Hawes,TE,BUF,HOU,2.1334698824566662,2.1334698824566662,129,,,,ROLE_FILTERED,ROLE_FILTERED,False,True,TE,10,3,HIGH,13,0,252.0,3.3600000000000003,1.2,0.52,SOURCE_UNAVAILABLE_FOR_2026_AT_BUILD,INJURY_CONTEXT_UNAVAILABLE;OUTSIDE_DEPTH_ELIGIBILITY,"Raw 2.13 PPR; TE raw rank 129; depth slot 10, rank 3; 13 prior games; injury context unavailable.",2026-08-22T07:46:47.668866+00:00,2026-08-22T07:49:49.992921+00:00,ridge,v1_evaluated_2025,v1_weekly_rankings
2026,1,2026_01_BUF_HOU,2026-09-13,00-0039359,Cade Stover,TE,HOU,BUF,2.1080748689384947,2.1080748689384947,130,,,,ROLE_FILTERED,ROLE_FILTERED,False,True,TE,10,3,HIGH,20,0,252.0,2.74,2.4,0.472,SOURCE_UNAVAILABLE_FOR_2026_AT_BUILD,INJURY_CONTEXT_UNAVAILABLE;OUTSIDE_DEPTH_ELIGIBILITY,"Raw 2.11 PPR; TE raw rank 130; depth slot 10, rank 3; 20 prior games; injury context unavailable.",2026-08-22T07:46:47.668866+00:00,2026-08-22T07:49:49.992921+00:00,ridge,v1_evaluated_2025,v1_weekly_rankings
2026,1,2026_01_TB_CIN,2026-09-13,00-0039631,Cam Grandy,TE,CIN,TB,2.0942382733052507,2.0942382733052507,131,,,,ROLE_FILTERED,ROLE_FILTERED,False,True,TE,10,5,HIGH,6,0,266.0,1.9,1.2,0.142,SOURCE_UNAVAILABLE_FOR_2026_AT_BUILD,INJURY_CONTEXT_UNAVAILABLE;OUTSIDE_DEPTH_ELIGIBILITY,"Raw 2.09 PPR; TE raw rank 131; depth slot 10, rank 5; 6 prior games; injury context unavailable.",2026-08-22T07:46:47.668866+00:00,2026-08-22T07:49:49.992921+00:00,ridge,v1_evaluated_2025,v1_weekly_rankings
2026,1,2026_01_ARI_LAC,2026-09-13,00-0040046,Rivaldo Fairweather,TE,ARI,LAC,2.0491531677416264,2.0491531677416264,133,,,,ROLE_FILTERED,ROLE_FILTERED,False,True,TE,10,5,LOW,0,0,,,,,SOURCE_UNAVAILABLE_FOR_2026_AT_BUILD,INJURY_CONTEXT_UNAVAILABLE;OUTSIDE_DEPTH_ELIGIBILITY;NO_PRIOR_GAMES,"Raw 2.05 PPR; TE raw rank 133; depth slot 10, rank 5; 0 prior games; injury context unavailable.",2026-08-22T07:46:47.668866+00:00,2026-08-22T07:49:49.992921+00:00,ridge,v1_evaluated_2025,v1_weekly_rankings
2026,1,2026_01_ARI_LAC,2026-09-13,00-0041366,Jameson Geers,TE,ARI,LAC,2.0491531677416264,2.0491531677416264,134,,,,ROLE_FILTERED,ROLE_FILTERED,False,True,TE,10,8,LOW,0,0,,,,,SOURCE_UNAVAILABLE_FOR_2026_AT_BUILD,INJURY_CONTEXT_UNAVAILABLE;OUTSIDE_DEPTH_ELIGIBILITY;NO_PRIOR_GAMES,"Raw 2.05 PPR; TE raw rank 134; depth slot 10, rank 8; 0 prior games; injury context unavailable.",2026-08-22T07:46:47.668866+00:00,2026-08-22T07:49:49.992921+00:00,ridge,v1_evaluated_2025,v1_weekly_rankings
2026,1,2026_01_NE_SEA,2026-09-09,00-0040566,CJ Dippre,TE,NE,SEA,2.0429930760248487,2.0429930760248487,135,,,,ROLE_FILTERED,ROLE_FILTERED,False,True,TE,10,3,LOW,0,0,,,,,SOURCE_UNAVAILABLE_FOR_2026_AT_BUILD,INJURY_CONTEXT_UNAVAILABLE;OUTSIDE_DEPTH_ELIGIBILITY;NO_PRIOR_GAMES,"Raw 2.04 PPR; TE raw rank 135; depth slot 10, rank 3; 0 prior games; injury context unavailable.",2026-08-22T07:46:47.668866+00:00,2026-08-22T07:49:49.992921+00:00,ridge,v1_evaluated_2025,v1_weekly_rankings
2026,1,2026_01_NE_SEA,2026-09-09,00-0041314,Tanner Arkin,TE,NE,SEA,2.0429930760248487,2.0429930760248487,136,,,,ROLE_FILTERED,ROLE_FILTERED,False,True,TE,10,5,LOW,0,0,,,,,SOURCE_UNAVAILABLE_FOR_2026_AT_BUILD,INJURY_CONTEXT_UNAVAILABLE;OUTSIDE_DEPTH_ELIGIBILITY;NO_PRIOR_GAMES,"Raw 2.04 PPR; TE raw rank 136; depth slot 10, rank 5; 0 prior games; injury context unavailable.",2026-08-22T07:46:47.668866+00:00,2026-08-22T07:49:49.992921+00:00,ridge,v1_evaluated_2025,v1_weekly_rankings
2026,1,2026_01_ARI_LAC,2026-09-13,00-0041384,Evan Svoboda,TE,LAC,ARI,1.988454318894914,1.988454318894914,138,,,,ROLE_FILTERED,ROLE_FILTERED,False,True,TE,10,6,LOW,0,0,,,,,SOURCE_UNAVAILABLE_FOR_2026_AT_BUILD,INJURY_CONTEXT_UNAVAILABLE;OUTSIDE_DEPTH_ELIGIBILITY;NO_PRIOR_GAMES,"Raw 1.99 PPR; TE raw rank 138; depth slot 10, rank 6; 0 prior games; injury context unavailable.",2026-08-22T07:46:47.668866+00:00,2026-08-22T07:49:49.992921+00:00,ridge,v1_evaluated_2025,v1_weekly_rankings
2026,1,2026_01_ARI_LAC,2026-09-13,00-0041452,Johnny Pascuzzi,TE,LAC,ARI,1.988454318894914,1.988454318894914,139,,,,ROLE_FILTERED,ROLE_FILTERED,False,True,TE,10,4,LOW,0,0,,,,,SOURCE_UNAVAILABLE_FOR_2026_AT_BUILD,INJURY_CONTEXT_UNAVAILABLE;OUTSIDE_DEPTH_ELIGIBILITY;NO_PRIOR_GAMES,"Raw 1.99 PPR; TE raw rank 139; depth slot 10, rank 4; 0 prior games; injury context unavailable.",2026-08-22T07:46:47.668866+00:00,2026-08-22T07:49:49.992921+00:00,ridge,v1_evaluated_2025,v1_weekly_rankings
2026,1,2026_01_ATL_PIT,2026-09-13,00-0040552,Joshua Simon,TE,ATL,PIT,1.953495536645157,1.953495536645157,140,,,,ROLE_FILTERED,ROLE_FILTERED,False,True,TE,10,4,LOW,0,0,,,,,SOURCE_UNAVAILABLE_FOR_2026_AT_BUILD,INJURY_CONTEXT_UNAVAILABLE;OUTSIDE_DEPTH_ELIGIBILITY;NO_PRIOR_GAMES,"Raw 1.95 PPR; TE raw rank 140; depth slot 10, rank 4; 0 prior games; injury context unavailable.",2026-08-22T07:46:47.668866+00:00,2026-08-22T07:49:49.992921+00:00,ridge,v1_evaluated_2025,v1_weekly_rankings
2026,1,2026_01_ATL_PIT,2026-09-13,00-0041195,Jack Velling,TE,ATL,PIT,1.953495536645157,1.953495536645157,141,,,,ROLE_FILTERED,ROLE_FILTERED,False,True,TE,10,6,LOW,0,0,,,,,SOURCE_UNAVAILABLE_FOR_2026_AT_BUILD,INJURY_CONTEXT_UNAVAILABLE;OUTSIDE_DEPTH_ELIGIBILITY;NO_PRIOR_GAMES,"Raw 1.95 PPR; TE raw rank 141; depth slot 10, rank 6; 0 prior games; injury context unavailable.",2026-08-22T07:46:47.668866+00:00,2026-08-22T07:49:49.992921+00:00,ridge,v1_evaluated_2025,v1_weekly_rankings
2026,1,2026_01_NE_SEA,2026-09-09,00-0040058,Nick Kallerup,TE,SEA,NE,1.921121676613561,1.921121676613561,142,,,,ROLE_FILTERED,ROLE_FILTERED,False,True,TE,10,5,MEDIUM,4,0,269.0,0.0,0.25,0.27249999999999996,SOURCE_UNAVAILABLE_FOR_2026_AT_BUILD,INJURY_CONTEXT_UNAVAILABLE;OUTSIDE_DEPTH_ELIGIBILITY,"Raw 1.92 PPR; TE raw rank 142; depth slot 10, rank 5; 4 prior games; injury context unavailable.",2026-08-22T07:46:47.668866+00:00,2026-08-22T07:49:49.992921+00:00,ridge,v1_evaluated_2025,v1_weekly_rankings
2026,1,2026_01_CHI_CAR,2026-09-13,00-0039843,Qadir Ismail,TE,CHI,CAR,1.8755679297715169,1.8755679297715169,143,,,,ROLE_FILTERED,ROLE_FILTERED,False,True,TE,10,5,LOW,0,0,,,,,SOURCE_UNAVAILABLE_FOR_2026_AT_BUILD,INJURY_CONTEXT_UNAVAILABLE;OUTSIDE_DEPTH_ELIGIBILITY;NO_PRIOR_GAMES,"Raw 1.88 PPR; TE raw rank 143; depth slot 10, rank 5; 0 prior games; injury context unavailable.",2026-08-22T07:46:47.668866+00:00,2026-08-22T07:49:49.992921+00:00,ridge,v1_evaluated_2025,v1_weekly_rankings
2026,1,2026_01_CHI_CAR,2026-09-13,00-0041170,Hayden Large,TE,CHI,CAR,1.8755679297715169,1.8755679297715169,144,,,,ROLE_FILTERED,ROLE_FILTERED,False,True,TE,10,6,LOW,0,0,,,,,SOURCE_UNAVAILABLE_FOR_2026_AT_BUILD,INJURY_CONTEXT_UNAVAILABLE;OUTSIDE_DEPTH_ELIGIBILITY;NO_PRIOR_GAMES,"Raw 1.88 PPR; TE raw rank 144; depth slot 10, rank 6; 0 prior games; injury context unavailable.",2026-08-22T07:46:47.668866+00:00,2026-08-22T07:49:49.992921+00:00,ridge,v1_evaluated_2025,v1_weekly_rankings
2026,1,2026_01_ARI_LAC,2026-09-13,00-0038046,Charlie Kolar,TE,LAC,ARI,1.8365035813747213,1.8365035813747213,146,,,,ROLE_FILTERED,ROLE_FILTERED,False,True,TE,10,3,HIGH,33,0,260.0,1.6800000000000002,0.8,0.38,SOURCE_UNAVAILABLE_FOR_2026_AT_BUILD,INJURY_CONTEXT_UNAVAILABLE;OUTSIDE_DEPTH_ELIGIBILITY,"Raw 1.84 PPR; TE raw rank 146; depth slot 10, rank 3; 33 prior games; injury context unavailable.",2026-08-22T07:46:47.668866+00:00,2026-08-22T07:49:49.992921+00:00,ridge,v1_evaluated_2025,v1_weekly_rankings
2026,1,2026_01_BUF_HOU,2026-09-13,00-0041535,Louis Hansen,TE,HOU,BUF,1.8253601391258618,1.8253601391258618,147,,,,ROLE_FILTERED,ROLE_FILTERED,False,True,TE,10,7,LOW,0,0,,,,,SOURCE_UNAVAILABLE_FOR_2026_AT_BUILD,INJURY_CONTEXT_UNAVAILABLE;OUTSIDE_DEPTH_ELIGIBILITY;NO_PRIOR_GAMES,"Raw 1.83 PPR; TE raw rank 147; depth slot 10, rank 7; 0 prior games; injury context unavailable.",2026-08-22T07:46:47.668866+00:00,2026-08-22T07:49:49.992921+00:00,ridge,v1_evaluated_2025,v1_weekly_rankings
2026,1,2026_01_BUF_HOU,2026-09-13,00-0041472,Marlin Klein,TE,HOU,BUF,1.8253601391258614,1.8253601391258614,148,,,,ROLE_FILTERED,ROLE_FILTERED,False,True,TE,10,5,LOW,0,0,,,,,SOURCE_UNAVAILABLE_FOR_2026_AT_BUILD,INJURY_CONTEXT_UNAVAILABLE;OUTSIDE_DEPTH_ELIGIBILITY;NO_PRIOR_GAMES,"Raw 1.83 PPR; TE raw rank 148; depth slot 10, rank 5; 0 prior games; injury context unavailable.",2026-08-22T07:46:47.668866+00:00,2026-08-22T07:49:49.992921+00:00,ridge,v1_evaluated_2025,v1_weekly_rankings
2026,1,2026_01_DEN_KC,2026-09-14,00-0038783,Nate Adkins,TE,DEN,KC,1.7843640897843955,1.7843640897843955,150,,,,ROLE_FILTERED,ROLE_FILTERED,False,True,TE,10,4,HIGH,26,0,267.0,2.8600000000000003,1.6,0.28400000000000003,SOURCE_UNAVAILABLE_FOR_2026_AT_BUILD,INJURY_CONTEXT_UNAVAILABLE;OUTSIDE_DEPTH_ELIGIBILITY,"Raw 1.78 PPR; TE raw rank 150; depth slot 10, rank 4; 26 prior games; injury context unavailable.",2026-08-22T07:46:47.668866+00:00,2026-08-22T07:49:49.992921+00:00,ridge,v1_evaluated_2025,v1_weekly_rankings
2026,1,2026_01_SF_LA,2026-09-10,00-0040598,Mark Redman,TE,LA,SF,1.7383069999411491,1.7383069999411491,151,,,,ROLE_FILTERED,ROLE_FILTERED,False,True,TE,10,6,LOW,0,0,,,,,SOURCE_UNAVAILABLE_FOR_2026_AT_BUILD,INJURY_CONTEXT_UNAVAILABLE;OUTSIDE_DEPTH_ELIGIBILITY;NO_PRIOR_GAMES,"Raw 1.74 PPR; TE raw rank 151; depth slot 10, rank 6; 0 prior games; injury context unavailable.",2026-08-22T07:46:47.668866+00:00,2026-08-22T07:49:49.992921+00:00,ridge,v1_evaluated_2025,v1_weekly_rankings
2026,1,2026_01_SF_LA,2026-09-10,00-0041403,Rohan Jones,TE,LA,SF,1.7383069999411491,1.7383069999411491,152,,,,ROLE_FILTERED,ROLE_FILTERED,False,True,TE,10,8,LOW,0,0,,,,,SOURCE_UNAVAILABLE_FOR_2026_AT_BUILD,INJURY_CONTEXT_UNAVAILABLE;OUTSIDE_DEPTH_ELIGIBILITY;NO_PRIOR_GAMES,"Raw 1.74 PPR; TE raw rank 152; depth slot 10, rank 8; 0 prior games; injury context unavailable.",2026-08-22T07:46:47.668866+00:00,2026-08-22T07:49:49.992921+00:00,ridge,v1_evaluated_2025,v1_weekly_rankings
2026,1,2026_01_SF_LA,2026-09-10,00-0041422,Dan Villari,TE,LA,SF,1.7383069999411491,1.7383069999411491,153,,,,ROLE_FILTERED,ROLE_FILTERED,False,True,TE,10,7,LOW,0,0,,,,,SOURCE_UNAVAILABLE_FOR_2026_AT_BUILD,INJURY_CONTEXT_UNAVAILABLE;OUTSIDE_DEPTH_ELIGIBILITY;NO_PRIOR_GAMES,"Raw 1.74 PPR; TE raw rank 153; depth slot 10, rank 7; 0 prior games; injury context unavailable.",2026-08-22T07:46:47.668866+00:00,2026-08-22T07:49:49.992921+00:00,ridge,v1_evaluated_2025,v1_weekly_rankings
2026,1,2026_01_SF_LA,2026-09-10,00-0041510,Max Klare,TE,LA,SF,1.7383069999411465,1.7383069999411465,154,,,,ROLE_FILTERED,ROLE_FILTERED,False,True,TE,10,4,LOW,0,0,,,,,SOURCE_UNAVAILABLE_FOR_2026_AT_BUILD,INJURY_CONTEXT_UNAVAILABLE;OUTSIDE_DEPTH_ELIGIBILITY;NO_PRIOR_GAMES,"Raw 1.74 PPR; TE raw rank 154; depth slot 10, rank 4; 0 prior games; injury context unavailable.",2026-08-22T07:46:47.668866+00:00,2026-08-22T07:49:49.992921+00:00,ridge,v1_evaluated_2025,v1_weekly_rankings
2026,1,2026_01_MIA_LV,2026-09-13,00-0040488,Carter Runyon,TE,LV,MIA,1.6781273595951074,1.6781273595951074,155,,,,ROLE_FILTERED,ROLE_FILTERED,False,True,TE,10,5,MEDIUM,3,0,266.0,0.43333333333333335,0.3333,0.07666666666666667,SOURCE_UNAVAILABLE_FOR_2026_AT_BUILD,INJURY_CONTEXT_UNAVAILABLE;OUTSIDE_DEPTH_ELIGIBILITY,"Raw 1.68 PPR; TE raw rank 155; depth slot 10, rank 5; 3 prior games; injury context unavailable.",2026-08-22T07:46:47.668866+00:00,2026-08-22T07:49:49.992921+00:00,ridge,v1_evaluated_2025,v1_weekly_rankings
2026,1,2026_01_NYJ_TEN,2026-09-13,00-0041237,Chase Curtis,TE,NYJ,TEN,1.6427708248571538,1.6427708248571538,157,,,,ROLE_FILTERED,ROLE_FILTERED,False,True,TE,10,5,LOW,0,0,,,,,SOURCE_UNAVAILABLE_FOR_2026_AT_BUILD,INJURY_CONTEXT_UNAVAILABLE;OUTSIDE_DEPTH_ELIGIBILITY;NO_PRIOR_GAMES,"Raw 1.64 PPR; TE raw rank 157; depth slot 10, rank 5; 0 prior games; injury context unavailable.",2026-08-22T07:46:47.668866+00:00,2026-08-22T07:49:49.992921+00:00,ridge,v1_evaluated_2025,v1_weekly_rankings
2026,1,2026_01_BAL_IND,2026-09-13,00-0038394,Will Mallory,TE,IND,BAL,1.5805896676275646,1.5805896676275646,158,,,,ROLE_FILTERED,ROLE_FILTERED,False,True,TE,10,4,HIGH,19,0,259.0,1.2600000000000002,1.2,0.178,SOURCE_UNAVAILABLE_FOR_2026_AT_BUILD,INJURY_CONTEXT_UNAVAILABLE;OUTSIDE_DEPTH_ELIGIBILITY,"Raw 1.58 PPR; TE raw rank 158; depth slot 10, rank 4; 19 prior games; injury context unavailable.",2026-08-22T07:46:47.668866+00:00,2026-08-22T07:49:49.992921+00:00,ridge,v1_evaluated_2025,v1_weekly_rankings
2026,1,2026_01_BAL_IND,2026-09-13,00-0037292,Andrew Ogletree,TE,IND,BAL,1.5617742318205803,1.5617742318205803,159,,,,ROLE_FILTERED,ROLE_FILTERED,False,True,TE,10,3,HIGH,34,0,265.0,2.54,1.0,0.19199999999999998,SOURCE_UNAVAILABLE_FOR_2026_AT_BUILD,INJURY_CONTEXT_UNAVAILABLE;OUTSIDE_DEPTH_ELIGIBILITY,"Raw 1.56 PPR; TE raw rank 159; depth slot 10, rank 3; 34 prior games; injury context unavailable.",2026-08-22T07:46:47.668866+00:00,2026-08-22T07:49:49.992921+00:00,ridge,v1_evaluated_2025,v1_weekly_rankings
2026,1,2026_01_SF_LA,2026-09-10,00-0038643,Brayden Willis,TE,SF,LA,1.5444104931940146,1.5444104931940146,160,,,,ROLE_FILTERED,ROLE_FILTERED,False,True,TE,10,4,HIGH,12,0,256.0,0.0,0.0,0.018,SOURCE_UNAVAILABLE_FOR_2026_AT_BUILD,INJURY_CONTEXT_UNAVAILABLE;OUTSIDE_DEPTH_ELIGIBILITY,"Raw 1.54 PPR; TE raw rank 160; depth slot 10, rank 4; 12 prior games; injury context unavailable.",2026-08-22T07:46:47.668866+00:00,2026-08-22T07:49:49.992921+00:00,ridge,v1_evaluated_2025,v1_weekly_rankings
2026,1,2026_01_WAS_PHI,2026-09-13,00-0038498,E.J. Jenkins,TE,PHI,WAS,1.5091726837895543,1.5091726837895543,161,,,,ROLE_FILTERED,ROLE_FILTERED,False,True,TE,10,6,MEDIUM,3,0,329.0,2.566666666666667,0.6667,0.34,SOURCE_UNAVAILABLE_FOR_2026_AT_BUILD,INJURY_CONTEXT_UNAVAILABLE;OUTSIDE_DEPTH_ELIGIBILITY,"Raw 1.51 PPR; TE raw rank 161; depth slot 10, rank 6; 3 prior games; injury context unavailable.",2026-08-22T07:46:47.668866+00:00,2026-08-22T07:49:49.992921+00:00,ridge,v1_evaluated_2025,v1_weekly_rankings
2026,1,2026_01_CLE_JAX,2026-09-13,00-0036741,Jack Stoll,TE,CLE,JAX,1.5049307915973378,1.5049307915973378,162,,,,ROLE_FILTERED,ROLE_FILTERED,False,True,TE,10,8,HIGH,35,0,266.0,0.9600000000000002,1.2,0.176,SOURCE_UNAVAILABLE_FOR_2026_AT_BUILD,INJURY_CONTEXT_UNAVAILABLE;OUTSIDE_DEPTH_ELIGIBILITY,"Raw 1.50 PPR; TE raw rank 162; depth slot 10, rank 8; 35 prior games; injury context unavailable.",2026-08-22T07:46:47.668866+00:00,2026-08-22T07:49:49.992921+00:00,ridge,v1_evaluated_2025,v1_weekly_rankings
2026,1,2026_01_TB_CIN,2026-09-13,00-0039814,Erick All,TE,CIN,TB,1.3519188370826845,1.3519188370826845,163,,,,ROLE_FILTERED,ROLE_FILTERED,False,True,TE,10,4,MEDIUM,8,0,679.0,3.12,2.0,0.414,SOURCE_UNAVAILABLE_FOR_2026_AT_BUILD,INJURY_CONTEXT_UNAVAILABLE;OUTSIDE_DEPTH_ELIGIBILITY,"Raw 1.35 PPR; TE raw rank 163; depth slot 10, rank 4; 8 prior games; injury context unavailable.",2026-08-22T07:46:47.668866+00:00,2026-08-22T07:49:49.992921+00:00,ridge,v1_evaluated_2025,v1_weekly_rankings
2026,1,2026_01_ATL_PIT,2026-09-13,00-0039420,Jaheim Bell,TE,PIT,ATL,1.2636184685123526,1.2636184685123526,164,,,,ROLE_FILTERED,ROLE_FILTERED,False,True,TE,10,4,MEDIUM,4,0,616.0,1.0,0.75,0.15999999999999998,SOURCE_UNAVAILABLE_FOR_2026_AT_BUILD,INJURY_CONTEXT_UNAVAILABLE;OUTSIDE_DEPTH_ELIGIBILITY,"Raw 1.26 PPR; TE raw rank 164; depth slot 10, rank 4; 4 prior games; injury context unavailable.",2026-08-22T07:46:47.668866+00:00,2026-08-22T07:49:49.992921+00:00,ridge,v1_evaluated_2025,v1_weekly_rankings
2026,1,2026_01_DAL_NYG,2026-09-13,00-0040225,Thomas Fidone II,TE,NYG,DAL,1.23175507619493,1.23175507619493,165,,,,ROLE_FILTERED,ROLE_FILTERED,False,True,TE,10,4,LOW,1,0,329.0,0.0,0.0,0.04,SOURCE_UNAVAILABLE_FOR_2026_AT_BUILD,INJURY_CONTEXT_UNAVAILABLE;OUTSIDE_DEPTH_ELIGIBILITY;LIMITED_HISTORY,"Raw 1.23 PPR; TE raw rank 165; depth slot 10, rank 4; 1 prior games; injury context unavailable.",2026-08-22T07:46:47.668866+00:00,2026-08-22T07:49:49.992921+00:00,ridge,v1_evaluated_2025,v1_weekly_rankings
2026,1,2026_01_DAL_NYG,2026-09-13,00-0038735,Princeton Fant,TE,DAL,NYG,1.1481841873487202,1.1481841873487202,166,,,,ROLE_FILTERED,ROLE_FILTERED,False,True,TE,10,7,LOW,2,0,314.0,0.0,0.0,0.0,SOURCE_UNAVAILABLE_FOR_2026_AT_BUILD,INJURY_CONTEXT_UNAVAILABLE;OUTSIDE_DEPTH_ELIGIBILITY;LIMITED_HISTORY,"Raw 1.15 PPR; TE raw rank 166; depth slot 10, rank 7; 2 prior games; injury context unavailable.",2026-08-22T07:46:47.668866+00:00,2026-08-22T07:49:49.992921+00:00,ridge,v1_evaluated_2025,v1_weekly_rankings
2026,1,2026_01_CHI_CAR,2026-09-13,00-0037282,James Mitchell,TE,CAR,CHI,1.0453400828306636,1.0453400828306636,167,,,,ROLE_FILTERED,ROLE_FILTERED,False,True,TE,10,6,HIGH,12,0,343.0,2.46,1.2,0.34199999999999997,SOURCE_UNAVAILABLE_FOR_2026_AT_BUILD,INJURY_CONTEXT_UNAVAILABLE;OUTSIDE_DEPTH_ELIGIBILITY,"Raw 1.05 PPR; TE raw rank 167; depth slot 10, rank 6; 12 prior games; injury context unavailable.",2026-08-22T07:46:47.668866+00:00,2026-08-22T07:49:49.992921+00:00,ridge,v1_evaluated_2025,v1_weekly_rankings
2026,1,2026_01_CHI_CAR,2026-09-13,00-0036825,Feleipe Franks,TE,CAR,CHI,0.9477825688217028,0.9477825688217028,168,,,,ROLE_FILTERED,ROLE_FILTERED,False,True,TE,10,5,HIGH,28,0,252.0,0.04,0.0,0.016,SOURCE_UNAVAILABLE_FOR_2026_AT_BUILD,INJURY_CONTEXT_UNAVAILABLE;OUTSIDE_DEPTH_ELIGIBILITY,"Raw 0.95 PPR; TE raw rank 168; depth slot 10, rank 5; 28 prior games; injury context unavailable.",2026-08-22T07:46:47.668866+00:00,2026-08-22T07:49:49.992921+00:00,ridge,v1_evaluated_2025,v1_weekly_rankings
2026,1,2026_01_ARI_LAC,2026-09-13,00-0037277,Teagan Quitoriano,TE,ARI,LAC,0.912275491120738,0.912275491120738,169,,,,ROLE_FILTERED,ROLE_FILTERED,False,True,TE,10,4,HIGH,12,0,258.0,1.06,0.6,0.386,SOURCE_UNAVAILABLE_FOR_2026_AT_BUILD,INJURY_CONTEXT_UNAVAILABLE;OUTSIDE_DEPTH_ELIGIBILITY,"Raw 0.91 PPR; TE raw rank 169; depth slot 10, rank 4; 12 prior games; injury context unavailable.",2026-08-22T07:46:47.668866+00:00,2026-08-22T07:49:49.992921+00:00,ridge,v1_evaluated_2025,v1_weekly_rankings
2026,1,2026_01_WAS_PHI,2026-09-13,00-0039686,Colson Yankoff,TE,WAS,PHI,0.8680219258048094,0.8680219258048094,170,,,,ROLE_FILTERED,ROLE_FILTERED,False,True,TE,10,4,HIGH,14,0,273.0,0.76,0.6,0.146,SOURCE_UNAVAILABLE_FOR_2026_AT_BUILD,INJURY_CONTEXT_UNAVAILABLE;OUTSIDE_DEPTH_ELIGIBILITY,"Raw 0.87 PPR; TE raw rank 170; depth slot 10, rank 4; 14 prior games; injury context unavailable.",2026-08-22T07:46:47.668866+00:00,2026-08-22T07:49:49.992921+00:00,ridge,v1_evaluated_2025,v1_weekly_rankings
2026,1,2026_01_CHI_CAR,2026-09-13,00-0037031,Nikola Kalinic,TE,CHI,CAR,0.562278909836909,0.562278909836909,171,,,,ROLE_FILTERED,ROLE_FILTERED,False,True,TE,10,7,MEDIUM,3,0,252.0,0.0,0.0,0.006666666666666667,SOURCE_UNAVAILABLE_FOR_2026_AT_BUILD,INJURY_CONTEXT_UNAVAILABLE;OUTSIDE_DEPTH_ELIGIBILITY,"Raw 0.56 PPR; TE raw rank 171; depth slot 10, rank 7; 3 prior games; injury context unavailable.",2026-08-22T07:46:47.668866+00:00,2026-08-22T07:49:49.992921+00:00,ridge,v1_evaluated_2025,v1_weekly_rankings
2026,1,2026_01_BUF_HOU,2026-09-13,00-0036556,Brevin Jordan,TE,HOU,BUF,0.31703424543409575,0.31703424543409575,172,,,,ROLE_FILTERED,ROLE_FILTERED,False,True,TE,10,4,MEDIUM,29,0,728.0,3.94,1.8,0.392,SOURCE_UNAVAILABLE_FOR_2026_AT_BUILD,INJURY_CONTEXT_UNAVAILABLE;OUTSIDE_DEPTH_ELIGIBILITY,"Raw 0.32 PPR; TE raw rank 172; depth slot 10, rank 4; 29 prior games; injury context unavailable.",2026-08-22T07:46:47.668866+00:00,2026-08-22T07:49:49.992921+00:00,ridge,v1_evaluated_2025,v1_weekly_rankings
2026,1,2026_01_MIA_LV,2026-09-13,00-0037078,Cole Turner,TE,MIA,LV,-2.058363515865774,0.0,173,,,,ROLE_FILTERED,ROLE_FILTERED,False,True,TE,10,4,LOW,15,0,1015.0,1.7399999999999998,0.8,0.132,SOURCE_UNAVAILABLE_FOR_2026_AT_BUILD,INJURY_CONTEXT_UNAVAILABLE;OUTSIDE_DEPTH_ELIGIBILITY;STALE_HISTORY;RAW_PROJECTION_BELOW_DISPLAY_FLOOR,"Raw -2.06 PPR; TE raw rank 173; depth slot 10, rank 4; 15 prior games; injury context unavailable.",2026-08-22T07:46:47.668866+00:00,2026-08-22T07:49:49.992921+00:00,ridge,v1_evaluated_2025,v1_weekly_rankings
2026,1,2026_01_WAS_PHI,2026-09-13,00-0036145,Lawrence Cager,TE,WAS,PHI,-2.301744073338144,0.0,174,,,,ROLE_FILTERED,ROLE_FILTERED,False,True,TE,10,5,LOW,13,0,1001.0,2.7199999999999998,1.0,0.22799999999999998,SOURCE_UNAVAILABLE_FOR_2026_AT_BUILD,INJURY_CONTEXT_UNAVAILABLE;OUTSIDE_DEPTH_ELIGIBILITY;STALE_HISTORY;RAW_PROJECTION_BELOW_DISPLAY_FLOOR,"Raw -2.30 PPR; TE raw rank 174; depth slot 10, rank 5; 13 prior games; injury context unavailable.",2026-08-22T07:46:47.668866+00:00,2026-08-22T07:49:49.992921+00:00,ridge,v1_evaluated_2025,v1_weekly_rankings
2026,1,2026_01_CHI_CAR,2026-09-13,00-0035039,Stephen Carlson,TE,CHI,CAR,-7.093698679703527,0.0,175,,,,ROLE_FILTERED,ROLE_FILTERED,False,True,TE,10,4,LOW,13,0,2079.0,0.42000000000000004,0.2,0.12999999999999998,SOURCE_UNAVAILABLE_FOR_2026_AT_BUILD,INJURY_CONTEXT_UNAVAILABLE;OUTSIDE_DEPTH_ELIGIBILITY;STALE_HISTORY;RAW_PROJECTION_BELOW_DISPLAY_FLOOR,"Raw -7.09 PPR; TE raw rank 175; depth slot 10, rank 4; 13 prior games; injury context unavailable.",2026-08-22T07:46:47.668866+00:00,2026-08-22T07:49:49.992921+00:00,ridge,v1_evaluated_2025,v1_weekly_rankings
2026,1,2026_01_SF_LA,2026-09-10,00-0039916,Ricky Pearsall,WR,SF,LA,9.61200306020947,9.61200306020947,39,,,,ROLE_FILTERED,ROLE_FILTERED,False,True,WR,2,14,HIGH,20,0,256.0,7.26,4.8,0.754,SOURCE_UNAVAILABLE_FOR_2026_AT_BUILD,INJURY_CONTEXT_UNAVAILABLE;OUTSIDE_DEPTH_ELIGIBILITY,"Raw 9.61 PPR; WR raw rank 39; depth slot 2, rank 14; 20 prior games; injury context unavailable.",2026-08-22T07:46:47.668866+00:00,2026-08-22T07:49:49.992921+00:00,ridge,v1_evaluated_2025,v1_weekly_rankings
2026,1,2026_01_NO_DET,2026-09-13,00-0037231,Kevin Austin Jr.,WR,NO,DET,9.582366508791841,9.582366508791841,41,,,,ROLE_FILTERED,ROLE_FILTERED,False,True,WR,1,10,HIGH,13,0,252.0,6.6,4.6,0.664,SOURCE_UNAVAILABLE_FOR_2026_AT_BUILD,INJURY_CONTEXT_UNAVAILABLE;OUTSIDE_DEPTH_ELIGIBILITY,"Raw 9.58 PPR; WR raw rank 41; depth slot 1, rank 10; 13 prior games; injury context unavailable.",2026-08-22T07:46:47.668866+00:00,2026-08-22T07:49:49.992921+00:00,ridge,v1_evaluated_2025,v1_weekly_rankings
2026,1,2026_01_WAS_PHI,2026-09-13,00-0036271,Quez Watkins,WR,PHI,WAS,9.474553474033996,9.474553474033996,45,,,,ROLE_FILTERED,ROLE_FILTERED,False,True,WR,2,8,LOW,43,0,980.0,7.040000000000001,4.2,0.7180000000000001,SOURCE_UNAVAILABLE_FOR_2026_AT_BUILD,INJURY_CONTEXT_UNAVAILABLE;OUTSIDE_DEPTH_ELIGIBILITY;STALE_HISTORY,"Raw 9.47 PPR; WR raw rank 45; depth slot 2, rank 8; 43 prior games; injury context unavailable.",2026-08-22T07:46:47.668866+00:00,2026-08-22T07:49:49.992921+00:00,ridge,v1_evaluated_2025,v1_weekly_rankings
2026,1,2026_01_NE_SEA,2026-09-09,00-0033555,Mack Hollins,WR,NE,SEA,9.172530589688495,9.172530589688495,50,,,,ROLE_FILTERED,ROLE_FILTERED,False,True,WR,2,5,HIGH,98,0,262.0,8.540000000000001,6.4,0.782,SOURCE_UNAVAILABLE_FOR_2026_AT_BUILD,INJURY_CONTEXT_UNAVAILABLE;OUTSIDE_DEPTH_ELIGIBILITY,"Raw 9.17 PPR; WR raw rank 50; depth slot 2, rank 5; 98 prior games; injury context unavailable.",2026-08-22T07:46:47.668866+00:00,2026-08-22T07:49:49.992921+00:00,ridge,v1_evaluated_2025,v1_weekly_rankings
2026,1,2026_01_BUF_HOU,2026-09-13,00-0038977,Tank Dell,WR,HOU,BUF,8.877435216593577,8.877435216593577,54,,,,ROLE_FILTERED,ROLE_FILTERED,False,True,WR,1,4,MEDIUM,24,0,631.0,10.24,5.0,0.658,SOURCE_UNAVAILABLE_FOR_2026_AT_BUILD,INJURY_CONTEXT_UNAVAILABLE;OUTSIDE_DEPTH_ELIGIBILITY,"Raw 8.88 PPR; WR raw rank 54; depth slot 1, rank 4; 24 prior games; injury context unavailable.",2026-08-22T07:46:47.668866+00:00,2026-08-22T07:49:49.992921+00:00,ridge,v1_evaluated_2025,v1_weekly_rankings
2026,1,2026_01_NYJ_TEN,2026-09-13,00-0040705,Chimere Dike,WR,TEN,NYJ,8.6511269399903,8.6511269399903,55,,,,ROLE_FILTERED,ROLE_FILTERED,False,True,WR,1,4,HIGH,17,0,252.0,9.459999999999999,5.4,0.692,SOURCE_UNAVAILABLE_FOR_2026_AT_BUILD,INJURY_CONTEXT_UNAVAILABLE;OUTSIDE_DEPTH_ELIGIBILITY,"Raw 8.65 PPR; WR raw rank 55; depth slot 1, rank 4; 17 prior games; injury context unavailable.",2026-08-22T07:46:47.668866+00:00,2026-08-22T07:49:49.992921+00:00,ridge,v1_evaluated_2025,v1_weekly_rankings
2026,1,2026_01_SF_LA,2026-09-10,00-0032775,Demarcus Robinson,WR,SF,LA,8.645506799478762,8.645506799478762,56,,,,ROLE_FILTERED,ROLE_FILTERED,False,True,WR,2,5,HIGH,113,0,250.0,5.38,2.2,0.48199999999999993,SOURCE_UNAVAILABLE_FOR_2026_AT_BUILD,INJURY_CONTEXT_UNAVAILABLE;OUTSIDE_DEPTH_ELIGIBILITY,"Raw 8.65 PPR; WR raw rank 56; depth slot 2, rank 5; 113 prior games; injury context unavailable.",2026-08-22T07:46:47.668866+00:00,2026-08-22T07:49:49.992921+00:00,ridge,v1_evaluated_2025,v1_weekly_rankings
2026,1,2026_01_NYJ_TEN,2026-09-13,00-0040170,Elic Ayomanor,WR,TEN,NYJ,8.49218848441264,8.49218848441264,58,,,,ROLE_FILTERED,ROLE_FILTERED,False,True,WR,2,5,HIGH,16,0,252.0,8.32,5.0,0.784,SOURCE_UNAVAILABLE_FOR_2026_AT_BUILD,INJURY_CONTEXT_UNAVAILABLE;OUTSIDE_DEPTH_ELIGIBILITY,"Raw 8.49 PPR; WR raw rank 58; depth slot 2, rank 5; 16 prior games; injury context unavailable.",2026-08-22T07:46:47.668866+00:00,2026-08-22T07:49:49.992921+00:00,ridge,v1_evaluated_2025,v1_weekly_rankings
2026,1,2026_01_NYJ_TEN,2026-09-13,00-0039451,Isaiah Williams,WR,NYJ,TEN,8.359682385569869,8.359682385569869,61,,,,ROLE_FILTERED,ROLE_FILTERED,False,True,WR,1,4,HIGH,23,0,252.0,8.620000000000001,5.2,0.63,SOURCE_UNAVAILABLE_FOR_2026_AT_BUILD,INJURY_CONTEXT_UNAVAILABLE;OUTSIDE_DEPTH_ELIGIBILITY,"Raw 8.36 PPR; WR raw rank 61; depth slot 1, rank 4; 23 prior games; injury context unavailable.",2026-08-22T07:46:47.668866+00:00,2026-08-22T07:49:49.992921+00:00,ridge,v1_evaluated_2025,v1_weekly_rankings
2026,1,2026_01_TB_CIN,2026-09-13,00-0035359,David Sills,WR,TB,CIN,8.217191418677805,8.217191418677805,64,,,,ROLE_FILTERED,ROLE_FILTERED,False,True,WR,1,7,HIGH,23,0,252.0,4.5200000000000005,4.0,0.6319999999999999,SOURCE_UNAVAILABLE_FOR_2026_AT_BUILD,INJURY_CONTEXT_UNAVAILABLE;OUTSIDE_DEPTH_ELIGIBILITY,"Raw 8.22 PPR; WR raw rank 64; depth slot 1, rank 7; 23 prior games; injury context unavailable.",2026-08-22T07:46:47.668866+00:00,2026-08-22T07:49:49.992921+00:00,ridge,v1_evaluated_2025,v1_weekly_rankings
2026,1,2026_01_DEN_KC,2026-09-14,00-0040134,Pat Bryant,WR,DEN,KC,8.046923706672649,8.046923706672649,67,,,,ROLE_FILTERED,ROLE_FILTERED,False,True,WR,2,5,HIGH,13,0,253.0,8.78,6.0,0.6060000000000001,SOURCE_UNAVAILABLE_FOR_2026_AT_BUILD,INJURY_CONTEXT_UNAVAILABLE;OUTSIDE_DEPTH_ELIGIBILITY,"Raw 8.05 PPR; WR raw rank 67; depth slot 2, rank 5; 13 prior games; injury context unavailable.",2026-08-22T07:46:47.668866+00:00,2026-08-22T07:49:49.992921+00:00,ridge,v1_evaluated_2025,v1_weekly_rankings
2026,1,2026_01_WAS_PHI,2026-09-13,00-0035662,Marquise Brown,WR,PHI,WAS,7.834536859989626,7.834536859989626,69,,,,ROLE_FILTERED,ROLE_FILTERED,False,True,WR,1,4,HIGH,89,0,252.0,6.159999999999999,3.2,0.544,SOURCE_UNAVAILABLE_FOR_2026_AT_BUILD,INJURY_CONTEXT_UNAVAILABLE;OUTSIDE_DEPTH_ELIGIBILITY,"Raw 7.83 PPR; WR raw rank 69; depth slot 1, rank 4; 89 prior games; injury context unavailable.",2026-08-22T07:46:47.668866+00:00,2026-08-22T07:49:49.992921+00:00,ridge,v1_evaluated_2025,v1_weekly_rankings
2026,1,2026_01_DAL_NYG,2026-09-13,00-0034272,Marquez Valdes-Scantling,WR,DAL,NYG,7.753153410948428,7.753153410948428,70,,,,ROLE_FILTERED,ROLE_FILTERED,False,True,WR,2,5,HIGH,111,0,252.0,4.8,4.2,0.582,SOURCE_UNAVAILABLE_FOR_2026_AT_BUILD,INJURY_CONTEXT_UNAVAILABLE;OUTSIDE_DEPTH_ELIGIBILITY,"Raw 7.75 PPR; WR raw rank 70; depth slot 2, rank 5; 111 prior games; injury context unavailable.",2026-08-22T07:46:47.668866+00:00,2026-08-22T07:49:49.992921+00:00,ridge,v1_evaluated_2025,v1_weekly_rankings
2026,1,2026_01_BUF_HOU,2026-09-13,00-0040130,Jayden Higgins,WR,HOU,BUF,7.626958863202861,7.626958863202861,72,,,,ROLE_FILTERED,ROLE_FILTERED,False,True,WR,8,15,HIGH,17,0,252.0,7.5200000000000005,3.6,0.6319999999999999,SOURCE_UNAVAILABLE_FOR_2026_AT_BUILD,INJURY_CONTEXT_UNAVAILABLE;OUTSIDE_DEPTH_ELIGIBILITY,"Raw 7.63 PPR; WR raw rank 72; depth slot 8, rank 15; 17 prior games; injury context unavailable.",2026-08-22T07:46:47.668866+00:00,2026-08-22T07:49:49.992921+00:00,ridge,v1_evaluated_2025,v1_weekly_rankings
2026,1,2026_01_DAL_NYG,2026-09-13,00-0036309,Darnell Mooney,WR,NYG,DAL,7.547648203379192,7.547648203379192,74,,,,ROLE_FILTERED,ROLE_FILTERED,False,True,WR,1,4,HIGH,89,0,252.0,4.6,4.4,0.784,SOURCE_UNAVAILABLE_FOR_2026_AT_BUILD,INJURY_CONTEXT_UNAVAILABLE;OUTSIDE_DEPTH_ELIGIBILITY,"Raw 7.55 PPR; WR raw rank 74; depth slot 1, rank 4; 89 prior games; injury context unavailable.",2026-08-22T07:46:47.668866+00:00,2026-08-22T07:49:49.992921+00:00,ridge,v1_evaluated_2025,v1_weekly_rankings
2026,1,2026_01_BUF_HOU,2026-09-13,00-0036988,Josh Palmer,WR,BUF,HOU,7.384213145203354,7.384213145203354,77,,,,ROLE_FILTERED,ROLE_FILTERED,False,True,WR,1,4,HIGH,68,0,252.0,2.2399999999999998,2.4,0.5740000000000001,SOURCE_UNAVAILABLE_FOR_2026_AT_BUILD,INJURY_CONTEXT_UNAVAILABLE;OUTSIDE_DEPTH_ELIGIBILITY,"Raw 7.38 PPR; WR raw rank 77; depth slot 1, rank 4; 68 prior games; injury context unavailable.",2026-08-22T07:46:47.668866+00:00,2026-08-22T07:49:49.992921+00:00,ridge,v1_evaluated_2025,v1_weekly_rankings
2026,1,2026_01_NO_DET,2026-09-13,00-0039623,Mason Tipton,WR,NO,DET,7.3068722159146,7.3068722159146,78,,,,ROLE_FILTERED,ROLE_FILTERED,False,True,WR,8,6,HIGH,17,0,266.0,4.08,3.0,0.6599999999999999,SOURCE_UNAVAILABLE_FOR_2026_AT_BUILD,INJURY_CONTEXT_UNAVAILABLE;OUTSIDE_DEPTH_ELIGIBILITY,"Raw 7.31 PPR; WR raw rank 78; depth slot 8, rank 6; 17 prior games; injury context unavailable.",2026-08-22T07:46:47.668866+00:00,2026-08-22T07:49:49.992921+00:00,ridge,v1_evaluated_2025,v1_weekly_rankings
2026,1,2026_01_WAS_PHI,2026-09-13,00-0040024,Darius Cooper,WR,PHI,WAS,7.258745439933326,7.258745439933326,79,,,,ROLE_FILTERED,ROLE_FILTERED,False,True,WR,8,6,HIGH,6,0,252.0,3.6400000000000006,2.2,0.392,SOURCE_UNAVAILABLE_FOR_2026_AT_BUILD,INJURY_CONTEXT_UNAVAILABLE;OUTSIDE_DEPTH_ELIGIBILITY,"Raw 7.26 PPR; WR raw rank 79; depth slot 8, rank 6; 6 prior games; injury context unavailable.",2026-08-22T07:46:47.668866+00:00,2026-08-22T07:49:49.992921+00:00,ridge,v1_evaluated_2025,v1_weekly_rankings
2026,1,2026_01_MIA_LV,2026-09-13,00-0040311,Theo Wease Jr.,WR,MIA,LV,7.11174709367552,7.11174709367552,81,,,,ROLE_FILTERED,ROLE_FILTERED,False,True,WR,2,11,MEDIUM,3,0,252.0,8.633333333333333,3.3333,0.3233333333333333,SOURCE_UNAVAILABLE_FOR_2026_AT_BUILD,INJURY_CONTEXT_UNAVAILABLE;OUTSIDE_DEPTH_ELIGIBILITY,"Raw 7.11 PPR; WR raw rank 81; depth slot 2, rank 11; 3 prior games; injury context unavailable.",2026-08-22T07:46:47.668866+00:00,2026-08-22T07:49:49.992921+00:00,ridge,v1_evaluated_2025,v1_weekly_rankings
2026,1,2026_01_WAS_PHI,2026-09-13,00-0037742,Treylon Burks,WR,WAS,PHI,6.989493153802528,6.989493153802528,83,,,,ROLE_FILTERED,ROLE_FILTERED,False,True,WR,2,5,HIGH,33,0,252.0,2.06,2.8,0.6500000000000001,SOURCE_UNAVAILABLE_FOR_2026_AT_BUILD,INJURY_CONTEXT_UNAVAILABLE;OUTSIDE_DEPTH_ELIGIBILITY,"Raw 6.99 PPR; WR raw rank 83; depth slot 2, rank 5; 33 prior games; injury context unavailable.",2026-08-22T07:46:47.668866+00:00,2026-08-22T07:49:49.992921+00:00,ridge,v1_evaluated_2025,v1_weekly_rankings
2026,1,2026_01_TB_CIN,2026-09-13,00-0038839,Mitchell Tinsley,WR,CIN,TB,6.977926157687004,6.977926157687004,84,,,,ROLE_FILTERED,ROLE_FILTERED,False,True,WR,2,5,HIGH,8,0,266.0,4.28,4.0,0.49400000000000005,SOURCE_UNAVAILABLE_FOR_2026_AT_BUILD,INJURY_CONTEXT_UNAVAILABLE;OUTSIDE_DEPTH_ELIGIBILITY,"Raw 6.98 PPR; WR raw rank 84; depth slot 2, rank 5; 8 prior games; injury context unavailable.",2026-08-22T07:46:47.668866+00:00,2026-08-22T07:49:49.992921+00:00,ridge,v1_evaluated_2025,v1_weekly_rankings
2026,1,2026_01_DAL_NYG,2026-09-13,00-0036165,Isaiah Hodgins,WR,NYG,DAL,6.956256790595049,6.956256790595049,86,,,,ROLE_FILTERED,ROLE_FILTERED,False,True,WR,1,7,HIGH,31,0,252.0,3.3600000000000003,2.6,0.8379999999999999,SOURCE_UNAVAILABLE_FOR_2026_AT_BUILD,INJURY_CONTEXT_UNAVAILABLE;OUTSIDE_DEPTH_ELIGIBILITY,"Raw 6.96 PPR; WR raw rank 86; depth slot 1, rank 7; 31 prior games; injury context unavailable.",2026-08-22T07:46:47.668866+00:00,2026-08-22T07:49:49.992921+00:00,ridge,v1_evaluated_2025,v1_weekly_rankings
2026,1,2026_01_NO_DET,2026-09-13,00-0035500,Greg Dortch,WR,DET,NO,6.702901671967975,6.702901671967975,88,,,,ROLE_FILTERED,ROLE_FILTERED,False,True,WR,1,4,HIGH,68,0,287.0,9.18,3.4,0.44400000000000006,SOURCE_UNAVAILABLE_FOR_2026_AT_BUILD,INJURY_CONTEXT_UNAVAILABLE;OUTSIDE_DEPTH_ELIGIBILITY,"Raw 6.70 PPR; WR raw rank 88; depth slot 1, rank 4; 68 prior games; injury context unavailable.",2026-08-22T07:46:47.668866+00:00,2026-08-22T07:49:49.992921+00:00,ridge,v1_evaluated_2025,v1_weekly_rankings
2026,1,2026_01_CHI_CAR,2026-09-13,00-0037614,John Metchie III,WR,CAR,CHI,6.683717980192514,6.683717980192514,90,,,,ROLE_FILTERED,ROLE_FILTERED,False,True,WR,2,5,HIGH,37,0,252.0,5.5600000000000005,5.0,0.808,SOURCE_UNAVAILABLE_FOR_2026_AT_BUILD,INJURY_CONTEXT_UNAVAILABLE;OUTSIDE_DEPTH_ELIGIBILITY,"Raw 6.68 PPR; WR raw rank 90; depth slot 2, rank 5; 37 prior games; injury context unavailable.",2026-08-22T07:46:47.668866+00:00,2026-08-22T07:49:49.992921+00:00,ridge,v1_evaluated_2025,v1_weekly_rankings
2026,1,2026_01_TB_CIN,2026-09-13,00-0039473,Xavier Johnson,WR,CIN,TB,6.655662644997022,6.655662644997022,92,,,,ROLE_FILTERED,ROLE_FILTERED,False,True,WR,2,11,LOW,0,0,,,,,SOURCE_UNAVAILABLE_FOR_2026_AT_BUILD,INJURY_CONTEXT_UNAVAILABLE;OUTSIDE_DEPTH_ELIGIBILITY;NO_PRIOR_GAMES,"Raw 6.66 PPR; WR raw rank 92; depth slot 2, rank 11; 0 prior games; injury context unavailable.",2026-08-22T07:46:47.668866+00:00,2026-08-22T07:49:49.992921+00:00,ridge,v1_evaluated_2025,v1_weekly_rankings
2026,1,2026_01_TB_CIN,2026-09-13,00-0040375,Jordan Moore,WR,CIN,TB,6.655662644997022,6.655662644997022,93,,,,ROLE_FILTERED,ROLE_FILTERED,False,True,WR,1,10,LOW,0,0,,,,,SOURCE_UNAVAILABLE_FOR_2026_AT_BUILD,INJURY_CONTEXT_UNAVAILABLE;OUTSIDE_DEPTH_ELIGIBILITY;NO_PRIOR_GAMES,"Raw 6.66 PPR; WR raw rank 93; depth slot 1, rank 10; 0 prior games; injury context unavailable.",2026-08-22T07:46:47.668866+00:00,2026-08-22T07:49:49.992921+00:00,ridge,v1_evaluated_2025,v1_weekly_rankings
2026,1,2026_01_TB_CIN,2026-09-13,00-0040785,Dohnte Meyers,WR,CIN,TB,6.655662644997022,6.655662644997022,94,,,,ROLE_FILTERED,ROLE_FILTERED,False,True,WR,8,12,LOW,0,0,,,,,SOURCE_UNAVAILABLE_FOR_2026_AT_BUILD,INJURY_CONTEXT_UNAVAILABLE;OUTSIDE_DEPTH_ELIGIBILITY;NO_PRIOR_GAMES,"Raw 6.66 PPR; WR raw rank 94; depth slot 8, rank 12; 0 prior games; injury context unavailable.",2026-08-22T07:46:47.668866+00:00,2026-08-22T07:49:49.992921+00:00,ridge,v1_evaluated_2025,v1_weekly_rankings
2026,1,2026_01_TB_CIN,2026-09-13,00-0041069,Colbie Young,WR,CIN,TB,6.655662644997022,6.655662644997022,95,,,,ROLE_FILTERED,ROLE_FILTERED,False,True,WR,1,4,LOW,0,0,,,,,SOURCE_UNAVAILABLE_FOR_2026_AT_BUILD,INJURY_CONTEXT_UNAVAILABLE;OUTSIDE_DEPTH_ELIGIBILITY;NO_PRIOR_GAMES,"Raw 6.66 PPR; WR raw rank 95; depth slot 1, rank 4; 0 prior games; injury context unavailable.",2026-08-22T07:46:47.668866+00:00,2026-08-22T07:49:49.992921+00:00,ridge,v1_evaluated_2025,v1_weekly_rankings
2026,1,2026_01_TB_CIN,2026-09-13,00-0041248,Noah Thomas,WR,CIN,TB,6.655662644997022,6.655662644997022,96,,,,ROLE_FILTERED,ROLE_FILTERED,False,True,WR,8,9,LOW,0,0,,,,,SOURCE_UNAVAILABLE_FOR_2026_AT_BUILD,INJURY_CONTEXT_UNAVAILABLE;OUTSIDE_DEPTH_ELIGIBILITY;NO_PRIOR_GAMES,"Raw 6.66 PPR; WR raw rank 96; depth slot 8, rank 9; 0 prior games; injury context unavailable.",2026-08-22T07:46:47.668866+00:00,2026-08-22T07:49:49.992921+00:00,ridge,v1_evaluated_2025,v1_weekly_rankings
2026,1,2026_01_NE_SEA,2026-09-09,00-0040648,Tory Horton,WR,SEA,NE,6.548520496046935,6.548520496046935,97,,,,ROLE_FILTERED,ROLE_FILTERED,False,True,WR,1,4,HIGH,8,0,311.0,7.140000000000001,2.8,0.484,SOURCE_UNAVAILABLE_FOR_2026_AT_BUILD,INJURY_CONTEXT_UNAVAILABLE;OUTSIDE_DEPTH_ELIGIBILITY,"Raw 6.55 PPR; WR raw rank 97; depth slot 1, rank 4; 8 prior games; injury context unavailable.",2026-08-22T07:46:47.668866+00:00,2026-08-22T07:49:49.992921+00:00,ridge,v1_evaluated_2025,v1_weekly_rankings
2026,1,2026_01_BUF_HOU,2026-09-13,00-0038679,Tyrell Shavers,WR,BUF,HOU,6.522192716435242,6.522192716435242,98,,,,ROLE_FILTERED,ROLE_FILTERED,False,True,WR,1,7,HIGH,12,0,259.0,6.74,2.4,0.52,SOURCE_UNAVAILABLE_FOR_2026_AT_BUILD,INJURY_CONTEXT_UNAVAILABLE;OUTSIDE_DEPTH_ELIGIBILITY,"Raw 6.52 PPR; WR raw rank 98; depth slot 1, rank 7; 12 prior games; injury context unavailable.",2026-08-22T07:46:47.668866+00:00,2026-08-22T07:49:49.992921+00:00,ridge,v1_evaluated_2025,v1_weekly_rankings
2026,1,2026_01_TB_CIN,2026-09-13,00-0040419,Garrett Greene,WR,TB,CIN,6.482784191464991,6.482784191464991,99,,,,ROLE_FILTERED,ROLE_FILTERED,False,True,WR,8,9,LOW,0,0,,,,,SOURCE_UNAVAILABLE_FOR_2026_AT_BUILD,INJURY_CONTEXT_UNAVAILABLE;OUTSIDE_DEPTH_ELIGIBILITY;NO_PRIOR_GAMES,"Raw 6.48 PPR; WR raw rank 99; depth slot 8, rank 9; 0 prior games; injury context unavailable.",2026-08-22T07:46:47.668866+00:00,2026-08-22T07:49:49.992921+00:00,ridge,v1_evaluated_2025,v1_weekly_rankings
2026,1,2026_01_TB_CIN,2026-09-13,00-0041048,Ted Hurst,WR,TB,CIN,6.482784191464991,6.482784191464991,100,,,,ROLE_FILTERED,ROLE_FILTERED,False,True,WR,1,4,LOW,0,0,,,,,SOURCE_UNAVAILABLE_FOR_2026_AT_BUILD,INJURY_CONTEXT_UNAVAILABLE;OUTSIDE_DEPTH_ELIGIBILITY;NO_PRIOR_GAMES,"Raw 6.48 PPR; WR raw rank 100; depth slot 1, rank 4; 0 prior games; injury context unavailable.",2026-08-22T07:46:47.668866+00:00,2026-08-22T07:49:49.992921+00:00,ridge,v1_evaluated_2025,v1_weekly_rankings
2026,1,2026_01_TB_CIN,2026-09-13,00-0041257,Eric Rivers,WR,TB,CIN,6.482784191464991,6.482784191464991,101,,,,ROLE_FILTERED,ROLE_FILTERED,False,True,WR,1,10,LOW,0,0,,,,,SOURCE_UNAVAILABLE_FOR_2026_AT_BUILD,INJURY_CONTEXT_UNAVAILABLE;OUTSIDE_DEPTH_ELIGIBILITY;NO_PRIOR_GAMES,"Raw 6.48 PPR; WR raw rank 101; depth slot 1, rank 10; 0 prior games; injury context unavailable.",2026-08-22T07:46:47.668866+00:00,2026-08-22T07:49:49.992921+00:00,ridge,v1_evaluated_2025,v1_weekly_rankings
2026,1,2026_01_TB_CIN,2026-09-13,00-0041435,Dean Patterson,WR,TB,CIN,6.482784191464991,6.482784191464991,102,,,,ROLE_FILTERED,ROLE_FILTERED,False,True,WR,2,11,LOW,0,0,,,,,SOURCE_UNAVAILABLE_FOR_2026_AT_BUILD,INJURY_CONTEXT_UNAVAILABLE;OUTSIDE_DEPTH_ELIGIBILITY;NO_PRIOR_GAMES,"Raw 6.48 PPR; WR raw rank 102; depth slot 2, rank 11; 0 prior games; injury context unavailable.",2026-08-22T07:46:47.668866+00:00,2026-08-22T07:49:49.992921+00:00,ridge,v1_evaluated_2025,v1_weekly_rankings
2026,1,2026_01_DAL_NYG,2026-09-13,00-0037801,KaVontae Turpin,WR,DAL,NYG,6.248997159518965,6.248997159518965,104,,,,ROLE_FILTERED,ROLE_FILTERED,False,True,WR,1,4,HIGH,65,0,252.0,5.84,2.0,0.27199999999999996,SOURCE_UNAVAILABLE_FOR_2026_AT_BUILD,INJURY_CONTEXT_UNAVAILABLE;OUTSIDE_DEPTH_ELIGIBILITY,"Raw 6.25 PPR; WR raw rank 104; depth slot 1, rank 4; 65 prior games; injury context unavailable.",2026-08-22T07:46:47.668866+00:00,2026-08-22T07:49:49.992921+00:00,ridge,v1_evaluated_2025,v1_weekly_rankings
2026,1,2026_01_TB_CIN,2026-09-13,00-0037570,Dennis Houston,WR,TB,CIN,6.242810648601758,6.242810648601758,105,,,,ROLE_FILTERED,ROLE_FILTERED,False,True,WR,2,8,LOW,2,0,1456.0,1.8,3.0,0.45499999999999996,SOURCE_UNAVAILABLE_FOR_2026_AT_BUILD,INJURY_CONTEXT_UNAVAILABLE;OUTSIDE_DEPTH_ELIGIBILITY;LIMITED_HISTORY;STALE_HISTORY,"Raw 6.24 PPR; WR raw rank 105; depth slot 2, rank 8; 2 prior games; injury context unavailable.",2026-08-22T07:46:47.668866+00:00,2026-08-22T07:49:49.992921+00:00,ridge,v1_evaluated_2025,v1_weekly_rankings
2026,1,2026_01_TB_CIN,2026-09-13,00-0037422,Kendric Pryor,WR,CIN,TB,6.137130024484964,6.137130024484964,107,,,,ROLE_FILTERED,ROLE_FILTERED,False,True,WR,2,8,LOW,1,0,679.0,1.9,1.0,0.24,SOURCE_UNAVAILABLE_FOR_2026_AT_BUILD,INJURY_CONTEXT_UNAVAILABLE;OUTSIDE_DEPTH_ELIGIBILITY;LIMITED_HISTORY,"Raw 6.14 PPR; WR raw rank 107; depth slot 2, rank 8; 1 prior games; injury context unavailable.",2026-08-22T07:46:47.668866+00:00,2026-08-22T07:49:49.992921+00:00,ridge,v1_evaluated_2025,v1_weekly_rankings
2026,1,2026_01_NO_DET,2026-09-13,00-0039386,Bub Means,WR,NO,DET,6.103878959270712,6.103878959270712,108,,,,ROLE_FILTERED,ROLE_FILTERED,False,True,WR,8,9,MEDIUM,4,0,686.0,6.699999999999999,3.75,0.47,SOURCE_UNAVAILABLE_FOR_2026_AT_BUILD,INJURY_CONTEXT_UNAVAILABLE;OUTSIDE_DEPTH_ELIGIBILITY,"Raw 6.10 PPR; WR raw rank 108; depth slot 8, rank 9; 4 prior games; injury context unavailable.",2026-08-22T07:46:47.668866+00:00,2026-08-22T07:49:49.992921+00:00,ridge,v1_evaluated_2025,v1_weekly_rankings
2026,1,2026_01_SF_LA,2026-09-10,00-0039365,Jacob Cowing,WR,SF,LA,6.095177118315572,6.095177118315572,109,,,,ROLE_FILTERED,ROLE_FILTERED,False,True,WR,1,7,MEDIUM,15,0,613.0,1.1400000000000001,0.6,0.20400000000000001,SOURCE_UNAVAILABLE_FOR_2026_AT_BUILD,INJURY_CONTEXT_UNAVAILABLE;OUTSIDE_DEPTH_ELIGIBILITY,"Raw 6.10 PPR; WR raw rank 109; depth slot 1, rank 7; 15 prior games; injury context unavailable.",2026-08-22T07:46:47.668866+00:00,2026-08-22T07:49:49.992921+00:00,ridge,v1_evaluated_2025,v1_weekly_rankings
2026,1,2026_01_NE_SEA,2026-09-09,00-0038608,Kayshon Boutte,WR,NE,SEA,6.06266103234553,6.06266103234553,110,,,,ROLE_FILTERED,ROLE_FILTERED,False,True,WR,1,4,HIGH,32,0,248.0,5.6,3.0,0.692,SOURCE_UNAVAILABLE_FOR_2026_AT_BUILD,INJURY_CONTEXT_UNAVAILABLE;OUTSIDE_DEPTH_ELIGIBILITY,"Raw 6.06 PPR; WR raw rank 110; depth slot 1, rank 4; 32 prior games; injury context unavailable.",2026-08-22T07:46:47.668866+00:00,2026-08-22T07:49:49.992921+00:00,ridge,v1_evaluated_2025,v1_weekly_rankings
2026,1,2026_01_GB_MIN,2026-09-13,00-0040498,Dontae Fleming,WR,MIN,GB,5.986141790071707,5.986141790071707,111,,,,ROLE_FILTERED,ROLE_FILTERED,False,True,WR,2,8,LOW,0,0,,,,,SOURCE_UNAVAILABLE_FOR_2026_AT_BUILD,INJURY_CONTEXT_UNAVAILABLE;OUTSIDE_DEPTH_ELIGIBILITY;NO_PRIOR_GAMES,"Raw 5.99 PPR; WR raw rank 111; depth slot 2, rank 8; 0 prior games; injury context unavailable.",2026-08-22T07:46:47.668866+00:00,2026-08-22T07:49:49.992921+00:00,ridge,v1_evaluated_2025,v1_weekly_rankings
2026,1,2026_01_GB_MIN,2026-09-13,00-0040970,Michael Briscoe,WR,MIN,GB,5.986141790071707,5.986141790071707,112,,,,ROLE_FILTERED,ROLE_FILTERED,False,True,WR,1,10,LOW,0,0,,,,,SOURCE_UNAVAILABLE_FOR_2026_AT_BUILD,INJURY_CONTEXT_UNAVAILABLE;OUTSIDE_DEPTH_ELIGIBILITY;NO_PRIOR_GAMES,"Raw 5.99 PPR; WR raw rank 112; depth slot 1, rank 10; 0 prior games; injury context unavailable.",2026-08-22T07:46:47.668866+00:00,2026-08-22T07:49:49.992921+00:00,ridge,v1_evaluated_2025,v1_weekly_rankings
2026,1,2026_01_GB_MIN,2026-09-13,00-0041342,Dillon Bell,WR,MIN,GB,5.986141790071707,5.986141790071707,113,,,,ROLE_FILTERED,ROLE_FILTERED,False,True,WR,1,7,LOW,0,0,,,,,SOURCE_UNAVAILABLE_FOR_2026_AT_BUILD,INJURY_CONTEXT_UNAVAILABLE;OUTSIDE_DEPTH_ELIGIBILITY;NO_PRIOR_GAMES,"Raw 5.99 PPR; WR raw rank 113; depth slot 1, rank 7; 0 prior games; injury context unavailable.",2026-08-22T07:46:47.668866+00:00,2026-08-22T07:49:49.992921+00:00,ridge,v1_evaluated_2025,v1_weekly_rankings
2026,1,2026_01_GB_MIN,2026-09-13,00-0041352,Marcus Sanders,WR,MIN,GB,5.986141790071707,5.986141790071707,114,,,,ROLE_FILTERED,ROLE_FILTERED,False,True,WR,8,12,LOW,0,0,,,,,SOURCE_UNAVAILABLE_FOR_2026_AT_BUILD,INJURY_CONTEXT_UNAVAILABLE;OUTSIDE_DEPTH_ELIGIBILITY;NO_PRIOR_GAMES,"Raw 5.99 PPR; WR raw rank 114; depth slot 8, rank 12; 0 prior games; injury context unavailable.",2026-08-22T07:46:47.668866+00:00,2026-08-22T07:49:49.992921+00:00,ridge,v1_evaluated_2025,v1_weekly_rankings
2026,1,2026_01_GB_MIN,2026-09-13,00-0041475,Trayvon Rudolph,WR,MIN,GB,5.986141790071707,5.986141790071707,115,,,,ROLE_FILTERED,ROLE_FILTERED,False,True,WR,8,9,LOW,0,0,,,,,SOURCE_UNAVAILABLE_FOR_2026_AT_BUILD,INJURY_CONTEXT_UNAVAILABLE;OUTSIDE_DEPTH_ELIGIBILITY;NO_PRIOR_GAMES,"Raw 5.99 PPR; WR raw rank 115; depth slot 8, rank 9; 0 prior games; injury context unavailable.",2026-08-22T07:46:47.668866+00:00,2026-08-22T07:49:49.992921+00:00,ridge,v1_evaluated_2025,v1_weekly_rankings
2026,1,2026_01_GB_MIN,2026-09-13,00-0041481,Terrill Davis,WR,MIN,GB,5.986141790071707,5.986141790071707,116,,,,ROLE_FILTERED,ROLE_FILTERED,False,True,WR,2,11,LOW,0,0,,,,,SOURCE_UNAVAILABLE_FOR_2026_AT_BUILD,INJURY_CONTEXT_UNAVAILABLE;OUTSIDE_DEPTH_ELIGIBILITY;NO_PRIOR_GAMES,"Raw 5.99 PPR; WR raw rank 116; depth slot 2, rank 11; 0 prior games; injury context unavailable.",2026-08-22T07:46:47.668866+00:00,2026-08-22T07:49:49.992921+00:00,ridge,v1_evaluated_2025,v1_weekly_rankings
2026,1,2026_01_GB_MIN,2026-09-13,00-0040558,Isaiah Neyor,WR,GB,MIN,5.970764984021331,5.970764984021331,117,,,,ROLE_FILTERED,ROLE_FILTERED,False,True,WR,1,7,LOW,0,0,,,,,SOURCE_UNAVAILABLE_FOR_2026_AT_BUILD,INJURY_CONTEXT_UNAVAILABLE;OUTSIDE_DEPTH_ELIGIBILITY;NO_PRIOR_GAMES,"Raw 5.97 PPR; WR raw rank 117; depth slot 1, rank 7; 0 prior games; injury context unavailable.",2026-08-22T07:46:47.668866+00:00,2026-08-22T07:49:49.992921+00:00,ridge,v1_evaluated_2025,v1_weekly_rankings
2026,1,2026_01_GB_MIN,2026-09-13,00-0040753,Will Sheppard,WR,GB,MIN,5.970764984021331,5.970764984021331,118,,,,ROLE_FILTERED,ROLE_FILTERED,False,True,WR,2,8,LOW,0,0,,,,,SOURCE_UNAVAILABLE_FOR_2026_AT_BUILD,INJURY_CONTEXT_UNAVAILABLE;OUTSIDE_DEPTH_ELIGIBILITY;NO_PRIOR_GAMES,"Raw 5.97 PPR; WR raw rank 118; depth slot 2, rank 8; 0 prior games; injury context unavailable.",2026-08-22T07:46:47.668866+00:00,2026-08-22T07:49:49.992921+00:00,ridge,v1_evaluated_2025,v1_weekly_rankings
2026,1,2026_01_GB_MIN,2026-09-13,00-0040948,J.Michael Sturdivant,WR,GB,MIN,5.970764984021331,5.970764984021331,119,,,,ROLE_FILTERED,ROLE_FILTERED,False,True,WR,8,9,LOW,0,0,,,,,SOURCE_UNAVAILABLE_FOR_2026_AT_BUILD,INJURY_CONTEXT_UNAVAILABLE;OUTSIDE_DEPTH_ELIGIBILITY;NO_PRIOR_GAMES,"Raw 5.97 PPR; WR raw rank 119; depth slot 8, rank 9; 0 prior games; injury context unavailable.",2026-08-22T07:46:47.668866+00:00,2026-08-22T07:49:49.992921+00:00,ridge,v1_evaluated_2025,v1_weekly_rankings
2026,1,2026_01_ARI_LAC,2026-09-13,00-0038573,Derius Davis,WR,LAC,ARI,5.955502127326819,5.955502127326819,121,,,,ROLE_FILTERED,ROLE_FILTERED,False,True,WR,8,6,HIGH,43,0,252.0,0.6,0.6,0.168,SOURCE_UNAVAILABLE_FOR_2026_AT_BUILD,INJURY_CONTEXT_UNAVAILABLE;OUTSIDE_DEPTH_ELIGIBILITY,"Raw 5.96 PPR; WR raw rank 121; depth slot 8, rank 6; 43 prior games; injury context unavailable.",2026-08-22T07:46:47.668866+00:00,2026-08-22T07:49:49.992921+00:00,ridge,v1_evaluated_2025,v1_weekly_rankings
2026,1,2026_01_SF_LA,2026-09-10,00-0038359,Xavier Smith,WR,LA,SF,5.919149437141357,5.919149437141357,122,,,,ROLE_FILTERED,ROLE_FILTERED,False,True,WR,1,4,HIGH,30,0,249.0,4.32,2.2,0.284,SOURCE_UNAVAILABLE_FOR_2026_AT_BUILD,INJURY_CONTEXT_UNAVAILABLE;OUTSIDE_DEPTH_ELIGIBILITY,"Raw 5.92 PPR; WR raw rank 122; depth slot 1, rank 4; 30 prior games; injury context unavailable.",2026-08-22T07:46:47.668866+00:00,2026-08-22T07:49:49.992921+00:00,ridge,v1_evaluated_2025,v1_weekly_rankings
2026,1,2026_01_CLE_JAX,2026-09-13,00-0038979,Cedric Tillman,WR,CLE,JAX,5.895820876931236,5.895820876931236,123,,,,ROLE_FILTERED,ROLE_FILTERED,False,True,WR,1,4,HIGH,32,0,252.0,2.72,1.6,0.618,SOURCE_UNAVAILABLE_FOR_2026_AT_BUILD,INJURY_CONTEXT_UNAVAILABLE;OUTSIDE_DEPTH_ELIGIBILITY,"Raw 5.90 PPR; WR raw rank 123; depth slot 1, rank 4; 32 prior games; injury context unavailable.",2026-08-22T07:46:47.668866+00:00,2026-08-22T07:49:49.992921+00:00,ridge,v1_evaluated_2025,v1_weekly_rankings
2026,1,2026_01_TB_CIN,2026-09-13,00-0040237,Tez Johnson,WR,TB,CIN,5.854461197475201,5.854461197475201,124,,,,ROLE_FILTERED,ROLE_FILTERED,False,True,WR,2,5,HIGH,15,0,253.0,1.9,1.4,0.266,SOURCE_UNAVAILABLE_FOR_2026_AT_BUILD,INJURY_CONTEXT_UNAVAILABLE;OUTSIDE_DEPTH_ELIGIBILITY,"Raw 5.85 PPR; WR raw rank 124; depth slot 2, rank 5; 15 prior games; injury context unavailable.",2026-08-22T07:46:47.668866+00:00,2026-08-22T07:49:49.992921+00:00,ridge,v1_evaluated_2025,v1_weekly_rankings
2026,1,2026_01_DEN_KC,2026-09-14,00-0040646,Jalen Royals,WR,KC,DEN,5.844345846501286,5.844345846501286,125,,,,ROLE_FILTERED,ROLE_FILTERED,False,True,WR,1,4,LOW,2,0,253.0,1.2,1.5,0.43000000000000005,SOURCE_UNAVAILABLE_FOR_2026_AT_BUILD,INJURY_CONTEXT_UNAVAILABLE;OUTSIDE_DEPTH_ELIGIBILITY;LIMITED_HISTORY,"Raw 5.84 PPR; WR raw rank 125; depth slot 1, rank 4; 2 prior games; injury context unavailable.",2026-08-22T07:46:47.668866+00:00,2026-08-22T07:49:49.992921+00:00,ridge,v1_evaluated_2025,v1_weekly_rankings
2026,1,2026_01_MIA_LV,2026-09-13,00-0039884,Tahj Washington,WR,MIA,LV,5.779519826960948,5.779519826960948,126,,,,ROLE_FILTERED,ROLE_FILTERED,False,True,WR,8,9,LOW,2,0,252.0,2.3499999999999996,2.5,0.26,SOURCE_UNAVAILABLE_FOR_2026_AT_BUILD,INJURY_CONTEXT_UNAVAILABLE;OUTSIDE_DEPTH_ELIGIBILITY;LIMITED_HISTORY,"Raw 5.78 PPR; WR raw rank 126; depth slot 8, rank 9; 2 prior games; injury context unavailable.",2026-08-22T07:46:47.668866+00:00,2026-08-22T07:49:49.992921+00:00,ridge,v1_evaluated_2025,v1_weekly_rankings
2026,1,2026_01_NO_DET,2026-09-13,00-0034418,Cedrick Wilson Jr.,WR,DET,NO,5.6999821096257985,5.6999821096257985,127,,,,ROLE_FILTERED,ROLE_FILTERED,False,True,WR,8,6,HIGH,74,0,252.0,1.6400000000000001,1.6,0.45,SOURCE_UNAVAILABLE_FOR_2026_AT_BUILD,INJURY_CONTEXT_UNAVAILABLE;OUTSIDE_DEPTH_ELIGIBILITY,"Raw 5.70 PPR; WR raw rank 127; depth slot 8, rank 6; 74 prior games; injury context unavailable.",2026-08-22T07:46:47.668866+00:00,2026-08-22T07:49:49.992921+00:00,ridge,v1_evaluated_2025,v1_weekly_rankings
2026,1,2026_01_CLE_JAX,2026-09-13,00-0040782,Isaiah Bond,WR,CLE,JAX,5.63765352109165,5.63765352109165,129,,,,ROLE_FILTERED,ROLE_FILTERED,False,True,WR,2,5,HIGH,15,0,252.0,3.6399999999999997,1.8,0.48200000000000004,SOURCE_UNAVAILABLE_FOR_2026_AT_BUILD,INJURY_CONTEXT_UNAVAILABLE;OUTSIDE_DEPTH_ELIGIBILITY,"Raw 5.64 PPR; WR raw rank 129; depth slot 2, rank 5; 15 prior games; injury context unavailable.",2026-08-22T07:46:47.668866+00:00,2026-08-22T07:49:49.992921+00:00,ridge,v1_evaluated_2025,v1_weekly_rankings
2026,1,2026_01_SF_LA,2026-09-10,00-0040590,Konata Mumpfield,WR,LA,SF,5.633821371399909,5.633821371399909,130,,,,ROLE_FILTERED,ROLE_FILTERED,False,True,WR,2,5,HIGH,10,0,249.0,2.3,3.2,0.5,SOURCE_UNAVAILABLE_FOR_2026_AT_BUILD,INJURY_CONTEXT_UNAVAILABLE;OUTSIDE_DEPTH_ELIGIBILITY,"Raw 5.63 PPR; WR raw rank 130; depth slot 2, rank 5; 10 prior games; injury context unavailable.",2026-08-22T07:46:47.668866+00:00,2026-08-22T07:49:49.992921+00:00,ridge,v1_evaluated_2025,v1_weekly_rankings
2026,1,2026_01_ARI_LAC,2026-09-13,00-0039722,JaQuae Jackson,WR,LAC,ARI,5.596019721059461,5.596019721059461,131,,,,ROLE_FILTERED,ROLE_FILTERED,False,True,WR,2,8,LOW,0,0,,,,,SOURCE_UNAVAILABLE_FOR_2026_AT_BUILD,INJURY_CONTEXT_UNAVAILABLE;OUTSIDE_DEPTH_ELIGIBILITY;NO_PRIOR_GAMES,"Raw 5.60 PPR; WR raw rank 131; depth slot 2, rank 8; 0 prior games; injury context unavailable.",2026-08-22T07:46:47.668866+00:00,2026-08-22T07:49:49.992921+00:00,ridge,v1_evaluated_2025,v1_weekly_rankings
2026,1,2026_01_ARI_LAC,2026-09-13,00-0040461,Luke Grimm,WR,LAC,ARI,5.596019721059461,5.596019721059461,132,,,,ROLE_FILTERED,ROLE_FILTERED,False,True,WR,8,12,LOW,0,0,,,,,SOURCE_UNAVAILABLE_FOR_2026_AT_BUILD,INJURY_CONTEXT_UNAVAILABLE;OUTSIDE_DEPTH_ELIGIBILITY;NO_PRIOR_GAMES,"Raw 5.60 PPR; WR raw rank 132; depth slot 8, rank 12; 0 prior games; injury context unavailable.",2026-08-22T07:46:47.668866+00:00,2026-08-22T07:49:49.992921+00:00,ridge,v1_evaluated_2025,v1_weekly_rankings
2026,1,2026_01_ARI_LAC,2026-09-13,00-0041373,Jerand Bradley,WR,LAC,ARI,5.596019721059461,5.596019721059461,133,,,,ROLE_FILTERED,ROLE_FILTERED,False,False,TE,10,5,LOW,0,0,,,,,SOURCE_UNAVAILABLE_FOR_2026_AT_BUILD,INJURY_CONTEXT_UNAVAILABLE;OUTSIDE_DEPTH_ELIGIBILITY;DEPTH_POSITION_MISMATCH;NO_PRIOR_GAMES,"Raw 5.60 PPR; WR raw rank 133; depth slot 10, rank 5; 0 prior games; injury context unavailable.",2026-08-22T07:46:47.668866+00:00,2026-08-22T07:49:49.992921+00:00,ridge,v1_evaluated_2025,v1_weekly_rankings
2026,1,2026_01_ARI_LAC,2026-09-13,00-0041374,Sincere Brown,WR,LAC,ARI,5.596019721059461,5.596019721059461,134,,,,ROLE_FILTERED,ROLE_FILTERED,False,True,WR,8,9,LOW,0,0,,,,,SOURCE_UNAVAILABLE_FOR_2026_AT_BUILD,INJURY_CONTEXT_UNAVAILABLE;OUTSIDE_DEPTH_ELIGIBILITY;NO_PRIOR_GAMES,"Raw 5.60 PPR; WR raw rank 134; depth slot 8, rank 9; 0 prior games; injury context unavailable.",2026-08-22T07:46:47.668866+00:00,2026-08-22T07:49:49.992921+00:00,ridge,v1_evaluated_2025,v1_weekly_rankings
2026,1,2026_01_ARI_LAC,2026-09-13,00-0041380,Devonte Ross,WR,LAC,ARI,5.596019721059461,5.596019721059461,135,,,,ROLE_FILTERED,ROLE_FILTERED,False,True,WR,1,10,LOW,0,0,,,,,SOURCE_UNAVAILABLE_FOR_2026_AT_BUILD,INJURY_CONTEXT_UNAVAILABLE;OUTSIDE_DEPTH_ELIGIBILITY;NO_PRIOR_GAMES,"Raw 5.60 PPR; WR raw rank 135; depth slot 1, rank 10; 0 prior games; injury context unavailable.",2026-08-22T07:46:47.668866+00:00,2026-08-22T07:49:49.992921+00:00,ridge,v1_evaluated_2025,v1_weekly_rankings
2026,1,2026_01_NO_DET,2026-09-13,00-0038647,Ronnie Bell,WR,NO,DET,5.586499944598279,5.586499944598279,136,,,,ROLE_FILTERED,ROLE_FILTERED,False,True,WR,1,7,HIGH,19,0,252.0,2.46,1.4,0.266,SOURCE_UNAVAILABLE_FOR_2026_AT_BUILD,INJURY_CONTEXT_UNAVAILABLE;OUTSIDE_DEPTH_ELIGIBILITY,"Raw 5.59 PPR; WR raw rank 136; depth slot 1, rank 7; 19 prior games; injury context unavailable.",2026-08-22T07:46:47.668866+00:00,2026-08-22T07:49:49.992921+00:00,ridge,v1_evaluated_2025,v1_weekly_rankings
2026,1,2026_01_NO_DET,2026-09-13,00-0040390,Jackson Meeks,WR,DET,NO,5.5762496993531085,5.5762496993531085,137,,,,ROLE_FILTERED,ROLE_FILTERED,False,False,TE,10,4,LOW,0,0,,,,,SOURCE_UNAVAILABLE_FOR_2026_AT_BUILD,INJURY_CONTEXT_UNAVAILABLE;OUTSIDE_DEPTH_ELIGIBILITY;DEPTH_POSITION_MISMATCH;NO_PRIOR_GAMES,"Raw 5.58 PPR; WR raw rank 137; depth slot 10, rank 4; 0 prior games; injury context unavailable.",2026-08-22T07:46:47.668866+00:00,2026-08-22T07:49:49.992921+00:00,ridge,v1_evaluated_2025,v1_weekly_rankings
2026,1,2026_01_NO_DET,2026-09-13,00-0041446,Kendrick Law,WR,DET,NO,5.5762496993531085,5.5762496993531085,138,,,,ROLE_FILTERED,ROLE_FILTERED,False,True,WR,8,12,LOW,0,0,,,,,SOURCE_UNAVAILABLE_FOR_2026_AT_BUILD,INJURY_CONTEXT_UNAVAILABLE;OUTSIDE_DEPTH_ELIGIBILITY;NO_PRIOR_GAMES,"Raw 5.58 PPR; WR raw rank 138; depth slot 8, rank 12; 0 prior games; injury context unavailable.",2026-08-22T07:46:47.668866+00:00,2026-08-22T07:49:49.992921+00:00,ridge,v1_evaluated_2025,v1_weekly_rankings
2026,1,2026_01_DAL_NYG,2026-09-13,00-0040769,Jaden Smith,WR,DAL,NYG,5.545981574065488,5.545981574065488,139,,,,ROLE_FILTERED,ROLE_FILTERED,False,True,WR,8,12,LOW,0,0,,,,,SOURCE_UNAVAILABLE_FOR_2026_AT_BUILD,INJURY_CONTEXT_UNAVAILABLE;OUTSIDE_DEPTH_ELIGIBILITY;NO_PRIOR_GAMES,"Raw 5.55 PPR; WR raw rank 139; depth slot 8, rank 12; 0 prior games; injury context unavailable.",2026-08-22T07:46:47.668866+00:00,2026-08-22T07:49:49.992921+00:00,ridge,v1_evaluated_2025,v1_weekly_rankings
2026,1,2026_01_DAL_NYG,2026-09-13,00-0040900,Anthony Smith,WR,DAL,NYG,5.545981574065488,5.545981574065488,140,,,,ROLE_FILTERED,ROLE_FILTERED,False,True,WR,1,7,LOW,0,0,,,,,SOURCE_UNAVAILABLE_FOR_2026_AT_BUILD,INJURY_CONTEXT_UNAVAILABLE;OUTSIDE_DEPTH_ELIGIBILITY;NO_PRIOR_GAMES,"Raw 5.55 PPR; WR raw rank 140; depth slot 1, rank 7; 0 prior games; injury context unavailable.",2026-08-22T07:46:47.668866+00:00,2026-08-22T07:49:49.992921+00:00,ridge,v1_evaluated_2025,v1_weekly_rankings
2026,1,2026_01_DAL_NYG,2026-09-13,00-0040930,Camden Brown,WR,DAL,NYG,5.545981574065488,5.545981574065488,141,,,,ROLE_FILTERED,ROLE_FILTERED,False,True,WR,8,9,LOW,0,0,,,,,SOURCE_UNAVAILABLE_FOR_2026_AT_BUILD,INJURY_CONTEXT_UNAVAILABLE;OUTSIDE_DEPTH_ELIGIBILITY;NO_PRIOR_GAMES,"Raw 5.55 PPR; WR raw rank 141; depth slot 8, rank 9; 0 prior games; injury context unavailable.",2026-08-22T07:46:47.668866+00:00,2026-08-22T07:49:49.992921+00:00,ridge,v1_evaluated_2025,v1_weekly_rankings
2026,1,2026_01_DAL_NYG,2026-09-13,00-0040934,Jordan Hudson,WR,DAL,NYG,5.545981574065488,5.545981574065488,142,,,,ROLE_FILTERED,ROLE_FILTERED,False,True,WR,2,11,LOW,0,0,,,,,SOURCE_UNAVAILABLE_FOR_2026_AT_BUILD,INJURY_CONTEXT_UNAVAILABLE;OUTSIDE_DEPTH_ELIGIBILITY;NO_PRIOR_GAMES,"Raw 5.55 PPR; WR raw rank 142; depth slot 2, rank 11; 0 prior games; injury context unavailable.",2026-08-22T07:46:47.668866+00:00,2026-08-22T07:49:49.992921+00:00,ridge,v1_evaluated_2025,v1_weekly_rankings
2026,1,2026_01_DAL_NYG,2026-09-13,00-0039062,Jonathan Mingo,WR,DAL,NYG,5.543850046356807,5.543850046356807,143,,,,ROLE_FILTERED,ROLE_FILTERED,False,True,WR,8,6,HIGH,34,0,252.0,0.7,1.0,0.24,SOURCE_UNAVAILABLE_FOR_2026_AT_BUILD,INJURY_CONTEXT_UNAVAILABLE;OUTSIDE_DEPTH_ELIGIBILITY,"Raw 5.54 PPR; WR raw rank 143; depth slot 8, rank 6; 34 prior games; injury context unavailable.",2026-08-22T07:46:47.668866+00:00,2026-08-22T07:49:49.992921+00:00,ridge,v1_evaluated_2025,v1_weekly_rankings
2026,1,2026_01_SF_LA,2026-09-10,00-0040597,Brennan Presley,WR,LA,SF,5.464392568218316,5.464392568218316,144,,,,ROLE_FILTERED,ROLE_FILTERED,False,True,WR,2,8,LOW,0,0,,,,,SOURCE_UNAVAILABLE_FOR_2026_AT_BUILD,INJURY_CONTEXT_UNAVAILABLE;OUTSIDE_DEPTH_ELIGIBILITY;NO_PRIOR_GAMES,"Raw 5.46 PPR; WR raw rank 144; depth slot 2, rank 8; 0 prior games; injury context unavailable.",2026-08-22T07:46:47.668866+00:00,2026-08-22T07:49:49.992921+00:00,ridge,v1_evaluated_2025,v1_weekly_rankings
2026,1,2026_01_SF_LA,2026-09-10,00-0040603,Mario Williams,WR,LA,SF,5.464392568218316,5.464392568218316,145,,,,ROLE_FILTERED,ROLE_FILTERED,False,True,WR,2,11,LOW,0,0,,,,,SOURCE_UNAVAILABLE_FOR_2026_AT_BUILD,INJURY_CONTEXT_UNAVAILABLE;OUTSIDE_DEPTH_ELIGIBILITY;NO_PRIOR_GAMES,"Raw 5.46 PPR; WR raw rank 145; depth slot 2, rank 11; 0 prior games; injury context unavailable.",2026-08-22T07:46:47.668866+00:00,2026-08-22T07:49:49.992921+00:00,ridge,v1_evaluated_2025,v1_weekly_rankings
2026,1,2026_01_SF_LA,2026-09-10,00-0040609,Tru Edwards,WR,LA,SF,5.464392568218316,5.464392568218316,146,,,,ROLE_FILTERED,ROLE_FILTERED,False,True,WR,8,9,LOW,0,0,,,,,SOURCE_UNAVAILABLE_FOR_2026_AT_BUILD,INJURY_CONTEXT_UNAVAILABLE;OUTSIDE_DEPTH_ELIGIBILITY;NO_PRIOR_GAMES,"Raw 5.46 PPR; WR raw rank 146; depth slot 8, rank 9; 0 prior games; injury context unavailable.",2026-08-22T07:46:47.668866+00:00,2026-08-22T07:49:49.992921+00:00,ridge,v1_evaluated_2025,v1_weekly_rankings
2026,1,2026_01_SF_LA,2026-09-10,00-0041399,C.J. Daniels,WR,LA,SF,5.464392568218316,5.464392568218316,147,,,,ROLE_FILTERED,ROLE_FILTERED,False,True,WR,8,6,LOW,0,0,,,,,SOURCE_UNAVAILABLE_FOR_2026_AT_BUILD,INJURY_CONTEXT_UNAVAILABLE;OUTSIDE_DEPTH_ELIGIBILITY;NO_PRIOR_GAMES,"Raw 5.46 PPR; WR raw rank 147; depth slot 8, rank 6; 0 prior games; injury context unavailable.",2026-08-22T07:46:47.668866+00:00,2026-08-22T07:49:49.992921+00:00,ridge,v1_evaluated_2025,v1_weekly_rankings
2026,1,2026_01_NO_DET,2026-09-13,00-0041067,Bryce Lance,WR,NO,DET,5.4090746181503775,5.4090746181503775,149,,,,ROLE_FILTERED,ROLE_FILTERED,False,True,WR,1,4,LOW,0,0,,,,,SOURCE_UNAVAILABLE_FOR_2026_AT_BUILD,INJURY_CONTEXT_UNAVAILABLE;OUTSIDE_DEPTH_ELIGIBILITY;NO_PRIOR_GAMES,"Raw 5.41 PPR; WR raw rank 149; depth slot 1, rank 4; 0 prior games; injury context unavailable.",2026-08-22T07:46:47.668866+00:00,2026-08-22T07:49:49.992921+00:00,ridge,v1_evaluated_2025,v1_weekly_rankings
2026,1,2026_01_NO_DET,2026-09-13,00-0041451,Brock Rechsteiner,WR,NO,DET,5.4090746181503775,5.4090746181503775,150,,,,ROLE_FILTERED,ROLE_FILTERED,False,True,WR,8,12,LOW,0,0,,,,,SOURCE_UNAVAILABLE_FOR_2026_AT_BUILD,INJURY_CONTEXT_UNAVAILABLE;OUTSIDE_DEPTH_ELIGIBILITY;NO_PRIOR_GAMES,"Raw 5.41 PPR; WR raw rank 150; depth slot 8, rank 12; 0 prior games; injury context unavailable.",2026-08-22T07:46:47.668866+00:00,2026-08-22T07:49:49.992921+00:00,ridge,v1_evaluated_2025,v1_weekly_rankings
2026,1,2026_01_ARI_LAC,2026-09-13,00-0039521,Xavier Weaver,WR,ARI,LAC,5.303483215139831,5.303483215139831,152,,,,ROLE_FILTERED,ROLE_FILTERED,False,True,WR,1,4,HIGH,9,0,259.0,2.74,2.4,0.6,SOURCE_UNAVAILABLE_FOR_2026_AT_BUILD,INJURY_CONTEXT_UNAVAILABLE;OUTSIDE_DEPTH_ELIGIBILITY,"Raw 5.30 PPR; WR raw rank 152; depth slot 1, rank 4; 9 prior games; injury context unavailable.",2026-08-22T07:46:47.668866+00:00,2026-08-22T07:49:49.992921+00:00,ridge,v1_evaluated_2025,v1_weekly_rankings
2026,1,2026_01_BUF_HOU,2026-09-13,00-0038728,Jared Wayne,WR,HOU,BUF,5.252368980718889,5.252368980718889,153,,,,ROLE_FILTERED,ROLE_FILTERED,False,True,WR,1,10,LOW,1,0,322.0,4.0,2.0,0.44,SOURCE_UNAVAILABLE_FOR_2026_AT_BUILD,INJURY_CONTEXT_UNAVAILABLE;OUTSIDE_DEPTH_ELIGIBILITY;LIMITED_HISTORY,"Raw 5.25 PPR; WR raw rank 153; depth slot 1, rank 10; 1 prior games; injury context unavailable.",2026-08-22T07:46:47.668866+00:00,2026-08-22T07:49:49.992921+00:00,ridge,v1_evaluated_2025,v1_weekly_rankings
2026,1,2026_01_SF_LA,2026-09-10,00-0041035,De'Zhaun Stribling,WR,SF,LA,5.198991112699456,5.198991112699456,154,,,,ROLE_FILTERED,ROLE_FILTERED,False,True,WR,1,4,LOW,0,0,,,,,SOURCE_UNAVAILABLE_FOR_2026_AT_BUILD,INJURY_CONTEXT_UNAVAILABLE;OUTSIDE_DEPTH_ELIGIBILITY;NO_PRIOR_GAMES,"Raw 5.20 PPR; WR raw rank 154; depth slot 1, rank 4; 0 prior games; injury context unavailable.",2026-08-22T07:46:47.668866+00:00,2026-08-22T07:49:49.992921+00:00,ridge,v1_evaluated_2025,v1_weekly_rankings
2026,1,2026_01_SF_LA,2026-09-10,00-0041359,Wesley Grimes,WR,SF,LA,5.198991112699456,5.198991112699456,155,,,,ROLE_FILTERED,ROLE_FILTERED,False,True,WR,1,10,LOW,0,0,,,,,SOURCE_UNAVAILABLE_FOR_2026_AT_BUILD,INJURY_CONTEXT_UNAVAILABLE;OUTSIDE_DEPTH_ELIGIBILITY;NO_PRIOR_GAMES,"Raw 5.20 PPR; WR raw rank 155; depth slot 1, rank 10; 0 prior games; injury context unavailable.",2026-08-22T07:46:47.668866+00:00,2026-08-22T07:49:49.992921+00:00,ridge,v1_evaluated_2025,v1_weekly_rankings
2026,1,2026_01_SF_LA,2026-09-10,00-0041361,Will Pauling,WR,SF,LA,5.198991112699456,5.198991112699456,156,,,,ROLE_FILTERED,ROLE_FILTERED,False,True,WR,2,11,LOW,0,0,,,,,SOURCE_UNAVAILABLE_FOR_2026_AT_BUILD,INJURY_CONTEXT_UNAVAILABLE;OUTSIDE_DEPTH_ELIGIBILITY;NO_PRIOR_GAMES,"Raw 5.20 PPR; WR raw rank 156; depth slot 2, rank 11; 0 prior games; injury context unavailable.",2026-08-22T07:46:47.668866+00:00,2026-08-22T07:49:49.992921+00:00,ridge,v1_evaluated_2025,v1_weekly_rankings
2026,1,2026_01_WAS_PHI,2026-09-13,00-0036980,Elijah Moore,WR,PHI,WAS,5.196985543264452,5.196985543264452,157,,,,ROLE_FILTERED,ROLE_FILTERED,False,True,WR,2,5,HIGH,67,0,297.0,1.94,2.4,0.35,SOURCE_UNAVAILABLE_FOR_2026_AT_BUILD,INJURY_CONTEXT_UNAVAILABLE;OUTSIDE_DEPTH_ELIGIBILITY,"Raw 5.20 PPR; WR raw rank 157; depth slot 2, rank 5; 67 prior games; injury context unavailable.",2026-08-22T07:46:47.668866+00:00,2026-08-22T07:49:49.992921+00:00,ridge,v1_evaluated_2025,v1_weekly_rankings
2026,1,2026_01_DEN_KC,2026-09-14,00-0035406,Lil'Jordan Humphrey,WR,DEN,KC,5.190220826860491,5.190220826860491,158,,,,ROLE_FILTERED,ROLE_FILTERED,False,True,WR,8,6,HIGH,47,0,263.0,5.02,3.0,0.41200000000000003,SOURCE_UNAVAILABLE_FOR_2026_AT_BUILD,INJURY_CONTEXT_UNAVAILABLE;OUTSIDE_DEPTH_ELIGIBILITY,"Raw 5.19 PPR; WR raw rank 158; depth slot 8, rank 6; 47 prior games; injury context unavailable.",2026-08-22T07:46:47.668866+00:00,2026-08-22T07:49:49.992921+00:00,ridge,v1_evaluated_2025,v1_weekly_rankings
2026,1,2026_01_CLE_JAX,2026-09-13,00-0039920,Malachi Corley,WR,CLE,JAX,5.131026262236063,5.131026262236063,160,,,,ROLE_FILTERED,ROLE_FILTERED,False,True,WR,1,7,HIGH,17,0,252.0,3.1000000000000005,1.6,0.31399999999999995,SOURCE_UNAVAILABLE_FOR_2026_AT_BUILD,INJURY_CONTEXT_UNAVAILABLE;OUTSIDE_DEPTH_ELIGIBILITY,"Raw 5.13 PPR; WR raw rank 160; depth slot 1, rank 7; 17 prior games; injury context unavailable.",2026-08-22T07:46:47.668866+00:00,2026-08-22T07:49:49.992921+00:00,ridge,v1_evaluated_2025,v1_weekly_rankings
2026,1,2026_01_DEN_KC,2026-09-14,00-0038976,Marvin Mims Jr.,WR,DEN,KC,5.091472765437308,5.091472765437308,161,,,,ROLE_FILTERED,ROLE_FILTERED,False,True,WR,1,4,HIGH,48,0,253.0,5.66,3.4,0.338,SOURCE_UNAVAILABLE_FOR_2026_AT_BUILD,INJURY_CONTEXT_UNAVAILABLE;OUTSIDE_DEPTH_ELIGIBILITY,"Raw 5.09 PPR; WR raw rank 161; depth slot 1, rank 4; 48 prior games; injury context unavailable.",2026-08-22T07:46:47.668866+00:00,2026-08-22T07:49:49.992921+00:00,ridge,v1_evaluated_2025,v1_weekly_rankings
2026,1,2026_01_ARI_LAC,2026-09-13,00-0040184,KeAndre Lambert-Smith,WR,LAC,ARI,5.057307621598255,5.057307621598255,162,,,,ROLE_FILTERED,ROLE_FILTERED,False,True,WR,2,5,HIGH,10,0,252.0,3.0,1.8,0.21000000000000002,SOURCE_UNAVAILABLE_FOR_2026_AT_BUILD,INJURY_CONTEXT_UNAVAILABLE;OUTSIDE_DEPTH_ELIGIBILITY,"Raw 5.06 PPR; WR raw rank 162; depth slot 2, rank 5; 10 prior games; injury context unavailable.",2026-08-22T07:46:47.668866+00:00,2026-08-22T07:49:49.992921+00:00,ridge,v1_evaluated_2025,v1_weekly_rankings
2026,1,2026_01_BUF_HOU,2026-09-13,00-0040086,Mac Dalena,WR,BUF,HOU,5.0226354691514175,5.0226354691514175,163,,,,ROLE_FILTERED,ROLE_FILTERED,False,True,WR,2,11,LOW,0,0,,,,,SOURCE_UNAVAILABLE_FOR_2026_AT_BUILD,INJURY_CONTEXT_UNAVAILABLE;OUTSIDE_DEPTH_ELIGIBILITY;NO_PRIOR_GAMES,"Raw 5.02 PPR; WR raw rank 163; depth slot 2, rank 11; 0 prior games; injury context unavailable.",2026-08-22T07:46:47.668866+00:00,2026-08-22T07:49:49.992921+00:00,ridge,v1_evaluated_2025,v1_weekly_rankings
2026,1,2026_01_BUF_HOU,2026-09-13,00-0040361,Stephen Gosnell,WR,BUF,HOU,5.0226354691514175,5.0226354691514175,164,,,,ROLE_FILTERED,ROLE_FILTERED,False,True,WR,1,10,LOW,0,0,,,,,SOURCE_UNAVAILABLE_FOR_2026_AT_BUILD,INJURY_CONTEXT_UNAVAILABLE;OUTSIDE_DEPTH_ELIGIBILITY;NO_PRIOR_GAMES,"Raw 5.02 PPR; WR raw rank 164; depth slot 1, rank 10; 0 prior games; injury context unavailable.",2026-08-22T07:46:47.668866+00:00,2026-08-22T07:49:49.992921+00:00,ridge,v1_evaluated_2025,v1_weekly_rankings
2026,1,2026_01_BUF_HOU,2026-09-13,00-0041272,Ja'Mori Maclin,WR,BUF,HOU,5.0226354691514175,5.0226354691514175,165,,,,ROLE_FILTERED,ROLE_FILTERED,False,True,WR,1,13,LOW,0,0,,,,,SOURCE_UNAVAILABLE_FOR_2026_AT_BUILD,INJURY_CONTEXT_UNAVAILABLE;OUTSIDE_DEPTH_ELIGIBILITY;NO_PRIOR_GAMES,"Raw 5.02 PPR; WR raw rank 165; depth slot 1, rank 13; 0 prior games; injury context unavailable.",2026-08-22T07:46:47.668866+00:00,2026-08-22T07:49:49.992921+00:00,ridge,v1_evaluated_2025,v1_weekly_rankings
2026,1,2026_01_BUF_HOU,2026-09-13,00-0041443,Skyler Bell,WR,BUF,HOU,5.0226354691514175,5.0226354691514175,166,,,,ROLE_FILTERED,ROLE_FILTERED,False,True,WR,2,5,LOW,0,0,,,,,SOURCE_UNAVAILABLE_FOR_2026_AT_BUILD,INJURY_CONTEXT_UNAVAILABLE;OUTSIDE_DEPTH_ELIGIBILITY;NO_PRIOR_GAMES,"Raw 5.02 PPR; WR raw rank 166; depth slot 2, rank 5; 0 prior games; injury context unavailable.",2026-08-22T07:46:47.668866+00:00,2026-08-22T07:49:49.992921+00:00,ridge,v1_evaluated_2025,v1_weekly_rankings
2026,1,2026_01_WAS_PHI,2026-09-13,00-0036415,Van Jefferson,WR,WAS,PHI,4.992793485763878,4.992793485763878,167,,,,ROLE_FILTERED,ROLE_FILTERED,False,True,WR,2,8,HIGH,84,0,259.0,5.2,3.6,0.6100000000000001,SOURCE_UNAVAILABLE_FOR_2026_AT_BUILD,INJURY_CONTEXT_UNAVAILABLE;OUTSIDE_DEPTH_ELIGIBILITY,"Raw 4.99 PPR; WR raw rank 167; depth slot 2, rank 8; 84 prior games; injury context unavailable.",2026-08-22T07:46:47.668866+00:00,2026-08-22T07:49:49.992921+00:00,ridge,v1_evaluated_2025,v1_weekly_rankings
2026,1,2026_01_BAL_IND,2026-09-13,00-0039792,Devontez Walker,WR,BAL,IND,4.975456272541723,4.975456272541723,168,,,,ROLE_FILTERED,ROLE_FILTERED,False,True,WR,1,4,HIGH,11,0,252.0,3.3200000000000003,1.0,0.304,SOURCE_UNAVAILABLE_FOR_2026_AT_BUILD,INJURY_CONTEXT_UNAVAILABLE;OUTSIDE_DEPTH_ELIGIBILITY,"Raw 4.98 PPR; WR raw rank 168; depth slot 1, rank 4; 11 prior games; injury context unavailable.",2026-08-22T07:46:47.668866+00:00,2026-08-22T07:49:49.992921+00:00,ridge,v1_evaluated_2025,v1_weekly_rankings
2026,1,2026_01_MIA_LV,2026-09-13,00-0040894,Malik Benson,WR,LV,MIA,4.967590559101725,4.967590559101725,169,,,,ROLE_FILTERED,ROLE_FILTERED,False,True,WR,1,4,LOW,0,0,,,,,SOURCE_UNAVAILABLE_FOR_2026_AT_BUILD,INJURY_CONTEXT_UNAVAILABLE;OUTSIDE_DEPTH_ELIGIBILITY;NO_PRIOR_GAMES,"Raw 4.97 PPR; WR raw rank 169; depth slot 1, rank 4; 0 prior games; injury context unavailable.",2026-08-22T07:46:47.668866+00:00,2026-08-22T07:49:49.992921+00:00,ridge,v1_evaluated_2025,v1_weekly_rankings
2026,1,2026_01_MIA_LV,2026-09-13,00-0041004,Chase Roberts,WR,LV,MIA,4.967590559101725,4.967590559101725,170,,,,ROLE_FILTERED,ROLE_FILTERED,False,True,WR,8,12,LOW,0,0,,,,,SOURCE_UNAVAILABLE_FOR_2026_AT_BUILD,INJURY_CONTEXT_UNAVAILABLE;OUTSIDE_DEPTH_ELIGIBILITY;NO_PRIOR_GAMES,"Raw 4.97 PPR; WR raw rank 170; depth slot 8, rank 12; 0 prior games; injury context unavailable.",2026-08-22T07:46:47.668866+00:00,2026-08-22T07:49:49.992921+00:00,ridge,v1_evaluated_2025,v1_weekly_rankings
2026,1,2026_01_MIA_LV,2026-09-13,00-0041011,E.J. Williams,WR,LV,MIA,4.967590559101725,4.967590559101725,171,,,,ROLE_FILTERED,ROLE_FILTERED,False,True,WR,1,13,LOW,0,0,,,,,SOURCE_UNAVAILABLE_FOR_2026_AT_BUILD,INJURY_CONTEXT_UNAVAILABLE;OUTSIDE_DEPTH_ELIGIBILITY;NO_PRIOR_GAMES,"Raw 4.97 PPR; WR raw rank 171; depth slot 1, rank 13; 0 prior games; injury context unavailable.",2026-08-22T07:46:47.668866+00:00,2026-08-22T07:49:49.992921+00:00,ridge,v1_evaluated_2025,v1_weekly_rankings
2026,1,2026_01_NE_SEA,2026-09-09,00-0040131,Kyle Williams,WR,NE,SEA,4.93520060622054,4.93520060622054,173,,,,ROLE_FILTERED,ROLE_FILTERED,False,True,WR,8,6,HIGH,14,0,248.0,5.680000000000001,1.8,0.40199999999999997,SOURCE_UNAVAILABLE_FOR_2026_AT_BUILD,INJURY_CONTEXT_UNAVAILABLE;OUTSIDE_DEPTH_ELIGIBILITY,"Raw 4.94 PPR; WR raw rank 173; depth slot 8, rank 6; 14 prior games; injury context unavailable.",2026-08-22T07:46:47.668866+00:00,2026-08-22T07:49:49.992921+00:00,ridge,v1_evaluated_2025,v1_weekly_rankings
2026,1,2026_01_ATL_PIT,2026-09-13,00-0036775,Brandon Smith,WR,PIT,ATL,4.905296918752162,4.905296918752162,174,,,,ROLE_FILTERED,ROLE_FILTERED,False,True,WR,2,8,LOW,0,0,,,,,SOURCE_UNAVAILABLE_FOR_2026_AT_BUILD,INJURY_CONTEXT_UNAVAILABLE;OUTSIDE_DEPTH_ELIGIBILITY;NO_PRIOR_GAMES,"Raw 4.91 PPR; WR raw rank 174; depth slot 2, rank 8; 0 prior games; injury context unavailable.",2026-08-22T07:46:47.668866+00:00,2026-08-22T07:49:49.992921+00:00,ridge,v1_evaluated_2025,v1_weekly_rankings
2026,1,2026_01_ATL_PIT,2026-09-13,00-0039626,Cole Burgess,WR,PIT,ATL,4.905296918752162,4.905296918752162,175,,,,ROLE_FILTERED,ROLE_FILTERED,False,True,WR,2,14,LOW,0,0,,,,,SOURCE_UNAVAILABLE_FOR_2026_AT_BUILD,INJURY_CONTEXT_UNAVAILABLE;OUTSIDE_DEPTH_ELIGIBILITY;NO_PRIOR_GAMES,"Raw 4.91 PPR; WR raw rank 175; depth slot 2, rank 14; 0 prior games; injury context unavailable.",2026-08-22T07:46:47.668866+00:00,2026-08-22T07:49:49.992921+00:00,ridge,v1_evaluated_2025,v1_weekly_rankings
2026,1,2026_01_ATL_PIT,2026-09-13,00-0041397,Kaden Wetjen,WR,PIT,ATL,4.905296918752162,4.905296918752162,176,,,,ROLE_FILTERED,ROLE_FILTERED,False,True,WR,8,6,LOW,0,0,,,,,SOURCE_UNAVAILABLE_FOR_2026_AT_BUILD,INJURY_CONTEXT_UNAVAILABLE;OUTSIDE_DEPTH_ELIGIBILITY;NO_PRIOR_GAMES,"Raw 4.91 PPR; WR raw rank 176; depth slot 8, rank 6; 0 prior games; injury context unavailable.",2026-08-22T07:46:47.668866+00:00,2026-08-22T07:49:49.992921+00:00,ridge,v1_evaluated_2025,v1_weekly_rankings
2026,1,2026_01_ATL_PIT,2026-09-13,00-0041489,Germie Bernard,WR,PIT,ATL,4.905296918752162,4.905296918752162,177,,,,ROLE_FILTERED,ROLE_FILTERED,False,True,WR,1,4,LOW,0,0,,,,,SOURCE_UNAVAILABLE_FOR_2026_AT_BUILD,INJURY_CONTEXT_UNAVAILABLE;OUTSIDE_DEPTH_ELIGIBILITY;NO_PRIOR_GAMES,"Raw 4.91 PPR; WR raw rank 177; depth slot 1, rank 4; 0 prior games; injury context unavailable.",2026-08-22T07:46:47.668866+00:00,2026-08-22T07:49:49.992921+00:00,ridge,v1_evaluated_2025,v1_weekly_rankings
2026,1,2026_01_MIA_LV,2026-09-13,00-0040302,A.J. Henning,WR,MIA,LV,4.878440826140288,4.878440826140288,178,,,,ROLE_FILTERED,ROLE_FILTERED,False,True,WR,1,10,LOW,0,0,,,,,SOURCE_UNAVAILABLE_FOR_2026_AT_BUILD,INJURY_CONTEXT_UNAVAILABLE;OUTSIDE_DEPTH_ELIGIBILITY;NO_PRIOR_GAMES,"Raw 4.88 PPR; WR raw rank 178; depth slot 1, rank 10; 0 prior games; injury context unavailable.",2026-08-22T07:46:47.668866+00:00,2026-08-22T07:49:49.992921+00:00,ridge,v1_evaluated_2025,v1_weekly_rankings
2026,1,2026_01_MIA_LV,2026-09-13,00-0041158,Donaven McCulley,WR,MIA,LV,4.878440826140288,4.878440826140288,179,,,,ROLE_FILTERED,ROLE_FILTERED,False,True,WR,8,12,LOW,0,0,,,,,SOURCE_UNAVAILABLE_FOR_2026_AT_BUILD,INJURY_CONTEXT_UNAVAILABLE;OUTSIDE_DEPTH_ELIGIBILITY;NO_PRIOR_GAMES,"Raw 4.88 PPR; WR raw rank 179; depth slot 8, rank 12; 0 prior games; injury context unavailable.",2026-08-22T07:46:47.668866+00:00,2026-08-22T07:49:49.992921+00:00,ridge,v1_evaluated_2025,v1_weekly_rankings
2026,1,2026_01_MIA_LV,2026-09-13,00-0041525,Chris Bell,WR,MIA,LV,4.878440826140288,4.878440826140288,181,,,,ROLE_FILTERED,ROLE_FILTERED,False,True,WR,2,5,LOW,0,0,,,,,SOURCE_UNAVAILABLE_FOR_2026_AT_BUILD,INJURY_CONTEXT_UNAVAILABLE;OUTSIDE_DEPTH_ELIGIBILITY;NO_PRIOR_GAMES,"Raw 4.88 PPR; WR raw rank 181; depth slot 2, rank 5; 0 prior games; injury context unavailable.",2026-08-22T07:46:47.668866+00:00,2026-08-22T07:49:49.992921+00:00,ridge,v1_evaluated_2025,v1_weekly_rankings
2026,1,2026_01_MIA_LV,2026-09-13,00-0041529,Kevin Coleman,WR,MIA,LV,4.878440826140288,4.878440826140288,182,,,,ROLE_FILTERED,ROLE_FILTERED,False,True,WR,8,6,LOW,0,0,,,,,SOURCE_UNAVAILABLE_FOR_2026_AT_BUILD,INJURY_CONTEXT_UNAVAILABLE;OUTSIDE_DEPTH_ELIGIBILITY;NO_PRIOR_GAMES,"Raw 4.88 PPR; WR raw rank 182; depth slot 8, rank 6; 0 prior games; injury context unavailable.",2026-08-22T07:46:47.668866+00:00,2026-08-22T07:49:49.992921+00:00,ridge,v1_evaluated_2025,v1_weekly_rankings
2026,1,2026_01_MIA_LV,2026-09-13,00-0037382,Brandon Johnson,WR,LV,MIA,4.8467149784420265,4.8467149784420265,183,,,,ROLE_FILTERED,ROLE_FILTERED,False,True,WR,2,11,MEDIUM,16,0,707.0,7.42,3.6,0.426,SOURCE_UNAVAILABLE_FOR_2026_AT_BUILD,INJURY_CONTEXT_UNAVAILABLE;OUTSIDE_DEPTH_ELIGIBILITY,"Raw 4.85 PPR; WR raw rank 183; depth slot 2, rank 11; 16 prior games; injury context unavailable.",2026-08-22T07:46:47.668866+00:00,2026-08-22T07:49:49.992921+00:00,ridge,v1_evaluated_2025,v1_weekly_rankings
2026,1,2026_01_WAS_PHI,2026-09-13,00-0037132,Britain Covey,WR,PHI,WAS,4.715094351915654,4.715094351915654,184,,,,ROLE_FILTERED,ROLE_FILTERED,False,True,WR,1,7,HIGH,43,0,252.0,0.8,0.8,0.124,SOURCE_UNAVAILABLE_FOR_2026_AT_BUILD,INJURY_CONTEXT_UNAVAILABLE;OUTSIDE_DEPTH_ELIGIBILITY,"Raw 4.72 PPR; WR raw rank 184; depth slot 1, rank 7; 43 prior games; injury context unavailable.",2026-08-22T07:46:47.668866+00:00,2026-08-22T07:49:49.992921+00:00,ridge,v1_evaluated_2025,v1_weekly_rankings
2026,1,2026_01_DEN_KC,2026-09-14,00-0040120,Jimmy Holiday,WR,KC,DEN,4.702756231145995,4.702756231145995,185,,,,ROLE_FILTERED,ROLE_FILTERED,False,True,WR,8,9,LOW,0,0,,,,,SOURCE_UNAVAILABLE_FOR_2026_AT_BUILD,INJURY_CONTEXT_UNAVAILABLE;OUTSIDE_DEPTH_ELIGIBILITY;NO_PRIOR_GAMES,"Raw 4.70 PPR; WR raw rank 185; depth slot 8, rank 9; 0 prior games; injury context unavailable.",2026-08-22T07:46:47.668866+00:00,2026-08-22T07:49:49.992921+00:00,ridge,v1_evaluated_2025,v1_weekly_rankings
2026,1,2026_01_DEN_KC,2026-09-14,00-0040298,Andrew Armstrong,WR,KC,DEN,4.702756231145995,4.702756231145995,186,,,,ROLE_FILTERED,ROLE_FILTERED,False,True,WR,8,6,LOW,0,0,,,,,SOURCE_UNAVAILABLE_FOR_2026_AT_BUILD,INJURY_CONTEXT_UNAVAILABLE;OUTSIDE_DEPTH_ELIGIBILITY;NO_PRIOR_GAMES,"Raw 4.70 PPR; WR raw rank 186; depth slot 8, rank 6; 0 prior games; injury context unavailable.",2026-08-22T07:46:47.668866+00:00,2026-08-22T07:49:49.992921+00:00,ridge,v1_evaluated_2025,v1_weekly_rankings
2026,1,2026_01_DEN_KC,2026-09-14,00-0040890,Cyrus Allen,WR,KC,DEN,4.702756231145995,4.702756231145995,187,,,,ROLE_FILTERED,ROLE_FILTERED,False,True,WR,2,5,LOW,0,0,,,,,SOURCE_UNAVAILABLE_FOR_2026_AT_BUILD,INJURY_CONTEXT_UNAVAILABLE;OUTSIDE_DEPTH_ELIGIBILITY;NO_PRIOR_GAMES,"Raw 4.70 PPR; WR raw rank 187; depth slot 2, rank 5; 0 prior games; injury context unavailable.",2026-08-22T07:46:47.668866+00:00,2026-08-22T07:49:49.992921+00:00,ridge,v1_evaluated_2025,v1_weekly_rankings
2026,1,2026_01_DEN_KC,2026-09-14,00-0040953,Jeff Caldwell,WR,KC,DEN,4.702756231145995,4.702756231145995,188,,,,ROLE_FILTERED,ROLE_FILTERED,False,True,WR,1,13,LOW,0,0,,,,,SOURCE_UNAVAILABLE_FOR_2026_AT_BUILD,INJURY_CONTEXT_UNAVAILABLE;OUTSIDE_DEPTH_ELIGIBILITY;NO_PRIOR_GAMES,"Raw 4.70 PPR; WR raw rank 188; depth slot 1, rank 13; 0 prior games; injury context unavailable.",2026-08-22T07:46:47.668866+00:00,2026-08-22T07:49:49.992921+00:00,ridge,v1_evaluated_2025,v1_weekly_rankings
2026,1,2026_01_DEN_KC,2026-09-14,00-0040954,Omari Evans,WR,KC,DEN,4.702756231145995,4.702756231145995,189,,,,ROLE_FILTERED,ROLE_FILTERED,False,True,WR,1,10,LOW,0,0,,,,,SOURCE_UNAVAILABLE_FOR_2026_AT_BUILD,INJURY_CONTEXT_UNAVAILABLE;OUTSIDE_DEPTH_ELIGIBILITY;NO_PRIOR_GAMES,"Raw 4.70 PPR; WR raw rank 189; depth slot 1, rank 10; 0 prior games; injury context unavailable.",2026-08-22T07:46:47.668866+00:00,2026-08-22T07:49:49.992921+00:00,ridge,v1_evaluated_2025,v1_weekly_rankings
2026,1,2026_01_DEN_KC,2026-09-14,00-0040967,Jacob De Jesus,WR,KC,DEN,4.702756231145995,4.702756231145995,190,,,,ROLE_FILTERED,ROLE_FILTERED,False,True,WR,2,11,LOW,0,0,,,,,SOURCE_UNAVAILABLE_FOR_2026_AT_BUILD,INJURY_CONTEXT_UNAVAILABLE;OUTSIDE_DEPTH_ELIGIBILITY;NO_PRIOR_GAMES,"Raw 4.70 PPR; WR raw rank 190; depth slot 2, rank 11; 0 prior games; injury context unavailable.",2026-08-22T07:46:47.668866+00:00,2026-08-22T07:49:49.992921+00:00,ridge,v1_evaluated_2025,v1_weekly_rankings
2026,1,2026_01_DEN_KC,2026-09-14,00-0041020,Xavier Loyd,WR,KC,DEN,4.702756231145995,4.702756231145995,191,,,,ROLE_FILTERED,ROLE_FILTERED,False,True,WR,8,12,LOW,0,0,,,,,SOURCE_UNAVAILABLE_FOR_2026_AT_BUILD,INJURY_CONTEXT_UNAVAILABLE;OUTSIDE_DEPTH_ELIGIBILITY;NO_PRIOR_GAMES,"Raw 4.70 PPR; WR raw rank 191; depth slot 8, rank 12; 0 prior games; injury context unavailable.",2026-08-22T07:46:47.668866+00:00,2026-08-22T07:49:49.992921+00:00,ridge,v1_evaluated_2025,v1_weekly_rankings
2026,1,2026_01_GB_MIN,2026-09-13,00-0040009,Savion Williams,WR,GB,MIN,4.666619327879772,4.666619327879772,193,,,,ROLE_FILTERED,ROLE_FILTERED,False,True,WR,1,4,HIGH,12,0,267.0,1.7200000000000002,1.0,0.11600000000000002,SOURCE_UNAVAILABLE_FOR_2026_AT_BUILD,INJURY_CONTEXT_UNAVAILABLE;OUTSIDE_DEPTH_ELIGIBILITY,"Raw 4.67 PPR; WR raw rank 193; depth slot 1, rank 4; 12 prior games; injury context unavailable.",2026-08-22T07:46:47.668866+00:00,2026-08-22T07:49:49.992921+00:00,ridge,v1_evaluated_2025,v1_weekly_rankings
2026,1,2026_01_TB_CIN,2026-09-13,00-0040534,Ke'Shawn Williams,WR,CIN,TB,4.633967857165727,4.633967857165727,194,,,,ROLE_FILTERED,ROLE_FILTERED,False,True,WR,1,7,HIGH,11,0,252.0,0.5,0.2,0.06400000000000002,SOURCE_UNAVAILABLE_FOR_2026_AT_BUILD,INJURY_CONTEXT_UNAVAILABLE;OUTSIDE_DEPTH_ELIGIBILITY,"Raw 4.63 PPR; WR raw rank 194; depth slot 1, rank 7; 11 prior games; injury context unavailable.",2026-08-22T07:46:47.668866+00:00,2026-08-22T07:49:49.992921+00:00,ridge,v1_evaluated_2025,v1_weekly_rankings
2026,1,2026_01_NO_DET,2026-09-13,00-0038911,Malik Cunningham,WR,DET,NO,4.629624506737076,4.629624506737076,195,,,,ROLE_FILTERED,ROLE_FILTERED,False,True,WR,2,8,LOW,2,0,283.0,0.05,0.0,0.060000000000000005,SOURCE_UNAVAILABLE_FOR_2026_AT_BUILD,INJURY_CONTEXT_UNAVAILABLE;OUTSIDE_DEPTH_ELIGIBILITY;LIMITED_HISTORY,"Raw 4.63 PPR; WR raw rank 195; depth slot 2, rank 8; 2 prior games; injury context unavailable.",2026-08-22T07:46:47.668866+00:00,2026-08-22T07:49:49.992921+00:00,ridge,v1_evaluated_2025,v1_weekly_rankings
2026,1,2026_01_TB_CIN,2026-09-13,00-0038576,Charlie Jones,WR,CIN,TB,4.6023156324121235,4.6023156324121235,197,,,,ROLE_FILTERED,ROLE_FILTERED,False,True,WR,8,6,HIGH,32,0,273.0,0.0,0.2,0.048,SOURCE_UNAVAILABLE_FOR_2026_AT_BUILD,INJURY_CONTEXT_UNAVAILABLE;OUTSIDE_DEPTH_ELIGIBILITY,"Raw 4.60 PPR; WR raw rank 197; depth slot 8, rank 6; 32 prior games; injury context unavailable.",2026-08-22T07:46:47.668866+00:00,2026-08-22T07:49:49.992921+00:00,ridge,v1_evaluated_2025,v1_weekly_rankings
2026,1,2026_01_NE_SEA,2026-09-09,00-0040621,Montorie Foster Jr,WR,SEA,NE,4.566053718417313,4.566053718417313,198,,,,ROLE_FILTERED,ROLE_FILTERED,False,True,WR,1,7,LOW,0,0,,,,,SOURCE_UNAVAILABLE_FOR_2026_AT_BUILD,INJURY_CONTEXT_UNAVAILABLE;OUTSIDE_DEPTH_ELIGIBILITY;NO_PRIOR_GAMES,"Raw 4.57 PPR; WR raw rank 198; depth slot 1, rank 7; 0 prior games; injury context unavailable.",2026-08-22T07:46:47.668866+00:00,2026-08-22T07:49:49.992921+00:00,ridge,v1_evaluated_2025,v1_weekly_rankings
2026,1,2026_01_NE_SEA,2026-09-09,00-0040653,Ricky White III,WR,SEA,NE,4.566053718417313,4.566053718417313,199,,,,ROLE_FILTERED,ROLE_FILTERED,False,True,WR,8,9,LOW,0,0,,,,,SOURCE_UNAVAILABLE_FOR_2026_AT_BUILD,INJURY_CONTEXT_UNAVAILABLE;OUTSIDE_DEPTH_ELIGIBILITY;NO_PRIOR_GAMES,"Raw 4.57 PPR; WR raw rank 199; depth slot 8, rank 9; 0 prior games; injury context unavailable.",2026-08-22T07:46:47.668866+00:00,2026-08-22T07:49:49.992921+00:00,ridge,v1_evaluated_2025,v1_weekly_rankings
2026,1,2026_01_NE_SEA,2026-09-09,00-0040895,Emmanuel Henderson,WR,SEA,NE,4.566053718417313,4.566053718417313,200,,,,ROLE_FILTERED,ROLE_FILTERED,False,True,WR,8,6,LOW,0,0,,,,,SOURCE_UNAVAILABLE_FOR_2026_AT_BUILD,INJURY_CONTEXT_UNAVAILABLE;OUTSIDE_DEPTH_ELIGIBILITY;NO_PRIOR_GAMES,"Raw 4.57 PPR; WR raw rank 200; depth slot 8, rank 6; 0 prior games; injury context unavailable.",2026-08-22T07:46:47.668866+00:00,2026-08-22T07:49:49.992921+00:00,ridge,v1_evaluated_2025,v1_weekly_rankings
2026,1,2026_01_NE_SEA,2026-09-09,00-0041476,Rashad Rochelle,WR,SEA,NE,4.566053718417313,4.566053718417313,201,,,,ROLE_FILTERED,ROLE_FILTERED,False,True,WR,2,11,LOW,0,0,,,,,SOURCE_UNAVAILABLE_FOR_2026_AT_BUILD,INJURY_CONTEXT_UNAVAILABLE;OUTSIDE_DEPTH_ELIGIBILITY;NO_PRIOR_GAMES,"Raw 4.57 PPR; WR raw rank 201; depth slot 2, rank 11; 0 prior games; injury context unavailable.",2026-08-22T07:46:47.668866+00:00,2026-08-22T07:49:49.992921+00:00,ridge,v1_evaluated_2025,v1_weekly_rankings
2026,1,2026_01_SF_LA,2026-09-10,00-0040172,Jordan Watkins,WR,SF,LA,4.539864551202128,4.539864551202128,203,,,,ROLE_FILTERED,ROLE_FILTERED,False,True,WR,8,6,LOW,2,0,312.0,2.3000000000000003,1.5,0.12,SOURCE_UNAVAILABLE_FOR_2026_AT_BUILD,INJURY_CONTEXT_UNAVAILABLE;OUTSIDE_DEPTH_ELIGIBILITY;LIMITED_HISTORY,"Raw 4.54 PPR; WR raw rank 203; depth slot 8, rank 6; 2 prior games; injury context unavailable.",2026-08-22T07:46:47.668866+00:00,2026-08-22T07:49:49.992921+00:00,ridge,v1_evaluated_2025,v1_weekly_rankings
2026,1,2026_01_DAL_NYG,2026-09-13,00-0041042,Malachi Fields,WR,NYG,DAL,4.493922413775483,4.493922413775483,204,,,,ROLE_FILTERED,ROLE_FILTERED,False,True,WR,2,5,LOW,0,0,,,,,SOURCE_UNAVAILABLE_FOR_2026_AT_BUILD,INJURY_CONTEXT_UNAVAILABLE;OUTSIDE_DEPTH_ELIGIBILITY;NO_PRIOR_GAMES,"Raw 4.49 PPR; WR raw rank 204; depth slot 2, rank 5; 0 prior games; injury context unavailable.",2026-08-22T07:46:47.668866+00:00,2026-08-22T07:49:49.992921+00:00,ridge,v1_evaluated_2025,v1_weekly_rankings
2026,1,2026_01_DAL_NYG,2026-09-13,00-0036427,Tyler Johnson,WR,DAL,NYG,4.493294636255846,4.493294636255846,205,,,,ROLE_FILTERED,ROLE_FILTERED,False,True,WR,2,8,HIGH,47,0,259.0,5.4799999999999995,2.2,0.392,SOURCE_UNAVAILABLE_FOR_2026_AT_BUILD,INJURY_CONTEXT_UNAVAILABLE;OUTSIDE_DEPTH_ELIGIBILITY,"Raw 4.49 PPR; WR raw rank 205; depth slot 2, rank 8; 47 prior games; injury context unavailable.",2026-08-22T07:46:47.668866+00:00,2026-08-22T07:49:49.992921+00:00,ridge,v1_evaluated_2025,v1_weekly_rankings
2026,1,2026_01_WAS_PHI,2026-09-13,00-0040551,Nick Nash,WR,WAS,PHI,4.489425767756648,4.489425767756648,206,,,,ROLE_FILTERED,ROLE_FILTERED,False,True,WR,1,10,LOW,0,0,,,,,SOURCE_UNAVAILABLE_FOR_2026_AT_BUILD,INJURY_CONTEXT_UNAVAILABLE;OUTSIDE_DEPTH_ELIGIBILITY;NO_PRIOR_GAMES,"Raw 4.49 PPR; WR raw rank 206; depth slot 1, rank 10; 0 prior games; injury context unavailable.",2026-08-22T07:46:47.668866+00:00,2026-08-22T07:49:49.992921+00:00,ridge,v1_evaluated_2025,v1_weekly_rankings
2026,1,2026_01_WAS_PHI,2026-09-13,00-0041040,Antonio Williams,WR,WAS,PHI,4.489425767756648,4.489425767756648,207,,,,ROLE_FILTERED,ROLE_FILTERED,False,True,WR,1,4,LOW,0,0,,,,,SOURCE_UNAVAILABLE_FOR_2026_AT_BUILD,INJURY_CONTEXT_UNAVAILABLE;OUTSIDE_DEPTH_ELIGIBILITY;NO_PRIOR_GAMES,"Raw 4.49 PPR; WR raw rank 207; depth slot 1, rank 4; 0 prior games; injury context unavailable.",2026-08-22T07:46:47.668866+00:00,2026-08-22T07:49:49.992921+00:00,ridge,v1_evaluated_2025,v1_weekly_rankings
2026,1,2026_01_WAS_PHI,2026-09-13,00-0041176,Jaden Bradley,WR,WAS,PHI,4.489425767756648,4.489425767756648,208,,,,ROLE_FILTERED,ROLE_FILTERED,False,True,WR,2,11,LOW,0,0,,,,,SOURCE_UNAVAILABLE_FOR_2026_AT_BUILD,INJURY_CONTEXT_UNAVAILABLE;OUTSIDE_DEPTH_ELIGIBILITY;NO_PRIOR_GAMES,"Raw 4.49 PPR; WR raw rank 208; depth slot 2, rank 11; 0 prior games; injury context unavailable.",2026-08-22T07:46:47.668866+00:00,2026-08-22T07:49:49.992921+00:00,ridge,v1_evaluated_2025,v1_weekly_rankings
2026,1,2026_01_BUF_HOU,2026-09-13,00-0040049,Josh Kelly,WR,HOU,BUF,4.369650047744065,4.369650047744065,209,,,,ROLE_FILTERED,ROLE_FILTERED,False,True,WR,8,9,LOW,0,0,,,,,SOURCE_UNAVAILABLE_FOR_2026_AT_BUILD,INJURY_CONTEXT_UNAVAILABLE;OUTSIDE_DEPTH_ELIGIBILITY;NO_PRIOR_GAMES,"Raw 4.37 PPR; WR raw rank 209; depth slot 8, rank 9; 0 prior games; injury context unavailable.",2026-08-22T07:46:47.668866+00:00,2026-08-22T07:49:49.992921+00:00,ridge,v1_evaluated_2025,v1_weekly_rankings
2026,1,2026_01_BUF_HOU,2026-09-13,00-0041308,Treyvhon Saunders,WR,HOU,BUF,4.369650047744065,4.369650047744065,210,,,,ROLE_FILTERED,ROLE_FILTERED,False,True,WR,8,12,LOW,0,0,,,,,SOURCE_UNAVAILABLE_FOR_2026_AT_BUILD,INJURY_CONTEXT_UNAVAILABLE;OUTSIDE_DEPTH_ELIGIBILITY;NO_PRIOR_GAMES,"Raw 4.37 PPR; WR raw rank 210; depth slot 8, rank 12; 0 prior games; injury context unavailable.",2026-08-22T07:46:47.668866+00:00,2026-08-22T07:49:49.992921+00:00,ridge,v1_evaluated_2025,v1_weekly_rankings
2026,1,2026_01_BUF_HOU,2026-09-13,00-0041309,Daniel Sobkowicz,WR,HOU,BUF,4.369650047744065,4.369650047744065,211,,,,ROLE_FILTERED,ROLE_FILTERED,False,True,WR,1,13,LOW,0,0,,,,,SOURCE_UNAVAILABLE_FOR_2026_AT_BUILD,INJURY_CONTEXT_UNAVAILABLE;OUTSIDE_DEPTH_ELIGIBILITY;NO_PRIOR_GAMES,"Raw 4.37 PPR; WR raw rank 211; depth slot 1, rank 13; 0 prior games; injury context unavailable.",2026-08-22T07:46:47.668866+00:00,2026-08-22T07:49:49.992921+00:00,ridge,v1_evaluated_2025,v1_weekly_rankings
2026,1,2026_01_BUF_HOU,2026-09-13,00-0041467,Lewis Bond,WR,HOU,BUF,4.369650047744065,4.369650047744065,212,,,,ROLE_FILTERED,ROLE_FILTERED,False,True,WR,8,6,LOW,0,0,,,,,SOURCE_UNAVAILABLE_FOR_2026_AT_BUILD,INJURY_CONTEXT_UNAVAILABLE;OUTSIDE_DEPTH_ELIGIBILITY;NO_PRIOR_GAMES,"Raw 4.37 PPR; WR raw rank 212; depth slot 8, rank 6; 0 prior games; injury context unavailable.",2026-08-22T07:46:47.668866+00:00,2026-08-22T07:49:49.992921+00:00,ridge,v1_evaluated_2025,v1_weekly_rankings
2026,1,2026_01_TB_CIN,2026-09-13,00-0039589,Kameron Johnson,WR,TB,CIN,4.3664105007390726,4.3664105007390726,213,,,,ROLE_FILTERED,ROLE_FILTERED,False,True,WR,8,6,HIGH,21,0,253.0,0.0,0.2,0.02,SOURCE_UNAVAILABLE_FOR_2026_AT_BUILD,INJURY_CONTEXT_UNAVAILABLE;OUTSIDE_DEPTH_ELIGIBILITY,"Raw 4.37 PPR; WR raw rank 213; depth slot 8, rank 6; 21 prior games; injury context unavailable.",2026-08-22T07:46:47.668866+00:00,2026-08-22T07:49:49.992921+00:00,ridge,v1_evaluated_2025,v1_weekly_rankings
2026,1,2026_01_BUF_HOU,2026-09-13,00-0034386,Justin Watson,WR,HOU,BUF,4.349067277995025,4.349067277995025,214,,,,ROLE_FILTERED,ROLE_FILTERED,False,True,WR,2,5,HIGH,73,0,252.0,4.3,1.8,0.49400000000000005,SOURCE_UNAVAILABLE_FOR_2026_AT_BUILD,INJURY_CONTEXT_UNAVAILABLE;OUTSIDE_DEPTH_ELIGIBILITY,"Raw 4.35 PPR; WR raw rank 214; depth slot 2, rank 5; 73 prior games; injury context unavailable.",2026-08-22T07:46:47.668866+00:00,2026-08-22T07:49:49.992921+00:00,ridge,v1_evaluated_2025,v1_weekly_rankings
2026,1,2026_01_NYJ_TEN,2026-09-13,00-0040522,Xavier Restrepo,WR,TEN,NYJ,4.313480894667496,4.313480894667496,215,,,,ROLE_FILTERED,ROLE_FILTERED,False,True,WR,8,9,LOW,2,0,287.0,3.55,3.5,0.22,SOURCE_UNAVAILABLE_FOR_2026_AT_BUILD,INJURY_CONTEXT_UNAVAILABLE;OUTSIDE_DEPTH_ELIGIBILITY;LIMITED_HISTORY,"Raw 4.31 PPR; WR raw rank 215; depth slot 8, rank 9; 2 prior games; injury context unavailable.",2026-08-22T07:46:47.668866+00:00,2026-08-22T07:49:49.992921+00:00,ridge,v1_evaluated_2025,v1_weekly_rankings
2026,1,2026_01_BAL_IND,2026-09-13,00-0040337,Eli Pancol,WR,IND,BAL,4.27696434862699,4.27696434862699,217,,,,ROLE_FILTERED,ROLE_FILTERED,False,True,WR,2,11,LOW,0,0,,,,,SOURCE_UNAVAILABLE_FOR_2026_AT_BUILD,INJURY_CONTEXT_UNAVAILABLE;OUTSIDE_DEPTH_ELIGIBILITY;NO_PRIOR_GAMES,"Raw 4.28 PPR; WR raw rank 217; depth slot 2, rank 11; 0 prior games; injury context unavailable.",2026-08-22T07:46:47.668866+00:00,2026-08-22T07:49:49.992921+00:00,ridge,v1_evaluated_2025,v1_weekly_rankings
2026,1,2026_01_BAL_IND,2026-09-13,00-0041132,Deion Burks,WR,IND,BAL,4.27696434862699,4.27696434862699,218,,,,ROLE_FILTERED,ROLE_FILTERED,False,True,WR,2,8,LOW,0,0,,,,,SOURCE_UNAVAILABLE_FOR_2026_AT_BUILD,INJURY_CONTEXT_UNAVAILABLE;OUTSIDE_DEPTH_ELIGIBILITY;NO_PRIOR_GAMES,"Raw 4.28 PPR; WR raw rank 218; depth slot 2, rank 8; 0 prior games; injury context unavailable.",2026-08-22T07:46:47.668866+00:00,2026-08-22T07:49:49.992921+00:00,ridge,v1_evaluated_2025,v1_weekly_rankings
2026,1,2026_01_BAL_IND,2026-09-13,00-0041228,Sahmir Hagans,WR,IND,BAL,4.27696434862699,4.27696434862699,219,,,,ROLE_FILTERED,ROLE_FILTERED,False,True,WR,8,12,LOW,0,0,,,,,SOURCE_UNAVAILABLE_FOR_2026_AT_BUILD,INJURY_CONTEXT_UNAVAILABLE;OUTSIDE_DEPTH_ELIGIBILITY;NO_PRIOR_GAMES,"Raw 4.28 PPR; WR raw rank 219; depth slot 8, rank 12; 0 prior games; injury context unavailable.",2026-08-22T07:46:47.668866+00:00,2026-08-22T07:49:49.992921+00:00,ridge,v1_evaluated_2025,v1_weekly_rankings
2026,1,2026_01_BAL_IND,2026-09-13,00-0041233,Raylen Sharpe,WR,IND,BAL,4.27696434862699,4.27696434862699,220,,,,ROLE_FILTERED,ROLE_FILTERED,False,True,WR,1,13,LOW,0,0,,,,,SOURCE_UNAVAILABLE_FOR_2026_AT_BUILD,INJURY_CONTEXT_UNAVAILABLE;OUTSIDE_DEPTH_ELIGIBILITY;NO_PRIOR_GAMES,"Raw 4.28 PPR; WR raw rank 220; depth slot 1, rank 13; 0 prior games; injury context unavailable.",2026-08-22T07:46:47.668866+00:00,2026-08-22T07:49:49.992921+00:00,ridge,v1_evaluated_2025,v1_weekly_rankings
2026,1,2026_01_CLE_JAX,2026-09-13,00-0040323,Chandler Brayboy,WR,JAX,CLE,4.255962197021171,4.255962197021171,221,,,,ROLE_FILTERED,ROLE_FILTERED,False,True,WR,8,9,LOW,0,0,,,,,SOURCE_UNAVAILABLE_FOR_2026_AT_BUILD,INJURY_CONTEXT_UNAVAILABLE;OUTSIDE_DEPTH_ELIGIBILITY;NO_PRIOR_GAMES,"Raw 4.26 PPR; WR raw rank 221; depth slot 8, rank 9; 0 prior games; injury context unavailable.",2026-08-22T07:46:47.668866+00:00,2026-08-22T07:49:49.992921+00:00,ridge,v1_evaluated_2025,v1_weekly_rankings
2026,1,2026_01_CLE_JAX,2026-09-13,00-0040718,Travis Hunter,WR,JAX,CLE,4.255962197021171,4.255962197021171,222,,,,ROLE_FILTERED,ROLE_FILTERED,False,True,WR,1,4,LOW,0,0,,,,,SOURCE_UNAVAILABLE_FOR_2026_AT_BUILD,INJURY_CONTEXT_UNAVAILABLE;OUTSIDE_DEPTH_ELIGIBILITY;NO_PRIOR_GAMES,"Raw 4.26 PPR; WR raw rank 222; depth slot 1, rank 4; 0 prior games; injury context unavailable.",2026-08-22T07:46:47.668866+00:00,2026-08-22T07:49:49.992921+00:00,ridge,v1_evaluated_2025,v1_weekly_rankings
2026,1,2026_01_CLE_JAX,2026-09-13,00-0041100,Josh Cameron,WR,JAX,CLE,4.255962197021171,4.255962197021171,223,,,,ROLE_FILTERED,ROLE_FILTERED,False,True,WR,2,5,LOW,0,0,,,,,SOURCE_UNAVAILABLE_FOR_2026_AT_BUILD,INJURY_CONTEXT_UNAVAILABLE;OUTSIDE_DEPTH_ELIGIBILITY;NO_PRIOR_GAMES,"Raw 4.26 PPR; WR raw rank 223; depth slot 2, rank 5; 0 prior games; injury context unavailable.",2026-08-22T07:46:47.668866+00:00,2026-08-22T07:49:49.992921+00:00,ridge,v1_evaluated_2025,v1_weekly_rankings
2026,1,2026_01_CLE_JAX,2026-09-13,00-0041106,C.J. Williams,WR,JAX,CLE,4.255962197021171,4.255962197021171,224,,,,ROLE_FILTERED,ROLE_FILTERED,False,True,WR,8,6,LOW,0,0,,,,,SOURCE_UNAVAILABLE_FOR_2026_AT_BUILD,INJURY_CONTEXT_UNAVAILABLE;OUTSIDE_DEPTH_ELIGIBILITY;NO_PRIOR_GAMES,"Raw 4.26 PPR; WR raw rank 224; depth slot 8, rank 6; 0 prior games; injury context unavailable.",2026-08-22T07:46:47.668866+00:00,2026-08-22T07:49:49.992921+00:00,ridge,v1_evaluated_2025,v1_weekly_rankings
2026,1,2026_01_CLE_JAX,2026-09-13,00-0041205,Brady Boyd,WR,JAX,CLE,4.255962197021171,4.255962197021171,225,,,,ROLE_FILTERED,ROLE_FILTERED,False,True,WR,1,10,LOW,0,0,,,,,SOURCE_UNAVAILABLE_FOR_2026_AT_BUILD,INJURY_CONTEXT_UNAVAILABLE;OUTSIDE_DEPTH_ELIGIBILITY;NO_PRIOR_GAMES,"Raw 4.26 PPR; WR raw rank 225; depth slot 1, rank 10; 0 prior games; injury context unavailable.",2026-08-22T07:46:47.668866+00:00,2026-08-22T07:49:49.992921+00:00,ridge,v1_evaluated_2025,v1_weekly_rankings
2026,1,2026_01_CLE_JAX,2026-09-13,00-0041216,Trebor Pena,WR,JAX,CLE,4.255962197021171,4.255962197021171,226,,,,ROLE_FILTERED,ROLE_FILTERED,False,True,WR,2,11,LOW,0,0,,,,,SOURCE_UNAVAILABLE_FOR_2026_AT_BUILD,INJURY_CONTEXT_UNAVAILABLE;OUTSIDE_DEPTH_ELIGIBILITY;NO_PRIOR_GAMES,"Raw 4.26 PPR; WR raw rank 226; depth slot 2, rank 11; 0 prior games; injury context unavailable.",2026-08-22T07:46:47.668866+00:00,2026-08-22T07:49:49.992921+00:00,ridge,v1_evaluated_2025,v1_weekly_rankings
2026,1,2026_01_CLE_JAX,2026-09-13,00-0041220,Michael Wortham,WR,JAX,CLE,4.255962197021171,4.255962197021171,227,,,,ROLE_FILTERED,ROLE_FILTERED,False,True,WR,8,12,LOW,0,0,,,,,SOURCE_UNAVAILABLE_FOR_2026_AT_BUILD,INJURY_CONTEXT_UNAVAILABLE;OUTSIDE_DEPTH_ELIGIBILITY;NO_PRIOR_GAMES,"Raw 4.26 PPR; WR raw rank 227; depth slot 8, rank 12; 0 prior games; injury context unavailable.",2026-08-22T07:46:47.668866+00:00,2026-08-22T07:49:49.992921+00:00,ridge,v1_evaluated_2025,v1_weekly_rankings
2026,1,2026_01_ATL_PIT,2026-09-13,00-0041044,Zachariah Branch,WR,ATL,PIT,4.255901363835598,4.255901363835598,228,,,,ROLE_FILTERED,ROLE_FILTERED,False,True,WR,1,4,LOW,0,0,,,,,SOURCE_UNAVAILABLE_FOR_2026_AT_BUILD,INJURY_CONTEXT_UNAVAILABLE;OUTSIDE_DEPTH_ELIGIBILITY;NO_PRIOR_GAMES,"Raw 4.26 PPR; WR raw rank 228; depth slot 1, rank 4; 0 prior games; injury context unavailable.",2026-08-22T07:46:47.668866+00:00,2026-08-22T07:49:49.992921+00:00,ridge,v1_evaluated_2025,v1_weekly_rankings
2026,1,2026_01_ATL_PIT,2026-09-13,00-0041185,Vinny Anthony,WR,ATL,PIT,4.255901363835598,4.255901363835598,229,,,,ROLE_FILTERED,ROLE_FILTERED,False,True,WR,1,7,LOW,0,0,,,,,SOURCE_UNAVAILABLE_FOR_2026_AT_BUILD,INJURY_CONTEXT_UNAVAILABLE;OUTSIDE_DEPTH_ELIGIBILITY;NO_PRIOR_GAMES,"Raw 4.26 PPR; WR raw rank 229; depth slot 1, rank 7; 0 prior games; injury context unavailable.",2026-08-22T07:46:47.668866+00:00,2026-08-22T07:49:49.992921+00:00,ridge,v1_evaluated_2025,v1_weekly_rankings
2026,1,2026_01_ATL_PIT,2026-09-13,00-0041266,Keelan Marion,WR,ATL,PIT,4.255901363835598,4.255901363835598,230,,,,ROLE_FILTERED,ROLE_FILTERED,False,True,WR,8,9,LOW,0,0,,,,,SOURCE_UNAVAILABLE_FOR_2026_AT_BUILD,INJURY_CONTEXT_UNAVAILABLE;OUTSIDE_DEPTH_ELIGIBILITY;NO_PRIOR_GAMES,"Raw 4.26 PPR; WR raw rank 230; depth slot 8, rank 9; 0 prior games; injury context unavailable.",2026-08-22T07:46:47.668866+00:00,2026-08-22T07:49:49.992921+00:00,ridge,v1_evaluated_2025,v1_weekly_rankings
2026,1,2026_01_NYJ_TEN,2026-09-13,00-0040405,Jamaal Pritchett,WR,NYJ,TEN,4.23280245104878,4.23280245104878,231,,,,ROLE_FILTERED,ROLE_FILTERED,False,True,WR,1,7,LOW,0,0,,,,,SOURCE_UNAVAILABLE_FOR_2026_AT_BUILD,INJURY_CONTEXT_UNAVAILABLE;OUTSIDE_DEPTH_ELIGIBILITY;NO_PRIOR_GAMES,"Raw 4.23 PPR; WR raw rank 231; depth slot 1, rank 7; 0 prior games; injury context unavailable.",2026-08-22T07:46:47.668866+00:00,2026-08-22T07:49:49.992921+00:00,ridge,v1_evaluated_2025,v1_weekly_rankings
2026,1,2026_01_NYJ_TEN,2026-09-13,00-0041199,Caullin Lacy,WR,NYJ,TEN,4.23280245104878,4.23280245104878,232,,,,ROLE_FILTERED,ROLE_FILTERED,False,True,WR,2,8,LOW,0,0,,,,,SOURCE_UNAVAILABLE_FOR_2026_AT_BUILD,INJURY_CONTEXT_UNAVAILABLE;OUTSIDE_DEPTH_ELIGIBILITY;NO_PRIOR_GAMES,"Raw 4.23 PPR; WR raw rank 232; depth slot 2, rank 8; 0 prior games; injury context unavailable.",2026-08-22T07:46:47.668866+00:00,2026-08-22T07:49:49.992921+00:00,ridge,v1_evaluated_2025,v1_weekly_rankings
2026,1,2026_01_NYJ_TEN,2026-09-13,00-0041267,Malik McClain,WR,NYJ,TEN,4.23280245104878,4.23280245104878,233,,,,ROLE_FILTERED,ROLE_FILTERED,False,True,WR,8,9,LOW,0,0,,,,,SOURCE_UNAVAILABLE_FOR_2026_AT_BUILD,INJURY_CONTEXT_UNAVAILABLE;OUTSIDE_DEPTH_ELIGIBILITY;NO_PRIOR_GAMES,"Raw 4.23 PPR; WR raw rank 233; depth slot 8, rank 9; 0 prior games; injury context unavailable.",2026-08-22T07:46:47.668866+00:00,2026-08-22T07:49:49.992921+00:00,ridge,v1_evaluated_2025,v1_weekly_rankings
2026,1,2026_01_BAL_IND,2026-09-13,00-0039259,Dayton Wade,WR,BAL,IND,4.211696307060837,4.211696307060837,235,,,,ROLE_FILTERED,ROLE_FILTERED,False,True,WR,2,8,LOW,0,0,,,,,SOURCE_UNAVAILABLE_FOR_2026_AT_BUILD,INJURY_CONTEXT_UNAVAILABLE;OUTSIDE_DEPTH_ELIGIBILITY;NO_PRIOR_GAMES,"Raw 4.21 PPR; WR raw rank 235; depth slot 2, rank 8; 0 prior games; injury context unavailable.",2026-08-22T07:46:47.668866+00:00,2026-08-22T07:49:49.992921+00:00,ridge,v1_evaluated_2025,v1_weekly_rankings
2026,1,2026_01_BAL_IND,2026-09-13,00-0039437,Cornelius Johnson,WR,BAL,IND,4.211696307060837,4.211696307060837,236,,,,ROLE_FILTERED,ROLE_FILTERED,False,True,WR,8,9,LOW,0,0,,,,,SOURCE_UNAVAILABLE_FOR_2026_AT_BUILD,INJURY_CONTEXT_UNAVAILABLE;OUTSIDE_DEPTH_ELIGIBILITY;NO_PRIOR_GAMES,"Raw 4.21 PPR; WR raw rank 236; depth slot 8, rank 9; 0 prior games; injury context unavailable.",2026-08-22T07:46:47.668866+00:00,2026-08-22T07:49:49.992921+00:00,ridge,v1_evaluated_2025,v1_weekly_rankings
2026,1,2026_01_BAL_IND,2026-09-13,00-0040099,Xavier Guillory,WR,BAL,IND,4.211696307060837,4.211696307060837,237,,,,ROLE_FILTERED,ROLE_FILTERED,False,True,WR,1,10,LOW,0,0,,,,,SOURCE_UNAVAILABLE_FOR_2026_AT_BUILD,INJURY_CONTEXT_UNAVAILABLE;OUTSIDE_DEPTH_ELIGIBILITY;NO_PRIOR_GAMES,"Raw 4.21 PPR; WR raw rank 237; depth slot 1, rank 10; 0 prior games; injury context unavailable.",2026-08-22T07:46:47.668866+00:00,2026-08-22T07:49:49.992921+00:00,ridge,v1_evaluated_2025,v1_weekly_rankings
2026,1,2026_01_BAL_IND,2026-09-13,00-0040876,Elijah Sarratt,WR,BAL,IND,4.211696307060837,4.211696307060837,239,,,,ROLE_FILTERED,ROLE_FILTERED,False,True,WR,2,5,LOW,0,0,,,,,SOURCE_UNAVAILABLE_FOR_2026_AT_BUILD,INJURY_CONTEXT_UNAVAILABLE;OUTSIDE_DEPTH_ELIGIBILITY;NO_PRIOR_GAMES,"Raw 4.21 PPR; WR raw rank 239; depth slot 2, rank 5; 0 prior games; injury context unavailable.",2026-08-22T07:46:47.668866+00:00,2026-08-22T07:49:49.992921+00:00,ridge,v1_evaluated_2025,v1_weekly_rankings
2026,1,2026_01_BAL_IND,2026-09-13,00-0040977,Cortez Braham,WR,BAL,IND,4.211696307060837,4.211696307060837,240,,,,ROLE_FILTERED,ROLE_FILTERED,False,True,WR,2,11,LOW,0,0,,,,,SOURCE_UNAVAILABLE_FOR_2026_AT_BUILD,INJURY_CONTEXT_UNAVAILABLE;OUTSIDE_DEPTH_ELIGIBILITY;NO_PRIOR_GAMES,"Raw 4.21 PPR; WR raw rank 240; depth slot 2, rank 11; 0 prior games; injury context unavailable.",2026-08-22T07:46:47.668866+00:00,2026-08-22T07:49:49.992921+00:00,ridge,v1_evaluated_2025,v1_weekly_rankings
2026,1,2026_01_BAL_IND,2026-09-13,00-0040986,Ty Pezza,WR,BAL,IND,4.211696307060837,4.211696307060837,241,,,,ROLE_FILTERED,ROLE_FILTERED,False,False,TE,10,5,LOW,0,0,,,,,SOURCE_UNAVAILABLE_FOR_2026_AT_BUILD,INJURY_CONTEXT_UNAVAILABLE;OUTSIDE_DEPTH_ELIGIBILITY;DEPTH_POSITION_MISMATCH;NO_PRIOR_GAMES,"Raw 4.21 PPR; WR raw rank 241; depth slot 10, rank 5; 0 prior games; injury context unavailable.",2026-08-22T07:46:47.668866+00:00,2026-08-22T07:49:49.992921+00:00,ridge,v1_evaluated_2025,v1_weekly_rankings
2026,1,2026_01_BAL_IND,2026-09-13,00-0040989,Octavian Smith,WR,BAL,IND,4.211696307060837,4.211696307060837,242,,,,ROLE_FILTERED,ROLE_FILTERED,False,True,WR,8,12,LOW,0,0,,,,,SOURCE_UNAVAILABLE_FOR_2026_AT_BUILD,INJURY_CONTEXT_UNAVAILABLE;OUTSIDE_DEPTH_ELIGIBILITY;NO_PRIOR_GAMES,"Raw 4.21 PPR; WR raw rank 242; depth slot 8, rank 12; 0 prior games; injury context unavailable.",2026-08-22T07:46:47.668866+00:00,2026-08-22T07:49:49.992921+00:00,ridge,v1_evaluated_2025,v1_weekly_rankings
2026,1,2026_01_NE_SEA,2026-09-09,00-0040570,Jeremiah Webb,WR,NE,SEA,4.165814271699923,4.165814271699923,243,,,,ROLE_FILTERED,ROLE_FILTERED,False,True,WR,1,13,LOW,0,0,,,,,SOURCE_UNAVAILABLE_FOR_2026_AT_BUILD,INJURY_CONTEXT_UNAVAILABLE;OUTSIDE_DEPTH_ELIGIBILITY;NO_PRIOR_GAMES,"Raw 4.17 PPR; WR raw rank 243; depth slot 1, rank 13; 0 prior games; injury context unavailable.",2026-08-22T07:46:47.668866+00:00,2026-08-22T07:49:49.992921+00:00,ridge,v1_evaluated_2025,v1_weekly_rankings
2026,1,2026_01_NE_SEA,2026-09-09,00-0041317,Nick DeGennaro,WR,NE,SEA,4.165814271699923,4.165814271699923,244,,,,ROLE_FILTERED,ROLE_FILTERED,False,True,WR,8,9,LOW,0,0,,,,,SOURCE_UNAVAILABLE_FOR_2026_AT_BUILD,INJURY_CONTEXT_UNAVAILABLE;OUTSIDE_DEPTH_ELIGIBILITY;NO_PRIOR_GAMES,"Raw 4.17 PPR; WR raw rank 244; depth slot 8, rank 9; 0 prior games; injury context unavailable.",2026-08-22T07:46:47.668866+00:00,2026-08-22T07:49:49.992921+00:00,ridge,v1_evaluated_2025,v1_weekly_rankings
2026,1,2026_01_NE_SEA,2026-09-09,00-0041318,Kyle Dixon,WR,NE,SEA,4.165814271699923,4.165814271699923,245,,,,ROLE_FILTERED,ROLE_FILTERED,False,True,WR,2,8,LOW,0,0,,,,,SOURCE_UNAVAILABLE_FOR_2026_AT_BUILD,INJURY_CONTEXT_UNAVAILABLE;OUTSIDE_DEPTH_ELIGIBILITY;NO_PRIOR_GAMES,"Raw 4.17 PPR; WR raw rank 245; depth slot 2, rank 8; 0 prior games; injury context unavailable.",2026-08-22T07:46:47.668866+00:00,2026-08-22T07:49:49.992921+00:00,ridge,v1_evaluated_2025,v1_weekly_rankings
2026,1,2026_01_NE_SEA,2026-09-09,00-0041319,Cameron Dorner,WR,NE,SEA,4.165814271699923,4.165814271699923,246,,,,ROLE_FILTERED,ROLE_FILTERED,False,True,WR,1,10,LOW,0,0,,,,,SOURCE_UNAVAILABLE_FOR_2026_AT_BUILD,INJURY_CONTEXT_UNAVAILABLE;OUTSIDE_DEPTH_ELIGIBILITY;NO_PRIOR_GAMES,"Raw 4.17 PPR; WR raw rank 246; depth slot 1, rank 10; 0 prior games; injury context unavailable.",2026-08-22T07:46:47.668866+00:00,2026-08-22T07:49:49.992921+00:00,ridge,v1_evaluated_2025,v1_weekly_rankings
2026,1,2026_01_NE_SEA,2026-09-09,00-0041322,Jimmy Kibble,WR,NE,SEA,4.165814271699923,4.165814271699923,247,,,,ROLE_FILTERED,ROLE_FILTERED,False,True,WR,2,14,LOW,0,0,,,,,SOURCE_UNAVAILABLE_FOR_2026_AT_BUILD,INJURY_CONTEXT_UNAVAILABLE;OUTSIDE_DEPTH_ELIGIBILITY;NO_PRIOR_GAMES,"Raw 4.17 PPR; WR raw rank 247; depth slot 2, rank 14; 0 prior games; injury context unavailable.",2026-08-22T07:46:47.668866+00:00,2026-08-22T07:49:49.992921+00:00,ridge,v1_evaluated_2025,v1_weekly_rankings
2026,1,2026_01_NO_DET,2026-09-13,00-0040241,Dominic Lovett,WR,DET,NO,4.148026724408487,4.148026724408487,248,,,,ROLE_FILTERED,ROLE_FILTERED,False,True,WR,2,5,LOW,2,0,308.0,0.0,0.0,0.03,SOURCE_UNAVAILABLE_FOR_2026_AT_BUILD,INJURY_CONTEXT_UNAVAILABLE;OUTSIDE_DEPTH_ELIGIBILITY;LIMITED_HISTORY,"Raw 4.15 PPR; WR raw rank 248; depth slot 2, rank 5; 2 prior games; injury context unavailable.",2026-08-22T07:46:47.668866+00:00,2026-08-22T07:49:49.992921+00:00,ridge,v1_evaluated_2025,v1_weekly_rankings
2026,1,2026_01_GB_MIN,2026-09-13,00-0039710,Jeshaun Jones,WR,MIN,GB,4.111334602261524,4.111334602261524,249,,,,ROLE_FILTERED,ROLE_FILTERED,False,True,WR,8,6,LOW,1,0,252.0,0.0,0.0,0.0,SOURCE_UNAVAILABLE_FOR_2026_AT_BUILD,INJURY_CONTEXT_UNAVAILABLE;OUTSIDE_DEPTH_ELIGIBILITY;LIMITED_HISTORY,"Raw 4.11 PPR; WR raw rank 249; depth slot 8, rank 6; 1 prior games; injury context unavailable.",2026-08-22T07:46:47.668866+00:00,2026-08-22T07:49:49.992921+00:00,ridge,v1_evaluated_2025,v1_weekly_rankings
2026,1,2026_01_CHI_CAR,2026-09-13,00-0040218,Jimmy Horn Jr.,WR,CAR,CHI,4.0993215330018815,4.0993215330018815,250,,,,ROLE_FILTERED,ROLE_FILTERED,False,True,WR,1,4,HIGH,10,0,253.0,2.3400000000000003,1.0,0.21600000000000003,SOURCE_UNAVAILABLE_FOR_2026_AT_BUILD,INJURY_CONTEXT_UNAVAILABLE;OUTSIDE_DEPTH_ELIGIBILITY,"Raw 4.10 PPR; WR raw rank 250; depth slot 1, rank 4; 10 prior games; injury context unavailable.",2026-08-22T07:46:47.668866+00:00,2026-08-22T07:49:49.992921+00:00,ridge,v1_evaluated_2025,v1_weekly_rankings
2026,1,2026_01_CHI_CAR,2026-09-13,00-0040275,JP Richardson,WR,CHI,CAR,4.081221791339029,4.081221791339029,251,,,,ROLE_FILTERED,ROLE_FILTERED,False,True,WR,8,9,LOW,0,0,,,,,SOURCE_UNAVAILABLE_FOR_2026_AT_BUILD,INJURY_CONTEXT_UNAVAILABLE;OUTSIDE_DEPTH_ELIGIBILITY;NO_PRIOR_GAMES,"Raw 4.08 PPR; WR raw rank 251; depth slot 8, rank 9; 0 prior games; injury context unavailable.",2026-08-22T07:46:47.668866+00:00,2026-08-22T07:49:49.992921+00:00,ridge,v1_evaluated_2025,v1_weekly_rankings
2026,1,2026_01_CHI_CAR,2026-09-13,00-0041051,Zavion Thomas,WR,CHI,CAR,4.081221791339029,4.081221791339029,252,,,,ROLE_FILTERED,ROLE_FILTERED,False,True,WR,2,5,LOW,0,0,,,,,SOURCE_UNAVAILABLE_FOR_2026_AT_BUILD,INJURY_CONTEXT_UNAVAILABLE;OUTSIDE_DEPTH_ELIGIBILITY;NO_PRIOR_GAMES,"Raw 4.08 PPR; WR raw rank 252; depth slot 2, rank 5; 0 prior games; injury context unavailable.",2026-08-22T07:46:47.668866+00:00,2026-08-22T07:49:49.992921+00:00,ridge,v1_evaluated_2025,v1_weekly_rankings
2026,1,2026_01_CHI_CAR,2026-09-13,00-0041168,Omari Kelly,WR,CHI,CAR,4.081221791339029,4.081221791339029,253,,,,ROLE_FILTERED,ROLE_FILTERED,False,True,WR,2,11,LOW,0,0,,,,,SOURCE_UNAVAILABLE_FOR_2026_AT_BUILD,INJURY_CONTEXT_UNAVAILABLE;OUTSIDE_DEPTH_ELIGIBILITY;NO_PRIOR_GAMES,"Raw 4.08 PPR; WR raw rank 253; depth slot 2, rank 11; 0 prior games; injury context unavailable.",2026-08-22T07:46:47.668866+00:00,2026-08-22T07:49:49.992921+00:00,ridge,v1_evaluated_2025,v1_weekly_rankings
2026,1,2026_01_CLE_JAX,2026-09-13,00-0040617,Luke Floriea,WR,CLE,JAX,4.078685145163807,4.078685145163807,254,,,,ROLE_FILTERED,ROLE_FILTERED,False,True,WR,1,10,LOW,0,0,,,,,SOURCE_UNAVAILABLE_FOR_2026_AT_BUILD,INJURY_CONTEXT_UNAVAILABLE;OUTSIDE_DEPTH_ELIGIBILITY;NO_PRIOR_GAMES,"Raw 4.08 PPR; WR raw rank 254; depth slot 1, rank 10; 0 prior games; injury context unavailable.",2026-08-22T07:46:47.668866+00:00,2026-08-22T07:49:49.992921+00:00,ridge,v1_evaluated_2025,v1_weekly_rankings
2026,1,2026_01_CLE_JAX,2026-09-13,00-0041287,Kole Wilson,WR,CLE,JAX,4.078685145163807,4.078685145163807,256,,,,ROLE_FILTERED,ROLE_FILTERED,False,True,WR,8,9,LOW,0,0,,,,,SOURCE_UNAVAILABLE_FOR_2026_AT_BUILD,INJURY_CONTEXT_UNAVAILABLE;OUTSIDE_DEPTH_ELIGIBILITY;NO_PRIOR_GAMES,"Raw 4.08 PPR; WR raw rank 256; depth slot 8, rank 9; 0 prior games; injury context unavailable.",2026-08-22T07:46:47.668866+00:00,2026-08-22T07:49:49.992921+00:00,ridge,v1_evaluated_2025,v1_weekly_rankings
2026,1,2026_01_SF_LA,2026-09-10,00-0034867,Malik Turner,WR,SF,LA,4.0607720917953385,4.0607720917953385,259,,,,ROLE_FILTERED,ROLE_FILTERED,False,True,WR,2,8,HIGH,26,0,326.0,3.4400000000000004,0.8,0.08,SOURCE_UNAVAILABLE_FOR_2026_AT_BUILD,INJURY_CONTEXT_UNAVAILABLE;OUTSIDE_DEPTH_ELIGIBILITY,"Raw 4.06 PPR; WR raw rank 259; depth slot 2, rank 8; 26 prior games; injury context unavailable.",2026-08-22T07:46:47.668866+00:00,2026-08-22T07:49:49.992921+00:00,ridge,v1_evaluated_2025,v1_weekly_rankings
2026,1,2026_01_CHI_CAR,2026-09-13,00-0040265,Ja'Seem Reed,WR,CAR,CHI,4.041284367372132,4.041284367372132,260,,,,ROLE_FILTERED,ROLE_FILTERED,False,True,WR,8,9,LOW,0,0,,,,,SOURCE_UNAVAILABLE_FOR_2026_AT_BUILD,INJURY_CONTEXT_UNAVAILABLE;OUTSIDE_DEPTH_ELIGIBILITY;NO_PRIOR_GAMES,"Raw 4.04 PPR; WR raw rank 260; depth slot 8, rank 9; 0 prior games; injury context unavailable.",2026-08-22T07:46:47.668866+00:00,2026-08-22T07:49:49.992921+00:00,ridge,v1_evaluated_2025,v1_weekly_rankings
2026,1,2026_01_CHI_CAR,2026-09-13,00-0041047,Chris Brazzell,WR,CAR,CHI,4.041284367372132,4.041284367372132,261,,,,ROLE_FILTERED,ROLE_FILTERED,False,True,WR,8,12,LOW,0,0,,,,,SOURCE_UNAVAILABLE_FOR_2026_AT_BUILD,INJURY_CONTEXT_UNAVAILABLE;OUTSIDE_DEPTH_ELIGIBILITY;NO_PRIOR_GAMES,"Raw 4.04 PPR; WR raw rank 261; depth slot 8, rank 12; 0 prior games; injury context unavailable.",2026-08-22T07:46:47.668866+00:00,2026-08-22T07:49:49.992921+00:00,ridge,v1_evaluated_2025,v1_weekly_rankings
2026,1,2026_01_NYJ_TEN,2026-09-13,00-0040445,Courtney Jackson,WR,TEN,NYJ,4.033230242250604,4.033230242250604,262,,,,ROLE_FILTERED,ROLE_FILTERED,False,True,WR,2,11,LOW,0,0,,,,,SOURCE_UNAVAILABLE_FOR_2026_AT_BUILD,INJURY_CONTEXT_UNAVAILABLE;OUTSIDE_DEPTH_ELIGIBILITY;NO_PRIOR_GAMES,"Raw 4.03 PPR; WR raw rank 262; depth slot 2, rank 11; 0 prior games; injury context unavailable.",2026-08-22T07:46:47.668866+00:00,2026-08-22T07:49:49.992921+00:00,ridge,v1_evaluated_2025,v1_weekly_rankings
2026,1,2026_01_NYJ_TEN,2026-09-13,00-0040912,Hank Beatty,WR,TEN,NYJ,4.033230242250604,4.033230242250604,263,,,,ROLE_FILTERED,ROLE_FILTERED,False,True,WR,1,13,LOW,0,0,,,,,SOURCE_UNAVAILABLE_FOR_2026_AT_BUILD,INJURY_CONTEXT_UNAVAILABLE;OUTSIDE_DEPTH_ELIGIBILITY;NO_PRIOR_GAMES,"Raw 4.03 PPR; WR raw rank 263; depth slot 1, rank 13; 0 prior games; injury context unavailable.",2026-08-22T07:46:47.668866+00:00,2026-08-22T07:49:49.992921+00:00,ridge,v1_evaluated_2025,v1_weekly_rankings
2026,1,2026_01_NYJ_TEN,2026-09-13,00-0040919,Tyren Montgomery,WR,TEN,NYJ,4.033230242250604,4.033230242250604,264,,,,ROLE_FILTERED,ROLE_FILTERED,False,True,WR,8,12,LOW,0,0,,,,,SOURCE_UNAVAILABLE_FOR_2026_AT_BUILD,INJURY_CONTEXT_UNAVAILABLE;OUTSIDE_DEPTH_ELIGIBILITY;NO_PRIOR_GAMES,"Raw 4.03 PPR; WR raw rank 264; depth slot 8, rank 12; 0 prior games; injury context unavailable.",2026-08-22T07:46:47.668866+00:00,2026-08-22T07:49:49.992921+00:00,ridge,v1_evaluated_2025,v1_weekly_rankings
2026,1,2026_01_MIA_LV,2026-09-13,00-0036387,Jalen Reagor,WR,MIA,LV,4.008502709985144,4.008502709985144,266,,,,ROLE_FILTERED,ROLE_FILTERED,False,True,WR,1,7,MEDIUM,61,0,644.0,1.2399999999999998,1.8,0.29000000000000004,SOURCE_UNAVAILABLE_FOR_2026_AT_BUILD,INJURY_CONTEXT_UNAVAILABLE;OUTSIDE_DEPTH_ELIGIBILITY,"Raw 4.01 PPR; WR raw rank 266; depth slot 1, rank 7; 61 prior games; injury context unavailable.",2026-08-22T07:46:47.668866+00:00,2026-08-22T07:49:49.992921+00:00,ridge,v1_evaluated_2025,v1_weekly_rankings
2026,1,2026_01_CLE_JAX,2026-09-13,00-0039379,Jamari Thrash,WR,CLE,JAX,3.9943785672383068,3.9943785672383068,267,,,,ROLE_FILTERED,ROLE_FILTERED,False,True,WR,8,12,HIGH,14,0,308.0,2.98,2.0,0.40199999999999997,SOURCE_UNAVAILABLE_FOR_2026_AT_BUILD,INJURY_CONTEXT_UNAVAILABLE;OUTSIDE_DEPTH_ELIGIBILITY,"Raw 3.99 PPR; WR raw rank 267; depth slot 8, rank 12; 14 prior games; injury context unavailable.",2026-08-22T07:46:47.668866+00:00,2026-08-22T07:49:49.992921+00:00,ridge,v1_evaluated_2025,v1_weekly_rankings
2026,1,2026_01_CHI_CAR,2026-09-13,00-0040277,Jahdae Walker,WR,CHI,CAR,3.9812027973866178,3.9812027973866178,269,,,,ROLE_FILTERED,ROLE_FILTERED,False,True,WR,1,4,HIGH,6,0,252.0,5.34,2.0,0.26399999999999996,SOURCE_UNAVAILABLE_FOR_2026_AT_BUILD,INJURY_CONTEXT_UNAVAILABLE;OUTSIDE_DEPTH_ELIGIBILITY,"Raw 3.98 PPR; WR raw rank 269; depth slot 1, rank 4; 6 prior games; injury context unavailable.",2026-08-22T07:46:47.668866+00:00,2026-08-22T07:49:49.992921+00:00,ridge,v1_evaluated_2025,v1_weekly_rankings
2026,1,2026_01_MIA_LV,2026-09-13,00-0038891,Shedrick Jackson,WR,LV,MIA,3.9608741923913344,3.9608741923913344,270,,,,ROLE_FILTERED,ROLE_FILTERED,False,True,WR,2,8,HIGH,5,0,252.0,3.18,1.2,0.068,SOURCE_UNAVAILABLE_FOR_2026_AT_BUILD,INJURY_CONTEXT_UNAVAILABLE;OUTSIDE_DEPTH_ELIGIBILITY,"Raw 3.96 PPR; WR raw rank 270; depth slot 2, rank 8; 5 prior games; injury context unavailable.",2026-08-22T07:46:47.668866+00:00,2026-08-22T07:49:49.992921+00:00,ridge,v1_evaluated_2025,v1_weekly_rankings
2026,1,2026_01_BUF_HOU,2026-09-13,00-0035140,Mecole Hardman,WR,BUF,HOU,3.943581878655109,3.943581878655109,272,,,,ROLE_FILTERED,ROLE_FILTERED,False,True,WR,8,6,HIGH,78,0,266.0,1.1199999999999999,0.8,0.094,SOURCE_UNAVAILABLE_FOR_2026_AT_BUILD,INJURY_CONTEXT_UNAVAILABLE;OUTSIDE_DEPTH_ELIGIBILITY,"Raw 3.94 PPR; WR raw rank 272; depth slot 8, rank 6; 78 prior games; injury context unavailable.",2026-08-22T07:46:47.668866+00:00,2026-08-22T07:49:49.992921+00:00,ridge,v1_evaluated_2025,v1_weekly_rankings
2026,1,2026_01_GB_MIN,2026-09-13,00-0040154,Tai Felton,WR,MIN,GB,3.930590105938554,3.930590105938554,273,,,,ROLE_FILTERED,ROLE_FILTERED,False,True,WR,1,4,HIGH,12,0,252.0,0.72,0.4,0.082,SOURCE_UNAVAILABLE_FOR_2026_AT_BUILD,INJURY_CONTEXT_UNAVAILABLE;OUTSIDE_DEPTH_ELIGIBILITY,"Raw 3.93 PPR; WR raw rank 273; depth slot 1, rank 4; 12 prior games; injury context unavailable.",2026-08-22T07:46:47.668866+00:00,2026-08-22T07:49:49.992921+00:00,ridge,v1_evaluated_2025,v1_weekly_rankings
2026,1,2026_01_MIA_LV,2026-09-13,00-0032208,Phillip Dorsett,WR,LV,MIA,3.9209533887665438,3.9209533887665438,275,,,,ROLE_FILTERED,ROLE_FILTERED,False,True,WR,8,9,LOW,44,0,987.0,2.38,2.6,0.5,SOURCE_UNAVAILABLE_FOR_2026_AT_BUILD,INJURY_CONTEXT_UNAVAILABLE;OUTSIDE_DEPTH_ELIGIBILITY;STALE_HISTORY,"Raw 3.92 PPR; WR raw rank 275; depth slot 8, rank 9; 44 prior games; injury context unavailable.",2026-08-22T07:46:47.668866+00:00,2026-08-22T07:49:49.992921+00:00,ridge,v1_evaluated_2025,v1_weekly_rankings
2026,1,2026_01_MIA_LV,2026-09-13,00-0040581,Dont'e Thornton Jr.,WR,LV,MIA,3.906248987002366,3.906248987002366,276,,,,ROLE_FILTERED,ROLE_FILTERED,False,True,WR,2,5,HIGH,11,0,252.0,1.8200000000000003,2.2,0.44000000000000006,SOURCE_UNAVAILABLE_FOR_2026_AT_BUILD,INJURY_CONTEXT_UNAVAILABLE;OUTSIDE_DEPTH_ELIGIBILITY,"Raw 3.91 PPR; WR raw rank 276; depth slot 2, rank 5; 11 prior games; injury context unavailable.",2026-08-22T07:46:47.668866+00:00,2026-08-22T07:49:49.992921+00:00,ridge,v1_evaluated_2025,v1_weekly_rankings
2026,1,2026_01_ARI_LAC,2026-09-13,00-0040383,Bryson Green,WR,ARI,LAC,3.8592010223489903,3.8592010223489903,278,,,,ROLE_FILTERED,ROLE_FILTERED,False,True,WR,1,10,LOW,0,0,,,,,SOURCE_UNAVAILABLE_FOR_2026_AT_BUILD,INJURY_CONTEXT_UNAVAILABLE;OUTSIDE_DEPTH_ELIGIBILITY;NO_PRIOR_GAMES,"Raw 3.86 PPR; WR raw rank 278; depth slot 1, rank 10; 0 prior games; injury context unavailable.",2026-08-22T07:46:47.668866+00:00,2026-08-22T07:49:49.992921+00:00,ridge,v1_evaluated_2025,v1_weekly_rankings
2026,1,2026_01_ARI_LAC,2026-09-13,00-0041070,Reggie Virgil,WR,ARI,LAC,3.8592010223489903,3.8592010223489903,279,,,,ROLE_FILTERED,ROLE_FILTERED,False,True,WR,8,6,LOW,0,0,,,,,SOURCE_UNAVAILABLE_FOR_2026_AT_BUILD,INJURY_CONTEXT_UNAVAILABLE;OUTSIDE_DEPTH_ELIGIBILITY;NO_PRIOR_GAMES,"Raw 3.86 PPR; WR raw rank 279; depth slot 8, rank 6; 0 prior games; injury context unavailable.",2026-08-22T07:46:47.668866+00:00,2026-08-22T07:49:49.992921+00:00,ridge,v1_evaluated_2025,v1_weekly_rankings
2026,1,2026_01_ARI_LAC,2026-09-13,00-0041368,Harrison Wallace,WR,ARI,LAC,3.8592010223489903,3.8592010223489903,280,,,,ROLE_FILTERED,ROLE_FILTERED,False,True,WR,8,9,LOW,0,0,,,,,SOURCE_UNAVAILABLE_FOR_2026_AT_BUILD,INJURY_CONTEXT_UNAVAILABLE;OUTSIDE_DEPTH_ELIGIBILITY;NO_PRIOR_GAMES,"Raw 3.86 PPR; WR raw rank 280; depth slot 8, rank 9; 0 prior games; injury context unavailable.",2026-08-22T07:46:47.668866+00:00,2026-08-22T07:49:49.992921+00:00,ridge,v1_evaluated_2025,v1_weekly_rankings
2026,1,2026_01_NYJ_TEN,2026-09-13,00-0040582,Arian Smith,WR,NYJ,TEN,3.750123710509965,3.750123710509965,281,,,,ROLE_FILTERED,ROLE_FILTERED,False,True,WR,8,6,HIGH,13,0,252.0,0.5,1.2,0.194,SOURCE_UNAVAILABLE_FOR_2026_AT_BUILD,INJURY_CONTEXT_UNAVAILABLE;OUTSIDE_DEPTH_ELIGIBILITY,"Raw 3.75 PPR; WR raw rank 281; depth slot 8, rank 6; 13 prior games; injury context unavailable.",2026-08-22T07:46:47.668866+00:00,2026-08-22T07:49:49.992921+00:00,ridge,v1_evaluated_2025,v1_weekly_rankings
2026,1,2026_01_GB_MIN,2026-09-13,00-0040506,Myles Price,WR,MIN,GB,3.722038114821803,3.722038114821803,282,,,,ROLE_FILTERED,ROLE_FILTERED,False,True,WR,2,5,HIGH,16,0,262.0,0.0,0.0,0.024,SOURCE_UNAVAILABLE_FOR_2026_AT_BUILD,INJURY_CONTEXT_UNAVAILABLE;OUTSIDE_DEPTH_ELIGIBILITY,"Raw 3.72 PPR; WR raw rank 282; depth slot 2, rank 5; 16 prior games; injury context unavailable.",2026-08-22T07:46:47.668866+00:00,2026-08-22T07:49:49.992921+00:00,ridge,v1_evaluated_2025,v1_weekly_rankings
2026,1,2026_01_NE_SEA,2026-09-09,00-0040563,Efton Chism III,WR,NE,SEA,3.637097399418937,3.637097399418937,283,,,,ROLE_FILTERED,ROLE_FILTERED,False,True,WR,1,7,HIGH,8,0,248.0,3.3,0.6,0.238,SOURCE_UNAVAILABLE_FOR_2026_AT_BUILD,INJURY_CONTEXT_UNAVAILABLE;OUTSIDE_DEPTH_ELIGIBILITY,"Raw 3.64 PPR; WR raw rank 283; depth slot 1, rank 7; 8 prior games; injury context unavailable.",2026-08-22T07:46:47.668866+00:00,2026-08-22T07:49:49.992921+00:00,ridge,v1_evaluated_2025,v1_weekly_rankings
2026,1,2026_01_BAL_IND,2026-09-13,00-0035021,Ashton Dulin,WR,IND,BAL,3.604993024674828,3.604993024674828,285,,,,ROLE_FILTERED,ROLE_FILTERED,False,True,WR,1,4,HIGH,69,0,252.0,1.6,0.6,0.188,SOURCE_UNAVAILABLE_FOR_2026_AT_BUILD,INJURY_CONTEXT_UNAVAILABLE;OUTSIDE_DEPTH_ELIGIBILITY,"Raw 3.60 PPR; WR raw rank 285; depth slot 1, rank 4; 69 prior games; injury context unavailable.",2026-08-22T07:46:47.668866+00:00,2026-08-22T07:49:49.992921+00:00,ridge,v1_evaluated_2025,v1_weekly_rankings
2026,1,2026_01_ATL_PIT,2026-09-13,00-0036862,Ben Skowronek,WR,PIT,ATL,3.57101624652225,3.57101624652225,286,,,,ROLE_FILTERED,ROLE_FILTERED,False,True,WR,2,5,HIGH,64,0,252.0,0.45999999999999996,0.4,0.088,SOURCE_UNAVAILABLE_FOR_2026_AT_BUILD,INJURY_CONTEXT_UNAVAILABLE;OUTSIDE_DEPTH_ELIGIBILITY,"Raw 3.57 PPR; WR raw rank 286; depth slot 2, rank 5; 64 prior games; injury context unavailable.",2026-08-22T07:46:47.668866+00:00,2026-08-22T07:49:49.992921+00:00,ridge,v1_evaluated_2025,v1_weekly_rankings
2026,1,2026_01_NYJ_TEN,2026-09-13,00-0033375,Tim Patrick,WR,NYJ,TEN,3.5374720401110853,3.5374720401110853,287,,,,ROLE_FILTERED,ROLE_FILTERED,False,True,WR,2,5,HIGH,79,0,252.0,4.880000000000001,2.0,0.312,SOURCE_UNAVAILABLE_FOR_2026_AT_BUILD,INJURY_CONTEXT_UNAVAILABLE;OUTSIDE_DEPTH_ELIGIBILITY,"Raw 3.54 PPR; WR raw rank 287; depth slot 2, rank 5; 79 prior games; injury context unavailable.",2026-08-22T07:46:47.668866+00:00,2026-08-22T07:49:49.992921+00:00,ridge,v1_evaluated_2025,v1_weekly_rankings
2026,1,2026_01_DEN_KC,2026-09-14,00-0041292,Kolbe Katsis,WR,DEN,KC,3.5245697524249966,3.5245697524249966,288,,,,ROLE_FILTERED,ROLE_FILTERED,False,True,WR,2,11,LOW,0,0,,,,,SOURCE_UNAVAILABLE_FOR_2026_AT_BUILD,INJURY_CONTEXT_UNAVAILABLE;OUTSIDE_DEPTH_ELIGIBILITY;NO_PRIOR_GAMES,"Raw 3.52 PPR; WR raw rank 288; depth slot 2, rank 11; 0 prior games; injury context unavailable.",2026-08-22T07:46:47.668866+00:00,2026-08-22T07:49:49.992921+00:00,ridge,v1_evaluated_2025,v1_weekly_rankings
2026,1,2026_01_DEN_KC,2026-09-14,00-0041293,Dane Key,WR,DEN,KC,3.5245697524249966,3.5245697524249966,289,,,,ROLE_FILTERED,ROLE_FILTERED,False,True,WR,1,10,LOW,0,0,,,,,SOURCE_UNAVAILABLE_FOR_2026_AT_BUILD,INJURY_CONTEXT_UNAVAILABLE;OUTSIDE_DEPTH_ELIGIBILITY;NO_PRIOR_GAMES,"Raw 3.52 PPR; WR raw rank 289; depth slot 1, rank 10; 0 prior games; injury context unavailable.",2026-08-22T07:46:47.668866+00:00,2026-08-22T07:49:49.992921+00:00,ridge,v1_evaluated_2025,v1_weekly_rankings
2026,1,2026_01_DEN_KC,2026-09-14,00-0041294,Joseph Manjack,WR,DEN,KC,3.5245697524249966,3.5245697524249966,290,,,,ROLE_FILTERED,ROLE_FILTERED,False,True,WR,8,12,LOW,0,0,,,,,SOURCE_UNAVAILABLE_FOR_2026_AT_BUILD,INJURY_CONTEXT_UNAVAILABLE;OUTSIDE_DEPTH_ELIGIBILITY;NO_PRIOR_GAMES,"Raw 3.52 PPR; WR raw rank 290; depth slot 8, rank 12; 0 prior games; injury context unavailable.",2026-08-22T07:46:47.668866+00:00,2026-08-22T07:49:49.992921+00:00,ridge,v1_evaluated_2025,v1_weekly_rankings
2026,1,2026_01_DEN_KC,2026-09-14,00-0041299,Cam Ross,WR,DEN,KC,3.5245697524249966,3.5245697524249966,291,,,,ROLE_FILTERED,ROLE_FILTERED,False,True,WR,1,13,LOW,0,0,,,,,SOURCE_UNAVAILABLE_FOR_2026_AT_BUILD,INJURY_CONTEXT_UNAVAILABLE;OUTSIDE_DEPTH_ELIGIBILITY;NO_PRIOR_GAMES,"Raw 3.52 PPR; WR raw rank 291; depth slot 1, rank 13; 0 prior games; injury context unavailable.",2026-08-22T07:46:47.668866+00:00,2026-08-22T07:49:49.992921+00:00,ridge,v1_evaluated_2025,v1_weekly_rankings
2026,1,2026_01_ATL_PIT,2026-09-13,00-0038953,Dylan Drummond,WR,ATL,PIT,3.522854533914912,3.522854533914912,292,,,,ROLE_FILTERED,ROLE_FILTERED,False,True,WR,2,5,HIGH,6,0,252.0,1.2799999999999998,1.6,0.2919999999999999,SOURCE_UNAVAILABLE_FOR_2026_AT_BUILD,INJURY_CONTEXT_UNAVAILABLE;OUTSIDE_DEPTH_ELIGIBILITY,"Raw 3.52 PPR; WR raw rank 292; depth slot 2, rank 5; 6 prior games; injury context unavailable.",2026-08-22T07:46:47.668866+00:00,2026-08-22T07:49:49.992921+00:00,ridge,v1_evaluated_2025,v1_weekly_rankings
2026,1,2026_01_NE_SEA,2026-09-09,00-0035891,Cody White,WR,SEA,NE,3.4657846856859384,3.4657846856859384,293,,,,ROLE_FILTERED,ROLE_FILTERED,False,True,WR,2,8,MEDIUM,17,0,265.0,1.0,0.4,,SOURCE_UNAVAILABLE_FOR_2026_AT_BUILD,INJURY_CONTEXT_UNAVAILABLE;OUTSIDE_DEPTH_ELIGIBILITY,"Raw 3.47 PPR; WR raw rank 293; depth slot 2, rank 8; 17 prior games; injury context unavailable.",2026-08-22T07:46:47.668866+00:00,2026-08-22T07:49:49.992921+00:00,ridge,v1_evaluated_2025,v1_weekly_rankings
2026,1,2026_01_WAS_PHI,2026-09-13,00-0037828,Danny Gray,WR,PHI,WAS,3.4444114189246102,3.4444114189246102,294,,,,ROLE_FILTERED,ROLE_FILTERED,False,True,WR,1,10,LOW,7,0,1351.0,0.58,0.6,0.088,SOURCE_UNAVAILABLE_FOR_2026_AT_BUILD,INJURY_CONTEXT_UNAVAILABLE;OUTSIDE_DEPTH_ELIGIBILITY;STALE_HISTORY,"Raw 3.44 PPR; WR raw rank 294; depth slot 1, rank 10; 7 prior games; injury context unavailable.",2026-08-22T07:46:47.668866+00:00,2026-08-22T07:49:49.992921+00:00,ridge,v1_evaluated_2025,v1_weekly_rankings
2026,1,2026_01_GB_MIN,2026-09-13,00-0038090,Skyy Moore,WR,GB,MIN,3.3777955789187226,3.3777955789187226,295,,,,ROLE_FILTERED,ROLE_FILTERED,False,True,WR,8,6,HIGH,49,0,253.0,0.8600000000000001,0.2,0.057999999999999996,SOURCE_UNAVAILABLE_FOR_2026_AT_BUILD,INJURY_CONTEXT_UNAVAILABLE;OUTSIDE_DEPTH_ELIGIBILITY,"Raw 3.38 PPR; WR raw rank 295; depth slot 8, rank 6; 49 prior games; injury context unavailable.",2026-08-22T07:46:47.668866+00:00,2026-08-22T07:49:49.992921+00:00,ridge,v1_evaluated_2025,v1_weekly_rankings
2026,1,2026_01_NO_DET,2026-09-13,00-0035544,Tom Kennedy,WR,DET,NO,3.363565030874339,3.363565030874339,296,,,,ROLE_FILTERED,ROLE_FILTERED,False,True,WR,1,7,HIGH,20,0,252.0,0.0,0.0,0.019999999999999997,SOURCE_UNAVAILABLE_FOR_2026_AT_BUILD,INJURY_CONTEXT_UNAVAILABLE;OUTSIDE_DEPTH_ELIGIBILITY,"Raw 3.36 PPR; WR raw rank 296; depth slot 1, rank 7; 20 prior games; injury context unavailable.",2026-08-22T07:46:47.668866+00:00,2026-08-22T07:49:49.992921+00:00,ridge,v1_evaluated_2025,v1_weekly_rankings
2026,1,2026_01_NYJ_TEN,2026-09-13,00-0036345,K.J. Osborn,WR,TEN,NYJ,3.340019443665094,3.340019443665094,297,,,,ROLE_FILTERED,ROLE_FILTERED,False,True,WR,2,8,MEDIUM,64,0,623.0,2.38,2.0,0.368,SOURCE_UNAVAILABLE_FOR_2026_AT_BUILD,INJURY_CONTEXT_UNAVAILABLE;OUTSIDE_DEPTH_ELIGIBILITY,"Raw 3.34 PPR; WR raw rank 297; depth slot 2, rank 8; 64 prior games; injury context unavailable.",2026-08-22T07:46:47.668866+00:00,2026-08-22T07:49:49.992921+00:00,ridge,v1_evaluated_2025,v1_weekly_rankings
2026,1,2026_01_MIA_LV,2026-09-13,00-0036849,Tutu Atwell,WR,MIA,LV,3.3346208083250968,3.3346208083250968,298,,,,ROLE_FILTERED,ROLE_FILTERED,False,True,WR,1,4,HIGH,55,0,252.0,5.959999999999999,2.4,0.266,SOURCE_UNAVAILABLE_FOR_2026_AT_BUILD,INJURY_CONTEXT_UNAVAILABLE;OUTSIDE_DEPTH_ELIGIBILITY,"Raw 3.33 PPR; WR raw rank 298; depth slot 1, rank 4; 55 prior games; injury context unavailable.",2026-08-22T07:46:47.668866+00:00,2026-08-22T07:49:49.992921+00:00,ridge,v1_evaluated_2025,v1_weekly_rankings
2026,1,2026_01_MIA_LV,2026-09-13,00-0036955,Terrace Marshall Jr.,WR,MIA,LV,3.3108777005538164,3.3108777005538164,299,,,,ROLE_FILTERED,ROLE_FILTERED,False,True,WR,2,8,MEDIUM,38,0,623.0,1.4200000000000002,1.2,0.33399999999999996,SOURCE_UNAVAILABLE_FOR_2026_AT_BUILD,INJURY_CONTEXT_UNAVAILABLE;OUTSIDE_DEPTH_ELIGIBILITY,"Raw 3.31 PPR; WR raw rank 299; depth slot 2, rank 8; 38 prior games; injury context unavailable.",2026-08-22T07:46:47.668866+00:00,2026-08-22T07:49:49.992921+00:00,ridge,v1_evaluated_2025,v1_weekly_rankings
2026,1,2026_01_CLE_JAX,2026-09-13,00-0036841,Austin Trammell,WR,JAX,CLE,3.295245642346911,3.295245642346911,300,,,,ROLE_FILTERED,ROLE_FILTERED,False,True,WR,2,8,HIGH,24,0,280.0,1.52,1.8,0.21600000000000003,SOURCE_UNAVAILABLE_FOR_2026_AT_BUILD,INJURY_CONTEXT_UNAVAILABLE;OUTSIDE_DEPTH_ELIGIBILITY,"Raw 3.30 PPR; WR raw rank 300; depth slot 2, rank 8; 24 prior games; injury context unavailable.",2026-08-22T07:46:47.668866+00:00,2026-08-22T07:49:49.992921+00:00,ridge,v1_evaluated_2025,v1_weekly_rankings
2026,1,2026_01_WAS_PHI,2026-09-13,00-0036626,Dyami Brown,WR,WAS,PHI,3.2184733699610204,3.2184733699610204,301,,,,ROLE_FILTERED,ROLE_FILTERED,False,True,WR,8,6,HIGH,61,0,252.0,1.2200000000000002,2.0,0.29000000000000004,SOURCE_UNAVAILABLE_FOR_2026_AT_BUILD,INJURY_CONTEXT_UNAVAILABLE;OUTSIDE_DEPTH_ELIGIBILITY,"Raw 3.22 PPR; WR raw rank 301; depth slot 8, rank 6; 61 prior games; injury context unavailable.",2026-08-22T07:46:47.668866+00:00,2026-08-22T07:49:49.992921+00:00,ridge,v1_evaluated_2025,v1_weekly_rankings
2026,1,2026_01_CHI_CAR,2026-09-13,00-0035298,Scott Miller,WR,CHI,CAR,3.1474416549895494,3.1474416549895494,302,,,,ROLE_FILTERED,ROLE_FILTERED,False,True,WR,8,6,HIGH,63,0,252.0,3.04,2.8,0.288,SOURCE_UNAVAILABLE_FOR_2026_AT_BUILD,INJURY_CONTEXT_UNAVAILABLE;OUTSIDE_DEPTH_ELIGIBILITY,"Raw 3.15 PPR; WR raw rank 302; depth slot 8, rank 6; 63 prior games; injury context unavailable.",2026-08-22T07:46:47.668866+00:00,2026-08-22T07:49:49.992921+00:00,ridge,v1_evaluated_2025,v1_weekly_rankings
2026,1,2026_01_DAL_NYG,2026-09-13,00-0040431,Dalen Cambre,WR,NYG,DAL,3.135420737943975,3.135420737943975,303,,,,ROLE_FILTERED,ROLE_FILTERED,False,True,WR,1,10,MEDIUM,3,0,252.0,0.0,0.0,0.04,SOURCE_UNAVAILABLE_FOR_2026_AT_BUILD,INJURY_CONTEXT_UNAVAILABLE;OUTSIDE_DEPTH_ELIGIBILITY,"Raw 3.14 PPR; WR raw rank 303; depth slot 1, rank 10; 3 prior games; injury context unavailable.",2026-08-22T07:46:47.668866+00:00,2026-08-22T07:49:49.992921+00:00,ridge,v1_evaluated_2025,v1_weekly_rankings
2026,1,2026_01_NE_SEA,2026-09-09,00-0038752,Jake Bobo,WR,SEA,NE,3.102095476117194,3.102095476117194,304,,,,ROLE_FILTERED,ROLE_FILTERED,False,True,WR,2,5,HIGH,31,0,255.0,0.8,0.4,0.16199999999999998,SOURCE_UNAVAILABLE_FOR_2026_AT_BUILD,INJURY_CONTEXT_UNAVAILABLE;OUTSIDE_DEPTH_ELIGIBILITY,"Raw 3.10 PPR; WR raw rank 304; depth slot 2, rank 5; 31 prior games; injury context unavailable.",2026-08-22T07:46:47.668866+00:00,2026-08-22T07:49:49.992921+00:00,ridge,v1_evaluated_2025,v1_weekly_rankings
2026,1,2026_01_CHI_CAR,2026-09-13,00-0033589,David Moore,WR,CAR,CHI,3.0525366983823705,3.0525366983823705,305,,,,ROLE_FILTERED,ROLE_FILTERED,False,True,WR,8,6,HIGH,70,0,350.0,2.66,1.0,0.4119999999999999,SOURCE_UNAVAILABLE_FOR_2026_AT_BUILD,INJURY_CONTEXT_UNAVAILABLE;OUTSIDE_DEPTH_ELIGIBILITY,"Raw 3.05 PPR; WR raw rank 305; depth slot 8, rank 6; 70 prior games; injury context unavailable.",2026-08-22T07:46:47.668866+00:00,2026-08-22T07:49:49.992921+00:00,ridge,v1_evaluated_2025,v1_weekly_rankings
2026,1,2026_01_DEN_KC,2026-09-14,00-0038492,Jason Brownlee,WR,KC,DEN,3.042170055192491,3.042170055192491,306,,,,ROLE_FILTERED,ROLE_FILTERED,False,True,WR,2,8,HIGH,7,0,337.0,0.9600000000000002,0.8,0.38,SOURCE_UNAVAILABLE_FOR_2026_AT_BUILD,INJURY_CONTEXT_UNAVAILABLE;OUTSIDE_DEPTH_ELIGIBILITY,"Raw 3.04 PPR; WR raw rank 306; depth slot 2, rank 8; 7 prior games; injury context unavailable.",2026-08-22T07:46:47.668866+00:00,2026-08-22T07:49:49.992921+00:00,ridge,v1_evaluated_2025,v1_weekly_rankings
2026,1,2026_01_WAS_PHI,2026-09-13,00-0040164,Jaylin Lane,WR,WAS,PHI,2.998313118709927,2.998313118709927,308,,,,ROLE_FILTERED,ROLE_FILTERED,False,True,WR,1,7,HIGH,15,0,267.0,1.6600000000000001,0.6,0.22800000000000004,SOURCE_UNAVAILABLE_FOR_2026_AT_BUILD,INJURY_CONTEXT_UNAVAILABLE;OUTSIDE_DEPTH_ELIGIBILITY,"Raw 3.00 PPR; WR raw rank 308; depth slot 1, rank 7; 15 prior games; injury context unavailable.",2026-08-22T07:46:47.668866+00:00,2026-08-22T07:49:49.992921+00:00,ridge,v1_evaluated_2025,v1_weekly_rankings
2026,1,2026_01_NYJ_TEN,2026-09-13,00-0037055,Lance McCutcheon,WR,TEN,NYJ,2.979579895457608,2.979579895457608,309,,,,ROLE_FILTERED,ROLE_FILTERED,False,True,WR,1,10,LOW,4,0,1351.0,0.0,1.25,0.18,SOURCE_UNAVAILABLE_FOR_2026_AT_BUILD,INJURY_CONTEXT_UNAVAILABLE;OUTSIDE_DEPTH_ELIGIBILITY;STALE_HISTORY,"Raw 2.98 PPR; WR raw rank 309; depth slot 1, rank 10; 4 prior games; injury context unavailable.",2026-08-22T07:46:47.668866+00:00,2026-08-22T07:49:49.992921+00:00,ridge,v1_evaluated_2025,v1_weekly_rankings
2026,1,2026_01_BAL_IND,2026-09-13,00-0040352,Coleman Owen,WR,IND,BAL,2.9366305194350906,2.9366305194350906,310,,,,ROLE_FILTERED,ROLE_FILTERED,False,True,WR,8,9,LOW,2,0,265.0,0.0,0.5,0.01,SOURCE_UNAVAILABLE_FOR_2026_AT_BUILD,INJURY_CONTEXT_UNAVAILABLE;OUTSIDE_DEPTH_ELIGIBILITY;LIMITED_HISTORY,"Raw 2.94 PPR; WR raw rank 310; depth slot 8, rank 9; 2 prior games; injury context unavailable.",2026-08-22T07:46:47.668866+00:00,2026-08-22T07:49:49.992921+00:00,ridge,v1_evaluated_2025,v1_weekly_rankings
2026,1,2026_01_WAS_PHI,2026-09-13,00-0037098,Samori Toure,WR,PHI,WAS,2.9303640230609185,2.9303640230609185,311,,,,ROLE_FILTERED,ROLE_FILTERED,False,True,WR,8,9,HIGH,13,0,252.0,1.44,2.4,0.15,SOURCE_UNAVAILABLE_FOR_2026_AT_BUILD,INJURY_CONTEXT_UNAVAILABLE;OUTSIDE_DEPTH_ELIGIBILITY,"Raw 2.93 PPR; WR raw rank 311; depth slot 8, rank 9; 13 prior games; injury context unavailable.",2026-08-22T07:46:47.668866+00:00,2026-08-22T07:49:49.992921+00:00,ridge,v1_evaluated_2025,v1_weekly_rankings
2026,1,2026_01_DAL_NYG,2026-09-13,00-0031235,Odell Beckham Jr.,WR,NYG,DAL,2.899623471585775,2.899623471585775,312,,,,ROLE_FILTERED,ROLE_FILTERED,False,True,WR,8,6,MEDIUM,71,0,644.0,2.0,2.4,0.22999999999999998,SOURCE_UNAVAILABLE_FOR_2026_AT_BUILD,INJURY_CONTEXT_UNAVAILABLE;OUTSIDE_DEPTH_ELIGIBILITY,"Raw 2.90 PPR; WR raw rank 312; depth slot 8, rank 6; 71 prior games; injury context unavailable.",2026-08-22T07:46:47.668866+00:00,2026-08-22T07:49:49.992921+00:00,ridge,v1_evaluated_2025,v1_weekly_rankings
2026,1,2026_01_SF_LA,2026-09-10,00-0038941,Tyler Scott,WR,LA,SF,2.8894941522663427,2.8894941522663427,313,,,,ROLE_FILTERED,ROLE_FILTERED,False,True,WR,1,7,MEDIUM,17,0,613.0,0.74,0.6,0.078,SOURCE_UNAVAILABLE_FOR_2026_AT_BUILD,INJURY_CONTEXT_UNAVAILABLE;OUTSIDE_DEPTH_ELIGIBILITY,"Raw 2.89 PPR; WR raw rank 313; depth slot 1, rank 7; 17 prior games; injury context unavailable.",2026-08-22T07:46:47.668866+00:00,2026-08-22T07:49:49.992921+00:00,ridge,v1_evaluated_2025,v1_weekly_rankings
2026,1,2026_01_DAL_NYG,2026-09-13,00-0038938,Jalin Hyatt,WR,NYG,DAL,2.8866848359554496,2.8866848359554496,314,,,,ROLE_FILTERED,ROLE_FILTERED,False,True,WR,8,9,HIGH,29,0,273.0,1.7,2.2,0.28200000000000003,SOURCE_UNAVAILABLE_FOR_2026_AT_BUILD,INJURY_CONTEXT_UNAVAILABLE;OUTSIDE_DEPTH_ELIGIBILITY,"Raw 2.89 PPR; WR raw rank 314; depth slot 8, rank 9; 29 prior games; injury context unavailable.",2026-08-22T07:46:47.668866+00:00,2026-08-22T07:49:49.992921+00:00,ridge,v1_evaluated_2025,v1_weekly_rankings
2026,1,2026_01_ARI_LAC,2026-09-13,00-0040629,Dalevon Campbell,WR,LAC,ARI,2.81536719189522,2.81536719189522,316,,,,ROLE_FILTERED,ROLE_FILTERED,False,True,WR,1,7,LOW,1,0,357.0,0.0,0.0,0.0,SOURCE_UNAVAILABLE_FOR_2026_AT_BUILD,INJURY_CONTEXT_UNAVAILABLE;OUTSIDE_DEPTH_ELIGIBILITY;LIMITED_HISTORY,"Raw 2.82 PPR; WR raw rank 316; depth slot 1, rank 7; 1 prior games; injury context unavailable.",2026-08-22T07:46:47.668866+00:00,2026-08-22T07:49:49.992921+00:00,ridge,v1_evaluated_2025,v1_weekly_rankings
2026,1,2026_01_DEN_KC,2026-09-14,00-0038519,Nikko Remigio,WR,KC,DEN,2.808533498285165,2.808533498285165,317,,,,ROLE_FILTERED,ROLE_FILTERED,False,True,WR,1,7,HIGH,19,0,267.0,0.0,0.0,0.022,SOURCE_UNAVAILABLE_FOR_2026_AT_BUILD,INJURY_CONTEXT_UNAVAILABLE;OUTSIDE_DEPTH_ELIGIBILITY,"Raw 2.81 PPR; WR raw rank 317; depth slot 1, rank 7; 19 prior games; injury context unavailable.",2026-08-22T07:46:47.668866+00:00,2026-08-22T07:49:49.992921+00:00,ridge,v1_evaluated_2025,v1_weekly_rankings
2026,1,2026_01_MIA_LV,2026-09-13,00-0037093,Dareke Young,WR,LV,MIA,2.781183856710939,2.781183856710939,318,,,,ROLE_FILTERED,ROLE_FILTERED,False,True,WR,1,7,HIGH,22,0,259.0,0.9199999999999999,0.4,0.06000000000000001,SOURCE_UNAVAILABLE_FOR_2026_AT_BUILD,INJURY_CONTEXT_UNAVAILABLE;OUTSIDE_DEPTH_ELIGIBILITY,"Raw 2.78 PPR; WR raw rank 318; depth slot 1, rank 7; 22 prior games; injury context unavailable.",2026-08-22T07:46:47.668866+00:00,2026-08-22T07:49:49.992921+00:00,ridge,v1_evaluated_2025,v1_weekly_rankings
2026,1,2026_01_ARI_LAC,2026-09-13,00-0036646,Simi Fehoko,WR,ARI,LAC,2.7763620233259845,2.7763620233259845,319,,,,ROLE_FILTERED,ROLE_FILTERED,False,True,WR,2,8,HIGH,18,0,308.0,0.0,0.0,0.1,SOURCE_UNAVAILABLE_FOR_2026_AT_BUILD,INJURY_CONTEXT_UNAVAILABLE;OUTSIDE_DEPTH_ELIGIBILITY,"Raw 2.78 PPR; WR raw rank 319; depth slot 2, rank 8; 18 prior games; injury context unavailable.",2026-08-22T07:46:47.668866+00:00,2026-08-22T07:49:49.992921+00:00,ridge,v1_evaluated_2025,v1_weekly_rankings
2026,1,2026_01_CLE_JAX,2026-09-13,00-0040259,Gage Larvadain,WR,CLE,JAX,2.7614578983246423,2.7614578983246423,320,,,,ROLE_FILTERED,ROLE_FILTERED,False,True,WR,2,8,HIGH,13,0,252.0,1.1199999999999999,1.0,0.24000000000000005,SOURCE_UNAVAILABLE_FOR_2026_AT_BUILD,INJURY_CONTEXT_UNAVAILABLE;OUTSIDE_DEPTH_ELIGIBILITY,"Raw 2.76 PPR; WR raw rank 320; depth slot 2, rank 8; 13 prior games; injury context unavailable.",2026-08-22T07:46:47.668866+00:00,2026-08-22T07:49:49.992921+00:00,ridge,v1_evaluated_2025,v1_weekly_rankings
2026,1,2026_01_BAL_IND,2026-09-13,00-0040075,LaJohntay Wester,WR,BAL,IND,2.640820392690026,2.640820392690026,321,,,,ROLE_FILTERED,ROLE_FILTERED,False,True,WR,8,6,HIGH,14,0,252.0,0.0,0.0,0.11800000000000002,SOURCE_UNAVAILABLE_FOR_2026_AT_BUILD,INJURY_CONTEXT_UNAVAILABLE;OUTSIDE_DEPTH_ELIGIBILITY,"Raw 2.64 PPR; WR raw rank 321; depth slot 8, rank 6; 14 prior games; injury context unavailable.",2026-08-22T07:46:47.668866+00:00,2026-08-22T07:49:49.992921+00:00,ridge,v1_evaluated_2025,v1_weekly_rankings
2026,1,2026_01_NYJ_TEN,2026-09-13,00-0039650,Bryce Oliver,WR,TEN,NYJ,2.6101605004856383,2.6101605004856383,322,,,,ROLE_FILTERED,ROLE_FILTERED,False,True,WR,8,6,HIGH,10,0,364.0,1.7400000000000002,1.4,0.15600000000000003,SOURCE_UNAVAILABLE_FOR_2026_AT_BUILD,INJURY_CONTEXT_UNAVAILABLE;OUTSIDE_DEPTH_ELIGIBILITY,"Raw 2.61 PPR; WR raw rank 322; depth slot 8, rank 6; 10 prior games; injury context unavailable.",2026-08-22T07:46:47.668866+00:00,2026-08-22T07:49:49.992921+00:00,ridge,v1_evaluated_2025,v1_weekly_rankings
2026,1,2026_01_BUF_HOU,2026-09-13,00-0034487,Trent Sherfield,WR,BUF,HOU,2.5793401317933373,2.5793401317933373,323,,,,ROLE_FILTERED,ROLE_FILTERED,False,True,WR,2,8,HIGH,84,0,280.0,1.02,1.0,0.236,SOURCE_UNAVAILABLE_FOR_2026_AT_BUILD,INJURY_CONTEXT_UNAVAILABLE;OUTSIDE_DEPTH_ELIGIBILITY,"Raw 2.58 PPR; WR raw rank 323; depth slot 2, rank 8; 84 prior games; injury context unavailable.",2026-08-22T07:46:47.668866+00:00,2026-08-22T07:49:49.992921+00:00,ridge,v1_evaluated_2025,v1_weekly_rankings
2026,1,2026_01_ARI_LAC,2026-09-13,00-0038640,Jalen Brooks,WR,ARI,LAC,2.5516702151939805,2.5516702151939805,324,,,,ROLE_FILTERED,ROLE_FILTERED,False,True,WR,2,5,HIGH,20,0,252.0,1.6200000000000003,1.2,0.3,SOURCE_UNAVAILABLE_FOR_2026_AT_BUILD,INJURY_CONTEXT_UNAVAILABLE;OUTSIDE_DEPTH_ELIGIBILITY,"Raw 2.55 PPR; WR raw rank 324; depth slot 2, rank 5; 20 prior games; injury context unavailable.",2026-08-22T07:46:47.668866+00:00,2026-08-22T07:49:49.992921+00:00,ridge,v1_evaluated_2025,v1_weekly_rankings
2026,1,2026_01_NO_DET,2026-09-13,00-0039052,Trey Palmer,WR,NO,DET,2.5356195470485723,2.5356195470485723,325,,,,ROLE_FILTERED,ROLE_FILTERED,False,True,WR,2,8,MEDIUM,32,0,616.0,1.02,0.8,0.19,SOURCE_UNAVAILABLE_FOR_2026_AT_BUILD,INJURY_CONTEXT_UNAVAILABLE;OUTSIDE_DEPTH_ELIGIBILITY,"Raw 2.54 PPR; WR raw rank 325; depth slot 2, rank 8; 32 prior games; injury context unavailable.",2026-08-22T07:46:47.668866+00:00,2026-08-22T07:49:49.992921+00:00,ridge,v1_evaluated_2025,v1_weekly_rankings
2026,1,2026_01_BAL_IND,2026-09-13,00-0032951,Laquon Treadwell,WR,IND,BAL,2.243708344123017,2.243708344123017,326,,,,ROLE_FILTERED,ROLE_FILTERED,False,True,WR,1,7,HIGH,53,0,259.0,0.0,0.0,0.074,SOURCE_UNAVAILABLE_FOR_2026_AT_BUILD,INJURY_CONTEXT_UNAVAILABLE;OUTSIDE_DEPTH_ELIGIBILITY,"Raw 2.24 PPR; WR raw rank 326; depth slot 1, rank 7; 53 prior games; injury context unavailable.",2026-08-22T07:46:47.668866+00:00,2026-08-22T07:49:49.992921+00:00,ridge,v1_evaluated_2025,v1_weekly_rankings
2026,1,2026_01_BAL_IND,2026-09-13,00-0036182,Nick Westbrook-Ikhine,WR,IND,BAL,2.187993861304389,2.187993861304389,327,,,,ROLE_FILTERED,ROLE_FILTERED,False,True,WR,2,5,HIGH,80,0,252.0,0.34,0.4,0.30000000000000004,SOURCE_UNAVAILABLE_FOR_2026_AT_BUILD,INJURY_CONTEXT_UNAVAILABLE;OUTSIDE_DEPTH_ELIGIBILITY,"Raw 2.19 PPR; WR raw rank 327; depth slot 2, rank 5; 80 prior games; injury context unavailable.",2026-08-22T07:46:47.668866+00:00,2026-08-22T07:49:49.992921+00:00,ridge,v1_evaluated_2025,v1_weekly_rankings
2026,1,2026_01_CHI_CAR,2026-09-13,00-0035976,Dan Chisena,WR,CAR,CHI,2.145866337890568,2.145866337890568,328,,,,ROLE_FILTERED,ROLE_FILTERED,False,True,WR,1,13,MEDIUM,16,0,616.0,1.34,0.8,0.038,SOURCE_UNAVAILABLE_FOR_2026_AT_BUILD,INJURY_CONTEXT_UNAVAILABLE;OUTSIDE_DEPTH_ELIGIBILITY,"Raw 2.15 PPR; WR raw rank 328; depth slot 1, rank 13; 16 prior games; injury context unavailable.",2026-08-22T07:46:47.668866+00:00,2026-08-22T07:49:49.992921+00:00,ridge,v1_evaluated_2025,v1_weekly_rankings
2026,1,2026_01_ATL_PIT,2026-09-13,00-0036463,Chris Blair,WR,ATL,PIT,2.115444827574481,2.115444827574481,329,,,,ROLE_FILTERED,ROLE_FILTERED,False,True,WR,8,6,MEDIUM,3,0,258.0,0.9,0.6667,0.13,SOURCE_UNAVAILABLE_FOR_2026_AT_BUILD,INJURY_CONTEXT_UNAVAILABLE;OUTSIDE_DEPTH_ELIGIBILITY,"Raw 2.12 PPR; WR raw rank 329; depth slot 8, rank 6; 3 prior games; injury context unavailable.",2026-08-22T07:46:47.668866+00:00,2026-08-22T07:49:49.992921+00:00,ridge,v1_evaluated_2025,v1_weekly_rankings
2026,1,2026_01_DAL_NYG,2026-09-13,00-0034419,Braxton Berrios,WR,NYG,DAL,2.101464446386186,2.101464446386186,330,,,,ROLE_FILTERED,ROLE_FILTERED,False,True,WR,2,8,HIGH,91,0,308.0,1.9400000000000002,1.6,0.168,SOURCE_UNAVAILABLE_FOR_2026_AT_BUILD,INJURY_CONTEXT_UNAVAILABLE;OUTSIDE_DEPTH_ELIGIBILITY,"Raw 2.10 PPR; WR raw rank 330; depth slot 2, rank 8; 91 prior games; injury context unavailable.",2026-08-22T07:46:47.668866+00:00,2026-08-22T07:49:49.992921+00:00,ridge,v1_evaluated_2025,v1_weekly_rankings
2026,1,2026_01_WAS_PHI,2026-09-13,00-0040317,Jacoby Jones,WR,WAS,PHI,2.096757340817094,2.096757340817094,331,,,,ROLE_FILTERED,ROLE_FILTERED,False,True,WR,8,9,LOW,1,0,301.0,3.5,1.0,,SOURCE_UNAVAILABLE_FOR_2026_AT_BUILD,INJURY_CONTEXT_UNAVAILABLE;OUTSIDE_DEPTH_ELIGIBILITY;LIMITED_HISTORY,"Raw 2.10 PPR; WR raw rank 331; depth slot 8, rank 9; 1 prior games; injury context unavailable.",2026-08-22T07:46:47.668866+00:00,2026-08-22T07:49:49.992921+00:00,ridge,v1_evaluated_2025,v1_weekly_rankings
2026,1,2026_01_CHI_CAR,2026-09-13,00-0038840,Brycen Tremayne,WR,CAR,CHI,2.028712942614705,2.028712942614705,332,,,,ROLE_FILTERED,ROLE_FILTERED,False,True,WR,1,7,HIGH,17,0,253.0,0.9400000000000001,0.6,0.17,SOURCE_UNAVAILABLE_FOR_2026_AT_BUILD,INJURY_CONTEXT_UNAVAILABLE;OUTSIDE_DEPTH_ELIGIBILITY,"Raw 2.03 PPR; WR raw rank 332; depth slot 1, rank 7; 17 prior games; injury context unavailable.",2026-08-22T07:46:47.668866+00:00,2026-08-22T07:49:49.992921+00:00,ridge,v1_evaluated_2025,v1_weekly_rankings
2026,1,2026_01_BAL_IND,2026-09-13,00-0039816,Anthony Gould,WR,IND,BAL,1.9828094694941933,1.9828094694941933,333,,,,ROLE_FILTERED,ROLE_FILTERED,False,True,WR,8,6,HIGH,19,0,280.0,0.52,0.4,0.154,SOURCE_UNAVAILABLE_FOR_2026_AT_BUILD,INJURY_CONTEXT_UNAVAILABLE;OUTSIDE_DEPTH_ELIGIBILITY,"Raw 1.98 PPR; WR raw rank 333; depth slot 8, rank 6; 19 prior games; injury context unavailable.",2026-08-22T07:46:47.668866+00:00,2026-08-22T07:49:49.992921+00:00,ridge,v1_evaluated_2025,v1_weekly_rankings
2026,1,2026_01_DEN_KC,2026-09-14,00-0036959,Michael Bandy,WR,DEN,KC,1.9420529536080968,1.9420529536080968,334,,,,ROLE_FILTERED,ROLE_FILTERED,False,True,WR,1,7,HIGH,14,0,263.0,3.0,0.8,0.05600000000000001,SOURCE_UNAVAILABLE_FOR_2026_AT_BUILD,INJURY_CONTEXT_UNAVAILABLE;OUTSIDE_DEPTH_ELIGIBILITY,"Raw 1.94 PPR; WR raw rank 334; depth slot 1, rank 7; 14 prior games; injury context unavailable.",2026-08-22T07:46:47.668866+00:00,2026-08-22T07:49:49.992921+00:00,ridge,v1_evaluated_2025,v1_weekly_rankings
2026,1,2026_01_CLE_JAX,2026-09-13,00-0036497,Tim Jones,WR,JAX,CLE,1.9373698017168497,1.9373698017168497,335,,,,ROLE_FILTERED,ROLE_FILTERED,False,True,WR,1,7,HIGH,27,0,308.0,0.9199999999999999,0.4,0.14599999999999996,SOURCE_UNAVAILABLE_FOR_2026_AT_BUILD,INJURY_CONTEXT_UNAVAILABLE;OUTSIDE_DEPTH_ELIGIBILITY,"Raw 1.94 PPR; WR raw rank 335; depth slot 1, rank 7; 27 prior games; injury context unavailable.",2026-08-22T07:46:47.668866+00:00,2026-08-22T07:49:49.992921+00:00,ridge,v1_evaluated_2025,v1_weekly_rankings
2026,1,2026_01_BUF_HOU,2026-09-13,00-0039392,Jha'Quan Jackson,WR,HOU,BUF,1.8744456171598616,1.8744456171598616,336,,,,ROLE_FILTERED,ROLE_FILTERED,False,True,WR,2,11,MEDIUM,12,0,651.0,0.26,0.4,0.11800000000000002,SOURCE_UNAVAILABLE_FOR_2026_AT_BUILD,INJURY_CONTEXT_UNAVAILABLE;OUTSIDE_DEPTH_ELIGIBILITY,"Raw 1.87 PPR; WR raw rank 336; depth slot 2, rank 11; 12 prior games; injury context unavailable.",2026-08-22T07:46:47.668866+00:00,2026-08-22T07:49:49.992921+00:00,ridge,v1_evaluated_2025,v1_weekly_rankings
2026,1,2026_01_CLE_JAX,2026-09-13,00-0036630,Tylan Wallace,WR,CLE,JAX,1.8332352746689473,1.8332352746689473,337,,,,ROLE_FILTERED,ROLE_FILTERED,False,True,WR,8,6,HIGH,44,0,273.0,0.0,0.4,0.22799999999999998,SOURCE_UNAVAILABLE_FOR_2026_AT_BUILD,INJURY_CONTEXT_UNAVAILABLE;OUTSIDE_DEPTH_ELIGIBILITY,"Raw 1.83 PPR; WR raw rank 337; depth slot 8, rank 6; 44 prior games; injury context unavailable.",2026-08-22T07:46:47.668866+00:00,2026-08-22T07:49:49.992921+00:00,ridge,v1_evaluated_2025,v1_weekly_rankings
2026,1,2026_01_NE_SEA,2026-09-09,00-0037156,Irvin Charles,WR,SEA,NE,1.6451765997266588,1.6451765997266588,338,,,,ROLE_FILTERED,ROLE_FILTERED,False,True,WR,1,10,MEDIUM,14,0,647.0,0.0,0.2,0.01,SOURCE_UNAVAILABLE_FOR_2026_AT_BUILD,INJURY_CONTEXT_UNAVAILABLE;OUTSIDE_DEPTH_ELIGIBILITY,"Raw 1.65 PPR; WR raw rank 338; depth slot 1, rank 10; 14 prior games; injury context unavailable.",2026-08-22T07:46:47.668866+00:00,2026-08-22T07:49:49.992921+00:00,ridge,v1_evaluated_2025,v1_weekly_rankings
2026,1,2026_01_NYJ_TEN,2026-09-13,00-0036176,Mason Kinsey,WR,TEN,NYJ,1.610246266904456,1.610246266904456,339,,,,ROLE_FILTERED,ROLE_FILTERED,False,True,WR,1,7,HIGH,21,0,252.0,1.36,0.8,0.164,SOURCE_UNAVAILABLE_FOR_2026_AT_BUILD,INJURY_CONTEXT_UNAVAILABLE;OUTSIDE_DEPTH_ELIGIBILITY,"Raw 1.61 PPR; WR raw rank 339; depth slot 1, rank 7; 21 prior games; injury context unavailable.",2026-08-22T07:46:47.668866+00:00,2026-08-22T07:49:49.992921+00:00,ridge,v1_evaluated_2025,v1_weekly_rankings
2026,1,2026_01_DAL_NYG,2026-09-13,00-0038824,Ryan Miller,WR,NYG,DAL,1.3708088349126353,1.3708088349126353,340,,,,ROLE_FILTERED,ROLE_FILTERED,False,True,WR,8,12,HIGH,18,0,280.0,0.4800000000000001,0.2,0.074,SOURCE_UNAVAILABLE_FOR_2026_AT_BUILD,INJURY_CONTEXT_UNAVAILABLE;OUTSIDE_DEPTH_ELIGIBILITY,"Raw 1.37 PPR; WR raw rank 340; depth slot 8, rank 12; 18 prior games; injury context unavailable.",2026-08-22T07:46:47.668866+00:00,2026-08-22T07:49:49.992921+00:00,ridge,v1_evaluated_2025,v1_weekly_rankings
2026,1,2026_01_DAL_NYG,2026-09-13,00-0038496,Xavier Gipson,WR,NYG,DAL,1.2743663350201047,1.2743663350201047,341,,,,ROLE_FILTERED,ROLE_FILTERED,False,True,WR,2,11,HIGH,40,0,294.0,0.52,0.4,0.030000000000000006,SOURCE_UNAVAILABLE_FOR_2026_AT_BUILD,INJURY_CONTEXT_UNAVAILABLE;OUTSIDE_DEPTH_ELIGIBILITY,"Raw 1.27 PPR; WR raw rank 341; depth slot 2, rank 11; 40 prior games; injury context unavailable.",2026-08-22T07:46:47.668866+00:00,2026-08-22T07:49:49.992921+00:00,ridge,v1_evaluated_2025,v1_weekly_rankings
2026,1,2026_01_ARI_LAC,2026-09-13,00-0036331,Devin Duvernay,WR,ARI,LAC,1.265562429384957,1.265562429384957,342,,,,ROLE_FILTERED,ROLE_FILTERED,False,True,WR,1,7,HIGH,88,0,252.0,0.68,0.4,0.084,SOURCE_UNAVAILABLE_FOR_2026_AT_BUILD,INJURY_CONTEXT_UNAVAILABLE;OUTSIDE_DEPTH_ELIGIBILITY,"Raw 1.27 PPR; WR raw rank 342; depth slot 1, rank 7; 88 prior games; injury context unavailable.",2026-08-22T07:46:47.668866+00:00,2026-08-22T07:49:49.992921+00:00,ridge,v1_evaluated_2025,v1_weekly_rankings
2026,1,2026_01_ARI_LAC,2026-09-13,00-0036635,Ihmir Smith-Marsette,WR,ARI,LAC,0.6897728713332514,0.6897728713332514,343,,,,ROLE_FILTERED,ROLE_FILTERED,False,True,WR,2,11,MEDIUM,42,0,616.0,1.2,0.0,0.012,SOURCE_UNAVAILABLE_FOR_2026_AT_BUILD,INJURY_CONTEXT_UNAVAILABLE;OUTSIDE_DEPTH_ELIGIBILITY,"Raw 0.69 PPR; WR raw rank 343; depth slot 2, rank 11; 42 prior games; injury context unavailable.",2026-08-22T07:46:47.668866+00:00,2026-08-22T07:49:49.992921+00:00,ridge,v1_evaluated_2025,v1_weekly_rankings
2026,1,2026_01_CHI_CAR,2026-09-13,00-0037708,Maurice Alexander,WR,CHI,CAR,0.5261406313082455,0.5261406313082455,344,,,,ROLE_FILTERED,ROLE_FILTERED,False,True,WR,2,8,MEDIUM,5,0,647.0,0.34,0.2,0.014000000000000002,SOURCE_UNAVAILABLE_FOR_2026_AT_BUILD,INJURY_CONTEXT_UNAVAILABLE;OUTSIDE_DEPTH_ELIGIBILITY,"Raw 0.53 PPR; WR raw rank 344; depth slot 2, rank 8; 5 prior games; injury context unavailable.",2026-08-22T07:46:47.668866+00:00,2026-08-22T07:49:49.992921+00:00,ridge,v1_evaluated_2025,v1_weekly_rankings
