season,week,game_id,game_date,player_id,player_display_name,position,team,opponent,fantasy_points_ppr
2025,1,2025_01_ARI_NO,2025-09-07,00-0035228,Kyler Murray,QB,ARI,NO,18.32
2025,1,2025_01_ARI_NO,2025-09-07,00-0039849,Marvin Harrison Jr.,WR,ARI,NO,18.1
2025,1,2025_01_ARI_NO,2025-09-07,00-0036040,Juwan Johnson,TE,NO,ARI,15.600000000000001
2025,1,2025_01_ARI_NO,2025-09-07,00-0033553,James Conner,RB,ARI,NO,14.4
2025,1,2025_01_ARI_NO,2025-09-07,00-0033906,Alvin Kamara,RB,NO,ARI,13.7
2025,1,2025_01_ARI_NO,2025-09-07,00-0037239,Chris Olave,WR,NO,ARI,12.4
2025,1,2025_01_ARI_NO,2025-09-07,00-0037744,Trey McBride,TE,ARI,NO,12.100000000000001
2025,1,2025_01_ARI_NO,2025-09-07,00-0039376,Spencer Rattler,QB,NO,ARI,11.46
2025,1,2025_01_ARI_NO,2025-09-07,00-0037545,Rashid Shaheed,WR,NO,ARI,9.3
2025,1,2025_01_ARI_NO,2025-09-07,00-0039921,Trey Benson,RB,ARI,NO,8.5
2025,1,2025_01_ARI_NO,2025-09-07,00-0031236,Brandin Cooks,WR,NO,ARI,5.6
2025,1,2025_01_ARI_NO,2025-09-07,00-0038551,Kendre Miller,RB,NO,ARI,2.4000000000000004
2025,1,2025_01_ARI_NO,2025-09-07,00-0039424,Devaughn Vele,WR,NO,ARI,2.3
2025,1,2025_01_ARI_NO,2025-09-07,00-0039737,Tip Reiman,TE,ARI,NO,2.0
2025,1,2025_01_ARI_NO,2025-09-07,00-0038559,Michael Wilson,WR,ARI,NO,1.5
2025,1,2025_01_ARI_NO,2025-09-07,00-0033891,Zay Jones,WR,ARI,NO,1.4
2025,1,2025_01_ARI_NO,2025-09-07,00-0039041,Elijah Higgins,TE,ARI,NO,1.3
2025,1,2025_01_ARI_NO,2025-09-07,00-0040202,Devin Neal,RB,NO,ARI,0.9
2025,1,2025_01_ARI_NO,2025-09-07,00-0035500,Greg Dortch,WR,ARI,NO,0.8
2025,1,2025_01_ARI_NO,2025-09-07,00-0038705,Emari Demercado,RB,ARI,NO,0.0
2025,1,2025_01_ARI_NO,2025-09-07,00-0036741,Jack Stoll,TE,NO,ARI,0.0
2025,1,2025_01_ARI_NO,2025-09-07,00-0037745,Velus Jones Jr.,WR,NO,ARI,0.0
2025,1,2025_01_BAL_BUF,2025-09-07,00-0034857,Josh Allen,QB,BUF,BAL,38.76
2025,1,2025_01_BAL_BUF,2025-09-07,00-0034796,Lamar Jackson,QB,BAL,BUF,29.36
2025,1,2025_01_BAL_BUF,2025-09-07,00-0032764,Derrick Henry,RB,BAL,BUF,29.2
2025,1,2025_01_BAL_BUF,2025-09-07,00-0039064,Zay Flowers,WR,BAL,BUF,28.1
2025,1,2025_01_BAL_BUF,2025-09-07,00-0039901,Keon Coleman,WR,BUF,BAL,25.200000000000003
2025,1,2025_01_BAL_BUF,2025-09-07,00-0037248,James Cook,RB,BUF,BAL,21.200000000000003
2025,1,2025_01_BAL_BUF,2025-09-07,00-0038933,Dalton Kincaid,TE,BUF,BAL,14.8
2025,1,2025_01_BAL_BUF,2025-09-07,00-0037261,Khalil Shakir,WR,BUF,BAL,12.4
2025,1,2025_01_BAL_BUF,2025-09-07,00-0030564,DeAndre Hopkins,WR,BAL,BUF,11.5
2025,1,2025_01_BAL_BUF,2025-09-07,00-0036988,Josh Palmer,WR,BUF,BAL,11.100000000000001
2025,1,2025_01_BAL_BUF,2025-09-07,00-0035689,Dawson Knox,TE,BUF,BAL,4.0
2025,1,2025_01_BAL_BUF,2025-09-07,00-0040194,Jackson Hawes,TE,BUF,BAL,3.9000000000000004
2025,1,2025_01_BAL_BUF,2025-09-07,00-0036550,Rashod Bateman,WR,BAL,BUF,3.0
2025,1,2025_01_BAL_BUF,2025-09-07,00-0035537,Ty Johnson,RB,BUF,BAL,2.4000000000000004
2025,1,2025_01_BAL_BUF,2025-09-07,00-0036980,Elijah Moore,WR,BUF,BAL,2.1
2025,1,2025_01_BAL_BUF,2025-09-07,00-0034753,Mark Andrews,TE,BAL,BUF,1.5
2025,1,2025_01_BAL_BUF,2025-09-07,00-0039875,Ray Davis,RB,BUF,BAL,1.1
2025,1,2025_01_BAL_BUF,2025-09-07,00-0039796,Rasheen Ali,RB,BAL,BUF,0.5
2025,1,2025_01_BAL_BUF,2025-09-07,00-0040075,LaJohntay Wester,WR,BAL,BUF,0.0
2025,1,2025_01_BAL_BUF,2025-09-07,00-0036630,Tylan Wallace,WR,BAL,BUF,0.0
2025,1,2025_01_BAL_BUF,2025-09-07,00-0034975,Justice Hill,RB,BAL,BUF,-0.10000000000000009
2025,1,2025_01_CAR_JAX,2025-09-07,00-0036973,Travis Etienne,RB,JAX,CAR,18.6
2025,1,2025_01_CAR_JAX,2025-09-07,00-0036555,Chuba Hubbard,RB,CAR,JAX,17.9
2025,1,2025_01_CAR_JAX,2025-09-07,00-0040124,Tetairoa McMillan,WR,CAR,JAX,11.8
2025,1,2025_01_CAR_JAX,2025-09-07,00-0036971,Trevor Lawrence,QB,JAX,CAR,10.32
2025,1,2025_01_CAR_JAX,2025-09-07,00-0038935,Brenton Strange,TE,JAX,CAR,9.9
2025,1,2025_01_CAR_JAX,2025-09-07,00-0039893,Brian Thomas Jr.,WR,JAX,CAR,9.0
2025,1,2025_01_CAR_JAX,2025-09-07,00-0036626,Dyami Brown,WR,JAX,CAR,8.8
2025,1,2025_01_CAR_JAX,2025-09-07,00-0039150,Bryce Young,QB,CAR,JAX,8.16
2025,1,2025_01_CAR_JAX,2025-09-07,00-0037004,Hunter Long,TE,JAX,CAR,7.6
2025,1,2025_01_CAR_JAX,2025-09-07,00-0039356,Ja'Tavion Sanders,TE,CAR,JAX,4.7
2025,1,2025_01_CAR_JAX,2025-09-07,00-0039342,Xavier Legette,WR,CAR,JAX,4.0
2025,1,2025_01_CAR_JAX,2025-09-07,00-0036139,Rico Dowdle,RB,CAR,JAX,3.6
2025,1,2025_01_CAR_JAX,2025-09-07,00-0034983,Hunter Renfrow,WR,CAR,JAX,3.1
2025,1,2025_01_CAR_JAX,2025-09-07,00-0040238,LeQuint Allen Jr.,RB,JAX,CAR,2.1
2025,1,2025_01_CAR_JAX,2025-09-07,00-0038555,Tank Bigsby,RB,JAX,CAR,1.2000000000000002
2025,1,2025_01_CAR_JAX,2025-09-07,00-0037005,Tommy Tremble,TE,CAR,JAX,1.2
2025,1,2025_01_CAR_JAX,2025-09-07,00-0040719,Bhayshul Tuten,RB,JAX,CAR,1.1
2025,1,2025_01_CAR_JAX,2025-09-07,00-0040644,Trevor Etienne,RB,CAR,JAX,0.4
2025,1,2025_01_CAR_JAX,2025-09-07,00-0038840,Brycen Tremayne,WR,CAR,JAX,0.0
2025,1,2025_01_CAR_JAX,2025-09-07,00-0033589,David Moore,WR,CAR,JAX,0.0
2025,1,2025_01_CAR_JAX,2025-09-07,00-0033246,Johnny Mundt,TE,JAX,CAR,0.0
2025,1,2025_01_CAR_JAX,2025-09-07,00-0038606,Parker Washington,WR,JAX,CAR,0.0
2025,1,2025_01_CIN_CLE,2025-09-07,00-0040162,Dylan Sampson,RB,CLE,CIN,17.3
2025,1,2025_01_CIN_CLE,2025-09-07,00-0038979,Cedric Tillman,WR,CLE,CIN,16.2
2025,1,2025_01_CIN_CLE,2025-09-07,00-0040663,Harold Fannin Jr.,TE,CLE,CIN,13.600000000000001
2025,1,2025_01_CIN_CLE,2025-09-07,00-0038597,Chase Brown,RB,CIN,CLE,13.100000000000001
2025,1,2025_01_CIN_CLE,2025-09-07,00-0035644,Noah Fant,TE,CIN,CLE,12.6
2025,1,2025_01_CIN_CLE,2025-09-07,00-0026158,Joe Flacco,QB,CLE,CIN,12.2
2025,1,2025_01_CIN_CLE,2025-09-07,00-0036407,Jerry Jeudy,WR,CLE,CIN,11.600000000000001
2025,1,2025_01_CIN_CLE,2025-09-07,00-0036442,Joe Burrow,QB,CIN,CLE,8.82
2025,1,2025_01_CIN_CLE,2025-09-07,00-0033885,David Njoku,TE,CLE,CIN,6.7
2025,1,2025_01_CIN_CLE,2025-09-07,00-0036410,Tee Higgins,WR,CIN,CLE,6.300000000000001
2025,1,2025_01_CIN_CLE,2025-09-07,00-0040466,Raheim Sanders,RB,CLE,CIN,6.3
2025,1,2025_01_CIN_CLE,2025-09-07,00-0036900,Ja'Marr Chase,WR,CIN,CLE,4.6
2025,1,2025_01_CIN_CLE,2025-09-07,00-0033526,Samaje Perine,RB,CIN,CLE,2.6
2025,1,2025_01_CIN_CLE,2025-09-07,00-0034829,Mike Gesicki,TE,CIN,CLE,2.4000000000000004
2025,1,2025_01_CIN_CLE,2025-09-07,00-0039379,Jamari Thrash,WR,CLE,CIN,1.6
2025,1,2025_01_CIN_CLE,2025-09-07,00-0040782,Isaiah Bond,WR,CLE,CIN,1.5
2025,1,2025_01_CIN_CLE,2025-09-07,00-0037267,Jerome Ford,RB,CLE,CIN,1.5
2025,1,2025_01_CIN_CLE,2025-09-07,00-0038576,Charlie Jones,WR,CIN,CLE,0.0
2025,1,2025_01_CIN_CLE,2025-09-07,00-0031763,DeAndre Carter,WR,CLE,CIN,0.0
2025,1,2025_01_CIN_CLE,2025-09-07,00-0035631,Drew Sample,TE,CIN,CLE,0.0
2025,1,2025_01_CIN_CLE,2025-09-07,00-0040208,Tahj Brooks,RB,CIN,CLE,0.0
2025,1,2025_01_DAL_PHI,2025-09-04,00-0036389,Jalen Hurts,QB,PHI,DAL,24.28
2025,1,2025_01_DAL_PHI,2025-09-04,00-0036997,Javonte Williams,RB,DAL,PHI,20.4
2025,1,2025_01_DAL_PHI,2025-09-04,00-0034844,Saquon Barkley,RB,PHI,DAL,18.4
2025,1,2025_01_DAL_PHI,2025-09-04,00-0036358,CeeDee Lamb,WR,DAL,PHI,18.0
2025,1,2025_01_DAL_PHI,2025-09-04,00-0034351,Dallas Goedert,TE,PHI,DAL,11.4
2025,1,2025_01_DAL_PHI,2025-09-04,00-0037741,Jahan Dotson,WR,PHI,DAL,8.9
2025,1,2025_01_DAL_PHI,2025-09-04,00-0033077,Dak Prescott,QB,DAL,PHI,7.82
2025,1,2025_01_DAL_PHI,2025-09-04,00-0038041,Jake Ferguson,TE,DAL,PHI,7.300000000000001
2025,1,2025_01_DAL_PHI,2025-09-04,00-0037247,George Pickens,WR,DAL,PHI,6.0
2025,1,2025_01_DAL_PHI,2025-09-04,00-0037801,KaVontae Turpin,WR,DAL,PHI,4.7
2025,1,2025_01_DAL_PHI,2025-09-04,00-0036912,DeVonta Smith,WR,PHI,DAL,4.6
2025,1,2025_01_DAL_PHI,2025-09-04,00-0035243,Miles Sanders,RB,DAL,PHI,4.0
2025,1,2025_01_DAL_PHI,2025-09-04,00-0039746,Will Shipley,RB,PHI,DAL,2.6
2025,1,2025_01_DAL_PHI,2025-09-04,00-0035676,A.J. Brown,WR,PHI,DAL,1.8
2025,1,2025_01_DAL_PHI,2025-09-04,00-0036876,Kylen Granson,TE,PHI,DAL,1.1
2025,1,2025_01_DAL_PHI,2025-09-04,00-0036265,AJ Dillon,RB,PHI,DAL,1.0
2025,1,2025_01_DAL_PHI,2025-09-04,00-0037666,Jalen Tolbert,WR,DAL,PHI,1.0
2025,1,2025_01_DAL_PHI,2025-09-04,00-0039530,Brevyn Spann-Ford,TE,DAL,PHI,0.0
2025,1,2025_01_DAL_PHI,2025-09-04,00-0037614,John Metchie III,WR,PHI,DAL,0.0
2025,1,2025_01_DAL_PHI,2025-09-04,00-0038547,Luke Schoonmaker,TE,DAL,PHI,0.0
2025,1,2025_01_DET_GB,2025-09-07,00-0036264,Jordan Love,QB,GB,DET,15.92
2025,1,2025_01_DET_GB,2025-09-07,00-0039139,Jahmyr Gibbs,RB,DET,GB,15.0
2025,1,2025_01_DET_GB,2025-09-07,00-0035700,Josh Jacobs,RB,GB,DET,14.0
2025,1,2025_01_DET_GB,2025-09-07,00-0039065,Sam LaPorta,TE,DET,GB,13.9
2025,1,2025_01_DET_GB,2025-09-07,00-0039146,Jayden Reed,WR,GB,DET,13.5
2025,1,2025_01_DET_GB,2025-09-07,00-0033106,Jared Goff,QB,DET,GB,10.9
2025,1,2025_01_DET_GB,2025-09-07,00-0038996,Tucker Kraft,TE,GB,DET,9.9
2025,1,2025_01_DET_GB,2025-09-07,00-0037816,Romeo Doubs,WR,GB,DET,8.8
2025,1,2025_01_DET_GB,2025-09-07,00-0036963,Amon-Ra St. Brown,WR,DET,GB,8.5
2025,1,2025_01_DET_GB,2025-09-07,00-0035685,David Montgomery,RB,DET,GB,8.3
2025,1,2025_01_DET_GB,2025-09-07,00-0040669,Isaac TeSlaa,WR,DET,GB,8.3
2025,1,2025_01_DET_GB,2025-09-07,00-0037240,Jameson Williams,WR,DET,GB,6.6
2025,1,2025_01_DET_GB,2025-09-07,00-0038393,Dontayvion Wicks,WR,GB,DET,5.0
2025,1,2025_01_DET_GB,2025-09-07,00-0032464,Kalif Raymond,WR,DET,GB,3.6
2025,1,2025_01_DET_GB,2025-09-07,00-0040667,Matthew Golden,WR,GB,DET,3.6
2025,1,2025_01_DET_GB,2025-09-07,00-0039144,Luke Musgrave,TE,GB,DET,1.4
2025,1,2025_01_DET_GB,2025-09-07,00-0038685,Chris Brooks,RB,GB,DET,1.3
2025,1,2025_01_DET_GB,2025-09-07,00-0037306,John FitzPatrick,TE,GB,DET,1.2
2025,1,2025_01_DET_GB,2025-09-07,00-0040009,Savion Williams,WR,GB,DET,1.1
2025,1,2025_01_DET_GB,2025-09-07,00-0038797,Emanuel Wilson,RB,GB,DET,0.4
2025,1,2025_01_DET_GB,2025-09-07,00-0037091,Bo Melton,WR,GB,DET,0.0
2025,1,2025_01_DET_GB,2025-09-07,00-0035567,Craig Reynolds,RB,DET,GB,0.0
2025,1,2025_01_DET_GB,2025-09-07,00-0038896,Jacob Saylors,RB,DET,GB,0.0
2025,1,2025_01_HOU_LA,2025-09-07,00-0039075,Puka Nacua,WR,LA,HOU,23.1
2025,1,2025_01_HOU_LA,2025-09-07,00-0037840,Kyren Williams,RB,LA,HOU,13.9
2025,1,2025_01_HOU_LA,2025-09-07,00-0026498,Matthew Stafford,QB,LA,HOU,13.600000000000001
2025,1,2025_01_HOU_LA,2025-09-07,00-0031381,Davante Adams,WR,LA,HOU,9.100000000000001
2025,1,2025_01_HOU_LA,2025-09-07,00-0039163,C.J. Stroud,QB,HOU,LA,8.72
2025,1,2025_01_HOU_LA,2025-09-07,00-0039074,Davis Allen,TE,LA,HOU,8.3
2025,1,2025_01_HOU_LA,2025-09-07,00-0039359,Cade Stover,TE,HOU,LA,6.2
2025,1,2025_01_HOU_LA,2025-09-07,00-0034791,Nick Chubb,RB,HOU,LA,6.0
2025,1,2025_01_HOU_LA,2025-09-07,00-0034383,Dalton Schultz,TE,HOU,LA,5.800000000000001
2025,1,2025_01_HOU_LA,2025-09-07,00-0036554,Nico Collins,WR,HOU,LA,5.5
2025,1,2025_01_HOU_LA,2025-09-07,00-0038618,Xavier Hutchinson,WR,HOU,LA,5.5
2025,1,2025_01_HOU_LA,2025-09-07,00-0040130,Jayden Higgins,WR,HOU,LA,5.2
2025,1,2025_01_HOU_LA,2025-09-07,00-0034386,Justin Watson,WR,HOU,LA,4.7
2025,1,2025_01_HOU_LA,2025-09-07,00-0038359,Xavier Smith,WR,LA,HOU,4.6
2025,1,2025_01_HOU_LA,2025-09-07,00-0039738,Blake Corum,RB,LA,HOU,2.6
2025,1,2025_01_HOU_LA,2025-09-07,00-0033854,Dare Ogunbowale,RB,HOU,LA,2.6
2025,1,2025_01_HOU_LA,2025-09-07,00-0040138,Jaylin Noel,WR,HOU,LA,1.7000000000000002
2025,1,2025_01_HOU_LA,2025-09-07,00-0036849,Tutu Atwell,WR,LA,HOU,1.4
2025,1,2025_01_HOU_LA,2025-09-07,00-0037258,Dameon Pierce,RB,HOU,LA,0.5
2025,1,2025_01_HOU_LA,2025-09-07,00-0039751,Jordan Whittington,WR,LA,HOU,0.5
2025,1,2025_01_HOU_LA,2025-09-07,00-0040583,Woody Marks,RB,HOU,LA,0.30000000000000004
2025,1,2025_01_HOU_LA,2025-09-07,00-0033110,Tyler Higbee,TE,LA,HOU,0.0
2025,1,2025_01_HOU_LA,2025-09-07,00-0036244,Colby Parkinson,TE,LA,HOU,-0.6000000000000001
2025,1,2025_01_KC_LAC,2025-09-05,00-0036355,Justin Herbert,QB,LAC,KC,27.919999999999998
2025,1,2025_01_KC_LAC,2025-09-05,00-0033873,Patrick Mahomes,QB,KC,LAC,26.02
2025,1,2025_01_KC_LAC,2025-09-05,00-0038544,Quentin Johnston,WR,LAC,KC,24.9
2025,1,2025_01_KC_LAC,2025-09-05,00-0035662,Marquise Brown,WR,KC,LAC,19.9
2025,1,2025_01_KC_LAC,2025-09-05,00-0030279,Keenan Allen,WR,LAC,KC,19.8
2025,1,2025_01_KC_LAC,2025-09-05,00-0039915,Ladd McConkey,WR,LAC,KC,13.4
2025,1,2025_01_KC_LAC,2025-09-05,00-0030506,Travis Kelce,TE,KC,LAC,12.7
2025,1,2025_01_KC_LAC,2025-09-05,00-0033857,JuJu Smith-Schuster,WR,KC,LAC,10.5
2025,1,2025_01_KC_LAC,2025-09-05,00-0040666,Omarion Hampton,RB,LAC,KC,8.100000000000001
2025,1,2025_01_KC_LAC,2025-09-05,00-0034270,Tyler Conklin,TE,LAC,KC,7.2
2025,1,2025_01_KC_LAC,2025-09-05,00-0038104,Tyquan Thornton,WR,KC,LAC,6.1000000000000005
2025,1,2025_01_KC_LAC,2025-09-05,00-0037197,Isiah Pacheco,RB,KC,LAC,4.800000000000001
2025,1,2025_01_KC_LAC,2025-09-05,00-0033923,Kareem Hunt,RB,KC,LAC,4.6
2025,1,2025_01_KC_LAC,2025-09-05,00-0034159,Will Dissly,TE,LAC,KC,2.8
2025,1,2025_01_KC_LAC,2025-09-05,00-0040727,Tre Harris,WR,LAC,KC,2.1
2025,1,2025_01_KC_LAC,2025-09-05,00-0036893,Najee Harris,RB,LAC,KC,2.0
2025,1,2025_01_KC_LAC,2025-09-05,00-0036637,Noah Gray,TE,KC,LAC,1.3
2025,1,2025_01_KC_LAC,2025-09-05,00-0038573,Derius Davis,WR,LAC,KC,0.30000000000000004
2025,1,2025_01_KC_LAC,2025-09-05,00-0040078,Brashard Smith,RB,KC,LAC,0.0
2025,1,2025_01_KC_LAC,2025-09-05,00-0037617,Hassan Haskins,RB,LAC,KC,0.0
2025,1,2025_01_KC_LAC,2025-09-05,00-0038492,Jason Brownlee,WR,KC,LAC,0.0
2025,1,2025_01_KC_LAC,2025-09-05,00-0040184,KeAndre Lambert-Smith,WR,LAC,KC,0.0
2025,1,2025_01_KC_LAC,2025-09-05,00-0038519,Nikko Remigio,WR,KC,LAC,0.0
2025,1,2025_01_KC_LAC,2025-09-05,00-0039894,Xavier Worthy,WR,KC,LAC,0.0
2025,1,2025_01_LV_NE,2025-09-07,00-0034960,Jakobi Meyers,WR,LV,NE,17.700000000000003
2025,1,2025_01_LV_NE,2025-09-07,00-0030565,Geno Smith,QB,LV,NE,17.48
2025,1,2025_01_LV_NE,2025-09-07,00-0038608,Kayshon Boutte,WR,NE,LV,16.3
2025,1,2025_01_LV_NE,2025-09-07,00-0039851,Drake Maye,QB,NE,LV,15.780000000000001
2025,1,2025_01_LV_NE,2025-09-07,00-0039338,Brock Bowers,TE,LV,NE,15.3
2025,1,2025_01_LV_NE,2025-09-07,00-0038563,Tre Tucker,WR,LV,NE,13.4
2025,1,2025_01_LV_NE,2025-09-07,00-0040122,Ashton Jeanty,RB,LV,NE,12.0
2025,1,2025_01_LV_NE,2025-09-07,00-0031588,Stefon Diggs,WR,NE,LV,11.7
2025,1,2025_01_LV_NE,2025-09-07,00-0040734,TreVeyon Henderson,RB,NE,LV,11.100000000000001
2025,1,2025_01_LV_NE,2025-09-07,00-0033090,Hunter Henry,TE,NE,LV,10.600000000000001
2025,1,2025_01_LV_NE,2025-09-07,00-0038621,DeMario Douglas,WR,NE,LV,8.2
2025,1,2025_01_LV_NE,2025-09-07,00-0039066,Michael Mayer,TE,LV,NE,7.800000000000001
2025,1,2025_01_LV_NE,2025-09-07,00-0040581,Dont'e Thornton Jr.,WR,LV,NE,6.5
2025,1,2025_01_LV_NE,2025-09-07,00-0036875,Rhamondre Stevenson,RB,NE,LV,4.7
2025,1,2025_01_LV_NE,2025-09-07,00-0040729,Jack Bech,WR,LV,NE,3.3000000000000003
2025,1,2025_01_LV_NE,2025-09-07,00-0040131,Kyle Williams,WR,NE,LV,2.2
2025,1,2025_01_LV_NE,2025-09-07,00-0032392,Austin Hooper,TE,NE,LV,2.0
2025,1,2025_01_LV_NE,2025-09-07,00-0033555,Mack Hollins,WR,NE,LV,1.3
2025,1,2025_01_LV_NE,2025-09-07,00-0038040,Zamir White,RB,LV,NE,0.8
2025,1,2025_01_LV_NE,2025-09-07,00-0036328,Antonio Gibson,RB,NE,LV,0.30000000000000004
2025,1,2025_01_LV_NE,2025-09-07,00-0035602,Alex Bachman,WR,LV,NE,0.0
2025,1,2025_01_LV_NE,2025-09-07,00-0039407,Dylan Laube,RB,LV,NE,0.0
2025,1,2025_01_LV_NE,2025-09-07,00-0038590,Justin Shorter,TE,LV,NE,0.0
2025,1,2025_01_MIA_IND,2025-09-07,00-0035710,Daniel Jones,QB,IND,MIA,29.48
2025,1,2025_01_MIA_IND,2025-09-07,00-0036252,Michael Pittman,WR,IND,MIA,20.0
2025,1,2025_01_MIA_IND,2025-09-07,00-0039040,De'Von Achane,RB,MIA,IND,16.5
2025,1,2025_01_MIA_IND,2025-09-07,00-0040128,Tyler Warren,TE,IND,MIA,14.9
2025,1,2025_01_MIA_IND,2025-09-07,00-0036223,Jonathan Taylor,RB,IND,MIA,12.8
2025,1,2025_01_MIA_IND,2025-09-07,00-0033040,Tyreek Hill,WR,MIA,IND,8.0
2025,1,2025_01_MIA_IND,2025-09-07,00-0036613,Jaylen Waddle,WR,MIA,IND,7.0
2025,1,2025_01_MIA_IND,2025-09-07,00-0036212,Tua Tagovailoa,QB,MIA,IND,5.260000000000001
2025,1,2025_01_MIA_IND,2025-09-07,00-0039880,Malik Washington,WR,MIA,IND,4.9
2025,1,2025_01_MIA_IND,2025-09-07,00-0037664,Alec Pierce,WR,IND,MIA,4.6
2025,1,2025_01_MIA_IND,2025-09-07,00-0040179,DJ Giddens,RB,IND,MIA,4.1000000000000005
2025,1,2025_01_MIA_IND,2025-09-07,00-0039890,Adonai Mitchell,WR,IND,MIA,4.1
2025,1,2025_01_MIA_IND,2025-09-07,00-0037348,Tanner Conner,TE,MIA,IND,4.0
2025,1,2025_01_MIA_IND,2025-09-07,00-0038997,Josh Downs,WR,IND,MIA,3.2
2025,1,2025_01_MIA_IND,2025-09-07,00-0033217,Mo Alie-Cox,TE,IND,MIA,3.0
2025,1,2025_01_MIA_IND,2025-09-07,00-0038720,Julian Hill,TE,MIA,IND,2.0
2025,1,2025_01_MIA_IND,2025-09-07,00-0036620,Dee Eskridge,WR,MIA,IND,1.9
2025,1,2025_01_MIA_IND,2025-09-07,00-0036182,Nick Westbrook-Ikhine,WR,MIA,IND,1.7000000000000002
2025,1,2025_01_MIA_IND,2025-09-07,00-0037013,Zach Wilson,QB,MIA,IND,1.58
2025,1,2025_01_MIA_IND,2025-09-07,00-0035021,Ashton Dulin,WR,IND,MIA,1.5
2025,1,2025_01_MIA_IND,2025-09-07,00-0040198,Ollie Gordon II,RB,MIA,IND,1.3
2025,1,2025_01_MIA_IND,2025-09-07,00-0037292,Andrew Ogletree,TE,IND,MIA,0.0
2025,1,2025_01_MIA_IND,2025-09-07,00-0039816,Anthony Gould,WR,IND,MIA,0.0
2025,1,2025_01_MIA_IND,2025-09-07,00-0040476,Ulysses Bentley IV,RB,IND,MIA,0.0
2025,1,2025_01_MIN_CHI,2025-09-08,00-0039918,Caleb Williams,QB,CHI,MIN,24.200000000000003
2025,1,2025_01_MIN_CHI,2025-09-08,00-0039923,J.J. McCarthy,QB,MIN,CHI,22.22
2025,1,2025_01_MIN_CHI,2025-09-08,00-0033293,Aaron Jones,RB,MIN,CHI,15.7
2025,1,2025_01_MIN_CHI,2025-09-08,00-0039919,Rome Odunze,WR,CHI,MIN,15.7
2025,1,2025_01_MIN_CHI,2025-09-08,00-0036322,Justin Jefferson,WR,MIN,CHI,14.8
2025,1,2025_01_MIN_CHI,2025-09-08,00-0034827,DJ Moore,WR,CHI,MIN,10.600000000000001
2025,1,2025_01_MIN_CHI,2025-09-08,00-0036275,D'Andre Swift,RB,CHI,MIN,9.5
2025,1,2025_01_MIN_CHI,2025-09-08,00-0037525,Jordan Mason,RB,MIN,CHI,8.5
2025,1,2025_01_MIN_CHI,2025-09-08,00-0035208,Olamide Zaccheaus,WR,CHI,MIN,8.2
2025,1,2025_01_MIN_CHI,2025-09-08,00-0035229,T.J. Hockenson,TE,MIN,CHI,4.5
2025,1,2025_01_MIN_CHI,2025-09-08,00-0036290,Cole Kmet,TE,CHI,MIN,4.1
2025,1,2025_01_MIN_CHI,2025-09-08,00-0037291,Jalen Nailor,WR,MIN,CHI,3.8000000000000003
2025,1,2025_01_MIN_CHI,2025-09-08,00-0040126,Colston Loveland,TE,CHI,MIN,3.2
2025,1,2025_01_MIN_CHI,2025-09-08,00-0040236,Kyle Monangai,RB,CHI,MIN,2.1
2025,1,2025_01_MIN_CHI,2025-09-08,00-0030035,Adam Thielen,WR,MIN,CHI,2.0
2025,1,2025_01_MIN_CHI,2025-09-08,00-0035249,Josh Oliver,TE,MIN,CHI,1.5
2025,1,2025_01_MIN_CHI,2025-09-08,00-0040735,Luther Burden III,WR,CHI,MIN,0.7
2025,1,2025_01_MIN_CHI,2025-09-08,00-0036331,Devin Duvernay,WR,CHI,MIN,0.0
2025,1,2025_01_MIN_CHI,2025-09-08,00-0040506,Myles Price,WR,MIN,CHI,0.0
2025,1,2025_01_MIN_CHI,2025-09-08,00-0040154,Tai Felton,WR,MIN,CHI,0.0
2025,1,2025_01_MIN_CHI,2025-09-08,00-0037276,Ty Chandler,RB,MIN,CHI,0.0
2025,1,2025_01_NYG_WAS,2025-09-07,00-0035719,Deebo Samuel Sr.,WR,WAS,NYG,22.6
2025,1,2025_01_NYG_WAS,2025-09-07,00-0039910,Jayden Daniels,QB,WAS,NYG,20.12
2025,1,2025_01_NYG_WAS,2025-09-07,00-0040242,Jacory Croskey-Merritt,RB,WAS,NYG,14.200000000000001
2025,1,2025_01_NYG_WAS,2025-09-07,00-0039337,Malik Nabers,WR,NYG,WAS,12.100000000000001
2025,1,2025_01_NYG_WAS,2025-09-07,00-0030061,Zach Ertz,TE,WAS,NYG,11.6
2025,1,2025_01_NYG_WAS,2025-09-07,00-0038117,Wan'Dale Robinson,WR,NYG,WAS,11.5
2025,1,2025_01_NYG_WAS,2025-09-07,00-0029263,Russell Wilson,QB,NYG,WAS,11.120000000000001
2025,1,2025_01_NYG_WAS,2025-09-07,00-0033699,Austin Ekeler,RB,WAS,NYG,8.7
2025,1,2025_01_NYG_WAS,2025-09-07,00-0039384,Tyrone Tracy Jr.,RB,NYG,WAS,5.5
2025,1,2025_01_NYG_WAS,2025-09-07,00-0033591,Noah Brown,WR,WAS,NYG,4.7
2025,1,2025_01_NYG_WAS,2025-09-07,00-0035659,Terry McLaurin,WR,WAS,NYG,4.7
2025,1,2025_01_NYG_WAS,2025-09-07,00-0032398,Chris Moore,WR,WAS,NYG,4.4
2025,1,2025_01_NYG_WAS,2025-09-07,00-0040715,Cam Skattebo,RB,NYG,WAS,2.9
2025,1,2025_01_NYG_WAS,2025-09-07,00-0033955,Jeremy McNichols,RB,WAS,NYG,2.5
2025,1,2025_01_NYG_WAS,2025-09-07,00-0038115,Daniel Bellinger,TE,NYG,WAS,2.4000000000000004
2025,1,2025_01_NYG_WAS,2025-09-07,00-0040164,Jaylin Lane,WR,WAS,NYG,2.1
2025,1,2025_01_NYG_WAS,2025-09-07,00-0039847,Theo Johnson,TE,NYG,WAS,1.5
2025,1,2025_01_NYG_WAS,2025-09-07,00-0035250,Devin Singletary,RB,NYG,WAS,0.9
2025,1,2025_01_NYG_WAS,2025-09-07,00-0039686,Colson Yankoff,TE,WAS,NYG,0.0
2025,1,2025_01_NYG_WAS,2025-09-07,00-0035535,Darius Slayton,WR,NYG,WAS,0.0
2025,1,2025_01_NYG_WAS,2025-09-07,00-0035645,Gunner Olszewski,WR,NYG,WAS,0.0
2025,1,2025_01_NYG_WAS,2025-09-07,00-0039355,Luke McCaffrey,WR,WAS,NYG,0.0
2025,1,2025_01_PIT_NYJ,2025-09-07,00-0036945,Justin Fields,QB,NYJ,PIT,29.520000000000003
2025,1,2025_01_PIT_NYJ,2025-09-07,00-0023459,Aaron Rodgers,QB,PIT,NYJ,25.659999999999997
2025,1,2025_01_PIT_NYJ,2025-09-07,00-0037740,Garrett Wilson,WR,NYJ,PIT,22.5
2025,1,2025_01_PIT_NYJ,2025-09-07,00-0037837,Calvin Austin III,WR,PIT,NYJ,17.0
2025,1,2025_01_PIT_NYJ,2025-09-07,00-0038120,Breece Hall,RB,NYJ,PIT,16.5
2025,1,2025_01_PIT_NYJ,2025-09-07,00-0037228,Jaylen Warren,RB,PIT,NYJ,13.9
2025,1,2025_01_PIT_NYJ,2025-09-07,00-0033858,Jonnu Smith,TE,PIT,NYJ,12.5
2025,1,2025_01_PIT_NYJ,2025-09-07,00-0035640,DK Metcalf,WR,PIT,NYJ,12.3
2025,1,2025_01_PIT_NYJ,2025-09-07,00-0036862,Ben Skowronek,WR,PIT,NYJ,9.2
2025,1,2025_01_PIT_NYJ,2025-09-07,00-0039794,Braelon Allen,RB,NYJ,PIT,6.9
2025,1,2025_01_PIT_NYJ,2025-09-07,00-0036894,Pat Freiermuth,TE,PIT,NYJ,5.800000000000001
2025,1,2025_01_PIT_NYJ,2025-09-07,00-0036919,Kenny Gainwell,RB,PIT,NYJ,5.300000000000001
2025,1,2025_01_PIT_NYJ,2025-09-07,00-0036427,Tyler Johnson,WR,NYJ,PIT,5.1
2025,1,2025_01_PIT_NYJ,2025-09-07,00-0033943,Josh Reynolds,WR,NYJ,PIT,3.8
2025,1,2025_01_PIT_NYJ,2025-09-07,00-0037805,Jeremy Ruckert,TE,NYJ,PIT,3.6
2025,1,2025_01_PIT_NYJ,2025-09-07,00-0040736,Mason Taylor,TE,NYJ,PIT,3.0
2025,1,2025_01_PIT_NYJ,2025-09-07,00-0039798,Isaiah Davis,RB,NYJ,PIT,1.8
2025,1,2025_01_PIT_NYJ,2025-09-07,00-0040582,Arian Smith,WR,NYJ,PIT,0.0
2025,1,2025_01_PIT_NYJ,2025-09-07,00-0036842,Kene Nwangwu,RB,NYJ,PIT,0.0
2025,1,2025_01_PIT_NYJ,2025-09-07,00-0038496,Xavier Gipson,WR,NYJ,PIT,0.0
2025,1,2025_01_PIT_NYJ,2025-09-07,00-0040142,Kaleb Johnson,RB,PIT,NYJ,-0.2
2025,1,2025_01_SF_SEA,2025-09-07,00-0033280,Christian McCaffrey,RB,SF,SEA,23.200000000000003
2025,1,2025_01_SF_SEA,2025-09-07,00-0038543,Jaxon Smith-Njigba,WR,SEA,SF,19.4
2025,1,2025_01_SF_SEA,2025-09-07,00-0037834,Brock Purdy,QB,SF,SEA,16.779999999999998
2025,1,2025_01_SF_SEA,2025-09-07,00-0039916,Ricky Pearsall,WR,SF,SEA,14.8
2025,1,2025_01_SF_SEA,2025-09-07,00-0033288,George Kittle,TE,SF,SEA,12.5
2025,1,2025_01_SF_SEA,2025-09-07,00-0039165,Zach Charbonnet,RB,SEA,SF,10.7
2025,1,2025_01_SF_SEA,2025-09-07,00-0037112,Jake Tonges,TE,SF,SEA,10.5
2025,1,2025_01_SF_SEA,2025-09-07,00-0038134,Kenneth Walker III,RB,SEA,SF,5.4
2025,1,2025_01_SF_SEA,2025-09-07,00-0034869,Sam Darnold,QB,SEA,SF,5.4
2025,1,2025_01_SF_SEA,2025-09-07,00-0037746,Brian Robinson,RB,SF,SEA,4.7
2025,1,2025_01_SF_SEA,2025-09-07,00-0036259,Jauan Jennings,WR,SF,SEA,3.6
2025,1,2025_01_SF_SEA,2025-09-07,00-0033908,Cooper Kupp,WR,SEA,SF,3.5
2025,1,2025_01_SF_SEA,2025-09-07,00-0040739,Elijah Arroyo,TE,SEA,SF,1.7000000000000002
2025,1,2025_01_SF_SEA,2025-09-07,00-0036887,Luke Farrell,TE,SF,SEA,1.4
2025,1,2025_01_SF_SEA,2025-09-07,00-0039793,AJ Barner,TE,SEA,SF,1.2
2025,1,2025_01_SF_SEA,2025-09-07,00-0040673,Jalen Milroe,QB,SEA,SF,0.1
2025,1,2025_01_SF_SEA,2025-09-07,00-0038488,Brady Russell,RB,SEA,SF,0.0
2025,1,2025_01_SF_SEA,2025-09-07,00-0035891,Cody White,WR,SEA,SF,0.0
2025,1,2025_01_SF_SEA,2025-09-07,00-0033576,Eric Saubert,TE,SEA,SF,0.0
2025,1,2025_01_SF_SEA,2025-09-07,00-0039299,George Holani,RB,SEA,SF,0.0
2025,1,2025_01_SF_SEA,2025-09-07,00-0039363,Isaac Guerendo,RB,SF,SEA,0.0
2025,1,2025_01_SF_SEA,2025-09-07,00-0038090,Skyy Moore,WR,SF,SEA,0.0
2025,1,2025_01_SF_SEA,2025-09-07,00-0040648,Tory Horton,WR,SEA,SF,0.0
2025,1,2025_01_TB_ATL,2025-09-07,00-0038542,Bijan Robinson,RB,ATL,TB,24.4
2025,1,2025_01_TB_ATL,2025-09-07,00-0039917,Michael Penix Jr.,QB,ATL,TB,24.02
2025,1,2025_01_TB_ATL,2025-09-07,00-0040129,Emeka Egbuka,WR,TB,ATL,23.6
2025,1,2025_01_TB_ATL,2025-09-07,00-0034855,Baker Mayfield,QB,TB,ATL,22.58
2025,1,2025_01_TB_ATL,2025-09-07,00-0039361,Bucky Irving,RB,TB,ATL,14.5
2025,1,2025_01_TB_ATL,2025-09-07,00-0037238,Drake London,WR,ATL,TB,13.5
2025,1,2025_01_TB_ATL,2025-09-07,00-0036970,Kyle Pitts,TE,ATL,TB,12.9
2025,1,2025_01_TB_ATL,2025-09-07,00-0031408,Mike Evans,WR,TB,ATL,10.100000000000001
2025,1,2025_01_TB_ATL,2025-09-07,00-0034407,Ray-Ray McCloud,WR,ATL,TB,8.100000000000001
2025,1,2025_01_TB_ATL,2025-09-07,00-0032385,Sterling Shepard,WR,TB,ATL,6.9
2025,1,2025_01_TB_ATL,2025-09-07,00-0039394,Casey Washington,WR,ATL,TB,6.300000000000001
2025,1,2025_01_TB_ATL,2025-09-07,00-0037256,Rachaad White,RB,TB,ATL,2.6
2025,1,2025_01_TB_ATL,2025-09-07,00-0037263,Tyler Allgeier,RB,ATL,TB,2.4000000000000004
2025,1,2025_01_TB_ATL,2025-09-07,00-0038951,Sean Tucker,RB,TB,ATL,0.2
2025,1,2025_01_TB_ATL,2025-09-07,00-0038129,Cade Otton,TE,TB,ATL,0.0
2025,1,2025_01_TB_ATL,2025-09-07,00-0036825,Feleipe Franks,TE,ATL,TB,0.0
2025,1,2025_01_TB_ATL,2025-09-07,00-0033572,Jamal Agnew,WR,ATL,TB,0.0
2025,1,2025_01_TB_ATL,2025-09-07,00-0039589,Kameron Johnson,WR,TB,ATL,0.0
2025,1,2025_01_TB_ATL,2025-09-07,00-0034854,KhaDarel Hodge,WR,ATL,TB,0.0
2025,1,2025_01_TB_ATL,2025-09-07,00-0037311,Ko Kieft,TE,TB,ATL,0.0
2025,1,2025_01_TB_ATL,2025-09-07,00-0039050,Payne Durham,TE,TB,ATL,0.0
2025,1,2025_01_TB_ATL,2025-09-07,00-0038824,Ryan Miller,WR,TB,ATL,0.0
2025,1,2025_01_TB_ATL,2025-09-07,00-0040237,Tez Johnson,WR,TB,ATL,0.0
2025,1,2025_01_TEN_DEN,2025-09-07,00-0034348,Courtland Sutton,WR,DEN,TEN,18.1
2025,1,2025_01_TEN_DEN,2025-09-07,00-0036158,J.K. Dobbins,RB,DEN,TEN,14.8
2025,1,2025_01_TEN_DEN,2025-09-07,00-0039868,Troy Franklin,WR,DEN,TEN,8.4
2025,1,2025_01_TEN_DEN,2025-09-07,00-0040730,RJ Harvey,RB,DEN,TEN,7.9
2025,1,2025_01_TEN_DEN,2025-09-07,00-0035261,Tony Pollard,RB,TEN,DEN,7.9
2025,1,2025_01_TEN_DEN,2025-09-07,00-0039732,Bo Nix,QB,DEN,TEN,6.84
2025,1,2025_01_TEN_DEN,2025-09-07,00-0034837,Calvin Ridley,WR,TEN,DEN,6.7
2025,1,2025_01_TEN_DEN,2025-09-07,00-0033881,Evan Engram,TE,DEN,TEN,5.1
2025,1,2025_01_TEN_DEN,2025-09-07,00-0037809,Chig Okonkwo,TE,TEN,DEN,4.9
2025,1,2025_01_TEN_DEN,2025-09-07,00-0038976,Marvin Mims Jr.,WR,DEN,TEN,4.2
2025,1,2025_01_TEN_DEN,2025-09-07,00-0037085,Tyler Badie,RB,DEN,TEN,3.6
2025,1,2025_01_TEN_DEN,2025-09-07,00-0040170,Elic Ayomanor,WR,TEN,DEN,3.3
2025,1,2025_01_TEN_DEN,2025-09-07,00-0040584,Gunnar Helm,TE,TEN,DEN,2.6
2025,1,2025_01_TEN_DEN,2025-09-07,00-0040676,Cam Ward,QB,TEN,DEN,2.4800000000000004
2025,1,2025_01_TEN_DEN,2025-09-07,00-0039650,Bryce Oliver,WR,TEN,DEN,1.8
2025,1,2025_01_TEN_DEN,2025-09-07,00-0037539,Lucas Krull,TE,DEN,TEN,1.6
2025,1,2025_01_TEN_DEN,2025-09-07,00-0036422,Adam Trautman,TE,DEN,TEN,1.5
2025,1,2025_01_TEN_DEN,2025-09-07,00-0034487,Trent Sherfield,WR,DEN,TEN,1.3
2025,1,2025_01_TEN_DEN,2025-09-07,00-0040705,Chimere Dike,WR,TEN,DEN,0.9
2025,1,2025_01_TEN_DEN,2025-09-07,00-0037594,Julius Chestnut,RB,TEN,DEN,0.2
2025,1,2025_01_TEN_DEN,2025-09-07,00-0039648,David Martin-Robinson,TE,TEN,DEN,0.0
2025,1,2025_01_TEN_DEN,2025-09-07,00-0032211,Tyler Lockett,WR,TEN,DEN,0.0
2025,2,2025_02_ATL_MIN,2025-09-14,00-0038542,Bijan Robinson,RB,ATL,MIN,19.8
2025,2,2025_02_ATL_MIN,2025-09-14,00-0037263,Tyler Allgeier,RB,ATL,MIN,15.0
2025,2,2025_02_ATL_MIN,2025-09-14,00-0036322,Justin Jefferson,WR,MIN,ATL,11.1
2025,2,2025_02_ATL_MIN,2025-09-14,00-0036970,Kyle Pitts,TE,ATL,MIN,7.7
2025,2,2025_02_ATL_MIN,2025-09-14,00-0037291,Jalen Nailor,WR,MIN,ATL,6.1
2025,2,2025_02_ATL_MIN,2025-09-14,00-0037238,Drake London,WR,ATL,MIN,5.9
2025,2,2025_02_ATL_MIN,2025-09-14,00-0037525,Jordan Mason,RB,MIN,ATL,5.800000000000001
2025,2,2025_02_ATL_MIN,2025-09-14,00-0039917,Michael Penix Jr.,QB,ATL,MIN,5.300000000000001
2025,2,2025_02_ATL_MIN,2025-09-14,00-0030035,Adam Thielen,WR,MIN,ATL,4.6
2025,2,2025_02_ATL_MIN,2025-09-14,00-0036309,Darnell Mooney,WR,ATL,MIN,4.0
2025,2,2025_02_ATL_MIN,2025-09-14,00-0039923,J.J. McCarthy,QB,MIN,ATL,2.8200000000000003
2025,2,2025_02_ATL_MIN,2025-09-14,00-0033293,Aaron Jones,RB,MIN,ATL,2.3000000000000003
2025,2,2025_02_ATL_MIN,2025-09-14,00-0035229,T.J. Hockenson,TE,MIN,ATL,2.2
2025,2,2025_02_ATL_MIN,2025-09-14,00-0040509,Ben Yurosek,TE,MIN,ATL,0.0
2025,2,2025_02_ATL_MIN,2025-09-14,00-0040506,Myles Price,WR,MIN,ATL,0.0
2025,2,2025_02_ATL_MIN,2025-09-14,00-0034407,Ray-Ray McCloud,WR,ATL,MIN,0.0
2025,2,2025_02_BUF_NYJ,2025-09-14,00-0037248,James Cook,RB,BUF,NYJ,26.5
2025,2,2025_02_BUF_NYJ,2025-09-14,00-0034857,Josh Allen,QB,BUF,NYJ,11.82
2025,2,2025_02_BUF_NYJ,2025-09-14,00-0036980,Elijah Moore,WR,BUF,NYJ,10.7
2025,2,2025_02_BUF_NYJ,2025-09-14,00-0037740,Garrett Wilson,WR,NYJ,BUF,9.0
2025,2,2025_02_BUF_NYJ,2025-09-14,00-0028118,Tyrod Taylor,QB,NYJ,BUF,8.34
2025,2,2025_02_BUF_NYJ,2025-09-14,00-0038933,Dalton Kincaid,TE,BUF,NYJ,7.7
2025,2,2025_02_BUF_NYJ,2025-09-14,00-0037805,Jeremy Ruckert,TE,NYJ,BUF,7.5
2025,2,2025_02_BUF_NYJ,2025-09-14,00-0036988,Josh Palmer,WR,BUF,NYJ,6.7
2025,2,2025_02_BUF_NYJ,2025-09-14,00-0038120,Breece Hall,RB,NYJ,BUF,5.800000000000001
2025,2,2025_02_BUF_NYJ,2025-09-14,00-0039901,Keon Coleman,WR,BUF,NYJ,5.6
2025,2,2025_02_BUF_NYJ,2025-09-14,00-0036945,Justin Fields,QB,NYJ,BUF,3.9800000000000004
2025,2,2025_02_BUF_NYJ,2025-09-14,00-0035689,Dawson Knox,TE,BUF,NYJ,3.9000000000000004
2025,2,2025_02_BUF_NYJ,2025-09-14,00-0039875,Ray Davis,RB,BUF,NYJ,2.4000000000000004
2025,2,2025_02_BUF_NYJ,2025-09-14,00-0037261,Khalil Shakir,WR,BUF,NYJ,2.2
2025,2,2025_02_BUF_NYJ,2025-09-14,00-0039798,Isaiah Davis,RB,NYJ,BUF,1.6
2025,2,2025_02_BUF_NYJ,2025-09-14,00-0040194,Jackson Hawes,TE,BUF,NYJ,1.5
2025,2,2025_02_BUF_NYJ,2025-09-14,00-0040736,Mason Taylor,TE,NYJ,BUF,1.5
2025,2,2025_02_BUF_NYJ,2025-09-14,00-0039794,Braelon Allen,RB,NYJ,BUF,1.1
2025,2,2025_02_BUF_NYJ,2025-09-14,00-0033869,Mitchell Trubisky,QB,BUF,NYJ,0.98
2025,2,2025_02_BUF_NYJ,2025-09-14,00-0040582,Arian Smith,WR,NYJ,BUF,0.8
2025,2,2025_02_BUF_NYJ,2025-09-14,00-0035537,Ty Johnson,RB,BUF,NYJ,0.6000000000000001
2025,2,2025_02_BUF_NYJ,2025-09-14,00-0039451,Isaiah Williams,WR,NYJ,BUF,0.0
2025,2,2025_02_BUF_NYJ,2025-09-14,00-0036187,Reggie Gilliam,RB,BUF,NYJ,0.0
2025,2,2025_02_BUF_NYJ,2025-09-14,00-0036427,Tyler Johnson,WR,NYJ,BUF,0.0
2025,2,2025_02_BUF_NYJ,2025-09-14,00-0038679,Tyrell Shavers,WR,BUF,NYJ,0.0
2025,2,2025_02_CAR_ARI,2025-09-14,00-0034983,Hunter Renfrow,WR,CAR,ARI,23.8
2025,2,2025_02_CAR_ARI,2025-09-14,00-0039150,Bryce Young,QB,CAR,ARI,21.32
2025,2,2025_02_CAR_ARI,2025-09-14,00-0036555,Chuba Hubbard,RB,CAR,ARI,18.7
2025,2,2025_02_CAR_ARI,2025-09-14,00-0040124,Tetairoa McMillan,WR,CAR,ARI,16.0
2025,2,2025_02_CAR_ARI,2025-09-14,00-0035228,Kyler Murray,QB,ARI,CAR,14.0
2025,2,2025_02_CAR_ARI,2025-09-14,00-0037744,Trey McBride,TE,ARI,CAR,13.8
2025,2,2025_02_CAR_ARI,2025-09-14,00-0039356,Ja'Tavion Sanders,TE,CAR,ARI,12.4
2025,2,2025_02_CAR_ARI,2025-09-14,00-0033553,James Conner,RB,ARI,CAR,12.2
2025,2,2025_02_CAR_ARI,2025-09-14,00-0039921,Trey Benson,RB,ARI,CAR,8.4
2025,2,2025_02_CAR_ARI,2025-09-14,00-0038559,Michael Wilson,WR,ARI,CAR,8.1
2025,2,2025_02_CAR_ARI,2025-09-14,00-0038840,Brycen Tremayne,WR,CAR,ARI,7.800000000000001
2025,2,2025_02_CAR_ARI,2025-09-14,00-0039041,Elijah Higgins,TE,ARI,CAR,6.5
2025,2,2025_02_CAR_ARI,2025-09-14,00-0037005,Tommy Tremble,TE,CAR,ARI,5.0
2025,2,2025_02_CAR_ARI,2025-09-14,00-0039849,Marvin Harrison Jr.,WR,ARI,CAR,4.7
2025,2,2025_02_CAR_ARI,2025-09-14,00-0036139,Rico Dowdle,RB,CAR,ARI,2.9000000000000004
2025,2,2025_02_CAR_ARI,2025-09-14,00-0035500,Greg Dortch,WR,ARI,CAR,2.1
2025,2,2025_02_CAR_ARI,2025-09-14,00-0040187,Mitchell Evans,TE,CAR,ARI,1.9
2025,2,2025_02_CAR_ARI,2025-09-14,00-0040644,Trevor Etienne,RB,CAR,ARI,1.2
2025,2,2025_02_CAR_ARI,2025-09-14,00-0039342,Xavier Legette,WR,CAR,ARI,0.8
2025,2,2025_02_CAR_ARI,2025-09-14,00-0033119,Jacoby Brissett,QB,ARI,CAR,0.2
2025,2,2025_02_CAR_ARI,2025-09-14,00-0037157,Bam Knight,RB,ARI,CAR,0.0
2025,2,2025_02_CAR_ARI,2025-09-14,00-0036332,Josiah Deguara,TE,ARI,CAR,0.0
2025,2,2025_02_CHI_DET,2025-09-14,00-0036963,Amon-Ra St. Brown,WR,DET,CHI,39.2
2025,2,2025_02_CHI_DET,2025-09-14,00-0033106,Jared Goff,QB,DET,CHI,33.96
2025,2,2025_02_CHI_DET,2025-09-14,00-0039919,Rome Odunze,WR,CHI,DET,31.8
2025,2,2025_02_CHI_DET,2025-09-14,00-0039139,Jahmyr Gibbs,RB,DET,CHI,19.4
2025,2,2025_02_CHI_DET,2025-09-14,00-0037240,Jameson Williams,WR,DET,CHI,18.8
2025,2,2025_02_CHI_DET,2025-09-14,00-0039918,Caleb Williams,QB,CHI,DET,16.98
2025,2,2025_02_CHI_DET,2025-09-14,00-0036275,D'Andre Swift,RB,CHI,DET,13.9
2025,2,2025_02_CHI_DET,2025-09-14,00-0035685,David Montgomery,RB,DET,CHI,13.100000000000001
2025,2,2025_02_CHI_DET,2025-09-14,00-0036754,Brock Wright,TE,DET,CHI,11.8
2025,2,2025_02_CHI_DET,2025-09-14,00-0034827,DJ Moore,WR,CHI,DET,9.600000000000001
2025,2,2025_02_CHI_DET,2025-09-14,00-0039065,Sam LaPorta,TE,DET,CHI,5.6
2025,2,2025_02_CHI_DET,2025-09-14,00-0036290,Cole Kmet,TE,CHI,DET,4.9
2025,2,2025_02_CHI_DET,2025-09-14,00-0040236,Kyle Monangai,RB,CHI,DET,4.6
2025,2,2025_02_CHI_DET,2025-09-14,00-0035208,Olamide Zaccheaus,WR,CHI,DET,4.1
2025,2,2025_02_CHI_DET,2025-09-14,00-0040669,Isaac TeSlaa,WR,DET,CHI,3.9000000000000004
2025,2,2025_02_CHI_DET,2025-09-14,00-0032464,Kalif Raymond,WR,DET,CHI,3.3000000000000003
2025,2,2025_02_CHI_DET,2025-09-14,00-0038416,Tyson Bagent,QB,CHI,DET,1.7800000000000002
2025,2,2025_02_CHI_DET,2025-09-14,00-0040735,Luther Burden III,WR,CHI,DET,1.5
2025,2,2025_02_CHI_DET,2025-09-14,00-0035567,Craig Reynolds,RB,DET,CHI,0.4
2025,2,2025_02_CHI_DET,2025-09-14,00-0040126,Colston Loveland,TE,CHI,DET,0.0
2025,2,2025_02_CHI_DET,2025-09-14,00-0036331,Devin Duvernay,WR,CHI,DET,0.0
2025,2,2025_02_CHI_DET,2025-09-14,00-0038896,Jacob Saylors,RB,DET,CHI,0.0
2025,2,2025_02_CHI_DET,2025-09-14,00-0039021,Roschon Johnson,RB,CHI,DET,0.0
2025,2,2025_02_CLE_BAL,2025-09-14,00-0034796,Lamar Jackson,QB,BAL,CLE,26.3
2025,2,2025_02_CLE_BAL,2025-09-14,00-0039792,Devontez Walker,WR,BAL,CLE,16.6
2025,2,2025_02_CLE_BAL,2025-09-14,00-0039064,Zay Flowers,WR,BAL,CLE,14.9
2025,2,2025_02_CLE_BAL,2025-09-14,00-0030564,DeAndre Hopkins,WR,BAL,CLE,14.4
2025,2,2025_02_CLE_BAL,2025-09-14,00-0040162,Dylan Sampson,RB,CLE,BAL,10.9
2025,2,2025_02_CLE_BAL,2025-09-14,00-0036630,Tylan Wallace,WR,BAL,CLE,10.5
2025,2,2025_02_CLE_BAL,2025-09-14,00-0037267,Jerome Ford,RB,CLE,BAL,10.4
2025,2,2025_02_CLE_BAL,2025-09-14,00-0038979,Cedric Tillman,WR,CLE,BAL,10.2
2025,2,2025_02_CLE_BAL,2025-09-14,00-0040784,Quinshon Judkins,RB,CLE,BAL,10.100000000000001
2025,2,2025_02_CLE_BAL,2025-09-14,00-0040663,Harold Fannin Jr.,TE,CLE,BAL,9.8
2025,2,2025_02_CLE_BAL,2025-09-14,00-0036407,Jerry Jeudy,WR,CLE,BAL,9.100000000000001
2025,2,2025_02_CLE_BAL,2025-09-14,00-0026158,Joe Flacco,QB,CLE,BAL,8.760000000000002
2025,2,2025_02_CLE_BAL,2025-09-14,00-0033885,David Njoku,TE,CLE,BAL,8.0
2025,2,2025_02_CLE_BAL,2025-09-14,00-0034975,Justice Hill,RB,BAL,CLE,5.5
2025,2,2025_02_CLE_BAL,2025-09-14,00-0040704,Dillon Gabriel,QB,CLE,BAL,4.76
2025,2,2025_02_CLE_BAL,2025-09-14,00-0036550,Rashod Bateman,WR,BAL,CLE,3.5
2025,2,2025_02_CLE_BAL,2025-09-14,00-0040782,Isaiah Bond,WR,CLE,BAL,2.5
2025,2,2025_02_CLE_BAL,2025-09-14,00-0032764,Derrick Henry,RB,BAL,CLE,2.3000000000000003
2025,2,2025_02_CLE_BAL,2025-09-14,00-0039379,Jamari Thrash,WR,CLE,BAL,1.5
2025,2,2025_02_CLE_BAL,2025-09-14,00-0034753,Mark Andrews,TE,BAL,CLE,1.4
2025,2,2025_02_CLE_BAL,2025-09-14,00-0031763,DeAndre Carter,WR,CLE,BAL,0.0
2025,2,2025_02_CLE_BAL,2025-09-14,00-0040075,LaJohntay Wester,WR,BAL,CLE,0.0
2025,2,2025_02_CLE_BAL,2025-09-14,00-0039796,Rasheen Ali,RB,BAL,CLE,0.0
2025,2,2025_02_CLE_BAL,2025-09-14,00-0037340,Zaire Mitchell-Paden,TE,BAL,CLE,0.0
2025,2,2025_02_CLE_BAL,2025-09-14,00-0033662,Cooper Rush,QB,BAL,CLE,-0.4
2025,2,2025_02_DEN_IND,2025-09-14,00-0036223,Jonathan Taylor,RB,IND,DEN,29.5
2025,2,2025_02_DEN_IND,2025-09-14,00-0039868,Troy Franklin,WR,DEN,IND,24.0
2025,2,2025_02_DEN_IND,2025-09-14,00-0035710,Daniel Jones,QB,IND,DEN,22.84
2025,2,2025_02_DEN_IND,2025-09-14,00-0039732,Bo Nix,QB,DEN,IND,20.240000000000002
2025,2,2025_02_DEN_IND,2025-09-14,00-0036158,J.K. Dobbins,RB,DEN,IND,15.5
2025,2,2025_02_DEN_IND,2025-09-14,00-0040128,Tyler Warren,TE,IND,DEN,11.9
2025,2,2025_02_DEN_IND,2025-09-14,00-0038997,Josh Downs,WR,IND,DEN,11.100000000000001
2025,2,2025_02_DEN_IND,2025-09-14,00-0037664,Alec Pierce,WR,IND,DEN,10.8
2025,2,2025_02_DEN_IND,2025-09-14,00-0038976,Marvin Mims Jr.,WR,DEN,IND,10.4
2025,2,2025_02_DEN_IND,2025-09-14,00-0036422,Adam Trautman,TE,DEN,IND,10.0
2025,2,2025_02_DEN_IND,2025-09-14,00-0036252,Michael Pittman,WR,IND,DEN,8.0
2025,2,2025_02_DEN_IND,2025-09-14,00-0037085,Tyler Badie,RB,DEN,IND,4.2
2025,2,2025_02_DEN_IND,2025-09-14,00-0039890,Adonai Mitchell,WR,IND,DEN,4.0
2025,2,2025_02_DEN_IND,2025-09-14,00-0040134,Pat Bryant,WR,DEN,IND,3.8
2025,2,2025_02_DEN_IND,2025-09-14,00-0040730,RJ Harvey,RB,DEN,IND,3.4000000000000004
2025,2,2025_02_DEN_IND,2025-09-14,00-0033881,Evan Engram,TE,DEN,IND,2.2
2025,2,2025_02_DEN_IND,2025-09-14,00-0033217,Mo Alie-Cox,TE,IND,DEN,1.8
2025,2,2025_02_DEN_IND,2025-09-14,00-0034348,Courtland Sutton,WR,DEN,IND,1.6
2025,2,2025_02_DEN_IND,2025-09-14,00-0034487,Trent Sherfield,WR,DEN,IND,1.3
2025,2,2025_02_DEN_IND,2025-09-14,00-0037292,Andrew Ogletree,TE,IND,DEN,0.0
2025,2,2025_02_DEN_IND,2025-09-14,00-0039816,Anthony Gould,WR,IND,DEN,0.0
2025,2,2025_02_DEN_IND,2025-09-14,00-0035021,Ashton Dulin,WR,IND,DEN,0.0
2025,2,2025_02_DEN_IND,2025-09-14,00-0040179,DJ Giddens,RB,IND,DEN,0.0
2025,2,2025_02_JAX_CIN,2025-09-14,00-0036900,Ja'Marr Chase,WR,CIN,JAX,36.5
2025,2,2025_02_JAX_CIN,2025-09-14,00-0036971,Trevor Lawrence,QB,JAX,CIN,19.24
2025,2,2025_02_JAX_CIN,2025-09-14,00-0035100,Jake Browning,QB,CIN,JAX,17.740000000000002
2025,2,2025_02_JAX_CIN,2025-09-14,00-0036626,Dyami Brown,WR,JAX,CIN,17.6
2025,2,2025_02_JAX_CIN,2025-09-14,00-0036973,Travis Etienne,RB,JAX,CIN,16.9
2025,2,2025_02_JAX_CIN,2025-09-14,00-0040719,Bhayshul Tuten,RB,JAX,CIN,15.4
2025,2,2025_02_JAX_CIN,2025-09-14,00-0036410,Tee Higgins,WR,CIN,JAX,14.600000000000001
2025,2,2025_02_JAX_CIN,2025-09-14,00-0038606,Parker Washington,WR,JAX,CIN,12.600000000000001
2025,2,2025_02_JAX_CIN,2025-09-14,00-0039893,Brian Thomas Jr.,WR,JAX,CIN,8.9
2025,2,2025_02_JAX_CIN,2025-09-14,00-0038597,Chase Brown,RB,CIN,JAX,8.5
2025,2,2025_02_JAX_CIN,2025-09-14,00-0038839,Mitchell Tinsley,WR,CIN,JAX,8.3
2025,2,2025_02_JAX_CIN,2025-09-14,00-0036442,Joe Burrow,QB,CIN,JAX,7.04
2025,2,2025_02_JAX_CIN,2025-09-14,00-0035644,Noah Fant,TE,CIN,JAX,5.800000000000001
2025,2,2025_02_JAX_CIN,2025-09-14,00-0034829,Mike Gesicki,TE,CIN,JAX,4.8
2025,2,2025_02_JAX_CIN,2025-09-14,00-0038935,Brenton Strange,TE,JAX,CIN,4.7
2025,2,2025_02_JAX_CIN,2025-09-14,00-0038619,Andrei Iosivas,WR,CIN,JAX,2.2
2025,2,2025_02_JAX_CIN,2025-09-14,00-0035631,Drew Sample,TE,CIN,JAX,1.7000000000000002
2025,2,2025_02_JAX_CIN,2025-09-14,00-0040238,LeQuint Allen Jr.,RB,JAX,CIN,1.3
2025,2,2025_02_JAX_CIN,2025-09-14,00-0038576,Charlie Jones,WR,CIN,JAX,0.0
2025,2,2025_02_JAX_CIN,2025-09-14,00-0036590,Quintin Morris,TE,JAX,CIN,0.0
2025,2,2025_02_JAX_CIN,2025-09-14,00-0033526,Samaje Perine,RB,CIN,JAX,0.0
2025,2,2025_02_JAX_CIN,2025-09-14,00-0040208,Tahj Brooks,RB,CIN,JAX,0.0
2025,2,2025_02_JAX_CIN,2025-09-14,00-0033375,Tim Patrick,WR,JAX,CIN,0.0
2025,2,2025_02_LAC_LV,2025-09-15,00-0036355,Justin Herbert,QB,LAC,LV,18.78
2025,2,2025_02_LAC_LV,2025-09-15,00-0030279,Keenan Allen,WR,LAC,LV,17.1
2025,2,2025_02_LAC_LV,2025-09-15,00-0038544,Quentin Johnston,WR,LAC,LV,15.9
2025,2,2025_02_LAC_LV,2025-09-15,00-0034960,Jakobi Meyers,WR,LV,LAC,12.8
2025,2,2025_02_LAC_LV,2025-09-15,00-0039915,Ladd McConkey,WR,LAC,LV,9.8
2025,2,2025_02_LAC_LV,2025-09-15,00-0039338,Brock Bowers,TE,LV,LAC,8.8
2025,2,2025_02_LAC_LV,2025-09-15,00-0040122,Ashton Jeanty,RB,LV,LAC,7.4
2025,2,2025_02_LAC_LV,2025-09-15,00-0036893,Najee Harris,RB,LAC,LV,6.800000000000001
2025,2,2025_02_LAC_LV,2025-09-15,00-0040727,Tre Harris,WR,LAC,LV,5.4
2025,2,2025_02_LAC_LV,2025-09-15,00-0038563,Tre Tucker,WR,LV,LAC,4.9
2025,2,2025_02_LAC_LV,2025-09-15,00-0039407,Dylan Laube,RB,LV,LAC,3.7
2025,2,2025_02_LAC_LV,2025-09-15,00-0040666,Omarion Hampton,RB,LAC,LV,3.5
2025,2,2025_02_LAC_LV,2025-09-15,00-0038040,Zamir White,RB,LV,LAC,3.3
2025,2,2025_02_LAC_LV,2025-09-15,00-0030565,Geno Smith,QB,LV,LAC,3.2
2025,2,2025_02_LAC_LV,2025-09-15,00-0040581,Dont'e Thornton Jr.,WR,LV,LAC,3.0
2025,2,2025_02_LAC_LV,2025-09-15,00-0039066,Michael Mayer,TE,LV,LAC,2.9
2025,2,2025_02_LAC_LV,2025-09-15,00-0034159,Will Dissly,TE,LAC,LV,1.7000000000000002
2025,2,2025_02_LAC_LV,2025-09-15,00-0038573,Derius Davis,WR,LAC,LV,0.0
2025,2,2025_02_LAC_LV,2025-09-15,00-0037617,Hassan Haskins,RB,LAC,LV,0.0
2025,2,2025_02_LAC_LV,2025-09-15,00-0034365,Ian Thomas,TE,LV,LAC,0.0
2025,2,2025_02_LAC_LV,2025-09-15,00-0040184,KeAndre Lambert-Smith,WR,LAC,LV,0.0
2025,2,2025_02_LA_TEN,2025-09-14,00-0039075,Puka Nacua,WR,LA,TEN,27.6
2025,2,2025_02_LA_TEN,2025-09-14,00-0031381,Davante Adams,WR,LA,TEN,22.6
2025,2,2025_02_LA_TEN,2025-09-14,00-0026498,Matthew Stafford,QB,LA,TEN,17.32
2025,2,2025_02_LA_TEN,2025-09-14,00-0040170,Elic Ayomanor,WR,TEN,LA,15.600000000000001
2025,2,2025_02_LA_TEN,2025-09-14,00-0039738,Blake Corum,RB,LA,TEN,10.4
2025,2,2025_02_LA_TEN,2025-09-14,00-0037840,Kyren Williams,RB,LA,TEN,10.0
2025,2,2025_02_LA_TEN,2025-09-14,00-0040676,Cam Ward,QB,TEN,LA,9.8
2025,2,2025_02_LA_TEN,2025-09-14,00-0035261,Tony Pollard,RB,TEN,LA,9.200000000000001
2025,2,2025_02_LA_TEN,2025-09-14,00-0034837,Calvin Ridley,WR,TEN,LA,8.7
2025,2,2025_02_LA_TEN,2025-09-14,00-0039074,Davis Allen,TE,LA,TEN,7.8
2025,2,2025_02_LA_TEN,2025-09-14,00-0033110,Tyler Higbee,TE,LA,TEN,7.7
2025,2,2025_02_LA_TEN,2025-09-14,00-0037809,Chig Okonkwo,TE,TEN,LA,7.5
2025,2,2025_02_LA_TEN,2025-09-14,00-0039751,Jordan Whittington,WR,LA,TEN,6.2
2025,2,2025_02_LA_TEN,2025-09-14,00-0036415,Van Jefferson,WR,TEN,LA,3.0
2025,2,2025_02_LA_TEN,2025-09-14,00-0040584,Gunnar Helm,TE,TEN,LA,2.9
2025,2,2025_02_LA_TEN,2025-09-14,00-0032211,Tyler Lockett,WR,TEN,LA,2.9
2025,2,2025_02_LA_TEN,2025-09-14,00-0040705,Chimere Dike,WR,TEN,LA,2.8
2025,2,2025_02_LA_TEN,2025-09-14,00-0039650,Bryce Oliver,WR,TEN,LA,0.0
2025,2,2025_02_LA_TEN,2025-09-14,00-0038678,Jordan Mims,RB,TEN,LA,0.0
2025,2,2025_02_LA_TEN,2025-09-14,00-0036849,Tutu Atwell,WR,LA,TEN,0.0
2025,2,2025_02_LA_TEN,2025-09-14,00-0038359,Xavier Smith,WR,LA,TEN,0.0
2025,2,2025_02_NE_MIA,2025-09-14,00-0039851,Drake Maye,QB,NE,MIA,26.300000000000004
2025,2,2025_02_NE_MIA,2025-09-14,00-0039040,De'Von Achane,RB,MIA,NE,26.200000000000003
2025,2,2025_02_NE_MIA,2025-09-14,00-0036875,Rhamondre Stevenson,RB,NE,MIA,21.200000000000003
2025,2,2025_02_NE_MIA,2025-09-14,00-0036212,Tua Tagovailoa,QB,MIA,NE,18.6
2025,2,2025_02_NE_MIA,2025-09-14,00-0036613,Jaylen Waddle,WR,MIA,NE,17.8
2025,2,2025_02_NE_MIA,2025-09-14,00-0033040,Tyreek Hill,WR,MIA,NE,16.9
2025,2,2025_02_NE_MIA,2025-09-14,00-0036328,Antonio Gibson,RB,NE,MIA,9.8
2025,2,2025_02_NE_MIA,2025-09-14,00-0039880,Malik Washington,WR,MIA,NE,9.5
2025,2,2025_02_NE_MIA,2025-09-14,00-0038608,Kayshon Boutte,WR,NE,MIA,8.6
2025,2,2025_02_NE_MIA,2025-09-14,00-0033555,Mack Hollins,WR,NE,MIA,7.8
2025,2,2025_02_NE_MIA,2025-09-14,00-0031588,Stefon Diggs,WR,NE,MIA,7.2
2025,2,2025_02_NE_MIA,2025-09-14,00-0032392,Austin Hooper,TE,NE,MIA,6.800000000000001
2025,2,2025_02_NE_MIA,2025-09-14,00-0040734,TreVeyon Henderson,RB,NE,MIA,6.0
2025,2,2025_02_NE_MIA,2025-09-14,00-0036182,Nick Westbrook-Ikhine,WR,MIA,NE,3.8
2025,2,2025_02_NE_MIA,2025-09-14,00-0040198,Ollie Gordon II,RB,MIA,NE,2.3
2025,2,2025_02_NE_MIA,2025-09-14,00-0033090,Hunter Henry,TE,NE,MIA,1.9
2025,2,2025_02_NE_MIA,2025-09-14,00-0038621,DeMario Douglas,WR,NE,MIA,1.8
2025,2,2025_02_NE_MIA,2025-09-14,00-0036620,Dee Eskridge,WR,MIA,NE,1.8
2025,2,2025_02_NYG_DAL,2025-09-14,00-0039337,Malik Nabers,WR,NYG,DAL,37.7
2025,2,2025_02_NYG_DAL,2025-09-14,00-0029263,Russell Wilson,QB,NYG,DAL,30.3
2025,2,2025_02_NYG_DAL,2025-09-14,00-0038117,Wan'Dale Robinson,WR,NYG,DAL,28.200000000000003
2025,2,2025_02_NYG_DAL,2025-09-14,00-0036997,Javonte Williams,RB,DAL,NYG,25.0
2025,2,2025_02_NYG_DAL,2025-09-14,00-0033077,Dak Prescott,QB,DAL,NYG,22.139999999999997
2025,2,2025_02_NYG_DAL,2025-09-14,00-0036358,CeeDee Lamb,WR,DAL,NYG,20.200000000000003
2025,2,2025_02_NYG_DAL,2025-09-14,00-0037247,George Pickens,WR,DAL,NYG,17.8
2025,2,2025_02_NYG_DAL,2025-09-14,00-0038041,Jake Ferguson,TE,DAL,NYG,16.8
2025,2,2025_02_NYG_DAL,2025-09-14,00-0037801,KaVontae Turpin,WR,DAL,NYG,15.3
2025,2,2025_02_NYG_DAL,2025-09-14,00-0040715,Cam Skattebo,RB,NYG,DAL,13.9
2025,2,2025_02_NYG_DAL,2025-09-14,00-0035243,Miles Sanders,RB,DAL,NYG,9.9
2025,2,2025_02_NYG_DAL,2025-09-14,00-0039384,Tyrone Tracy Jr.,RB,NYG,DAL,9.100000000000001
2025,2,2025_02_NYG_DAL,2025-09-14,00-0035535,Darius Slayton,WR,NYG,DAL,8.100000000000001
2025,2,2025_02_NYG_DAL,2025-09-14,00-0039847,Theo Johnson,TE,NYG,DAL,7.4
2025,2,2025_02_NYG_DAL,2025-09-14,00-0037666,Jalen Tolbert,WR,DAL,NYG,3.6
2025,2,2025_02_NYG_DAL,2025-09-14,00-0039530,Brevyn Spann-Ford,TE,DAL,NYG,1.3
2025,2,2025_02_NYG_DAL,2025-09-14,00-0035250,Devin Singletary,RB,NYG,DAL,1.0
2025,2,2025_02_NYG_DAL,2025-09-14,00-0040432,Beaux Collins,WR,NYG,DAL,0.0
2025,2,2025_02_NYG_DAL,2025-09-14,00-0038115,Daniel Bellinger,TE,NYG,DAL,0.0
2025,2,2025_02_NYG_DAL,2025-09-14,00-0035645,Gunner Olszewski,WR,NYG,DAL,0.0
2025,2,2025_02_NYG_DAL,2025-09-14,00-0038738,Hunter Luepke,RB,DAL,NYG,0.0
2025,2,2025_02_NYG_DAL,2025-09-14,00-0038547,Luke Schoonmaker,TE,DAL,NYG,0.0
2025,2,2025_02_NYG_DAL,2025-09-14,00-0039410,Ryan Flournoy,WR,DAL,NYG,0.0
2025,2,2025_02_NYG_DAL,2025-09-14,00-0040691,Jaxson Dart,QB,NYG,DAL,-0.30000000000000004
2025,2,2025_02_PHI_KC,2025-09-14,00-0033873,Patrick Mahomes,QB,KC,PHI,22.080000000000002
2025,2,2025_02_PHI_KC,2025-09-14,00-0034844,Saquon Barkley,RB,PHI,KC,17.4
2025,2,2025_02_PHI_KC,2025-09-14,00-0038104,Tyquan Thornton,WR,KC,PHI,13.9
2025,2,2025_02_PHI_KC,2025-09-14,00-0036389,Jalen Hurts,QB,PHI,KC,11.54
2025,2,2025_02_PHI_KC,2025-09-14,00-0030506,Travis Kelce,TE,KC,PHI,10.100000000000001
2025,2,2025_02_PHI_KC,2025-09-14,00-0036912,DeVonta Smith,WR,PHI,KC,9.3
2025,2,2025_02_PHI_KC,2025-09-14,00-0035662,Marquise Brown,WR,KC,PHI,8.0
2025,2,2025_02_PHI_KC,2025-09-14,00-0035676,A.J. Brown,WR,PHI,KC,7.7
2025,2,2025_02_PHI_KC,2025-09-14,00-0033923,Kareem Hunt,RB,KC,PHI,4.4
2025,2,2025_02_PHI_KC,2025-09-14,00-0037197,Isiah Pacheco,RB,KC,PHI,3.9000000000000004
2025,2,2025_02_PHI_KC,2025-09-14,00-0038519,Nikko Remigio,WR,KC,PHI,3.1
2025,2,2025_02_PHI_KC,2025-09-14,00-0036265,AJ Dillon,RB,PHI,KC,1.9000000000000001
2025,2,2025_02_PHI_KC,2025-09-14,00-0037086,Grant Calcaterra,TE,PHI,KC,1.6
2025,2,2025_02_PHI_KC,2025-09-14,00-0033857,JuJu Smith-Schuster,WR,KC,PHI,1.5
2025,2,2025_02_PHI_KC,2025-09-14,00-0036876,Kylen Granson,TE,PHI,KC,1.5
2025,2,2025_02_PHI_KC,2025-09-14,00-0037741,Jahan Dotson,WR,PHI,KC,1.4
2025,2,2025_02_PHI_KC,2025-09-14,00-0036637,Noah Gray,TE,KC,PHI,1.1
2025,2,2025_02_PHI_KC,2025-09-14,00-0037614,John Metchie III,WR,PHI,KC,1.0
2025,2,2025_02_PHI_KC,2025-09-14,00-0040078,Brashard Smith,RB,KC,PHI,0.2
2025,2,2025_02_SEA_PIT,2025-09-14,00-0038134,Kenneth Walker III,RB,SEA,PIT,18.8
2025,2,2025_02_SEA_PIT,2025-09-14,00-0038543,Jaxon Smith-Njigba,WR,SEA,PIT,18.3
2025,2,2025_02_SEA_PIT,2025-09-14,00-0037228,Jaylen Warren,RB,PIT,SEA,17.4
2025,2,2025_02_SEA_PIT,2025-09-14,00-0033908,Cooper Kupp,WR,SEA,PIT,16.0
2025,2,2025_02_SEA_PIT,2025-09-14,00-0034869,Sam Darnold,QB,SEA,PIT,15.8
2025,2,2025_02_SEA_PIT,2025-09-14,00-0040648,Tory Horton,WR,SEA,PIT,11.2
2025,2,2025_02_SEA_PIT,2025-09-14,00-0035640,DK Metcalf,WR,PIT,SEA,11.0
2025,2,2025_02_SEA_PIT,2025-09-14,00-0039793,AJ Barner,TE,SEA,PIT,10.8
2025,2,2025_02_SEA_PIT,2025-09-14,00-0023459,Aaron Rodgers,QB,PIT,SEA,10.420000000000002
2025,2,2025_02_SEA_PIT,2025-09-14,00-0033858,Jonnu Smith,TE,PIT,SEA,6.7
2025,2,2025_02_SEA_PIT,2025-09-14,00-0036919,Kenny Gainwell,RB,PIT,SEA,6.6
2025,2,2025_02_SEA_PIT,2025-09-14,00-0036894,Pat Freiermuth,TE,PIT,SEA,6.1
2025,2,2025_02_SEA_PIT,2025-09-14,00-0039299,George Holani,RB,SEA,PIT,6.0
2025,2,2025_02_SEA_PIT,2025-09-14,00-0040739,Elijah Arroyo,TE,SEA,PIT,5.1
2025,2,2025_02_SEA_PIT,2025-09-14,00-0037837,Calvin Austin III,WR,PIT,SEA,3.2
2025,2,2025_02_SEA_PIT,2025-09-14,00-0038558,Darnell Washington,TE,PIT,SEA,2.0
2025,2,2025_02_SEA_PIT,2025-09-14,00-0039739,Roman Wilson,WR,PIT,SEA,1.7000000000000002
2025,2,2025_02_SEA_PIT,2025-09-14,00-0039165,Zach Charbonnet,RB,SEA,PIT,1.0
2025,2,2025_02_SEA_PIT,2025-09-14,00-0034771,Mason Rudolph,QB,PIT,SEA,0.48
2025,2,2025_02_SEA_PIT,2025-09-14,00-0040142,Kaleb Johnson,RB,PIT,SEA,0.1
2025,2,2025_02_SEA_PIT,2025-09-14,00-0036862,Ben Skowronek,WR,PIT,SEA,0.0
2025,2,2025_02_SEA_PIT,2025-09-14,00-0038488,Brady Russell,RB,SEA,PIT,0.0
2025,2,2025_02_SEA_PIT,2025-09-14,00-0037093,Dareke Young,WR,SEA,PIT,0.0
2025,2,2025_02_SEA_PIT,2025-09-14,00-0033576,Eric Saubert,TE,SEA,PIT,0.0
2025,2,2025_02_SEA_PIT,2025-09-14,00-0040649,Robbie Ouzts,RB,SEA,PIT,0.0
2025,2,2025_02_SF_NO,2025-09-14,00-0033280,Christian McCaffrey,RB,SF,NO,22.700000000000003
2025,2,2025_02_SF_NO,2025-09-14,00-0036972,Mac Jones,QB,SF,NO,21.76
2025,2,2025_02_SF_NO,2025-09-14,00-0039376,Spencer Rattler,QB,NO,SF,21.68
2025,2,2025_02_SF_NO,2025-09-14,00-0036259,Jauan Jennings,WR,SF,NO,19.9
2025,2,2025_02_SF_NO,2025-09-14,00-0033906,Alvin Kamara,RB,NO,SF,16.0
2025,2,2025_02_SF_NO,2025-09-14,00-0036040,Juwan Johnson,TE,NO,SF,15.9
2025,2,2025_02_SF_NO,2025-09-14,00-0037545,Rashid Shaheed,WR,NO,SF,15.2
2025,2,2025_02_SF_NO,2025-09-14,00-0037239,Chris Olave,WR,NO,SF,11.4
2025,2,2025_02_SF_NO,2025-09-14,00-0036887,Luke Farrell,TE,SF,NO,9.5
2025,2,2025_02_SF_NO,2025-09-14,00-0039916,Ricky Pearsall,WR,SF,NO,9.2
2025,2,2025_02_SF_NO,2025-09-14,00-0039424,Devaughn Vele,WR,NO,SF,7.3
2025,2,2025_02_SF_NO,2025-09-14,00-0037112,Jake Tonges,TE,SF,NO,7.1
2025,2,2025_02_SF_NO,2025-09-14,00-0033307,Kendrick Bourne,WR,SF,NO,6.2
2025,2,2025_02_SF_NO,2025-09-14,00-0031236,Brandin Cooks,WR,NO,SF,4.6
2025,2,2025_02_SF_NO,2025-09-14,00-0037746,Brian Robinson,RB,SF,NO,2.9000000000000004
2025,2,2025_02_SF_NO,2025-09-14,00-0038551,Kendre Miller,RB,NO,SF,2.0
2025,2,2025_02_SF_NO,2025-09-14,00-0038643,Brayden Willis,TE,SF,NO,0.0
2025,2,2025_02_SF_NO,2025-09-14,00-0039363,Isaac Guerendo,RB,SF,NO,0.0
2025,2,2025_02_SF_NO,2025-09-14,00-0034272,Marquez Valdes-Scantling,WR,SF,NO,0.0
2025,2,2025_02_SF_NO,2025-09-14,00-0038090,Skyy Moore,WR,SF,NO,0.0
2025,2,2025_02_TB_HOU,2025-09-15,00-0034855,Baker Mayfield,QB,TB,HOU,19.900000000000002
2025,2,2025_02_TB_HOU,2025-09-15,00-0039361,Bucky Irving,RB,TB,HOU,18.1
2025,2,2025_02_TB_HOU,2025-09-15,00-0034791,Nick Chubb,RB,HOU,TB,15.2
2025,2,2025_02_TB_HOU,2025-09-15,00-0039163,C.J. Stroud,QB,HOU,TB,14.98
2025,2,2025_02_TB_HOU,2025-09-15,00-0037256,Rachaad White,RB,TB,HOU,14.600000000000001
2025,2,2025_02_TB_HOU,2025-09-15,00-0036554,Nico Collins,WR,HOU,TB,14.2
2025,2,2025_02_TB_HOU,2025-09-15,00-0040129,Emeka Egbuka,WR,TB,HOU,12.9
2025,2,2025_02_TB_HOU,2025-09-15,00-0031408,Mike Evans,WR,TB,HOU,10.600000000000001
2025,2,2025_02_TB_HOU,2025-09-15,00-0038824,Ryan Miller,WR,TB,HOU,9.0
2025,2,2025_02_TB_HOU,2025-09-15,00-0032385,Sterling Shepard,WR,TB,HOU,7.4
2025,2,2025_02_TB_HOU,2025-09-15,00-0040583,Woody Marks,RB,HOU,TB,6.1000000000000005
2025,2,2025_02_TB_HOU,2025-09-15,00-0034383,Dalton Schultz,TE,HOU,TB,5.9
2025,2,2025_02_TB_HOU,2025-09-15,00-0038129,Cade Otton,TE,TB,HOU,5.5
2025,2,2025_02_TB_HOU,2025-09-15,00-0038618,Xavier Hutchinson,WR,HOU,TB,4.9
2025,2,2025_02_TB_HOU,2025-09-15,00-0040130,Jayden Higgins,WR,HOU,TB,3.8000000000000003
2025,2,2025_02_TB_HOU,2025-09-15,00-0034386,Justin Watson,WR,HOU,TB,1.3
2025,2,2025_02_TB_HOU,2025-09-15,00-0033854,Dare Ogunbowale,RB,HOU,TB,0.0
2025,2,2025_02_TB_HOU,2025-09-15,00-0036232,Harrison Bryant,TE,HOU,TB,0.0
2025,2,2025_02_TB_HOU,2025-09-15,00-0035726,Jakob Johnson,RB,HOU,TB,0.0
2025,2,2025_02_TB_HOU,2025-09-15,00-0040138,Jaylin Noel,WR,HOU,TB,0.0
2025,2,2025_02_TB_HOU,2025-09-15,00-0039589,Kameron Johnson,WR,TB,HOU,0.0
2025,2,2025_02_TB_HOU,2025-09-15,00-0039050,Payne Durham,TE,TB,HOU,0.0
2025,2,2025_02_TB_HOU,2025-09-15,00-0038951,Sean Tucker,RB,TB,HOU,0.0
2025,2,2025_02_WAS_GB,2025-09-11,00-0038996,Tucker Kraft,TE,GB,WAS,24.4
2025,2,2025_02_WAS_GB,2025-09-11,00-0036264,Jordan Love,QB,GB,WAS,20.88
2025,2,2025_02_WAS_GB,2025-09-11,00-0039910,Jayden Daniels,QB,WAS,GB,19.7
2025,2,2025_02_WAS_GB,2025-09-11,00-0030061,Zach Ertz,TE,WAS,GB,18.4
2025,2,2025_02_WAS_GB,2025-09-11,00-0035719,Deebo Samuel Sr.,WR,WAS,GB,17.4
2025,2,2025_02_WAS_GB,2025-09-11,00-0035700,Josh Jacobs,RB,GB,WAS,14.4
2025,2,2025_02_WAS_GB,2025-09-11,00-0037816,Romeo Doubs,WR,GB,WAS,11.8
2025,2,2025_02_WAS_GB,2025-09-11,00-0035659,Terry McLaurin,WR,WAS,GB,9.8
2025,2,2025_02_WAS_GB,2025-09-11,00-0038393,Dontayvion Wicks,WR,GB,WAS,8.4
2025,2,2025_02_WAS_GB,2025-09-11,00-0038685,Chris Brooks,RB,GB,WAS,5.7
2025,2,2025_02_WAS_GB,2025-09-11,00-0039144,Luke Musgrave,TE,GB,WAS,5.2
2025,2,2025_02_WAS_GB,2025-09-11,00-0039355,Luke McCaffrey,WR,WAS,GB,4.9
2025,2,2025_02_WAS_GB,2025-09-11,00-0038465,Malik Heath,WR,GB,WAS,4.7
2025,2,2025_02_WAS_GB,2025-09-11,00-0033699,Austin Ekeler,RB,WAS,GB,4.4
2025,2,2025_02_WAS_GB,2025-09-11,00-0040009,Savion Williams,WR,GB,WAS,2.4000000000000004
2025,2,2025_02_WAS_GB,2025-09-11,00-0033591,Noah Brown,WR,WAS,GB,1.9
2025,2,2025_02_WAS_GB,2025-09-11,00-0039912,Ben Sinnott,TE,WAS,GB,1.7000000000000002
2025,2,2025_02_WAS_GB,2025-09-11,00-0040242,Jacory Croskey-Merritt,RB,WAS,GB,1.7000000000000002
2025,2,2025_02_WAS_GB,2025-09-11,00-0040667,Matthew Golden,WR,GB,WAS,1.5
2025,2,2025_02_WAS_GB,2025-09-11,00-0040164,Jaylin Lane,WR,WAS,GB,1.2
2025,2,2025_02_WAS_GB,2025-09-11,00-0038797,Emanuel Wilson,RB,GB,WAS,0.0
2025,2,2025_02_WAS_GB,2025-09-11,00-0037306,John FitzPatrick,TE,GB,WAS,0.0
2025,3,2025_03_ARI_SF,2025-09-21,00-0033280,Christian McCaffrey,RB,SF,ARI,24.0
2025,3,2025_03_ARI_SF,2025-09-21,00-0039916,Ricky Pearsall,WR,SF,ARI,19.700000000000003
2025,3,2025_03_ARI_SF,2025-09-21,00-0037744,Trey McBride,TE,ARI,SF,15.3
2025,3,2025_03_ARI_SF,2025-09-21,00-0035228,Kyler Murray,QB,ARI,SF,14.059999999999999
2025,3,2025_03_ARI_SF,2025-09-21,00-0036972,Mac Jones,QB,SF,ARI,13.26
2025,3,2025_03_ARI_SF,2025-09-21,00-0039921,Trey Benson,RB,ARI,SF,8.100000000000001
2025,3,2025_03_ARI_SF,2025-09-21,00-0033307,Kendrick Bourne,WR,SF,ARI,7.800000000000001
2025,3,2025_03_ARI_SF,2025-09-21,00-0039849,Marvin Harrison Jr.,WR,ARI,SF,7.4
2025,3,2025_03_ARI_SF,2025-09-21,00-0033553,James Conner,RB,ARI,SF,6.7
2025,3,2025_03_ARI_SF,2025-09-21,00-0033891,Zay Jones,WR,ARI,SF,4.5
2025,3,2025_03_ARI_SF,2025-09-21,00-0037112,Jake Tonges,TE,SF,ARI,4.1
2025,3,2025_03_ARI_SF,2025-09-21,00-0035500,Greg Dortch,WR,ARI,SF,2.8
2025,3,2025_03_ARI_SF,2025-09-21,00-0039737,Tip Reiman,TE,ARI,SF,2.8
2025,3,2025_03_ARI_SF,2025-09-21,00-0037746,Brian Robinson,RB,SF,ARI,2.2
2025,3,2025_03_ARI_SF,2025-09-21,00-0038090,Skyy Moore,WR,SF,ARI,2.0
2025,3,2025_03_ARI_SF,2025-09-21,00-0034272,Marquez Valdes-Scantling,WR,SF,ARI,1.9
2025,3,2025_03_ARI_SF,2025-09-21,00-0039041,Elijah Higgins,TE,ARI,SF,1.7000000000000002
2025,3,2025_03_ARI_SF,2025-09-21,00-0038559,Michael Wilson,WR,ARI,SF,1.5
2025,3,2025_03_ARI_SF,2025-09-21,00-0038643,Brayden Willis,TE,SF,ARI,0.0
2025,3,2025_03_ARI_SF,2025-09-21,00-0038705,Emari Demercado,RB,ARI,SF,0.0
2025,3,2025_03_ARI_SF,2025-09-21,00-0039363,Isaac Guerendo,RB,SF,ARI,0.0
2025,3,2025_03_ARI_SF,2025-09-21,00-0036646,Simi Fehoko,WR,ARI,SF,0.0
2025,3,2025_03_ATL_CAR,2025-09-21,00-0038542,Bijan Robinson,RB,ATL,CAR,16.1
2025,3,2025_03_ATL_CAR,2025-09-21,00-0039150,Bryce Young,QB,CAR,ATL,11.64
2025,3,2025_03_ATL_CAR,2025-09-21,00-0036139,Rico Dowdle,RB,CAR,ATL,10.8
2025,3,2025_03_ATL_CAR,2025-09-21,00-0037238,Drake London,WR,ATL,CAR,10.5
2025,3,2025_03_ATL_CAR,2025-09-21,00-0036555,Chuba Hubbard,RB,CAR,ATL,9.600000000000001
2025,3,2025_03_ATL_CAR,2025-09-21,00-0036309,Darnell Mooney,WR,ATL,CAR,8.4
2025,3,2025_03_ATL_CAR,2025-09-21,00-0036970,Kyle Pitts,TE,ATL,CAR,7.9
2025,3,2025_03_ATL_CAR,2025-09-21,00-0040124,Tetairoa McMillan,WR,CAR,ATL,7.800000000000001
2025,3,2025_03_ATL_CAR,2025-09-21,00-0034407,Ray-Ray McCloud,WR,ATL,CAR,4.0
2025,3,2025_03_ATL_CAR,2025-09-21,00-0039917,Michael Penix Jr.,QB,ATL,CAR,3.78
2025,3,2025_03_ATL_CAR,2025-09-21,00-0037005,Tommy Tremble,TE,CAR,ATL,3.6
2025,3,2025_03_ATL_CAR,2025-09-21,00-0038840,Brycen Tremayne,WR,CAR,ATL,3.5
2025,3,2025_03_ATL_CAR,2025-09-21,00-0039356,Ja'Tavion Sanders,TE,CAR,ATL,3.1
2025,3,2025_03_ATL_CAR,2025-09-21,00-0040547,Nate Carter,RB,ATL,CAR,2.6000000000000005
2025,3,2025_03_ATL_CAR,2025-09-21,00-0034983,Hunter Renfrow,WR,CAR,ATL,2.6
2025,3,2025_03_ATL_CAR,2025-09-21,00-0035359,David Sills,WR,ATL,CAR,1.9
2025,3,2025_03_ATL_CAR,2025-09-21,00-0040187,Mitchell Evans,TE,CAR,ATL,1.9
2025,3,2025_03_ATL_CAR,2025-09-21,00-0033589,David Moore,WR,CAR,ATL,1.5
2025,3,2025_03_ATL_CAR,2025-09-21,00-0037263,Tyler Allgeier,RB,ATL,CAR,1.4
2025,3,2025_03_ATL_CAR,2025-09-21,00-0029604,Kirk Cousins,QB,ATL,CAR,1.16
2025,3,2025_03_ATL_CAR,2025-09-21,00-0036429,Charlie Woerner,TE,ATL,CAR,0.5
2025,3,2025_03_ATL_CAR,2025-09-21,00-0040629,Dalevon Campbell,WR,CAR,ATL,0.0
2025,3,2025_03_ATL_CAR,2025-09-21,00-0040644,Trevor Etienne,RB,CAR,ATL,0.0
2025,3,2025_03_ATL_CAR,2025-09-21,00-0027973,Andy Dalton,QB,CAR,ATL,-0.1
2025,3,2025_03_CIN_MIN,2025-09-21,00-0037525,Jordan Mason,RB,MIN,CIN,23.6
2025,3,2025_03_CIN_MIN,2025-09-21,00-0035229,T.J. Hockenson,TE,MIN,CIN,15.9
2025,3,2025_03_CIN_MIN,2025-09-21,00-0032950,Carson Wentz,QB,MIN,CIN,15.32
2025,3,2025_03_CIN_MIN,2025-09-21,00-0036322,Justin Jefferson,WR,MIN,CIN,12.5
2025,3,2025_03_CIN_MIN,2025-09-21,00-0035631,Drew Sample,TE,CIN,MIN,10.0
2025,3,2025_03_CIN_MIN,2025-09-21,00-0036900,Ja'Marr Chase,WR,CIN,MIN,8.9
2025,3,2025_03_CIN_MIN,2025-09-21,00-0035249,Josh Oliver,TE,MIN,CIN,8.2
2025,3,2025_03_CIN_MIN,2025-09-21,00-0037291,Jalen Nailor,WR,MIN,CIN,6.7
2025,3,2025_03_CIN_MIN,2025-09-21,00-0038597,Chase Brown,RB,CIN,MIN,6.0
2025,3,2025_03_CIN_MIN,2025-09-21,00-0038440,Zavier Scott,RB,MIN,CIN,6.0
2025,3,2025_03_CIN_MIN,2025-09-21,00-0035100,Jake Browning,QB,CIN,MIN,5.900000000000001
2025,3,2025_03_CIN_MIN,2025-09-21,00-0035644,Noah Fant,TE,CIN,MIN,5.6
2025,3,2025_03_CIN_MIN,2025-09-21,00-0036410,Tee Higgins,WR,CIN,MIN,2.5
2025,3,2025_03_CIN_MIN,2025-09-21,00-0036414,Cam Akers,RB,MIN,CIN,1.9000000000000001
2025,3,2025_03_CIN_MIN,2025-09-21,00-0040154,Tai Felton,WR,MIN,CIN,1.9
2025,3,2025_03_CIN_MIN,2025-09-21,00-0040208,Tahj Brooks,RB,CIN,MIN,1.7000000000000002
2025,3,2025_03_CIN_MIN,2025-09-21,00-0039631,Cam Grandy,TE,CIN,MIN,1.6
2025,3,2025_03_CIN_MIN,2025-09-21,00-0034829,Mike Gesicki,TE,CIN,MIN,1.6
2025,3,2025_03_CIN_MIN,2025-09-21,00-0040494,Max Brosmer,QB,MIN,CIN,1.16
2025,3,2025_03_CIN_MIN,2025-09-21,00-0033526,Samaje Perine,RB,CIN,MIN,0.10000000000000009
2025,3,2025_03_CIN_MIN,2025-09-21,00-0030035,Adam Thielen,WR,MIN,CIN,0.0
2025,3,2025_03_CIN_MIN,2025-09-21,00-0040509,Ben Yurosek,TE,MIN,CIN,0.0
2025,3,2025_03_CIN_MIN,2025-09-21,00-0034955,Brett Rypien,QB,CIN,MIN,0.0
2025,3,2025_03_CIN_MIN,2025-09-21,00-0038576,Charlie Jones,WR,CIN,MIN,0.0
2025,3,2025_03_CIN_MIN,2025-09-21,00-0038839,Mitchell Tinsley,WR,CIN,MIN,0.0
2025,3,2025_03_CIN_MIN,2025-09-21,00-0040506,Myles Price,WR,MIN,CIN,0.0
2025,3,2025_03_DAL_CHI,2025-09-21,00-0039918,Caleb Williams,QB,CHI,DAL,29.12
2025,3,2025_03_DAL_CHI,2025-09-21,00-0038041,Jake Ferguson,TE,DAL,CHI,21.200000000000003
2025,3,2025_03_DAL_CHI,2025-09-21,00-0040735,Luther Burden III,WR,CHI,DAL,19.8
2025,3,2025_03_DAL_CHI,2025-09-21,00-0037247,George Pickens,WR,DAL,CHI,17.8
2025,3,2025_03_DAL_CHI,2025-09-21,00-0039919,Rome Odunze,WR,CHI,DAL,15.2
2025,3,2025_03_DAL_CHI,2025-09-21,00-0034827,DJ Moore,WR,CHI,DAL,12.8
2025,3,2025_03_DAL_CHI,2025-09-21,00-0036997,Javonte Williams,RB,DAL,CHI,12.200000000000001
2025,3,2025_03_DAL_CHI,2025-09-21,00-0033077,Dak Prescott,QB,DAL,CHI,12.040000000000001
2025,3,2025_03_DAL_CHI,2025-09-21,00-0036275,D'Andre Swift,RB,CHI,DAL,10.8
2025,3,2025_03_DAL_CHI,2025-09-21,00-0037801,KaVontae Turpin,WR,DAL,CHI,8.8
2025,3,2025_03_DAL_CHI,2025-09-21,00-0035243,Miles Sanders,RB,DAL,CHI,8.3
2025,3,2025_03_DAL_CHI,2025-09-21,00-0036290,Cole Kmet,TE,CHI,DAL,8.0
2025,3,2025_03_DAL_CHI,2025-09-21,00-0037666,Jalen Tolbert,WR,DAL,CHI,7.4
2025,3,2025_03_DAL_CHI,2025-09-21,00-0035208,Olamide Zaccheaus,WR,CHI,DAL,6.6
2025,3,2025_03_DAL_CHI,2025-09-21,00-0040126,Colston Loveland,TE,CHI,DAL,4.1
2025,3,2025_03_DAL_CHI,2025-09-21,00-0039410,Ryan Flournoy,WR,DAL,CHI,4.1
2025,3,2025_03_DAL_CHI,2025-09-21,00-0040236,Kyle Monangai,RB,CHI,DAL,3.0
2025,3,2025_03_DAL_CHI,2025-09-21,00-0038547,Luke Schoonmaker,TE,DAL,CHI,1.5
2025,3,2025_03_DAL_CHI,2025-09-21,00-0039530,Brevyn Spann-Ford,TE,DAL,CHI,0.0
2025,3,2025_03_DAL_CHI,2025-09-21,00-0036331,Devin Duvernay,WR,CHI,DAL,0.0
2025,3,2025_03_DAL_CHI,2025-09-21,00-0039021,Roschon Johnson,RB,CHI,DAL,0.0
2025,3,2025_03_DAL_CHI,2025-09-21,00-0039398,Joe Milton III,QB,DAL,CHI,-0.3599999999999999
2025,3,2025_03_DEN_LAC,2025-09-21,00-0040666,Omarion Hampton,RB,LAC,DEN,24.9
2025,3,2025_03_DEN_LAC,2025-09-21,00-0034348,Courtland Sutton,WR,DEN,LAC,23.8
2025,3,2025_03_DEN_LAC,2025-09-21,00-0030279,Keenan Allen,WR,LAC,DEN,19.5
2025,3,2025_03_DEN_LAC,2025-09-21,00-0036158,J.K. Dobbins,RB,DEN,LAC,15.3
2025,3,2025_03_DEN_LAC,2025-09-21,00-0038544,Quentin Johnston,WR,LAC,DEN,14.9
2025,3,2025_03_DEN_LAC,2025-09-21,00-0036355,Justin Herbert,QB,LAC,DEN,14.6
2025,3,2025_03_DEN_LAC,2025-09-21,00-0039732,Bo Nix,QB,DEN,LAC,13.420000000000002
2025,3,2025_03_DEN_LAC,2025-09-21,00-0040189,Oronde Gadsden II,TE,LAC,DEN,9.600000000000001
2025,3,2025_03_DEN_LAC,2025-09-21,00-0039915,Ladd McConkey,WR,LAC,DEN,8.100000000000001
2025,3,2025_03_DEN_LAC,2025-09-21,00-0040730,RJ Harvey,RB,DEN,LAC,4.6
2025,3,2025_03_DEN_LAC,2025-09-21,00-0036893,Najee Harris,RB,LAC,DEN,2.8000000000000003
2025,3,2025_03_DEN_LAC,2025-09-21,00-0039868,Troy Franklin,WR,DEN,LAC,2.8
2025,3,2025_03_DEN_LAC,2025-09-21,00-0037539,Lucas Krull,TE,DEN,LAC,1.9
2025,3,2025_03_DEN_LAC,2025-09-21,00-0038976,Marvin Mims Jr.,WR,DEN,LAC,1.4
2025,3,2025_03_DEN_LAC,2025-09-21,00-0038573,Derius Davis,WR,LAC,DEN,0.2
2025,3,2025_03_DEN_LAC,2025-09-21,00-0036422,Adam Trautman,TE,DEN,LAC,0.0
2025,3,2025_03_DEN_LAC,2025-09-21,00-0037617,Hassan Haskins,RB,LAC,DEN,0.0
2025,3,2025_03_DEN_LAC,2025-09-21,00-0040727,Tre Harris,WR,LAC,DEN,0.0
2025,3,2025_03_DEN_LAC,2025-09-21,00-0037654,Tucker Fisk,TE,LAC,DEN,0.0
2025,3,2025_03_DEN_LAC,2025-09-21,00-0037085,Tyler Badie,RB,DEN,LAC,0.0
2025,3,2025_03_DEN_LAC,2025-09-21,00-0034270,Tyler Conklin,TE,LAC,DEN,0.0
2025,3,2025_03_DET_BAL,2025-09-22,00-0035685,David Montgomery,RB,DET,BAL,29.400000000000002
2025,3,2025_03_DET_BAL,2025-09-22,00-0034753,Mark Andrews,TE,BAL,DET,27.1
2025,3,2025_03_DET_BAL,2025-09-22,00-0034796,Lamar Jackson,QB,BAL,DET,27.02
2025,3,2025_03_DET_BAL,2025-09-22,00-0039139,Jahmyr Gibbs,RB,DET,BAL,26.9
2025,3,2025_03_DET_BAL,2025-09-22,00-0036963,Amon-Ra St. Brown,WR,DET,BAL,20.7
2025,3,2025_03_DET_BAL,2025-09-22,00-0036550,Rashod Bateman,WR,BAL,DET,17.3
2025,3,2025_03_DET_BAL,2025-09-22,00-0033106,Jared Goff,QB,DET,BAL,12.68
2025,3,2025_03_DET_BAL,2025-09-22,00-0032764,Derrick Henry,RB,BAL,DET,10.7
2025,3,2025_03_DET_BAL,2025-09-22,00-0034975,Justice Hill,RB,BAL,DET,7.5
2025,3,2025_03_DET_BAL,2025-09-22,00-0039065,Sam LaPorta,TE,DET,BAL,7.300000000000001
2025,3,2025_03_DET_BAL,2025-09-22,00-0037240,Jameson Williams,WR,DET,BAL,6.3
2025,3,2025_03_DET_BAL,2025-09-22,00-0039792,Devontez Walker,WR,BAL,DET,4.4
2025,3,2025_03_DET_BAL,2025-09-22,00-0038046,Charlie Kolar,TE,BAL,DET,4.2
2025,3,2025_03_DET_BAL,2025-09-22,00-0039064,Zay Flowers,WR,BAL,DET,3.3
2025,3,2025_03_DET_BAL,2025-09-22,00-0030564,DeAndre Hopkins,WR,BAL,DET,2.3
2025,3,2025_03_DET_BAL,2025-09-22,00-0032464,Kalif Raymond,WR,DET,BAL,1.4
2025,3,2025_03_DET_BAL,2025-09-22,00-0040669,Isaac TeSlaa,WR,DET,BAL,0.0
2025,3,2025_03_DET_BAL,2025-09-22,00-0038896,Jacob Saylors,RB,DET,BAL,0.0
2025,3,2025_03_DET_BAL,2025-09-22,00-0040075,LaJohntay Wester,WR,BAL,DET,0.0
2025,3,2025_03_DET_BAL,2025-09-22,00-0039796,Rasheen Ali,RB,BAL,DET,0.0
2025,3,2025_03_DET_BAL,2025-09-22,00-0039364,Sione Vaki,RB,DET,BAL,0.0
2025,3,2025_03_DET_BAL,2025-09-22,00-0036630,Tylan Wallace,WR,BAL,DET,0.0
2025,3,2025_03_GB_CLE,2025-09-21,00-0040784,Quinshon Judkins,RB,CLE,GB,16.5
2025,3,2025_03_GB_CLE,2025-09-21,00-0035700,Josh Jacobs,RB,GB,CLE,12.4
2025,3,2025_03_GB_CLE,2025-09-21,00-0036264,Jordan Love,QB,GB,CLE,11.120000000000001
2025,3,2025_03_GB_CLE,2025-09-21,00-0040667,Matthew Golden,WR,GB,CLE,10.100000000000001
2025,3,2025_03_GB_CLE,2025-09-21,00-0037306,John FitzPatrick,TE,GB,CLE,9.2
2025,3,2025_03_GB_CLE,2025-09-21,00-0033885,David Njoku,TE,CLE,GB,9.0
2025,3,2025_03_GB_CLE,2025-09-21,00-0038996,Tucker Kraft,TE,GB,CLE,5.9
2025,3,2025_03_GB_CLE,2025-09-21,00-0038979,Cedric Tillman,WR,CLE,GB,5.6
2025,3,2025_03_GB_CLE,2025-09-21,00-0040663,Harold Fannin Jr.,TE,CLE,GB,5.5
2025,3,2025_03_GB_CLE,2025-09-21,00-0037267,Jerome Ford,RB,CLE,GB,5.0
2025,3,2025_03_GB_CLE,2025-09-21,00-0037816,Romeo Doubs,WR,GB,CLE,4.5
2025,3,2025_03_GB_CLE,2025-09-21,00-0038393,Dontayvion Wicks,WR,GB,CLE,4.1
2025,3,2025_03_GB_CLE,2025-09-21,00-0026158,Joe Flacco,QB,CLE,GB,3.6799999999999997
2025,3,2025_03_GB_CLE,2025-09-21,00-0040782,Isaiah Bond,WR,CLE,GB,3.6
2025,3,2025_03_GB_CLE,2025-09-21,00-0039379,Jamari Thrash,WR,CLE,GB,2.7
2025,3,2025_03_GB_CLE,2025-09-21,00-0036407,Jerry Jeudy,WR,CLE,GB,2.7
2025,3,2025_03_GB_CLE,2025-09-21,00-0038797,Emanuel Wilson,RB,GB,CLE,2.5
2025,3,2025_03_GB_CLE,2025-09-21,00-0040162,Dylan Sampson,RB,CLE,GB,0.2
2025,3,2025_03_GB_CLE,2025-09-21,00-0038710,Blake Whiteheart,TE,CLE,GB,0.0
2025,3,2025_03_GB_CLE,2025-09-21,00-0038685,Chris Brooks,RB,GB,CLE,0.0
2025,3,2025_03_GB_CLE,2025-09-21,00-0031763,DeAndre Carter,WR,CLE,GB,0.0
2025,3,2025_03_GB_CLE,2025-09-21,00-0037380,Kaden Davis,WR,CLE,GB,0.0
2025,3,2025_03_GB_CLE,2025-09-21,00-0038465,Malik Heath,WR,GB,CLE,0.0
2025,3,2025_03_GB_CLE,2025-09-21,00-0040009,Savion Williams,WR,GB,CLE,-0.1
2025,3,2025_03_HOU_JAX,2025-09-21,00-0036554,Nico Collins,WR,HOU,JAX,22.4
2025,3,2025_03_HOU_JAX,2025-09-21,00-0038935,Brenton Strange,TE,JAX,HOU,12.100000000000001
2025,3,2025_03_HOU_JAX,2025-09-21,00-0036973,Travis Etienne,RB,JAX,HOU,11.600000000000001
2025,3,2025_03_HOU_JAX,2025-09-21,00-0039163,C.J. Stroud,QB,HOU,JAX,10.36
2025,3,2025_03_HOU_JAX,2025-09-21,00-0034383,Dalton Schultz,TE,HOU,JAX,8.9
2025,3,2025_03_HOU_JAX,2025-09-21,00-0040719,Bhayshul Tuten,RB,JAX,HOU,8.1
2025,3,2025_03_HOU_JAX,2025-09-21,00-0036971,Trevor Lawrence,QB,JAX,HOU,7.780000000000001
2025,3,2025_03_HOU_JAX,2025-09-21,00-0039893,Brian Thomas Jr.,WR,JAX,HOU,7.5
2025,3,2025_03_HOU_JAX,2025-09-21,00-0038606,Parker Washington,WR,JAX,HOU,7.4
2025,3,2025_03_HOU_JAX,2025-09-21,00-0034791,Nick Chubb,RB,HOU,JAX,7.0
2025,3,2025_03_HOU_JAX,2025-09-21,00-0034775,Christian Kirk,WR,HOU,JAX,5.5
2025,3,2025_03_HOU_JAX,2025-09-21,00-0040583,Woody Marks,RB,HOU,JAX,4.6
2025,3,2025_03_HOU_JAX,2025-09-21,00-0038618,Xavier Hutchinson,WR,HOU,JAX,4.6
2025,3,2025_03_HOU_JAX,2025-09-21,00-0037004,Hunter Long,TE,JAX,HOU,3.2
2025,3,2025_03_HOU_JAX,2025-09-21,00-0036626,Dyami Brown,WR,JAX,HOU,2.7
2025,3,2025_03_HOU_JAX,2025-09-21,00-0033375,Tim Patrick,WR,JAX,HOU,2.6
2025,3,2025_03_HOU_JAX,2025-09-21,00-0040238,LeQuint Allen Jr.,RB,JAX,HOU,1.9
2025,3,2025_03_HOU_JAX,2025-09-21,00-0033246,Johnny Mundt,TE,JAX,HOU,1.7000000000000002
2025,3,2025_03_HOU_JAX,2025-09-21,00-0040130,Jayden Higgins,WR,HOU,JAX,1.5
2025,3,2025_03_HOU_JAX,2025-09-21,00-0040138,Jaylin Noel,WR,HOU,JAX,1.4
2025,3,2025_03_HOU_JAX,2025-09-21,00-0033854,Dare Ogunbowale,RB,HOU,JAX,0.0
2025,3,2025_03_HOU_JAX,2025-09-21,00-0035726,Jakob Johnson,RB,HOU,JAX,0.0
2025,3,2025_03_IND_TEN,2025-09-21,00-0036223,Jonathan Taylor,RB,IND,TEN,32.8
2025,3,2025_03_IND_TEN,2025-09-21,00-0036252,Michael Pittman,WR,IND,TEN,19.3
2025,3,2025_03_IND_TEN,2025-09-21,00-0035710,Daniel Jones,QB,IND,TEN,15.82
2025,3,2025_03_IND_TEN,2025-09-21,00-0035261,Tony Pollard,RB,TEN,IND,13.9
2025,3,2025_03_IND_TEN,2025-09-21,00-0040170,Elic Ayomanor,WR,TEN,IND,13.8
2025,3,2025_03_IND_TEN,2025-09-21,00-0040676,Cam Ward,QB,TEN,IND,11.96
2025,3,2025_03_IND_TEN,2025-09-21,00-0037809,Chig Okonkwo,TE,TEN,IND,11.600000000000001
2025,3,2025_03_IND_TEN,2025-09-21,00-0037664,Alec Pierce,WR,IND,TEN,10.7
2025,3,2025_03_IND_TEN,2025-09-21,00-0032211,Tyler Lockett,WR,TEN,IND,7.7
2025,3,2025_03_IND_TEN,2025-09-21,00-0040128,Tyler Warren,TE,IND,TEN,6.800000000000001
2025,3,2025_03_IND_TEN,2025-09-21,00-0040584,Gunnar Helm,TE,TEN,IND,5.7
2025,3,2025_03_IND_TEN,2025-09-21,00-0038997,Josh Downs,WR,IND,TEN,5.4
2025,3,2025_03_IND_TEN,2025-09-21,00-0034837,Calvin Ridley,WR,TEN,IND,3.7
2025,3,2025_03_IND_TEN,2025-09-21,00-0040705,Chimere Dike,WR,TEN,IND,3.5
2025,3,2025_03_IND_TEN,2025-09-21,00-0037594,Julius Chestnut,RB,TEN,IND,2.6
2025,3,2025_03_IND_TEN,2025-09-21,00-0036415,Van Jefferson,WR,TEN,IND,1.8
2025,3,2025_03_IND_TEN,2025-09-21,00-0037120,Tyler Goodson,RB,IND,TEN,0.6000000000000001
2025,3,2025_03_IND_TEN,2025-09-21,00-0040179,DJ Giddens,RB,IND,TEN,0.30000000000000004
2025,3,2025_03_IND_TEN,2025-09-21,00-0039890,Adonai Mitchell,WR,IND,TEN,0.0
2025,3,2025_03_IND_TEN,2025-09-21,00-0039816,Anthony Gould,WR,IND,TEN,0.0
2025,3,2025_03_IND_TEN,2025-09-21,00-0035021,Ashton Dulin,WR,IND,TEN,0.0
2025,3,2025_03_IND_TEN,2025-09-21,00-0039164,Anthony Richardson,QB,IND,TEN,-0.1
2025,3,2025_03_KC_NYG,2025-09-21,00-0040715,Cam Skattebo,RB,NYG,KC,24.1
2025,3,2025_03_KC_NYG,2025-09-21,00-0038104,Tyquan Thornton,WR,KC,NYG,18.1
2025,3,2025_03_KC_NYG,2025-09-21,00-0033873,Patrick Mahomes,QB,KC,NYG,13.16
2025,3,2025_03_KC_NYG,2025-09-21,00-0033923,Kareem Hunt,RB,KC,NYG,11.4
2025,3,2025_03_KC_NYG,2025-09-21,00-0033857,JuJu Smith-Schuster,WR,KC,NYG,9.5
2025,3,2025_03_KC_NYG,2025-09-21,00-0035662,Marquise Brown,WR,KC,NYG,8.2
2025,3,2025_03_KC_NYG,2025-09-21,00-0035535,Darius Slayton,WR,NYG,KC,7.0
2025,3,2025_03_KC_NYG,2025-09-21,00-0030506,Travis Kelce,TE,KC,NYG,6.6
2025,3,2025_03_KC_NYG,2025-09-21,00-0037197,Isiah Pacheco,RB,KC,NYG,5.800000000000001
2025,3,2025_03_KC_NYG,2025-09-21,00-0039384,Tyrone Tracy Jr.,RB,NYG,KC,5.6
2025,3,2025_03_KC_NYG,2025-09-21,00-0029263,Russell Wilson,QB,NYG,KC,5.1000000000000005
2025,3,2025_03_KC_NYG,2025-09-21,00-0036637,Noah Gray,TE,KC,NYG,4.7
2025,3,2025_03_KC_NYG,2025-09-21,00-0038117,Wan'Dale Robinson,WR,NYG,KC,3.6
2025,3,2025_03_KC_NYG,2025-09-21,00-0039337,Malik Nabers,WR,NYG,KC,3.3
2025,3,2025_03_KC_NYG,2025-09-21,00-0039847,Theo Johnson,TE,NYG,KC,2.0
2025,3,2025_03_KC_NYG,2025-09-21,00-0031484,Chris Manhertz,TE,NYG,KC,1.7000000000000002
2025,3,2025_03_KC_NYG,2025-09-21,00-0038115,Daniel Bellinger,TE,NYG,KC,1.6
2025,3,2025_03_KC_NYG,2025-09-21,00-0040078,Brashard Smith,RB,KC,NYG,1.3
2025,3,2025_03_KC_NYG,2025-09-21,00-0035250,Devin Singletary,RB,NYG,KC,1.1
2025,3,2025_03_KC_NYG,2025-09-21,00-0038519,Nikko Remigio,WR,KC,NYG,1.1
2025,3,2025_03_KC_NYG,2025-09-21,00-0040691,Jaxson Dart,QB,NYG,KC,0.30000000000000004
2025,3,2025_03_KC_NYG,2025-09-21,00-0035645,Gunner Olszewski,WR,NYG,KC,0.0
2025,3,2025_03_LA_PHI,2025-09-21,00-0036389,Jalen Hurts,QB,PHI,LA,29.04
2025,3,2025_03_LA_PHI,2025-09-21,00-0035676,A.J. Brown,WR,PHI,LA,22.9
2025,3,2025_03_LA_PHI,2025-09-21,00-0039075,Puka Nacua,WR,LA,PHI,22.8
2025,3,2025_03_LA_PHI,2025-09-21,00-0036912,DeVonta Smith,WR,PHI,LA,20.0
2025,3,2025_03_LA_PHI,2025-09-21,00-0037840,Kyren Williams,RB,LA,PHI,19.200000000000003
2025,3,2025_03_LA_PHI,2025-09-21,00-0031381,Davante Adams,WR,LA,PHI,14.600000000000001
2025,3,2025_03_LA_PHI,2025-09-21,00-0026498,Matthew Stafford,QB,LA,PHI,13.84
2025,3,2025_03_LA_PHI,2025-09-21,00-0034351,Dallas Goedert,TE,PHI,LA,10.3
2025,3,2025_03_LA_PHI,2025-09-21,00-0034844,Saquon Barkley,RB,PHI,LA,9.5
2025,3,2025_03_LA_PHI,2025-09-21,00-0039738,Blake Corum,RB,LA,PHI,5.300000000000001
2025,3,2025_03_LA_PHI,2025-09-21,00-0039751,Jordan Whittington,WR,LA,PHI,3.4000000000000004
2025,3,2025_03_LA_PHI,2025-09-21,00-0037614,John Metchie III,WR,PHI,LA,1.8
2025,3,2025_03_LA_PHI,2025-09-21,00-0037741,Jahan Dotson,WR,PHI,LA,1.7000000000000002
2025,3,2025_03_LA_PHI,2025-09-21,00-0039074,Davis Allen,TE,LA,PHI,1.3
2025,3,2025_03_LA_PHI,2025-09-21,00-0037086,Grant Calcaterra,TE,PHI,LA,0.0
2025,3,2025_03_LA_PHI,2025-09-21,00-0036876,Kylen Granson,TE,PHI,LA,0.0
2025,3,2025_03_LA_PHI,2025-09-21,00-0038555,Tank Bigsby,RB,PHI,LA,0.0
2025,3,2025_03_LA_PHI,2025-09-21,00-0036849,Tutu Atwell,WR,LA,PHI,0.0
2025,3,2025_03_LA_PHI,2025-09-21,00-0033110,Tyler Higbee,TE,LA,PHI,0.0
2025,3,2025_03_LA_PHI,2025-09-21,00-0038359,Xavier Smith,WR,LA,PHI,0.0
2025,3,2025_03_LV_WAS,2025-09-21,00-0038563,Tre Tucker,WR,LV,WAS,40.9
2025,3,2025_03_LV_WAS,2025-09-21,00-0030565,Geno Smith,QB,LV,WAS,26.060000000000002
2025,3,2025_03_LV_WAS,2025-09-21,00-0032268,Marcus Mariota,QB,WAS,LV,20.28
2025,3,2025_03_LV_WAS,2025-09-21,00-0039355,Luke McCaffrey,WR,WAS,LV,14.600000000000001
2025,3,2025_03_LV_WAS,2025-09-21,00-0033955,Jeremy McNichols,RB,WAS,LV,13.8
2025,3,2025_03_LV_WAS,2025-09-21,00-0035659,Terry McLaurin,WR,WAS,LV,10.4
2025,3,2025_03_LV_WAS,2025-09-21,00-0040242,Jacory Croskey-Merritt,RB,WAS,LV,10.1
2025,3,2025_03_LV_WAS,2025-09-21,00-0039338,Brock Bowers,TE,LV,WAS,9.8
2025,3,2025_03_LV_WAS,2025-09-21,00-0034960,Jakobi Meyers,WR,LV,WAS,9.3
2025,3,2025_03_LV_WAS,2025-09-21,00-0030061,Zach Ertz,TE,WAS,LV,6.800000000000001
2025,3,2025_03_LV_WAS,2025-09-21,00-0040164,Jaylin Lane,WR,WAS,LV,6.8
2025,3,2025_03_LV_WAS,2025-09-21,00-0040122,Ashton Jeanty,RB,LV,WAS,6.300000000000001
2025,3,2025_03_LV_WAS,2025-09-21,00-0035719,Deebo Samuel Sr.,WR,WAS,LV,4.9
2025,3,2025_03_LV_WAS,2025-09-21,00-0040581,Dont'e Thornton Jr.,WR,LV,WAS,4.9
2025,3,2025_03_LV_WAS,2025-09-21,00-0032398,Chris Moore,WR,WAS,LV,4.5
2025,3,2025_03_LV_WAS,2025-09-21,00-0038611,Chris Rodriguez Jr.,RB,WAS,LV,3.9000000000000004
2025,3,2025_03_LV_WAS,2025-09-21,00-0038040,Zamir White,RB,LV,WAS,3.3000000000000003
2025,3,2025_03_LV_WAS,2025-09-21,00-0040729,Jack Bech,WR,LV,WAS,2.0
2025,3,2025_03_LV_WAS,2025-09-21,00-0039407,Dylan Laube,RB,LV,WAS,0.2
2025,3,2025_03_LV_WAS,2025-09-21,00-0039686,Colson Yankoff,TE,WAS,LV,0.0
2025,3,2025_03_LV_WAS,2025-09-21,00-0039066,Michael Mayer,TE,LV,WAS,0.0
2025,3,2025_03_MIA_BUF,2025-09-18,00-0034857,Josh Allen,QB,BUF,MIA,23.02
2025,3,2025_03_MIA_BUF,2025-09-18,00-0037248,James Cook,RB,BUF,MIA,20.8
2025,3,2025_03_MIA_BUF,2025-09-18,00-0038933,Dalton Kincaid,TE,BUF,MIA,17.6
2025,3,2025_03_MIA_BUF,2025-09-18,00-0039040,De'Von Achane,RB,MIA,BUF,16.1
2025,3,2025_03_MIA_BUF,2025-09-18,00-0033040,Tyreek Hill,WR,MIA,BUF,15.9
2025,3,2025_03_MIA_BUF,2025-09-18,00-0036613,Jaylen Waddle,WR,MIA,BUF,14.9
2025,3,2025_03_MIA_BUF,2025-09-18,00-0037261,Khalil Shakir,WR,BUF,MIA,14.5
2025,3,2025_03_MIA_BUF,2025-09-18,00-0036212,Tua Tagovailoa,QB,MIA,BUF,12.84
2025,3,2025_03_MIA_BUF,2025-09-18,00-0040198,Ollie Gordon II,RB,MIA,BUF,9.8
2025,3,2025_03_MIA_BUF,2025-09-18,00-0040194,Jackson Hawes,TE,BUF,MIA,7.5
2025,3,2025_03_MIA_BUF,2025-09-18,00-0039880,Malik Washington,WR,MIA,BUF,6.2
2025,3,2025_03_MIA_BUF,2025-09-18,00-0036980,Elijah Moore,WR,BUF,MIA,6.1000000000000005
2025,3,2025_03_MIA_BUF,2025-09-18,00-0039901,Keon Coleman,WR,BUF,MIA,5.0
2025,3,2025_03_MIA_BUF,2025-09-18,00-0038679,Tyrell Shavers,WR,BUF,MIA,4.4
2025,3,2025_03_MIA_BUF,2025-09-18,00-0035537,Ty Johnson,RB,BUF,MIA,3.1
2025,3,2025_03_MIA_BUF,2025-09-18,00-0037348,Tanner Conner,TE,MIA,BUF,2.3
2025,3,2025_03_MIA_BUF,2025-09-18,00-0036988,Josh Palmer,WR,BUF,MIA,1.5
2025,3,2025_03_MIA_BUF,2025-09-18,00-0038720,Julian Hill,TE,MIA,BUF,1.4
2025,3,2025_03_MIA_BUF,2025-09-18,00-0036620,Dee Eskridge,WR,MIA,BUF,0.0
2025,3,2025_03_MIA_BUF,2025-09-18,00-0036182,Nick Westbrook-Ikhine,WR,MIA,BUF,0.0
2025,3,2025_03_MIA_BUF,2025-09-18,00-0039875,Ray Davis,RB,BUF,MIA,0.0
2025,3,2025_03_NO_SEA,2025-09-21,00-0038543,Jaxon Smith-Njigba,WR,SEA,NO,20.6
2025,3,2025_03_NO_SEA,2025-09-21,00-0040648,Tory Horton,WR,SEA,NO,18.2
2025,3,2025_03_NO_SEA,2025-09-21,00-0038134,Kenneth Walker III,RB,SEA,NO,18.0
2025,3,2025_03_NO_SEA,2025-09-21,00-0034869,Sam Darnold,QB,SEA,NO,16.72
2025,3,2025_03_NO_SEA,2025-09-21,00-0037239,Chris Olave,WR,NO,SEA,15.7
2025,3,2025_03_NO_SEA,2025-09-21,00-0039376,Spencer Rattler,QB,NO,SEA,11.72
2025,3,2025_03_NO_SEA,2025-09-21,00-0036040,Juwan Johnson,TE,NO,SEA,11.100000000000001
2025,3,2025_03_NO_SEA,2025-09-21,00-0036741,Jack Stoll,TE,NO,SEA,10.1
2025,3,2025_03_NO_SEA,2025-09-21,00-0037545,Rashid Shaheed,WR,NO,SEA,8.2
2025,3,2025_03_NO_SEA,2025-09-21,00-0033906,Alvin Kamara,RB,NO,SEA,6.6000000000000005
2025,3,2025_03_NO_SEA,2025-09-21,00-0038551,Kendre Miller,RB,NO,SEA,5.6
2025,3,2025_03_NO_SEA,2025-09-21,00-0031236,Brandin Cooks,WR,NO,SEA,5.4
2025,3,2025_03_NO_SEA,2025-09-21,00-0033908,Cooper Kupp,WR,SEA,NO,5.1
2025,3,2025_03_NO_SEA,2025-09-21,00-0039299,George Holani,RB,SEA,NO,4.2
2025,3,2025_03_NO_SEA,2025-09-21,00-0039793,AJ Barner,TE,SEA,NO,3.3000000000000003
2025,3,2025_03_NO_SEA,2025-09-21,00-0037093,Dareke Young,WR,SEA,NO,2.2
2025,3,2025_03_NO_SEA,2025-09-21,00-0033576,Eric Saubert,TE,SEA,NO,2.2
2025,3,2025_03_NO_SEA,2025-09-21,00-0040067,Jacardia Wright,RB,SEA,NO,2.0
2025,3,2025_03_NO_SEA,2025-09-21,00-0035704,Drew Lock,QB,SEA,NO,0.5
2025,3,2025_03_NO_SEA,2025-09-21,00-0040673,Jalen Milroe,QB,SEA,NO,0.30000000000000004
2025,3,2025_03_NO_SEA,2025-09-21,00-0038488,Brady Russell,RB,SEA,NO,0.0
2025,3,2025_03_NO_SEA,2025-09-21,00-0040739,Elijah Arroyo,TE,SEA,NO,0.0
2025,3,2025_03_NO_SEA,2025-09-21,00-0037231,Kevin Austin Jr.,WR,NO,SEA,0.0
2025,3,2025_03_NO_SEA,2025-09-21,00-0040743,Tyler Shough,QB,NO,SEA,0.0
2025,3,2025_03_NO_SEA,2025-09-21,00-0037745,Velus Jones Jr.,WR,NO,SEA,0.0
2025,3,2025_03_NYJ_TB,2025-09-21,00-0037740,Garrett Wilson,WR,NYJ,TB,24.4
2025,3,2025_03_NYJ_TB,2025-09-21,00-0034855,Baker Mayfield,QB,TB,NYJ,17.72
2025,3,2025_03_NYJ_TB,2025-09-21,00-0028118,Tyrod Taylor,QB,NYJ,TB,16.68
2025,3,2025_03_NYJ_TB,2025-09-21,00-0040129,Emeka Egbuka,WR,TB,NYJ,14.5
2025,3,2025_03_NYJ_TB,2025-09-21,00-0039361,Bucky Irving,RB,TB,NYJ,13.9
2025,3,2025_03_NYJ_TB,2025-09-21,00-0031408,Mike Evans,WR,TB,NYJ,13.3
2025,3,2025_03_NYJ_TB,2025-09-21,00-0032385,Sterling Shepard,WR,TB,NYJ,12.0
2025,3,2025_03_NYJ_TB,2025-09-21,00-0034521,Allen Lazard,WR,NYJ,TB,9.3
2025,3,2025_03_NYJ_TB,2025-09-21,00-0038120,Breece Hall,RB,NYJ,TB,9.2
2025,3,2025_03_NYJ_TB,2025-09-21,00-0039794,Braelon Allen,RB,NYJ,TB,6.7
2025,3,2025_03_NYJ_TB,2025-09-21,00-0040736,Mason Taylor,TE,NYJ,TB,5.8
2025,3,2025_03_NYJ_TB,2025-09-21,00-0036427,Tyler Johnson,WR,NYJ,TB,5.2
2025,3,2025_03_NYJ_TB,2025-09-21,00-0037256,Rachaad White,RB,TB,NYJ,2.4000000000000004
2025,3,2025_03_NYJ_TB,2025-09-21,00-0040582,Arian Smith,WR,NYJ,TB,2.2
2025,3,2025_03_NYJ_TB,2025-09-21,00-0039798,Isaiah Davis,RB,NYJ,TB,0.0
2025,3,2025_03_NYJ_TB,2025-09-21,00-0039451,Isaiah Williams,WR,NYJ,TB,0.0
2025,3,2025_03_NYJ_TB,2025-09-21,00-0039589,Kameron Johnson,WR,TB,NYJ,0.0
2025,3,2025_03_NYJ_TB,2025-09-21,00-0037311,Ko Kieft,TE,TB,NYJ,0.0
2025,3,2025_03_NYJ_TB,2025-09-21,00-0038824,Ryan Miller,WR,TB,NYJ,0.0
2025,3,2025_03_NYJ_TB,2025-09-21,00-0038951,Sean Tucker,RB,TB,NYJ,0.0
2025,3,2025_03_NYJ_TB,2025-09-21,00-0040237,Tez Johnson,WR,TB,NYJ,0.0
2025,3,2025_03_PIT_NE,2025-09-21,00-0033090,Hunter Henry,TE,NE,PIT,29.0
2025,3,2025_03_PIT_NE,2025-09-21,00-0039851,Drake Maye,QB,NE,PIT,19.22
2025,3,2025_03_PIT_NE,2025-09-21,00-0037228,Jaylen Warren,RB,PIT,NE,13.1
2025,3,2025_03_PIT_NE,2025-09-21,00-0037837,Calvin Austin III,WR,PIT,NE,12.4
2025,3,2025_03_PIT_NE,2025-09-21,00-0035640,DK Metcalf,WR,PIT,NE,12.2
2025,3,2025_03_PIT_NE,2025-09-21,00-0023459,Aaron Rodgers,QB,PIT,NE,11.66
2025,3,2025_03_PIT_NE,2025-09-21,00-0036919,Kenny Gainwell,RB,PIT,NE,9.6
2025,3,2025_03_PIT_NE,2025-09-21,00-0040734,TreVeyon Henderson,RB,NE,PIT,7.7
2025,3,2025_03_PIT_NE,2025-09-21,00-0033555,Mack Hollins,WR,NE,PIT,6.7
2025,3,2025_03_PIT_NE,2025-09-21,00-0033858,Jonnu Smith,TE,PIT,NE,5.300000000000001
2025,3,2025_03_PIT_NE,2025-09-21,00-0031588,Stefon Diggs,WR,NE,PIT,5.300000000000001
2025,3,2025_03_PIT_NE,2025-09-21,00-0032392,Austin Hooper,TE,NE,PIT,4.800000000000001
2025,3,2025_03_PIT_NE,2025-09-21,00-0038608,Kayshon Boutte,WR,NE,PIT,4.800000000000001
2025,3,2025_03_PIT_NE,2025-09-21,00-0036875,Rhamondre Stevenson,RB,NE,PIT,4.6000000000000005
2025,3,2025_03_PIT_NE,2025-09-21,00-0038621,DeMario Douglas,WR,NE,PIT,2.7
2025,3,2025_03_PIT_NE,2025-09-21,00-0040131,Kyle Williams,WR,NE,PIT,1.8
2025,3,2025_03_PIT_NE,2025-09-21,00-0036894,Pat Freiermuth,TE,PIT,NE,1.6
2025,3,2025_03_PIT_NE,2025-09-21,00-0036328,Antonio Gibson,RB,NE,PIT,0.8000000000000003
2025,3,2025_03_PIT_NE,2025-09-21,00-0036862,Ben Skowronek,WR,PIT,NE,0.0
2025,4,2025_04_BAL_KC,2025-09-28,00-0034975,Justice Hill,RB,BAL,KC,28.700000000000003
2025,4,2025_04_BAL_KC,2025-09-28,00-0033873,Patrick Mahomes,QB,KC,BAL,27.3
2025,4,2025_04_BAL_KC,2025-09-28,00-0039894,Xavier Worthy,WR,KC,BAL,17.1
2025,4,2025_04_BAL_KC,2025-09-28,00-0039064,Zay Flowers,WR,BAL,KC,14.4
2025,4,2025_04_BAL_KC,2025-09-28,00-0033857,JuJu Smith-Schuster,WR,KC,BAL,13.6
2025,4,2025_04_BAL_KC,2025-09-28,00-0037197,Isiah Pacheco,RB,KC,BAL,12.8
2025,4,2025_04_BAL_KC,2025-09-28,00-0035662,Marquise Brown,WR,KC,BAL,12.8
2025,4,2025_04_BAL_KC,2025-09-28,00-0034796,Lamar Jackson,QB,BAL,KC,10.68
2025,4,2025_04_BAL_KC,2025-09-28,00-0034753,Mark Andrews,TE,BAL,KC,10.0
2025,4,2025_04_BAL_KC,2025-09-28,00-0030506,Travis Kelce,TE,KC,BAL,9.8
2025,4,2025_04_BAL_KC,2025-09-28,00-0038104,Tyquan Thornton,WR,KC,BAL,8.1
2025,4,2025_04_BAL_KC,2025-09-28,00-0032764,Derrick Henry,RB,BAL,KC,7.800000000000001
2025,4,2025_04_BAL_KC,2025-09-28,00-0040078,Brashard Smith,RB,KC,BAL,6.6
2025,4,2025_04_BAL_KC,2025-09-28,00-0033923,Kareem Hunt,RB,KC,BAL,5.7
2025,4,2025_04_BAL_KC,2025-09-28,00-0036550,Rashod Bateman,WR,BAL,KC,3.4000000000000004
2025,4,2025_04_BAL_KC,2025-09-28,00-0036630,Tylan Wallace,WR,BAL,KC,2.4000000000000004
2025,4,2025_04_BAL_KC,2025-09-28,00-0033662,Cooper Rush,QB,BAL,KC,2.08
2025,4,2025_04_BAL_KC,2025-09-28,00-0036637,Noah Gray,TE,KC,BAL,1.1
2025,4,2025_04_BAL_KC,2025-09-28,00-0030564,DeAndre Hopkins,WR,BAL,KC,0.0
2025,4,2025_04_BAL_KC,2025-09-28,00-0039792,Devontez Walker,WR,BAL,KC,0.0
2025,4,2025_04_BAL_KC,2025-09-28,00-0040646,Jalen Royals,WR,KC,BAL,0.0
2025,4,2025_04_BAL_KC,2025-09-28,00-0038519,Nikko Remigio,WR,KC,BAL,0.0
2025,4,2025_04_BAL_KC,2025-09-28,00-0039796,Rasheen Ali,RB,BAL,KC,0.0
2025,4,2025_04_BAL_KC,2025-09-28,00-0033757,Robert Tonyan,TE,KC,BAL,0.0
2025,4,2025_04_BAL_KC,2025-09-28,00-0035289,Gardner Minshew,QB,KC,BAL,-0.30000000000000004
2025,4,2025_04_CAR_NE,2025-09-28,00-0039851,Drake Maye,QB,NE,CAR,23.220000000000002
2025,4,2025_04_CAR_NE,2025-09-28,00-0031588,Stefon Diggs,WR,NE,CAR,16.1
2025,4,2025_04_CAR_NE,2025-09-28,00-0037005,Tommy Tremble,TE,CAR,NE,15.2
2025,4,2025_04_CAR_NE,2025-09-28,00-0040734,TreVeyon Henderson,RB,NE,CAR,12.600000000000001
2025,4,2025_04_CAR_NE,2025-09-28,00-0033090,Hunter Henry,TE,NE,CAR,11.9
2025,4,2025_04_CAR_NE,2025-09-28,00-0040187,Mitchell Evans,TE,CAR,NE,11.3
2025,4,2025_04_CAR_NE,2025-09-28,00-0039150,Bryce Young,QB,CAR,NE,10.3
2025,4,2025_04_CAR_NE,2025-09-28,00-0040124,Tetairoa McMillan,WR,CAR,NE,10.2
2025,4,2025_04_CAR_NE,2025-09-28,00-0036555,Chuba Hubbard,RB,CAR,NE,9.9
2025,4,2025_04_CAR_NE,2025-09-28,00-0036328,Antonio Gibson,RB,NE,CAR,8.7
2025,4,2025_04_CAR_NE,2025-09-28,00-0033555,Mack Hollins,WR,NE,CAR,7.4
2025,4,2025_04_CAR_NE,2025-09-28,00-0038840,Brycen Tremayne,WR,CAR,NE,6.6
2025,4,2025_04_CAR_NE,2025-09-28,00-0027973,Andy Dalton,QB,CAR,NE,6.32
2025,4,2025_04_CAR_NE,2025-09-28,00-0036875,Rhamondre Stevenson,RB,NE,CAR,5.1000000000000005
2025,4,2025_04_CAR_NE,2025-09-28,00-0036139,Rico Dowdle,RB,CAR,NE,4.0
2025,4,2025_04_CAR_NE,2025-09-28,00-0037282,James Mitchell,TE,CAR,NE,3.7
2025,4,2025_04_CAR_NE,2025-09-28,00-0032392,Austin Hooper,TE,NE,CAR,3.4000000000000004
2025,4,2025_04_CAR_NE,2025-09-28,00-0040644,Trevor Etienne,RB,CAR,NE,3.3000000000000003
2025,4,2025_04_CAR_NE,2025-09-28,00-0034983,Hunter Renfrow,WR,CAR,NE,3.0
2025,4,2025_04_CAR_NE,2025-09-28,00-0038608,Kayshon Boutte,WR,NE,CAR,2.8
2025,4,2025_04_CAR_NE,2025-09-28,00-0033589,David Moore,WR,CAR,NE,1.2000000000000002
2025,4,2025_04_CAR_NE,2025-09-28,00-0033949,Joshua Dobbs,QB,NE,CAR,-0.2
2025,4,2025_04_CAR_NE,2025-09-28,00-0040131,Kyle Williams,WR,NE,CAR,-0.2
2025,4,2025_04_CHI_LV,2025-09-28,00-0040122,Ashton Jeanty,RB,LV,CHI,33.5
2025,4,2025_04_CHI_LV,2025-09-28,00-0039919,Rome Odunze,WR,CHI,LV,16.9
2025,4,2025_04_CHI_LV,2025-09-28,00-0036275,D'Andre Swift,RB,CHI,LV,16.0
2025,4,2025_04_CHI_LV,2025-09-28,00-0039918,Caleb Williams,QB,CHI,LV,11.780000000000001
2025,4,2025_04_CHI_LV,2025-09-28,00-0030565,Geno Smith,QB,LV,CHI,9.78
2025,4,2025_04_CHI_LV,2025-09-28,00-0039338,Brock Bowers,TE,LV,CHI,9.600000000000001
2025,4,2025_04_CHI_LV,2025-09-28,00-0035208,Olamide Zaccheaus,WR,CHI,LV,9.100000000000001
2025,4,2025_04_CHI_LV,2025-09-28,00-0031687,Raheem Mostert,RB,LV,CHI,8.3
2025,4,2025_04_CHI_LV,2025-09-28,00-0034827,DJ Moore,WR,CHI,LV,7.800000000000001
2025,4,2025_04_CHI_LV,2025-09-28,00-0036290,Cole Kmet,TE,CHI,LV,7.6000000000000005
2025,4,2025_04_CHI_LV,2025-09-28,00-0034960,Jakobi Meyers,WR,LV,CHI,7.0
2025,4,2025_04_CHI_LV,2025-09-28,00-0038563,Tre Tucker,WR,LV,CHI,4.2
2025,4,2025_04_CHI_LV,2025-09-28,00-0040236,Kyle Monangai,RB,CHI,LV,1.8
2025,4,2025_04_CHI_LV,2025-09-28,00-0040735,Luther Burden III,WR,CHI,LV,1.6
2025,4,2025_04_CHI_LV,2025-09-28,00-0036331,Devin Duvernay,WR,CHI,LV,0.0
2025,4,2025_04_CHI_LV,2025-09-28,00-0040581,Dont'e Thornton Jr.,WR,LV,CHI,0.0
2025,4,2025_04_CHI_LV,2025-09-28,00-0039407,Dylan Laube,RB,LV,CHI,0.0
2025,4,2025_04_CHI_LV,2025-09-28,00-0034365,Ian Thomas,TE,LV,CHI,0.0
2025,4,2025_04_CHI_LV,2025-09-28,00-0040729,Jack Bech,WR,LV,CHI,0.0
2025,4,2025_04_CHI_LV,2025-09-28,00-0040277,Jahdae Walker,WR,CHI,LV,0.0
2025,4,2025_04_CHI_LV,2025-09-28,00-0038590,Justin Shorter,TE,LV,CHI,0.0
2025,4,2025_04_CHI_LV,2025-09-28,00-0039021,Roschon Johnson,RB,CHI,LV,0.0
2025,4,2025_04_CIN_DEN,2025-09-29,00-0039732,Bo Nix,QB,DEN,CIN,25.74
2025,4,2025_04_CIN_DEN,2025-09-29,00-0038976,Marvin Mims Jr.,WR,DEN,CIN,20.5
2025,4,2025_04_CIN_DEN,2025-09-29,00-0040730,RJ Harvey,RB,DEN,CIN,19.8
2025,4,2025_04_CIN_DEN,2025-09-29,00-0034348,Courtland Sutton,WR,DEN,CIN,19.1
2025,4,2025_04_CIN_DEN,2025-09-29,00-0036158,J.K. Dobbins,RB,DEN,CIN,11.5
2025,4,2025_04_CIN_DEN,2025-09-29,00-0038597,Chase Brown,RB,CIN,DEN,10.100000000000001
2025,4,2025_04_CIN_DEN,2025-09-29,00-0039868,Troy Franklin,WR,DEN,CIN,9.5
2025,4,2025_04_CIN_DEN,2025-09-29,00-0036900,Ja'Marr Chase,WR,CIN,DEN,7.300000000000001
2025,4,2025_04_CIN_DEN,2025-09-29,00-0033881,Evan Engram,TE,DEN,CIN,6.9
2025,4,2025_04_CIN_DEN,2025-09-29,00-0036410,Tee Higgins,WR,CIN,DEN,6.2
2025,4,2025_04_CIN_DEN,2025-09-29,00-0035100,Jake Browning,QB,CIN,DEN,5.4
2025,4,2025_04_CIN_DEN,2025-09-29,00-0036422,Adam Trautman,TE,DEN,CIN,5.2
2025,4,2025_04_CIN_DEN,2025-09-29,00-0038619,Andrei Iosivas,WR,CIN,DEN,3.7
2025,4,2025_04_CIN_DEN,2025-09-29,00-0038783,Nate Adkins,TE,DEN,CIN,2.5
2025,4,2025_04_CIN_DEN,2025-09-29,00-0037085,Tyler Badie,RB,DEN,CIN,2.1
2025,4,2025_04_CIN_DEN,2025-09-29,00-0038839,Mitchell Tinsley,WR,CIN,DEN,1.9
2025,4,2025_04_CIN_DEN,2025-09-29,00-0034829,Mike Gesicki,TE,CIN,DEN,1.8
2025,4,2025_04_CIN_DEN,2025-09-29,00-0033526,Samaje Perine,RB,CIN,DEN,0.4
2025,4,2025_04_CIN_DEN,2025-09-29,00-0038576,Charlie Jones,WR,CIN,DEN,0.0
2025,4,2025_04_CIN_DEN,2025-09-29,00-0040134,Pat Bryant,WR,DEN,CIN,0.0
2025,4,2025_04_CIN_DEN,2025-09-29,00-0040208,Tahj Brooks,RB,CIN,DEN,0.0
2025,4,2025_04_CLE_DET,2025-09-28,00-0036963,Amon-Ra St. Brown,WR,DET,CLE,26.0
2025,4,2025_04_CLE_DET,2025-09-28,00-0040784,Quinshon Judkins,RB,CLE,DET,21.5
2025,4,2025_04_CLE_DET,2025-09-28,00-0039139,Jahmyr Gibbs,RB,DET,CLE,17.700000000000003
2025,4,2025_04_CLE_DET,2025-09-28,00-0033106,Jared Goff,QB,DET,CLE,12.719999999999999
2025,4,2025_04_CLE_DET,2025-09-28,00-0032464,Kalif Raymond,WR,DET,CLE,9.3
2025,4,2025_04_CLE_DET,2025-09-28,00-0040782,Isaiah Bond,WR,CLE,DET,8.8
2025,4,2025_04_CLE_DET,2025-09-28,00-0036407,Jerry Jeudy,WR,CLE,DET,7.800000000000001
2025,4,2025_04_CLE_DET,2025-09-28,00-0039065,Sam LaPorta,TE,DET,CLE,6.9
2025,4,2025_04_CLE_DET,2025-09-28,00-0037240,Jameson Williams,WR,DET,CLE,5.7
2025,4,2025_04_CLE_DET,2025-09-28,00-0040663,Harold Fannin Jr.,TE,CLE,DET,4.5
2025,4,2025_04_CLE_DET,2025-09-28,00-0033885,David Njoku,TE,CLE,DET,3.1
2025,4,2025_04_CLE_DET,2025-09-28,00-0038979,Cedric Tillman,WR,CLE,DET,1.6
2025,4,2025_04_CLE_DET,2025-09-28,00-0037267,Jerome Ford,RB,CLE,DET,1.3
2025,4,2025_04_CLE_DET,2025-09-28,00-0026158,Joe Flacco,QB,CLE,DET,1.2600000000000002
2025,4,2025_04_CLE_DET,2025-09-28,00-0035685,David Montgomery,RB,DET,CLE,1.2000000000000002
2025,4,2025_04_CLE_DET,2025-09-28,00-0038896,Jacob Saylors,RB,DET,CLE,1.1
2025,4,2025_04_CLE_DET,2025-09-28,00-0038710,Blake Whiteheart,TE,CLE,DET,0.0
2025,4,2025_04_CLE_DET,2025-09-28,00-0036754,Brock Wright,TE,DET,CLE,0.0
2025,4,2025_04_CLE_DET,2025-09-28,00-0035567,Craig Reynolds,RB,DET,CLE,0.0
2025,4,2025_04_CLE_DET,2025-09-28,00-0031763,DeAndre Carter,WR,CLE,DET,0.0
2025,4,2025_04_CLE_DET,2025-09-28,00-0040704,Dillon Gabriel,QB,CLE,DET,0.0
2025,4,2025_04_CLE_DET,2025-09-28,00-0040162,Dylan Sampson,RB,CLE,DET,-0.2
2025,4,2025_04_CLE_DET,2025-09-28,00-0034577,Kyle Allen,QB,DET,CLE,-0.2
2025,4,2025_04_GB_DAL,2025-09-28,00-0037247,George Pickens,WR,DAL,GB,33.4
2025,4,2025_04_GB_DAL,2025-09-28,00-0035700,Josh Jacobs,RB,GB,DAL,31.700000000000003
2025,4,2025_04_GB_DAL,2025-09-28,00-0033077,Dak Prescott,QB,DAL,GB,30.959999999999997
2025,4,2025_04_GB_DAL,2025-09-28,00-0037816,Romeo Doubs,WR,GB,DAL,29.8
2025,4,2025_04_GB_DAL,2025-09-28,00-0036264,Jordan Love,QB,GB,DAL,26.28
2025,4,2025_04_GB_DAL,2025-09-28,00-0036997,Javonte Williams,RB,DAL,GB,19.0
2025,4,2025_04_GB_DAL,2025-09-28,00-0038041,Jake Ferguson,TE,DAL,GB,17.0
2025,4,2025_04_GB_DAL,2025-09-28,00-0040667,Matthew Golden,WR,GB,DAL,11.3
2025,4,2025_04_GB_DAL,2025-09-28,00-0038797,Emanuel Wilson,RB,GB,DAL,11.1
2025,4,2025_04_GB_DAL,2025-09-28,00-0038996,Tucker Kraft,TE,GB,DAL,10.600000000000001
2025,4,2025_04_GB_DAL,2025-09-28,00-0037666,Jalen Tolbert,WR,DAL,GB,10.100000000000001
2025,4,2025_04_GB_DAL,2025-09-28,00-0037801,KaVontae Turpin,WR,DAL,GB,6.4
2025,4,2025_04_GB_DAL,2025-09-28,00-0040009,Savion Williams,WR,GB,DAL,5.300000000000001
2025,4,2025_04_GB_DAL,2025-09-28,00-0039410,Ryan Flournoy,WR,DAL,GB,4.6
2025,4,2025_04_GB_DAL,2025-09-28,00-0035243,Miles Sanders,RB,DAL,GB,4.5
2025,4,2025_04_GB_DAL,2025-09-28,00-0038393,Dontayvion Wicks,WR,GB,DAL,3.9000000000000004
2025,4,2025_04_GB_DAL,2025-09-28,00-0038547,Luke Schoonmaker,TE,DAL,GB,2.8
2025,4,2025_04_GB_DAL,2025-09-28,00-0038465,Malik Heath,WR,GB,DAL,1.9
2025,4,2025_04_GB_DAL,2025-09-28,00-0039144,Luke Musgrave,TE,GB,DAL,1.6
2025,4,2025_04_GB_DAL,2025-09-28,00-0038685,Chris Brooks,RB,GB,DAL,1.1
2025,4,2025_04_GB_DAL,2025-09-28,00-0038738,Hunter Luepke,RB,DAL,GB,0.6000000000000001
2025,4,2025_04_GB_DAL,2025-09-28,00-0037091,Bo Melton,WR,GB,DAL,0.0
2025,4,2025_04_IND_LA,2025-09-28,00-0039075,Puka Nacua,WR,LA,IND,36.0
2025,4,2025_04_IND_LA,2025-09-28,00-0026498,Matthew Stafford,QB,LA,IND,27.4
2025,4,2025_04_IND_LA,2025-09-28,00-0040128,Tyler Warren,TE,IND,LA,18.3
2025,4,2025_04_IND_LA,2025-09-28,00-0036849,Tutu Atwell,WR,LA,IND,15.8
2025,4,2025_04_IND_LA,2025-09-28,00-0031381,Davante Adams,WR,LA,IND,15.600000000000001
2025,4,2025_04_IND_LA,2025-09-28,00-0036252,Michael Pittman,WR,IND,LA,15.100000000000001
2025,4,2025_04_IND_LA,2025-09-28,00-0036223,Jonathan Taylor,RB,IND,LA,14.600000000000001
2025,4,2025_04_IND_LA,2025-09-28,00-0039890,Adonai Mitchell,WR,IND,LA,10.600000000000001
2025,4,2025_04_IND_LA,2025-09-28,00-0037840,Kyren Williams,RB,LA,IND,10.4
2025,4,2025_04_IND_LA,2025-09-28,00-0035710,Daniel Jones,QB,IND,LA,10.38
2025,4,2025_04_IND_LA,2025-09-28,00-0038997,Josh Downs,WR,IND,LA,6.4
2025,4,2025_04_IND_LA,2025-09-28,00-0033110,Tyler Higbee,TE,LA,IND,4.5
2025,4,2025_04_IND_LA,2025-09-28,00-0036244,Colby Parkinson,TE,LA,IND,3.7
2025,4,2025_04_IND_LA,2025-09-28,00-0039738,Blake Corum,RB,LA,IND,3.6
2025,4,2025_04_IND_LA,2025-09-28,00-0035021,Ashton Dulin,WR,IND,LA,2.8
2025,4,2025_04_IND_LA,2025-09-28,00-0039751,Jordan Whittington,WR,LA,IND,1.7000000000000002
2025,4,2025_04_IND_LA,2025-09-28,00-0039074,Davis Allen,TE,LA,IND,1.0
2025,4,2025_04_IND_LA,2025-09-28,00-0037120,Tyler Goodson,RB,IND,LA,1.0
2025,4,2025_04_IND_LA,2025-09-28,00-0037292,Andrew Ogletree,TE,IND,LA,0.0
2025,4,2025_04_IND_LA,2025-09-28,00-0039816,Anthony Gould,WR,IND,LA,0.0
2025,4,2025_04_IND_LA,2025-09-28,00-0038359,Xavier Smith,WR,LA,IND,0.0
2025,4,2025_04_JAX_SF,2025-09-28,00-0033280,Christian McCaffrey,RB,SF,JAX,26.1
2025,4,2025_04_JAX_SF,2025-09-28,00-0036973,Travis Etienne,RB,JAX,SF,19.5
2025,4,2025_04_JAX_SF,2025-09-28,00-0037834,Brock Purdy,QB,SF,JAX,17.66
2025,4,2025_04_JAX_SF,2025-09-28,00-0037112,Jake Tonges,TE,SF,JAX,14.8
2025,4,2025_04_JAX_SF,2025-09-28,00-0036971,Trevor Lawrence,QB,JAX,SF,11.66
2025,4,2025_04_JAX_SF,2025-09-28,00-0037004,Hunter Long,TE,JAX,SF,11.3
2025,4,2025_04_JAX_SF,2025-09-28,00-0039893,Brian Thomas Jr.,WR,JAX,SF,10.600000000000001
2025,4,2025_04_JAX_SF,2025-09-28,00-0038935,Brenton Strange,TE,JAX,SF,10.5
2025,4,2025_04_JAX_SF,2025-09-28,00-0039916,Ricky Pearsall,WR,SF,JAX,8.600000000000001
2025,4,2025_04_JAX_SF,2025-09-28,00-0036259,Jauan Jennings,WR,SF,JAX,6.4
2025,4,2025_04_JAX_SF,2025-09-28,00-0038606,Parker Washington,WR,JAX,SF,5.9
2025,4,2025_04_JAX_SF,2025-09-28,00-0040719,Bhayshul Tuten,RB,JAX,SF,3.2
2025,4,2025_04_JAX_SF,2025-09-28,00-0032775,Demarcus Robinson,WR,SF,JAX,3.0
2025,4,2025_04_JAX_SF,2025-09-28,00-0033307,Kendrick Bourne,WR,SF,JAX,2.7
2025,4,2025_04_JAX_SF,2025-09-28,00-0037746,Brian Robinson,RB,SF,JAX,2.1
2025,4,2025_04_JAX_SF,2025-09-28,00-0036887,Luke Farrell,TE,SF,JAX,2.0
2025,4,2025_04_JAX_SF,2025-09-28,00-0040238,LeQuint Allen Jr.,RB,JAX,SF,1.7000000000000002
2025,4,2025_04_JAX_SF,2025-09-28,00-0033375,Tim Patrick,WR,JAX,SF,0.9
2025,4,2025_04_JAX_SF,2025-09-28,00-0038643,Brayden Willis,TE,SF,JAX,0.0
2025,4,2025_04_JAX_SF,2025-09-28,00-0033246,Johnny Mundt,TE,JAX,SF,0.0
2025,4,2025_04_JAX_SF,2025-09-28,00-0036590,Quintin Morris,TE,JAX,SF,0.0
2025,4,2025_04_JAX_SF,2025-09-28,00-0038090,Skyy Moore,WR,SF,JAX,0.0
2025,4,2025_04_LAC_NYG,2025-09-28,00-0040666,Omarion Hampton,RB,LAC,NYG,27.5
2025,4,2025_04_LAC_NYG,2025-09-28,00-0038544,Quentin Johnston,WR,LAC,NYG,23.8
2025,4,2025_04_LAC_NYG,2025-09-28,00-0040691,Jaxson Dart,QB,NYG,LAC,19.840000000000003
2025,4,2025_04_LAC_NYG,2025-09-28,00-0040715,Cam Skattebo,RB,NYG,LAC,13.0
2025,4,2025_04_LAC_NYG,2025-09-28,00-0036355,Justin Herbert,QB,LAC,NYG,12.520000000000001
2025,4,2025_04_LAC_NYG,2025-09-28,00-0039847,Theo Johnson,TE,NYG,LAC,10.7
2025,4,2025_04_LAC_NYG,2025-09-28,00-0030279,Keenan Allen,WR,LAC,NYG,8.7
2025,4,2025_04_LAC_NYG,2025-09-28,00-0035535,Darius Slayton,WR,NYG,LAC,7.4
2025,4,2025_04_LAC_NYG,2025-09-28,00-0038117,Wan'Dale Robinson,WR,NYG,LAC,4.4
2025,4,2025_04_LAC_NYG,2025-09-28,00-0039337,Malik Nabers,WR,NYG,LAC,4.0
2025,4,2025_04_LAC_NYG,2025-09-28,00-0040189,Oronde Gadsden II,TE,LAC,NYG,3.6
2025,4,2025_04_LAC_NYG,2025-09-28,00-0035250,Devin Singletary,RB,NYG,LAC,2.8000000000000003
2025,4,2025_04_LAC_NYG,2025-09-28,00-0038115,Daniel Bellinger,TE,NYG,LAC,2.3
2025,4,2025_04_LAC_NYG,2025-09-28,00-0039915,Ladd McConkey,WR,LAC,NYG,2.1
2025,4,2025_04_LAC_NYG,2025-09-28,00-0034270,Tyler Conklin,TE,LAC,NYG,1.3
2025,4,2025_04_LAC_NYG,2025-09-28,00-0029263,Russell Wilson,QB,NYG,LAC,0.32
2025,4,2025_04_LAC_NYG,2025-09-28,00-0031484,Chris Manhertz,TE,NYG,LAC,0.0
2025,4,2025_04_LAC_NYG,2025-09-28,00-0035645,Gunner Olszewski,WR,NYG,LAC,0.0
2025,4,2025_04_LAC_NYG,2025-09-28,00-0037617,Hassan Haskins,RB,LAC,NYG,0.0
2025,4,2025_04_LAC_NYG,2025-09-28,00-0040184,KeAndre Lambert-Smith,WR,LAC,NYG,0.0
2025,4,2025_04_LAC_NYG,2025-09-28,00-0039391,Kimani Vidal,RB,LAC,NYG,0.0
2025,4,2025_04_LAC_NYG,2025-09-28,00-0040727,Tre Harris,WR,LAC,NYG,0.0
2025,4,2025_04_LAC_NYG,2025-09-28,00-0037654,Tucker Fisk,TE,LAC,NYG,0.0
2025,4,2025_04_MIN_PIT,2025-09-28,00-0036919,Kenny Gainwell,RB,PIT,MIN,31.4
2025,4,2025_04_MIN_PIT,2025-09-28,00-0035640,DK Metcalf,WR,PIT,MIN,23.6
2025,4,2025_04_MIN_PIT,2025-09-28,00-0036322,Justin Jefferson,WR,MIN,PIT,22.6
2025,4,2025_04_MIN_PIT,2025-09-28,00-0032950,Carson Wentz,QB,MIN,PIT,21.2
2025,4,2025_04_MIN_PIT,2025-09-28,00-0038440,Zavier Scott,RB,MIN,PIT,16.4
2025,4,2025_04_MIN_PIT,2025-09-28,00-0038994,Jordan Addison,WR,MIN,PIT,15.4
2025,4,2025_04_MIN_PIT,2025-09-28,00-0023459,Aaron Rodgers,QB,PIT,MIN,12.8
2025,4,2025_04_MIN_PIT,2025-09-28,00-0037525,Jordan Mason,RB,MIN,PIT,10.2
2025,4,2025_04_MIN_PIT,2025-09-28,00-0037291,Jalen Nailor,WR,MIN,PIT,9.2
2025,4,2025_04_MIN_PIT,2025-09-28,00-0035229,T.J. Hockenson,TE,MIN,PIT,7.9
2025,4,2025_04_MIN_PIT,2025-09-28,00-0038558,Darnell Washington,TE,PIT,MIN,5.0
2025,4,2025_04_MIN_PIT,2025-09-28,00-0037837,Calvin Austin III,WR,PIT,MIN,3.3
2025,4,2025_04_MIN_PIT,2025-09-28,00-0030035,Adam Thielen,WR,MIN,PIT,3.1
2025,4,2025_04_MIN_PIT,2025-09-28,00-0033858,Jonnu Smith,TE,PIT,MIN,2.6
2025,4,2025_04_MIN_PIT,2025-09-28,00-0040142,Kaleb Johnson,RB,PIT,MIN,2.2
2025,4,2025_04_MIN_PIT,2025-09-28,00-0036862,Ben Skowronek,WR,PIT,MIN,0.0
2025,4,2025_04_MIN_PIT,2025-09-28,00-0035249,Josh Oliver,TE,MIN,PIT,0.0
2025,4,2025_04_MIN_PIT,2025-09-28,00-0040506,Myles Price,WR,MIN,PIT,0.0
2025,4,2025_04_MIN_PIT,2025-09-28,00-0035298,Scott Miller,WR,PIT,MIN,0.0
2025,4,2025_04_MIN_PIT,2025-09-28,00-0040154,Tai Felton,WR,MIN,PIT,0.0
2025,4,2025_04_MIN_PIT,2025-09-28,00-0036984,Trey Sermon,RB,PIT,MIN,0.0
2025,4,2025_04_NO_BUF,2025-09-28,00-0034857,Josh Allen,QB,BUF,NO,24.86
2025,4,2025_04_NO_BUF,2025-09-28,00-0037248,James Cook,RB,BUF,NO,22.5
2025,4,2025_04_NO_BUF,2025-09-28,00-0037261,Khalil Shakir,WR,BUF,NO,17.9
2025,4,2025_04_NO_BUF,2025-09-28,00-0039376,Spencer Rattler,QB,NO,BUF,13.94
2025,4,2025_04_NO_BUF,2025-09-28,00-0038551,Kendre Miller,RB,NO,BUF,12.5
2025,4,2025_04_NO_BUF,2025-09-28,00-0033906,Alvin Kamara,RB,NO,BUF,11.2
2025,4,2025_04_NO_BUF,2025-09-28,00-0038933,Dalton Kincaid,TE,BUF,NO,9.8
2025,4,2025_04_NO_BUF,2025-09-28,00-0037545,Rashid Shaheed,WR,NO,BUF,9.2
2025,4,2025_04_NO_BUF,2025-09-28,00-0037239,Chris Olave,WR,NO,BUF,9.0
2025,4,2025_04_NO_BUF,2025-09-28,00-0039901,Keon Coleman,WR,BUF,NO,7.5
2025,4,2025_04_NO_BUF,2025-09-28,00-0036040,Juwan Johnson,TE,NO,BUF,5.800000000000001
2025,4,2025_04_NO_BUF,2025-09-28,00-0031236,Brandin Cooks,WR,NO,BUF,5.2
2025,4,2025_04_NO_BUF,2025-09-28,00-0036988,Josh Palmer,WR,BUF,NO,4.5
2025,4,2025_04_NO_BUF,2025-09-28,00-0040194,Jackson Hawes,TE,BUF,NO,2.5
2025,4,2025_04_NO_BUF,2025-09-28,00-0033282,Curtis Samuel,WR,BUF,NO,1.9
2025,4,2025_04_NO_BUF,2025-09-28,00-0036741,Jack Stoll,TE,NO,BUF,1.7000000000000002
2025,4,2025_04_NO_BUF,2025-09-28,00-0039875,Ray Davis,RB,BUF,NO,0.30000000000000004
2025,4,2025_04_NO_BUF,2025-09-28,00-0035689,Dawson Knox,TE,BUF,NO,0.0
2025,4,2025_04_NO_BUF,2025-09-28,00-0036980,Elijah Moore,WR,BUF,NO,0.0
2025,4,2025_04_NO_BUF,2025-09-28,00-0035537,Ty Johnson,RB,BUF,NO,0.0
2025,4,2025_04_NO_BUF,2025-09-28,00-0038679,Tyrell Shavers,WR,BUF,NO,0.0
2025,4,2025_04_NO_BUF,2025-09-28,00-0037745,Velus Jones Jr.,WR,NO,BUF,0.0
2025,4,2025_04_NYJ_MIA,2025-09-29,00-0036945,Justin Fields,QB,NYJ,MIA,27.14
2025,4,2025_04_NYJ_MIA,2025-09-29,00-0037740,Garrett Wilson,WR,NYJ,MIA,20.200000000000003
2025,4,2025_04_NYJ_MIA,2025-09-29,00-0031610,Darren Waller,TE,MIA,NYJ,17.7
2025,4,2025_04_NYJ_MIA,2025-09-29,00-0039040,De'Von Achane,RB,MIA,NYJ,17.1
2025,4,2025_04_NYJ_MIA,2025-09-29,00-0038120,Breece Hall,RB,NYJ,MIA,16.1
2025,4,2025_04_NYJ_MIA,2025-09-29,00-0036212,Tua Tagovailoa,QB,MIA,NYJ,15.68
2025,4,2025_04_NYJ_MIA,2025-09-29,00-0033040,Tyreek Hill,WR,MIA,NYJ,12.7
2025,4,2025_04_NYJ_MIA,2025-09-29,00-0040736,Mason Taylor,TE,NYJ,MIA,11.5
2025,4,2025_04_NYJ_MIA,2025-09-29,00-0036613,Jaylen Waddle,WR,MIA,NYJ,7.800000000000001
2025,4,2025_04_NYJ_MIA,2025-09-29,00-0039798,Isaiah Davis,RB,NYJ,MIA,4.7
2025,4,2025_04_NYJ_MIA,2025-09-29,00-0039880,Malik Washington,WR,MIA,NYJ,4.1
2025,4,2025_04_NYJ_MIA,2025-09-29,00-0037805,Jeremy Ruckert,TE,NYJ,MIA,3.3000000000000003
2025,4,2025_04_NYJ_MIA,2025-09-29,00-0038720,Julian Hill,TE,MIA,NYJ,2.9000000000000004
2025,4,2025_04_NYJ_MIA,2025-09-29,00-0034521,Allen Lazard,WR,NYJ,MIA,1.8
2025,4,2025_04_NYJ_MIA,2025-09-29,00-0036182,Nick Westbrook-Ikhine,WR,MIA,NYJ,1.1
2025,4,2025_04_NYJ_MIA,2025-09-29,00-0040198,Ollie Gordon II,RB,MIA,NYJ,1.0
2025,4,2025_04_NYJ_MIA,2025-09-29,00-0039794,Braelon Allen,RB,NYJ,MIA,0.6000000000000001
2025,4,2025_04_NYJ_MIA,2025-09-29,00-0039451,Isaiah Williams,WR,NYJ,MIA,0.0
2025,4,2025_04_NYJ_MIA,2025-09-29,00-0033943,Josh Reynolds,WR,NYJ,MIA,0.0
2025,4,2025_04_NYJ_MIA,2025-09-29,00-0037348,Tanner Conner,TE,MIA,NYJ,0.0
2025,4,2025_04_PHI_TB,2025-09-28,00-0039361,Bucky Irving,RB,TB,PHI,25.5
2025,4,2025_04_PHI_TB,2025-09-28,00-0040129,Emeka Egbuka,WR,TB,PHI,20.1
2025,4,2025_04_PHI_TB,2025-09-28,00-0034351,Dallas Goedert,TE,PHI,TB,19.7
2025,4,2025_04_PHI_TB,2025-09-28,00-0036389,Jalen Hurts,QB,PHI,TB,19.4
2025,4,2025_04_PHI_TB,2025-09-28,00-0034855,Baker Mayfield,QB,TB,PHI,18.860000000000003
2025,4,2025_04_PHI_TB,2025-09-28,00-0034844,Saquon Barkley,RB,PHI,TB,17.4
2025,4,2025_04_PHI_TB,2025-09-28,00-0037256,Rachaad White,RB,TB,PHI,8.600000000000001
2025,4,2025_04_PHI_TB,2025-09-28,00-0033921,Chris Godwin Jr.,WR,TB,PHI,5.6
2025,4,2025_04_PHI_TB,2025-09-28,00-0036912,DeVonta Smith,WR,PHI,TB,4.9
2025,4,2025_04_PHI_TB,2025-09-28,00-0032385,Sterling Shepard,WR,TB,PHI,4.0
2025,4,2025_04_PHI_TB,2025-09-28,00-0038129,Cade Otton,TE,TB,PHI,3.9
2025,4,2025_04_PHI_TB,2025-09-28,00-0037614,John Metchie III,WR,PHI,TB,3.0
2025,4,2025_04_PHI_TB,2025-09-28,00-0035676,A.J. Brown,WR,PHI,TB,2.7
2025,4,2025_04_PHI_TB,2025-09-28,00-0037086,Grant Calcaterra,TE,PHI,TB,2.6
2025,4,2025_04_PHI_TB,2025-09-28,00-0040237,Tez Johnson,WR,TB,PHI,2.3
2025,4,2025_04_PHI_TB,2025-09-28,00-0036265,AJ Dillon,RB,PHI,TB,1.7000000000000002
2025,4,2025_04_PHI_TB,2025-09-28,00-0038564,Cameron Latu,TE,PHI,TB,0.0
2025,4,2025_04_PHI_TB,2025-09-28,00-0039754,Devin Culp,TE,TB,PHI,0.0
2025,4,2025_04_PHI_TB,2025-09-28,00-0037741,Jahan Dotson,WR,PHI,TB,0.0
2025,4,2025_04_PHI_TB,2025-09-28,00-0039589,Kameron Johnson,WR,TB,PHI,0.0
2025,4,2025_04_PHI_TB,2025-09-28,00-0036876,Kylen Granson,TE,PHI,TB,0.0
2025,4,2025_04_PHI_TB,2025-09-28,00-0039050,Payne Durham,TE,TB,PHI,0.0
2025,4,2025_04_PHI_TB,2025-09-28,00-0038951,Sean Tucker,RB,TB,PHI,0.0
2025,4,2025_04_PHI_TB,2025-09-28,00-0038555,Tank Bigsby,RB,PHI,TB,0.0
2025,4,2025_04_PHI_TB,2025-09-28,00-0039746,Will Shipley,RB,PHI,TB,0.0
2025,4,2025_04_SEA_ARI,2025-09-25,00-0039849,Marvin Harrison Jr.,WR,ARI,SEA,18.6
2025,4,2025_04_SEA_ARI,2025-09-25,00-0035228,Kyler Murray,QB,ARI,SEA,16.1
2025,4,2025_04_SEA_ARI,2025-09-25,00-0034869,Sam Darnold,QB,SEA,ARI,16.08
2025,4,2025_04_SEA_ARI,2025-09-25,00-0038543,Jaxon Smith-Njigba,WR,SEA,ARI,13.0
2025,4,2025_04_SEA_ARI,2025-09-25,00-0039165,Zach Charbonnet,RB,SEA,ARI,12.4
2025,4,2025_04_SEA_ARI,2025-09-25,00-0039793,AJ Barner,TE,SEA,ARI,12.2
2025,4,2025_04_SEA_ARI,2025-09-25,00-0037744,Trey McBride,TE,ARI,SEA,12.2
2025,4,2025_04_SEA_ARI,2025-09-25,00-0038134,Kenneth Walker III,RB,SEA,ARI,12.0
2025,4,2025_04_SEA_ARI,2025-09-25,00-0039921,Trey Benson,RB,ARI,SEA,10.4
2025,4,2025_04_SEA_ARI,2025-09-25,00-0038705,Emari Demercado,RB,ARI,SEA,10.1
2025,4,2025_04_SEA_ARI,2025-09-25,00-0035500,Greg Dortch,WR,ARI,SEA,7.9
2025,4,2025_04_SEA_ARI,2025-09-25,00-0033908,Cooper Kupp,WR,SEA,ARI,6.6
2025,4,2025_04_SEA_ARI,2025-09-25,00-0040739,Elijah Arroyo,TE,SEA,ARI,6.4
2025,4,2025_04_SEA_ARI,2025-09-25,00-0038559,Michael Wilson,WR,ARI,SEA,4.5
2025,4,2025_04_SEA_ARI,2025-09-25,00-0038752,Jake Bobo,WR,SEA,ARI,2.7
2025,4,2025_04_SEA_ARI,2025-09-25,00-0040648,Tory Horton,WR,SEA,ARI,2.0
2025,4,2025_04_SEA_ARI,2025-09-25,00-0036924,Michael Carter,RB,ARI,SEA,0.1
2025,4,2025_04_SEA_ARI,2025-09-25,00-0037157,Bam Knight,RB,ARI,SEA,0.0
2025,4,2025_04_SEA_ARI,2025-09-25,00-0037093,Dareke Young,WR,SEA,ARI,0.0
2025,4,2025_04_SEA_ARI,2025-09-25,00-0039041,Elijah Higgins,TE,ARI,SEA,0.0
2025,4,2025_04_SEA_ARI,2025-09-25,00-0033576,Eric Saubert,TE,SEA,ARI,0.0
2025,4,2025_04_SEA_ARI,2025-09-25,00-0039299,George Holani,RB,SEA,ARI,0.0
2025,4,2025_04_SEA_ARI,2025-09-25,00-0036646,Simi Fehoko,WR,ARI,SEA,0.0
2025,4,2025_04_SEA_ARI,2025-09-25,00-0039521,Xavier Weaver,WR,ARI,SEA,0.0
2025,4,2025_04_TEN_HOU,2025-09-28,00-0040583,Woody Marks,RB,HOU,TEN,27.9
2025,4,2025_04_TEN_HOU,2025-09-28,00-0039163,C.J. Stroud,QB,HOU,TEN,18.42
2025,4,2025_04_TEN_HOU,2025-09-28,00-0036554,Nico Collins,WR,HOU,TEN,11.9
2025,4,2025_04_TEN_HOU,2025-09-28,00-0035261,Tony Pollard,RB,TEN,HOU,10.600000000000001
2025,4,2025_04_TEN_HOU,2025-09-28,00-0040130,Jayden Higgins,WR,HOU,TEN,9.4
2025,4,2025_04_TEN_HOU,2025-09-28,00-0034791,Nick Chubb,RB,HOU,TEN,8.2
2025,4,2025_04_TEN_HOU,2025-09-28,00-0034383,Dalton Schultz,TE,HOU,TEN,8.0
2025,4,2025_04_TEN_HOU,2025-09-28,00-0040170,Elic Ayomanor,WR,TEN,HOU,6.4
2025,4,2025_04_TEN_HOU,2025-09-28,00-0034837,Calvin Ridley,WR,TEN,HOU,5.0
2025,4,2025_04_TEN_HOU,2025-09-28,00-0034775,Christian Kirk,WR,HOU,TEN,5.0
2025,4,2025_04_TEN_HOU,2025-09-28,00-0040676,Cam Ward,QB,TEN,HOU,4.5200000000000005
2025,4,2025_04_TEN_HOU,2025-09-28,00-0038618,Xavier Hutchinson,WR,HOU,TEN,3.7
2025,4,2025_04_TEN_HOU,2025-09-28,00-0040584,Gunnar Helm,TE,TEN,HOU,2.2
2025,4,2025_04_TEN_HOU,2025-09-28,00-0036415,Van Jefferson,WR,TEN,HOU,1.6
2025,4,2025_04_TEN_HOU,2025-09-28,00-0037809,Chig Okonkwo,TE,TEN,HOU,1.4
2025,4,2025_04_TEN_HOU,2025-09-28,00-0040138,Jaylin Noel,WR,HOU,TEN,1.0
2025,4,2025_04_TEN_HOU,2025-09-28,00-0037594,Julius Chestnut,RB,TEN,HOU,0.0
2025,4,2025_04_TEN_HOU,2025-09-28,00-0032211,Tyler Lockett,WR,TEN,HOU,0.0
2025,4,2025_04_TEN_HOU,2025-09-28,00-0040705,Chimere Dike,WR,TEN,HOU,-0.4
2025,4,2025_04_WAS_ATL,2025-09-28,00-0038542,Bijan Robinson,RB,ATL,WAS,28.1
2025,4,2025_04_WAS_ATL,2025-09-28,00-0037238,Drake London,WR,ATL,WAS,25.0
2025,4,2025_04_WAS_ATL,2025-09-28,00-0035719,Deebo Samuel Sr.,WR,WAS,ATL,20.1
2025,4,2025_04_WAS_ATL,2025-09-28,00-0039917,Michael Penix Jr.,QB,ATL,WAS,18.72
2025,4,2025_04_WAS_ATL,2025-09-28,00-0036970,Kyle Pitts,TE,ATL,WAS,18.0
2025,4,2025_04_WAS_ATL,2025-09-28,00-0032268,Marcus Mariota,QB,WAS,ATL,16.240000000000002
2025,4,2025_04_WAS_ATL,2025-09-28,00-0037263,Tyler Allgeier,RB,ATL,WAS,11.100000000000001
2025,4,2025_04_WAS_ATL,2025-09-28,00-0039355,Luke McCaffrey,WR,WAS,ATL,10.1
2025,4,2025_04_WAS_ATL,2025-09-28,00-0040242,Jacory Croskey-Merritt,RB,WAS,ATL,7.7
2025,4,2025_04_WAS_ATL,2025-09-28,00-0030061,Zach Ertz,TE,WAS,ATL,6.1
2025,4,2025_04_WAS_ATL,2025-09-28,00-0038611,Chris Rodriguez Jr.,RB,WAS,ATL,5.9
2025,4,2025_04_WAS_ATL,2025-09-28,00-0040164,Jaylin Lane,WR,WAS,ATL,3.8
2025,4,2025_04_WAS_ATL,2025-09-28,00-0039394,Casey Washington,WR,ATL,WAS,2.9000000000000004
2025,4,2025_04_WAS_ATL,2025-09-28,00-0036309,Darnell Mooney,WR,ATL,WAS,2.5
2025,4,2025_04_WAS_ATL,2025-09-28,00-0037524,Tay Martin,WR,WAS,ATL,2.4000000000000004
2025,4,2025_04_WAS_ATL,2025-09-28,00-0033955,Jeremy McNichols,RB,WAS,ATL,1.3
2025,4,2025_04_WAS_ATL,2025-09-28,00-0032398,Chris Moore,WR,WAS,ATL,0.9
2025,4,2025_04_WAS_ATL,2025-09-28,00-0034407,Ray-Ray McCloud,WR,ATL,WAS,0.29999999999999993
2025,4,2025_04_WAS_ATL,2025-09-28,00-0039912,Ben Sinnott,TE,WAS,ATL,0.0
2025,4,2025_04_WAS_ATL,2025-09-28,00-0039686,Colson Yankoff,TE,WAS,ATL,0.0
2025,4,2025_04_WAS_ATL,2025-09-28,00-0036825,Feleipe Franks,TE,ATL,WAS,0.0
2025,4,2025_04_WAS_ATL,2025-09-28,00-0033572,Jamal Agnew,WR,ATL,WAS,0.0
2025,5,2025_05_DAL_NYJ,2025-10-05,00-0033077,Dak Prescott,QB,DAL,NYJ,28.28
2025,5,2025_05_DAL_NYJ,2025-10-05,00-0036997,Javonte Williams,RB,DAL,NYJ,26.9
2025,5,2025_05_DAL_NYJ,2025-10-05,00-0036945,Justin Fields,QB,NYJ,DAL,25.92
2025,5,2025_05_DAL_NYJ,2025-10-05,00-0038041,Jake Ferguson,TE,DAL,NYJ,23.9
2025,5,2025_05_DAL_NYJ,2025-10-05,00-0037740,Garrett Wilson,WR,NYJ,DAL,19.1
2025,5,2025_05_DAL_NYJ,2025-10-05,00-0039410,Ryan Flournoy,WR,DAL,NYJ,18.4
2025,5,2025_05_DAL_NYJ,2025-10-05,00-0040736,Mason Taylor,TE,NYJ,DAL,17.7
2025,5,2025_05_DAL_NYJ,2025-10-05,00-0038120,Breece Hall,RB,NYJ,DAL,17.5
2025,5,2025_05_DAL_NYJ,2025-10-05,00-0037247,George Pickens,WR,DAL,NYJ,13.7
2025,5,2025_05_DAL_NYJ,2025-10-05,00-0033943,Josh Reynolds,WR,NYJ,DAL,7.9
2025,5,2025_05_DAL_NYJ,2025-10-05,00-0037805,Jeremy Ruckert,TE,NYJ,DAL,6.800000000000001
2025,5,2025_05_DAL_NYJ,2025-10-05,00-0039798,Isaiah Davis,RB,NYJ,DAL,6.300000000000001
2025,5,2025_05_DAL_NYJ,2025-10-05,00-0040582,Arian Smith,WR,NYJ,DAL,2.4000000000000004
2025,5,2025_05_DAL_NYJ,2025-10-05,00-0038738,Hunter Luepke,RB,DAL,NYJ,2.0
2025,5,2025_05_DAL_NYJ,2025-10-05,00-0034521,Allen Lazard,WR,NYJ,DAL,1.3
2025,5,2025_05_DAL_NYJ,2025-10-05,00-0038547,Luke Schoonmaker,TE,DAL,NYJ,1.3
2025,5,2025_05_DAL_NYJ,2025-10-05,00-0040586,Jaydon Blue,RB,DAL,NYJ,0.7000000000000001
2025,5,2025_05_DAL_NYJ,2025-10-05,00-0036950,Avery Williams,RB,NYJ,DAL,0.0
2025,5,2025_05_DAL_NYJ,2025-10-05,00-0039530,Brevyn Spann-Ford,TE,DAL,NYJ,0.0
2025,5,2025_05_DAL_NYJ,2025-10-05,00-0038640,Jalen Brooks,WR,DAL,NYJ,0.0
2025,5,2025_05_DAL_NYJ,2025-10-05,00-0038740,Jalen Moreno-Cropper,WR,DAL,NYJ,0.0
2025,5,2025_05_DAL_NYJ,2025-10-05,00-0037666,Jalen Tolbert,WR,DAL,NYJ,0.0
2025,5,2025_05_DAL_NYJ,2025-10-05,00-0036906,Khalil Herbert,RB,NYJ,DAL,0.0
2025,5,2025_05_DEN_PHI,2025-10-05,00-0036389,Jalen Hurts,QB,PHI,DEN,19.500000000000004
2025,5,2025_05_DEN_PHI,2025-10-05,00-0036912,DeVonta Smith,WR,PHI,DEN,19.4
2025,5,2025_05_DEN_PHI,2025-10-05,00-0034348,Courtland Sutton,WR,DEN,PHI,17.9
2025,5,2025_05_DEN_PHI,2025-10-05,00-0039732,Bo Nix,QB,DEN,PHI,17.88
2025,5,2025_05_DEN_PHI,2025-10-05,00-0034844,Saquon Barkley,RB,PHI,DEN,17.8
2025,5,2025_05_DEN_PHI,2025-10-05,00-0036158,J.K. Dobbins,RB,DEN,PHI,15.4
2025,5,2025_05_DEN_PHI,2025-10-05,00-0033881,Evan Engram,TE,DEN,PHI,13.3
2025,5,2025_05_DEN_PHI,2025-10-05,00-0034351,Dallas Goedert,TE,PHI,DEN,10.9
2025,5,2025_05_DEN_PHI,2025-10-05,00-0035676,A.J. Brown,WR,PHI,DEN,9.3
2025,5,2025_05_DEN_PHI,2025-10-05,00-0039868,Troy Franklin,WR,DEN,PHI,8.5
2025,5,2025_05_DEN_PHI,2025-10-05,00-0040730,RJ Harvey,RB,DEN,PHI,6.0
2025,5,2025_05_DEN_PHI,2025-10-05,00-0038976,Marvin Mims Jr.,WR,DEN,PHI,3.9000000000000004
2025,5,2025_05_DEN_PHI,2025-10-05,00-0037086,Grant Calcaterra,TE,PHI,DEN,3.8
2025,5,2025_05_DEN_PHI,2025-10-05,00-0037741,Jahan Dotson,WR,PHI,DEN,3.4000000000000004
2025,5,2025_05_DEN_PHI,2025-10-05,00-0037085,Tyler Badie,RB,DEN,PHI,2.6
2025,5,2025_05_DEN_PHI,2025-10-05,00-0034487,Trent Sherfield,WR,DEN,PHI,2.5
2025,5,2025_05_DEN_PHI,2025-10-05,00-0036422,Adam Trautman,TE,DEN,PHI,2.1
2025,5,2025_05_DEN_PHI,2025-10-05,00-0039746,Will Shipley,RB,PHI,DEN,1.4
2025,5,2025_05_DEN_PHI,2025-10-05,00-0036265,AJ Dillon,RB,PHI,DEN,1.2000000000000002
2025,5,2025_05_DEN_PHI,2025-10-05,00-0038564,Cameron Latu,TE,PHI,DEN,0.0
2025,5,2025_05_DEN_PHI,2025-10-05,00-0036876,Kylen Granson,TE,PHI,DEN,0.0
2025,5,2025_05_DEN_PHI,2025-10-05,00-0038783,Nate Adkins,TE,DEN,PHI,0.0
2025,5,2025_05_DEN_PHI,2025-10-05,00-0040134,Pat Bryant,WR,DEN,PHI,0.0
2025,5,2025_05_DEN_PHI,2025-10-05,00-0038555,Tank Bigsby,RB,PHI,DEN,0.0
2025,5,2025_05_DET_CIN,2025-10-05,00-0036900,Ja'Marr Chase,WR,CIN,DET,29.0
2025,5,2025_05_DET_CIN,2025-10-05,00-0039065,Sam LaPorta,TE,DET,CIN,20.200000000000003
2025,5,2025_05_DET_CIN,2025-10-05,00-0033106,Jared Goff,QB,DET,CIN,20.12
2025,5,2025_05_DET_CIN,2025-10-05,00-0035100,Jake Browning,QB,CIN,DET,19.14
2025,5,2025_05_DET_CIN,2025-10-05,00-0035685,David Montgomery,RB,DET,CIN,18.22
2025,5,2025_05_DET_CIN,2025-10-05,00-0036963,Amon-Ra St. Brown,WR,DET,CIN,18.0
2025,5,2025_05_DET_CIN,2025-10-05,00-0039139,Jahmyr Gibbs,RB,DET,CIN,16.700000000000003
2025,5,2025_05_DET_CIN,2025-10-05,00-0038619,Andrei Iosivas,WR,CIN,DET,13.200000000000001
2025,5,2025_05_DET_CIN,2025-10-05,00-0038597,Chase Brown,RB,CIN,DET,11.8
2025,5,2025_05_DET_CIN,2025-10-05,00-0036410,Tee Higgins,WR,CIN,DET,11.2
2025,5,2025_05_DET_CIN,2025-10-05,00-0036754,Brock Wright,TE,DET,CIN,8.9
2025,5,2025_05_DET_CIN,2025-10-05,00-0040669,Isaac TeSlaa,WR,DET,CIN,8.2
2025,5,2025_05_DET_CIN,2025-10-05,00-0033526,Samaje Perine,RB,CIN,DET,4.9
2025,5,2025_05_DET_CIN,2025-10-05,00-0034829,Mike Gesicki,TE,CIN,DET,3.5
2025,5,2025_05_DET_CIN,2025-10-05,00-0037240,Jameson Williams,WR,DET,CIN,2.0
2025,5,2025_05_DET_CIN,2025-10-05,00-0035631,Drew Sample,TE,CIN,DET,0.9
2025,5,2025_05_DET_CIN,2025-10-05,00-0038576,Charlie Jones,WR,CIN,DET,0.0
2025,5,2025_05_DET_CIN,2025-10-05,00-0035567,Craig Reynolds,RB,DET,CIN,0.0
2025,5,2025_05_DET_CIN,2025-10-05,00-0038896,Jacob Saylors,RB,DET,CIN,0.0
2025,5,2025_05_DET_CIN,2025-10-05,00-0032464,Kalif Raymond,WR,DET,CIN,0.0
2025,5,2025_05_HOU_BAL,2025-10-05,00-0039163,C.J. Stroud,QB,HOU,BAL,28.759999999999998
2025,5,2025_05_HOU_BAL,2025-10-05,00-0038618,Xavier Hutchinson,WR,HOU,BAL,16.8
2025,5,2025_05_HOU_BAL,2025-10-05,00-0036554,Nico Collins,WR,HOU,BAL,16.0
2025,5,2025_05_HOU_BAL,2025-10-05,00-0039064,Zay Flowers,WR,BAL,HOU,12.2
2025,5,2025_05_HOU_BAL,2025-10-05,00-0034791,Nick Chubb,RB,HOU,BAL,12.100000000000001
2025,5,2025_05_HOU_BAL,2025-10-05,00-0034383,Dalton Schultz,TE,HOU,BAL,11.0
2025,5,2025_05_HOU_BAL,2025-10-05,00-0034775,Christian Kirk,WR,HOU,BAL,10.4
2025,5,2025_05_HOU_BAL,2025-10-05,00-0040138,Jaylin Noel,WR,HOU,BAL,9.8
2025,5,2025_05_HOU_BAL,2025-10-05,00-0032764,Derrick Henry,RB,BAL,HOU,9.3
2025,5,2025_05_HOU_BAL,2025-10-05,00-0040130,Jayden Higgins,WR,HOU,BAL,7.2
2025,5,2025_05_HOU_BAL,2025-10-05,00-0030564,DeAndre Hopkins,WR,BAL,HOU,6.6000000000000005
2025,5,2025_05_HOU_BAL,2025-10-05,00-0039458,Brenden Bates,TE,HOU,BAL,4.300000000000001
2025,5,2025_05_HOU_BAL,2025-10-05,00-0034753,Mark Andrews,TE,BAL,HOU,4.2
2025,5,2025_05_HOU_BAL,2025-10-05,00-0040583,Woody Marks,RB,HOU,BAL,2.4000000000000004
2025,5,2025_05_HOU_BAL,2025-10-05,00-0038454,Keaton Mitchell,RB,BAL,HOU,2.3
2025,5,2025_05_HOU_BAL,2025-10-05,00-0037838,Isaiah Likely,TE,BAL,HOU,2.2
2025,5,2025_05_HOU_BAL,2025-10-05,00-0034975,Justice Hill,RB,BAL,HOU,2.2
2025,5,2025_05_HOU_BAL,2025-10-05,00-0037258,Dameon Pierce,RB,HOU,BAL,2.1
2025,5,2025_05_HOU_BAL,2025-10-05,00-0038046,Charlie Kolar,TE,BAL,HOU,2.0
2025,5,2025_05_HOU_BAL,2025-10-05,00-0039603,British Brooks,RB,HOU,BAL,1.5
2025,5,2025_05_HOU_BAL,2025-10-05,00-0036232,Harrison Bryant,TE,HOU,BAL,1.5
2025,5,2025_05_HOU_BAL,2025-10-05,00-0037340,Zaire Mitchell-Paden,TE,BAL,HOU,1.3
2025,5,2025_05_HOU_BAL,2025-10-05,00-0036898,Davis Mills,QB,HOU,BAL,1.2200000000000002
2025,5,2025_05_HOU_BAL,2025-10-05,00-0033662,Cooper Rush,QB,BAL,HOU,1.1600000000000001
2025,5,2025_05_HOU_BAL,2025-10-05,00-0033854,Dare Ogunbowale,RB,HOU,BAL,0.0
2025,5,2025_05_HOU_BAL,2025-10-05,00-0039792,Devontez Walker,WR,BAL,HOU,0.0
2025,5,2025_05_HOU_BAL,2025-10-05,00-0040075,LaJohntay Wester,WR,BAL,HOU,0.0
2025,5,2025_05_HOU_BAL,2025-10-05,00-0039796,Rasheen Ali,RB,BAL,HOU,0.0
2025,5,2025_05_HOU_BAL,2025-10-05,00-0036550,Rashod Bateman,WR,BAL,HOU,0.0
2025,5,2025_05_KC_JAX,2025-10-06,00-0033873,Patrick Mahomes,QB,KC,JAX,26.72
2025,5,2025_05_KC_JAX,2025-10-06,00-0036971,Trevor Lawrence,QB,JAX,KC,26.240000000000002
2025,5,2025_05_KC_JAX,2025-10-06,00-0030506,Travis Kelce,TE,KC,JAX,19.1
2025,5,2025_05_KC_JAX,2025-10-06,00-0033923,Kareem Hunt,RB,KC,JAX,18.7
2025,5,2025_05_KC_JAX,2025-10-06,00-0039893,Brian Thomas Jr.,WR,JAX,KC,12.0
2025,5,2025_05_KC_JAX,2025-10-06,00-0038104,Tyquan Thornton,WR,KC,JAX,12.0
2025,5,2025_05_KC_JAX,2025-10-06,00-0039894,Xavier Worthy,WR,KC,JAX,11.100000000000001
2025,5,2025_05_KC_JAX,2025-10-06,00-0038606,Parker Washington,WR,JAX,KC,9.6
2025,5,2025_05_KC_JAX,2025-10-06,00-0035662,Marquise Brown,WR,KC,JAX,8.8
2025,5,2025_05_KC_JAX,2025-10-06,00-0036973,Travis Etienne,RB,JAX,KC,8.8
2025,5,2025_05_KC_JAX,2025-10-06,00-0037197,Isiah Pacheco,RB,KC,JAX,8.600000000000001
2025,5,2025_05_KC_JAX,2025-10-06,00-0040078,Brashard Smith,RB,KC,JAX,6.6
2025,5,2025_05_KC_JAX,2025-10-06,00-0033857,JuJu Smith-Schuster,WR,KC,JAX,3.7
2025,5,2025_05_KC_JAX,2025-10-06,00-0036626,Dyami Brown,WR,JAX,KC,3.5
2025,5,2025_05_KC_JAX,2025-10-06,00-0038935,Brenton Strange,TE,JAX,KC,3.2
2025,5,2025_05_KC_JAX,2025-10-06,00-0040719,Bhayshul Tuten,RB,JAX,KC,2.1
2025,5,2025_05_KC_JAX,2025-10-06,00-0033246,Johnny Mundt,TE,JAX,KC,1.7000000000000002
2025,5,2025_05_KC_JAX,2025-10-06,00-0037004,Hunter Long,TE,JAX,KC,1.3
2025,5,2025_05_KC_JAX,2025-10-06,00-0038492,Jason Brownlee,WR,KC,JAX,0.0
2025,5,2025_05_KC_JAX,2025-10-06,00-0040238,LeQuint Allen Jr.,RB,JAX,KC,0.0
2025,5,2025_05_KC_JAX,2025-10-06,00-0038519,Nikko Remigio,WR,KC,JAX,0.0
2025,5,2025_05_KC_JAX,2025-10-06,00-0036590,Quintin Morris,TE,JAX,KC,0.0
2025,5,2025_05_KC_JAX,2025-10-06,00-0033375,Tim Patrick,WR,JAX,KC,0.0
2025,5,2025_05_LV_IND,2025-10-05,00-0036223,Jonathan Taylor,RB,IND,LV,31.6
2025,5,2025_05_LV_IND,2025-10-05,00-0035710,Daniel Jones,QB,IND,LV,16.68
2025,5,2025_05_LV_IND,2025-10-05,00-0040122,Ashton Jeanty,RB,LV,IND,15.9
2025,5,2025_05_LV_IND,2025-10-05,00-0036252,Michael Pittman,WR,IND,LV,14.9
2025,5,2025_05_LV_IND,2025-10-05,00-0040128,Tyler Warren,TE,IND,LV,14.4
2025,5,2025_05_LV_IND,2025-10-05,00-0038997,Josh Downs,WR,IND,LV,11.4
2025,5,2025_05_LV_IND,2025-10-05,00-0038563,Tre Tucker,WR,LV,IND,11.100000000000001
2025,5,2025_05_LV_IND,2025-10-05,00-0036423,Albert Okwuegbunam,TE,LV,IND,8.6
2025,5,2025_05_LV_IND,2025-10-05,00-0035021,Ashton Dulin,WR,IND,LV,7.5
2025,5,2025_05_LV_IND,2025-10-05,00-0034960,Jakobi Meyers,WR,LV,IND,7.2
2025,5,2025_05_LV_IND,2025-10-05,00-0032104,Ameer Abdullah,RB,IND,LV,6.6
2025,5,2025_05_LV_IND,2025-10-05,00-0030565,Geno Smith,QB,LV,IND,5.920000000000001
2025,5,2025_05_LV_IND,2025-10-05,00-0040729,Jack Bech,WR,LV,IND,5.7
2025,5,2025_05_LV_IND,2025-10-05,00-0034365,Ian Thomas,TE,LV,IND,5.0
2025,5,2025_05_LV_IND,2025-10-05,00-0039164,Anthony Richardson,QB,IND,LV,2.26
2025,5,2025_05_LV_IND,2025-10-05,00-0040179,DJ Giddens,RB,IND,LV,2.2
2025,5,2025_05_LV_IND,2025-10-05,00-0031687,Raheem Mostert,RB,LV,IND,2.2
2025,5,2025_05_LV_IND,2025-10-05,00-0035602,Alex Bachman,WR,LV,IND,1.9
2025,5,2025_05_LV_IND,2025-10-05,00-0039890,Adonai Mitchell,WR,IND,LV,0.0
2025,5,2025_05_LV_IND,2025-10-05,00-0039816,Anthony Gould,WR,IND,LV,0.0
2025,5,2025_05_LV_IND,2025-10-05,00-0040581,Dont'e Thornton Jr.,WR,LV,IND,0.0
2025,5,2025_05_LV_IND,2025-10-05,00-0039407,Dylan Laube,RB,LV,IND,0.0
2025,5,2025_05_MIA_CAR,2025-10-05,00-0036139,Rico Dowdle,RB,CAR,MIA,32.400000000000006
2025,5,2025_05_MIA_CAR,2025-10-05,00-0036613,Jaylen Waddle,WR,MIA,CAR,23.0
2025,5,2025_05_MIA_CAR,2025-10-05,00-0036212,Tua Tagovailoa,QB,MIA,CAR,22.740000000000002
2025,5,2025_05_MIA_CAR,2025-10-05,00-0031610,Darren Waller,TE,MIA,CAR,18.8
2025,5,2025_05_MIA_CAR,2025-10-05,00-0039040,De'Von Achane,RB,MIA,CAR,16.6
2025,5,2025_05_MIA_CAR,2025-10-05,00-0040124,Tetairoa McMillan,WR,CAR,MIA,13.3
2025,5,2025_05_MIA_CAR,2025-10-05,00-0039150,Bryce Young,QB,CAR,MIA,12.02
2025,5,2025_05_MIA_CAR,2025-10-05,00-0039342,Xavier Legette,WR,CAR,MIA,11.1
2025,5,2025_05_MIA_CAR,2025-10-05,00-0040187,Mitchell Evans,TE,CAR,MIA,7.4
2025,5,2025_05_MIA_CAR,2025-10-05,00-0038720,Julian Hill,TE,MIA,CAR,6.2
2025,5,2025_05_MIA_CAR,2025-10-05,00-0040218,Jimmy Horn Jr.,WR,CAR,MIA,5.1
2025,5,2025_05_MIA_CAR,2025-10-05,00-0039880,Malik Washington,WR,MIA,CAR,4.0
2025,5,2025_05_MIA_CAR,2025-10-05,00-0040644,Trevor Etienne,RB,CAR,MIA,3.9000000000000004
2025,5,2025_05_MIA_CAR,2025-10-05,00-0037348,Tanner Conner,TE,MIA,CAR,3.6
2025,5,2025_05_MIA_CAR,2025-10-05,00-0037282,James Mitchell,TE,CAR,MIA,2.1
2025,5,2025_05_MIA_CAR,2025-10-05,00-0038840,Brycen Tremayne,WR,CAR,MIA,1.9
2025,5,2025_05_MIA_CAR,2025-10-05,00-0034983,Hunter Renfrow,WR,CAR,MIA,1.7000000000000002
2025,5,2025_05_MIA_CAR,2025-10-05,00-0037005,Tommy Tremble,TE,CAR,MIA,1.7000000000000002
2025,5,2025_05_MIA_CAR,2025-10-05,00-0036620,Dee Eskridge,WR,MIA,CAR,0.0
2025,5,2025_05_MIA_CAR,2025-10-05,00-0036425,DeeJay Dallas,RB,CAR,MIA,0.0
2025,5,2025_05_MIA_CAR,2025-10-05,00-0040198,Ollie Gordon II,RB,MIA,CAR,-0.2
2025,5,2025_05_MIN_CLE,2025-10-05,00-0036322,Justin Jefferson,WR,MIN,CLE,19.3
2025,5,2025_05_MIN_CLE,2025-10-05,00-0033885,David Njoku,TE,CLE,MIN,18.7
2025,5,2025_05_MIN_CLE,2025-10-05,00-0040704,Dillon Gabriel,QB,CLE,MIN,16.1
2025,5,2025_05_MIN_CLE,2025-10-05,00-0038994,Jordan Addison,WR,MIN,CLE,15.100000000000001
2025,5,2025_05_MIN_CLE,2025-10-05,00-0032950,Carson Wentz,QB,MIN,CLE,14.74
2025,5,2025_05_MIN_CLE,2025-10-05,00-0040784,Quinshon Judkins,RB,CLE,MIN,13.8
2025,5,2025_05_MIN_CLE,2025-10-05,00-0037525,Jordan Mason,RB,MIN,CLE,12.600000000000001
2025,5,2025_05_MIN_CLE,2025-10-05,00-0035249,Josh Oliver,TE,MIN,CLE,11.5
2025,5,2025_05_MIN_CLE,2025-10-05,00-0040663,Harold Fannin Jr.,TE,CLE,MIN,11.3
2025,5,2025_05_MIN_CLE,2025-10-05,00-0035229,T.J. Hockenson,TE,MIN,CLE,9.8
2025,5,2025_05_MIN_CLE,2025-10-05,00-0037291,Jalen Nailor,WR,MIN,CLE,7.2
2025,5,2025_05_MIN_CLE,2025-10-05,00-0037267,Jerome Ford,RB,CLE,MIN,5.800000000000001
2025,5,2025_05_MIN_CLE,2025-10-05,00-0036414,Cam Akers,RB,MIN,CLE,5.28
2025,5,2025_05_MIN_CLE,2025-10-05,00-0040782,Isaiah Bond,WR,CLE,MIN,4.9
2025,5,2025_05_MIN_CLE,2025-10-05,00-0036407,Jerry Jeudy,WR,CLE,MIN,3.5
2025,5,2025_05_MIN_CLE,2025-10-05,00-0039379,Jamari Thrash,WR,CLE,MIN,3.2
2025,5,2025_05_MIN_CLE,2025-10-05,00-0040162,Dylan Sampson,RB,CLE,MIN,1.2
2025,5,2025_05_MIN_CLE,2025-10-05,00-0039920,Malachi Corley,WR,CLE,MIN,1.1
2025,5,2025_05_MIN_CLE,2025-10-05,00-0040259,Gage Larvadain,WR,CLE,MIN,0.0
2025,5,2025_05_MIN_CLE,2025-10-05,00-0040506,Myles Price,WR,MIN,CLE,0.0
2025,5,2025_05_MIN_CLE,2025-10-05,00-0040154,Tai Felton,WR,MIN,CLE,0.0
2025,5,2025_05_MIN_CLE,2025-10-05,00-0040494,Max Brosmer,QB,MIN,CLE,-0.1
2025,5,2025_05_MIN_CLE,2025-10-05,00-0038440,Zavier Scott,RB,MIN,CLE,-0.19999999999999996
2025,5,2025_05_NE_BUF,2025-10-05,00-0031588,Stefon Diggs,WR,NE,BUF,24.6
2025,5,2025_05_NE_BUF,2025-10-05,00-0034857,Josh Allen,QB,BUF,NE,19.42
2025,5,2025_05_NE_BUF,2025-10-05,00-0038933,Dalton Kincaid,TE,BUF,NE,16.8
2025,5,2025_05_NE_BUF,2025-10-05,00-0036875,Rhamondre Stevenson,RB,NE,BUF,14.7
2025,5,2025_05_NE_BUF,2025-10-05,00-0039851,Drake Maye,QB,NE,BUF,12.120000000000001
2025,5,2025_05_NE_BUF,2025-10-05,00-0037261,Khalil Shakir,WR,BUF,NE,11.0
2025,5,2025_05_NE_BUF,2025-10-05,00-0033282,Curtis Samuel,WR,BUF,NE,10.6
2025,5,2025_05_NE_BUF,2025-10-05,00-0039901,Keon Coleman,WR,BUF,NE,10.3
2025,5,2025_05_NE_BUF,2025-10-05,00-0038608,Kayshon Boutte,WR,NE,BUF,7.3
2025,5,2025_05_NE_BUF,2025-10-05,00-0033090,Hunter Henry,TE,NE,BUF,6.6000000000000005
2025,5,2025_05_NE_BUF,2025-10-05,00-0036988,Josh Palmer,WR,BUF,NE,5.6
2025,5,2025_05_NE_BUF,2025-10-05,00-0037248,James Cook,RB,BUF,NE,4.9
2025,5,2025_05_NE_BUF,2025-10-05,00-0040734,TreVeyon Henderson,RB,NE,BUF,4.7
2025,5,2025_05_NE_BUF,2025-10-05,00-0038621,DeMario Douglas,WR,NE,BUF,3.7
2025,5,2025_05_NE_BUF,2025-10-05,00-0036328,Antonio Gibson,RB,NE,BUF,3.6
2025,5,2025_05_NE_BUF,2025-10-05,00-0035689,Dawson Knox,TE,BUF,NE,3.5
2025,5,2025_05_NE_BUF,2025-10-05,00-0035537,Ty Johnson,RB,BUF,NE,1.0
2025,5,2025_05_NE_BUF,2025-10-05,00-0039875,Ray Davis,RB,BUF,NE,0.1
2025,5,2025_05_NE_BUF,2025-10-05,00-0036187,Reggie Gilliam,RB,BUF,NE,0.0
2025,5,2025_05_NE_BUF,2025-10-05,00-0038679,Tyrell Shavers,WR,BUF,NE,0.0
2025,5,2025_05_NYG_NO,2025-10-05,00-0037545,Rashid Shaheed,WR,NO,NYG,21.4
2025,5,2025_05_NYG_NO,2025-10-05,00-0039847,Theo Johnson,TE,NYG,NO,21.3
2025,5,2025_05_NYG_NO,2025-10-05,00-0039376,Spencer Rattler,QB,NO,NYG,16.1
2025,5,2025_05_NYG_NO,2025-10-05,00-0040691,Jaxson Dart,QB,NYG,NO,15.579999999999998
2025,5,2025_05_NYG_NO,2025-10-05,00-0040715,Cam Skattebo,RB,NYG,NO,14.4
2025,5,2025_05_NYG_NO,2025-10-05,00-0037239,Chris Olave,WR,NO,NYG,12.9
2025,5,2025_05_NYG_NO,2025-10-05,00-0033906,Alvin Kamara,RB,NO,NYG,9.5
2025,5,2025_05_NYG_NO,2025-10-05,00-0038115,Daniel Bellinger,TE,NYG,NO,9.2
2025,5,2025_05_NYG_NO,2025-10-05,00-0038117,Wan'Dale Robinson,WR,NYG,NO,8.2
2025,5,2025_05_NYG_NO,2025-10-05,00-0038551,Kendre Miller,RB,NO,NYG,5.9
2025,5,2025_05_NYG_NO,2025-10-05,00-0035535,Darius Slayton,WR,NYG,NO,4.1
2025,5,2025_05_NYG_NO,2025-10-05,00-0036040,Juwan Johnson,TE,NO,NYG,3.7
2025,5,2025_05_NYG_NO,2025-10-05,00-0035250,Devin Singletary,RB,NYG,NO,3.4000000000000004
2025,5,2025_05_NYG_NO,2025-10-05,00-0039424,Devaughn Vele,WR,NO,NYG,3.3
2025,5,2025_05_NYG_NO,2025-10-05,00-0040432,Beaux Collins,WR,NYG,NO,1.7000000000000002
2025,5,2025_05_NYG_NO,2025-10-05,00-0031236,Brandin Cooks,WR,NO,NYG,1.5
2025,5,2025_05_NYG_NO,2025-10-05,00-0033357,Taysom Hill,TE,NO,NYG,0.66
2025,5,2025_05_NYG_NO,2025-10-05,00-0035645,Gunner Olszewski,WR,NYG,NO,0.0
2025,5,2025_05_NYG_NO,2025-10-05,00-0038938,Jalin Hyatt,WR,NYG,NO,0.0
2025,5,2025_05_NYG_NO,2025-10-05,00-0037745,Velus Jones Jr.,WR,NO,NYG,0.0
2025,5,2025_05_SF_LA,2025-10-02,00-0037840,Kyren Williams,RB,LA,SF,31.1
2025,5,2025_05_SF_LA,2025-10-02,00-0033280,Christian McCaffrey,RB,SF,LA,27.9
2025,5,2025_05_SF_LA,2025-10-02,00-0026498,Matthew Stafford,QB,LA,SF,25.560000000000002
2025,5,2025_05_SF_LA,2025-10-02,00-0039075,Puka Nacua,WR,LA,SF,24.5
2025,5,2025_05_SF_LA,2025-10-02,00-0033307,Kendrick Bourne,WR,SF,LA,24.200000000000003
2025,5,2025_05_SF_LA,2025-10-02,00-0036972,Mac Jones,QB,SF,LA,22.18
2025,5,2025_05_SF_LA,2025-10-02,00-0037112,Jake Tonges,TE,SF,LA,17.1
2025,5,2025_05_SF_LA,2025-10-02,00-0031381,Davante Adams,WR,LA,SF,13.8
2025,5,2025_05_SF_LA,2025-10-02,00-0036849,Tutu Atwell,WR,LA,SF,9.2
2025,5,2025_05_SF_LA,2025-10-02,00-0032775,Demarcus Robinson,WR,SF,LA,6.9
2025,5,2025_05_SF_LA,2025-10-02,00-0039751,Jordan Whittington,WR,LA,SF,5.300000000000001
2025,5,2025_05_SF_LA,2025-10-02,00-0039074,Davis Allen,TE,LA,SF,4.4
2025,5,2025_05_SF_LA,2025-10-02,00-0040737,Terrance Ferguson,TE,LA,SF,3.1
2025,5,2025_05_SF_LA,2025-10-02,00-0034272,Marquez Valdes-Scantling,WR,SF,LA,1.9
2025,5,2025_05_SF_LA,2025-10-02,00-0036887,Luke Farrell,TE,SF,LA,1.8
2025,5,2025_05_SF_LA,2025-10-02,00-0039738,Blake Corum,RB,LA,SF,1.3
2025,5,2025_05_SF_LA,2025-10-02,00-0037746,Brian Robinson,RB,SF,LA,1.2000000000000002
2025,5,2025_05_SF_LA,2025-10-02,00-0038090,Skyy Moore,WR,SF,LA,0.1
2025,5,2025_05_SF_LA,2025-10-02,00-0038643,Brayden Willis,TE,SF,LA,0.0
2025,5,2025_05_SF_LA,2025-10-02,00-0036244,Colby Parkinson,TE,LA,SF,0.0
2025,5,2025_05_SF_LA,2025-10-02,00-0039363,Isaac Guerendo,RB,SF,LA,0.0
2025,5,2025_05_SF_LA,2025-10-02,00-0034867,Malik Turner,WR,SF,LA,0.0
2025,5,2025_05_SF_LA,2025-10-02,00-0038359,Xavier Smith,WR,LA,SF,0.0
2025,5,2025_05_TB_SEA,2025-10-05,00-0040129,Emeka Egbuka,WR,TB,SEA,31.3
2025,5,2025_05_TB_SEA,2025-10-05,00-0034869,Sam Darnold,QB,SEA,TB,27.64
2025,5,2025_05_TB_SEA,2025-10-05,00-0038543,Jaxon Smith-Njigba,WR,SEA,TB,27.200000000000003
2025,5,2025_05_TB_SEA,2025-10-05,00-0034855,Baker Mayfield,QB,TB,SEA,26.66
2025,5,2025_05_TB_SEA,2025-10-05,00-0039793,AJ Barner,TE,SEA,TB,24.3
2025,5,2025_05_TB_SEA,2025-10-05,00-0037256,Rachaad White,RB,TB,SEA,23.1
2025,5,2025_05_TB_SEA,2025-10-05,00-0040648,Tory Horton,WR,SEA,TB,12.9
2025,5,2025_05_TB_SEA,2025-10-05,00-0038129,Cade Otton,TE,TB,SEA,12.1
2025,5,2025_05_TB_SEA,2025-10-05,00-0033908,Cooper Kupp,WR,SEA,TB,11.9
2025,5,2025_05_TB_SEA,2025-10-05,00-0032385,Sterling Shepard,WR,TB,SEA,11.9
2025,5,2025_05_TB_SEA,2025-10-05,00-0039165,Zach Charbonnet,RB,SEA,TB,11.8
2025,5,2025_05_TB_SEA,2025-10-05,00-0040237,Tez Johnson,WR,TB,SEA,9.9
2025,5,2025_05_TB_SEA,2025-10-05,00-0038134,Kenneth Walker III,RB,SEA,TB,9.6
2025,5,2025_05_TB_SEA,2025-10-05,00-0033921,Chris Godwin Jr.,WR,TB,SEA,5.6
2025,5,2025_05_TB_SEA,2025-10-05,00-0037093,Dareke Young,WR,SEA,TB,4.6
2025,5,2025_05_TB_SEA,2025-10-05,00-0038951,Sean Tucker,RB,TB,SEA,2.9
2025,5,2025_05_TB_SEA,2025-10-05,00-0040739,Elijah Arroyo,TE,SEA,TB,2.0
2025,5,2025_05_TB_SEA,2025-10-05,00-0039589,Kameron Johnson,WR,TB,SEA,0.2
2025,5,2025_05_TB_SEA,2025-10-05,00-0039299,George Holani,RB,SEA,TB,0.0
2025,5,2025_05_TB_SEA,2025-10-05,00-0038752,Jake Bobo,WR,SEA,TB,0.0
2025,5,2025_05_TB_SEA,2025-10-05,00-0040429,Josh Williams,RB,TB,SEA,0.0
2025,5,2025_05_TB_SEA,2025-10-05,00-0039050,Payne Durham,TE,TB,SEA,0.0
2025,5,2025_05_TB_SEA,2025-10-05,00-0040673,Jalen Milroe,QB,SEA,TB,-2.0
2025,5,2025_05_TEN_ARI,2025-10-05,00-0036924,Michael Carter,RB,ARI,TEN,18.3
2025,5,2025_05_TEN_ARI,2025-10-05,00-0034837,Calvin Ridley,WR,TEN,ARI,18.1
2025,5,2025_05_TEN_ARI,2025-10-05,00-0035228,Kyler Murray,QB,ARI,TEN,15.3
2025,5,2025_05_TEN_ARI,2025-10-05,00-0035261,Tony Pollard,RB,TEN,ARI,14.8
2025,5,2025_05_TEN_ARI,2025-10-05,00-0039849,Marvin Harrison Jr.,WR,ARI,TEN,13.8
2025,5,2025_05_TEN_ARI,2025-10-05,00-0037157,Bam Knight,RB,ARI,TEN,9.4
2025,5,2025_05_TEN_ARI,2025-10-05,00-0037744,Trey McBride,TE,ARI,TEN,9.100000000000001
2025,5,2025_05_TEN_ARI,2025-10-05,00-0037809,Chig Okonkwo,TE,TEN,ARI,8.8
2025,5,2025_05_TEN_ARI,2025-10-05,00-0040676,Cam Ward,QB,TEN,ARI,8.0
2025,5,2025_05_TEN_ARI,2025-10-05,00-0040584,Gunnar Helm,TE,TEN,ARI,7.4
2025,5,2025_05_TEN_ARI,2025-10-05,00-0038705,Emari Demercado,RB,ARI,TEN,6.1
2025,5,2025_05_TEN_ARI,2025-10-05,00-0040170,Elic Ayomanor,WR,TEN,ARI,3.8
2025,5,2025_05_TEN_ARI,2025-10-05,00-0040705,Chimere Dike,WR,TEN,ARI,3.7
2025,5,2025_05_TEN_ARI,2025-10-05,00-0038559,Michael Wilson,WR,ARI,TEN,3.6
2025,5,2025_05_TEN_ARI,2025-10-05,00-0035500,Greg Dortch,WR,ARI,TEN,3.2
2025,5,2025_05_TEN_ARI,2025-10-05,00-0039041,Elijah Higgins,TE,ARI,TEN,3.0
2025,5,2025_05_TEN_ARI,2025-10-05,00-0033891,Zay Jones,WR,ARI,TEN,2.8
2025,5,2025_05_TEN_ARI,2025-10-05,00-0032211,Tyler Lockett,WR,TEN,ARI,1.6
2025,5,2025_05_TEN_ARI,2025-10-05,00-0039032,Tyjae Spears,RB,TEN,ARI,1.4000000000000001
2025,5,2025_05_TEN_ARI,2025-10-05,00-0037594,Julius Chestnut,RB,TEN,ARI,0.30000000000000004
2025,5,2025_05_TEN_ARI,2025-10-05,00-0033119,Jacoby Brissett,QB,ARI,TEN,0.0
2025,5,2025_05_TEN_ARI,2025-10-05,00-0036646,Simi Fehoko,WR,ARI,TEN,0.0
2025,5,2025_05_TEN_ARI,2025-10-05,00-0039737,Tip Reiman,TE,ARI,TEN,0.0
2025,5,2025_05_TEN_ARI,2025-10-05,00-0038456,Travis Vokolek,TE,ARI,TEN,0.0
2025,5,2025_05_WAS_LAC,2025-10-05,00-0040242,Jacory Croskey-Merritt,RB,WAS,LAC,27.0
2025,5,2025_05_WAS_LAC,2025-10-05,00-0035719,Deebo Samuel Sr.,WR,WAS,LAC,23.6
2025,5,2025_05_WAS_LAC,2025-10-05,00-0039910,Jayden Daniels,QB,WAS,LAC,17.14
2025,5,2025_05_WAS_LAC,2025-10-05,00-0039915,Ladd McConkey,WR,LAC,WAS,14.9
2025,5,2025_05_WAS_LAC,2025-10-05,00-0036355,Justin Herbert,QB,LAC,WAS,14.64
2025,5,2025_05_WAS_LAC,2025-10-05,00-0040666,Omarion Hampton,RB,LAC,WAS,13.0
2025,5,2025_05_WAS_LAC,2025-10-05,00-0030279,Keenan Allen,WR,LAC,WAS,10.8
2025,5,2025_05_WAS_LAC,2025-10-05,00-0038544,Quentin Johnston,WR,LAC,WAS,6.9
2025,5,2025_05_WAS_LAC,2025-10-05,00-0039355,Luke McCaffrey,WR,WAS,LAC,6.0
2025,5,2025_05_WAS_LAC,2025-10-05,00-0034270,Tyler Conklin,TE,LAC,WAS,5.0
2025,5,2025_05_WAS_LAC,2025-10-05,00-0039391,Kimani Vidal,RB,LAC,WAS,2.9000000000000004
2025,5,2025_05_WAS_LAC,2025-10-05,00-0037012,Trey Lance,QB,LAC,WAS,2.8600000000000003
2025,5,2025_05_WAS_LAC,2025-10-05,00-0033955,Jeremy McNichols,RB,WAS,LAC,2.8
2025,5,2025_05_WAS_LAC,2025-10-05,00-0040164,Jaylin Lane,WR,WAS,LAC,2.6
2025,5,2025_05_WAS_LAC,2025-10-05,00-0037617,Hassan Haskins,RB,LAC,WAS,2.5
2025,5,2025_05_WAS_LAC,2025-10-05,00-0040189,Oronde Gadsden II,TE,LAC,WAS,2.4000000000000004
2025,5,2025_05_WAS_LAC,2025-10-05,00-0036628,John Bates,TE,WAS,LAC,1.9
2025,5,2025_05_WAS_LAC,2025-10-05,00-0037524,Tay Martin,WR,WAS,LAC,1.9
2025,5,2025_05_WAS_LAC,2025-10-05,00-0038611,Chris Rodriguez Jr.,RB,WAS,LAC,0.7000000000000001
2025,5,2025_05_WAS_LAC,2025-10-05,00-0032398,Chris Moore,WR,WAS,LAC,0.0
2025,5,2025_05_WAS_LAC,2025-10-05,00-0039686,Colson Yankoff,TE,WAS,LAC,0.0
2025,5,2025_05_WAS_LAC,2025-10-05,00-0040184,KeAndre Lambert-Smith,WR,LAC,WAS,0.0
2025,5,2025_05_WAS_LAC,2025-10-05,00-0030061,Zach Ertz,TE,WAS,LAC,0.0
2025,6,2025_06_ARI_IND,2025-10-12,00-0036223,Jonathan Taylor,RB,IND,ARI,23.700000000000003
2025,6,2025_06_ARI_IND,2025-10-12,00-0035710,Daniel Jones,QB,IND,ARI,22.48
2025,6,2025_06_ARI_IND,2025-10-12,00-0037744,Trey McBride,TE,ARI,IND,21.2
2025,6,2025_06_ARI_IND,2025-10-12,00-0033119,Jacoby Brissett,QB,ARI,IND,20.7
2025,6,2025_06_ARI_IND,2025-10-12,00-0040128,Tyler Warren,TE,IND,ARI,18.3
2025,6,2025_06_ARI_IND,2025-10-12,00-0038997,Josh Downs,WR,IND,ARI,16.2
2025,6,2025_06_ARI_IND,2025-10-12,00-0033891,Zay Jones,WR,ARI,IND,12.9
2025,6,2025_06_ARI_IND,2025-10-12,00-0037157,Bam Knight,RB,ARI,IND,12.4
2025,6,2025_06_ARI_IND,2025-10-12,00-0035500,Greg Dortch,WR,ARI,IND,9.9
2025,6,2025_06_ARI_IND,2025-10-12,00-0036924,Michael Carter,RB,ARI,IND,8.4
2025,6,2025_06_ARI_IND,2025-10-12,00-0038559,Michael Wilson,WR,ARI,IND,8.4
2025,6,2025_06_ARI_IND,2025-10-12,00-0037664,Alec Pierce,WR,IND,ARI,6.800000000000001
2025,6,2025_06_ARI_IND,2025-10-12,00-0039041,Elijah Higgins,TE,ARI,IND,5.4
2025,6,2025_06_ARI_IND,2025-10-12,00-0039849,Marvin Harrison Jr.,WR,ARI,IND,5.2
2025,6,2025_06_ARI_IND,2025-10-12,00-0036252,Michael Pittman,WR,IND,ARI,4.0
2025,6,2025_06_ARI_IND,2025-10-12,00-0032104,Ameer Abdullah,RB,IND,ARI,2.6
2025,6,2025_06_ARI_IND,2025-10-12,00-0033217,Mo Alie-Cox,TE,IND,ARI,2.6
2025,6,2025_06_ARI_IND,2025-10-12,00-0038705,Emari Demercado,RB,ARI,IND,0.1
2025,6,2025_06_ARI_IND,2025-10-12,00-0039816,Anthony Gould,WR,IND,ARI,0.0
2025,6,2025_06_ARI_IND,2025-10-12,00-0035021,Ashton Dulin,WR,IND,ARI,0.0
2025,6,2025_06_ARI_IND,2025-10-12,00-0036646,Simi Fehoko,WR,ARI,IND,0.0
2025,6,2025_06_BUF_ATL,2025-10-13,00-0038542,Bijan Robinson,RB,ATL,BUF,35.8
2025,6,2025_06_BUF_ATL,2025-10-13,00-0037238,Drake London,WR,ATL,BUF,31.8
2025,6,2025_06_BUF_ATL,2025-10-13,00-0034857,Josh Allen,QB,BUF,ATL,15.399999999999999
2025,6,2025_06_BUF_ATL,2025-10-13,00-0039917,Michael Penix Jr.,QB,ATL,BUF,14.6
2025,6,2025_06_BUF_ATL,2025-10-13,00-0037263,Tyler Allgeier,RB,ATL,BUF,10.8
2025,6,2025_06_BUF_ATL,2025-10-13,00-0039875,Ray Davis,RB,BUF,ATL,9.9
2025,6,2025_06_BUF_ATL,2025-10-13,00-0035689,Dawson Knox,TE,BUF,ATL,8.9
2025,6,2025_06_BUF_ATL,2025-10-13,00-0037248,James Cook,RB,BUF,ATL,8.700000000000001
2025,6,2025_06_BUF_ATL,2025-10-13,00-0036988,Josh Palmer,WR,BUF,ATL,8.0
2025,6,2025_06_BUF_ATL,2025-10-13,00-0037261,Khalil Shakir,WR,BUF,ATL,6.300000000000001
2025,6,2025_06_BUF_ATL,2025-10-13,00-0038679,Tyrell Shavers,WR,BUF,ATL,5.7
2025,6,2025_06_BUF_ATL,2025-10-13,00-0036970,Kyle Pitts,TE,ATL,BUF,4.8
2025,6,2025_06_BUF_ATL,2025-10-13,00-0039901,Keon Coleman,WR,BUF,ATL,4.1
2025,6,2025_06_BUF_ATL,2025-10-13,00-0035537,Ty Johnson,RB,BUF,ATL,2.6
2025,6,2025_06_BUF_ATL,2025-10-13,00-0036825,Feleipe Franks,TE,ATL,BUF,0.2
2025,6,2025_06_BUF_ATL,2025-10-13,00-0039394,Casey Washington,WR,ATL,BUF,0.0
2025,6,2025_06_BUF_ATL,2025-10-13,00-0037487,Deven Thompkins,WR,ATL,BUF,0.0
2025,6,2025_06_BUF_ATL,2025-10-13,00-0036980,Elijah Moore,WR,BUF,ATL,0.0
2025,6,2025_06_BUF_ATL,2025-10-13,00-0033572,Jamal Agnew,WR,ATL,BUF,0.0
2025,6,2025_06_BUF_ATL,2025-10-13,00-0034854,KhaDarel Hodge,WR,ATL,BUF,0.0
2025,6,2025_06_CHI_WAS,2025-10-13,00-0036275,D'Andre Swift,RB,CHI,WAS,25.5
2025,6,2025_06_CHI_WAS,2025-10-13,00-0039910,Jayden Daniels,QB,WAS,CHI,21.639999999999997
2025,6,2025_06_CHI_WAS,2025-10-13,00-0039918,Caleb Williams,QB,CHI,WAS,20.380000000000003
2025,6,2025_06_CHI_WAS,2025-10-13,00-0030061,Zach Ertz,TE,WAS,CHI,16.3
2025,6,2025_06_CHI_WAS,2025-10-13,00-0032398,Chris Moore,WR,WAS,CHI,13.600000000000001
2025,6,2025_06_CHI_WAS,2025-10-13,00-0039355,Luke McCaffrey,WR,WAS,CHI,10.3
2025,6,2025_06_CHI_WAS,2025-10-13,00-0040735,Luther Burden III,WR,CHI,WAS,9.100000000000001
2025,6,2025_06_CHI_WAS,2025-10-13,00-0034827,DJ Moore,WR,CHI,WAS,8.2
2025,6,2025_06_CHI_WAS,2025-10-13,00-0033955,Jeremy McNichols,RB,WAS,CHI,6.5
2025,6,2025_06_CHI_WAS,2025-10-13,00-0040242,Jacory Croskey-Merritt,RB,WAS,CHI,5.800000000000001
2025,6,2025_06_CHI_WAS,2025-10-13,00-0035719,Deebo Samuel Sr.,WR,WAS,CHI,5.4
2025,6,2025_06_CHI_WAS,2025-10-13,00-0040164,Jaylin Lane,WR,WAS,CHI,5.4
2025,6,2025_06_CHI_WAS,2025-10-13,00-0040236,Kyle Monangai,RB,CHI,WAS,5.4
2025,6,2025_06_CHI_WAS,2025-10-13,00-0039919,Rome Odunze,WR,CHI,WAS,5.2
2025,6,2025_06_CHI_WAS,2025-10-13,00-0035208,Olamide Zaccheaus,WR,CHI,WAS,4.800000000000001
2025,6,2025_06_CHI_WAS,2025-10-13,00-0040126,Colston Loveland,TE,CHI,WAS,3.1
2025,6,2025_06_CHI_WAS,2025-10-13,00-0036290,Cole Kmet,TE,CHI,WAS,1.0
2025,6,2025_06_CHI_WAS,2025-10-13,00-0039021,Roschon Johnson,RB,CHI,WAS,0.6000000000000001
2025,6,2025_06_CHI_WAS,2025-10-13,00-0039686,Colson Yankoff,TE,WAS,CHI,0.0
2025,6,2025_06_CHI_WAS,2025-10-13,00-0036331,Devin Duvernay,WR,CHI,WAS,0.0
2025,6,2025_06_CIN_GB,2025-10-12,00-0035700,Josh Jacobs,RB,GB,CIN,32.0
2025,6,2025_06_CIN_GB,2025-10-12,00-0036900,Ja'Marr Chase,WR,CIN,GB,25.1
2025,6,2025_06_CIN_GB,2025-10-12,00-0026158,Joe Flacco,QB,CIN,GB,18.759999999999998
2025,6,2025_06_CIN_GB,2025-10-12,00-0036264,Jordan Love,QB,GB,CIN,14.959999999999999
2025,6,2025_06_CIN_GB,2025-10-12,00-0040667,Matthew Golden,WR,GB,CIN,13.200000000000001
2025,6,2025_06_CIN_GB,2025-10-12,00-0038996,Tucker Kraft,TE,GB,CIN,12.3
2025,6,2025_06_CIN_GB,2025-10-12,00-0036410,Tee Higgins,WR,CIN,GB,11.2
2025,6,2025_06_CIN_GB,2025-10-12,00-0034613,Tanner Hudson,TE,CIN,GB,11.0
2025,6,2025_06_CIN_GB,2025-10-12,00-0037816,Romeo Doubs,WR,GB,CIN,10.5
2025,6,2025_06_CIN_GB,2025-10-12,00-0038597,Chase Brown,RB,CIN,GB,8.9
2025,6,2025_06_CIN_GB,2025-10-12,00-0035644,Noah Fant,TE,CIN,GB,6.7
2025,6,2025_06_CIN_GB,2025-10-12,00-0033526,Samaje Perine,RB,CIN,GB,5.2
2025,6,2025_06_CIN_GB,2025-10-12,00-0038393,Dontayvion Wicks,WR,GB,CIN,3.5
2025,6,2025_06_CIN_GB,2025-10-12,00-0038797,Emanuel Wilson,RB,GB,CIN,1.7000000000000002
2025,6,2025_06_CIN_GB,2025-10-12,00-0039144,Luke Musgrave,TE,GB,CIN,1.7000000000000002
2025,6,2025_06_CIN_GB,2025-10-12,00-0038619,Andrei Iosivas,WR,CIN,GB,1.5
2025,6,2025_06_CIN_GB,2025-10-12,00-0035631,Drew Sample,TE,CIN,GB,0.8
2025,6,2025_06_CIN_GB,2025-10-12,00-0037091,Bo Melton,WR,GB,CIN,0.30000000000000004
2025,6,2025_06_CIN_GB,2025-10-12,00-0040009,Savion Williams,WR,GB,CIN,0.30000000000000004
2025,6,2025_06_CIN_GB,2025-10-12,00-0038685,Chris Brooks,RB,GB,CIN,0.1
2025,6,2025_06_CIN_GB,2025-10-12,00-0038576,Charlie Jones,WR,CIN,GB,0.0
2025,6,2025_06_CLE_PIT,2025-10-12,00-0035640,DK Metcalf,WR,PIT,CLE,19.5
2025,6,2025_06_CLE_PIT,2025-10-12,00-0023459,Aaron Rodgers,QB,PIT,CLE,17.5
2025,6,2025_06_CLE_PIT,2025-10-12,00-0040663,Harold Fannin Jr.,TE,CLE,PIT,15.1
2025,6,2025_06_CLE_PIT,2025-10-12,00-0036919,Kenny Gainwell,RB,PIT,CLE,9.6
2025,6,2025_06_CLE_PIT,2025-10-12,00-0036407,Jerry Jeudy,WR,CLE,PIT,9.3
2025,6,2025_06_CLE_PIT,2025-10-12,00-0038558,Darnell Washington,TE,PIT,CLE,9.2
2025,6,2025_06_CLE_PIT,2025-10-12,00-0040704,Dillon Gabriel,QB,CLE,PIT,8.84
2025,6,2025_06_CLE_PIT,2025-10-12,00-0037228,Jaylen Warren,RB,PIT,CLE,8.3
2025,6,2025_06_CLE_PIT,2025-10-12,00-0037267,Jerome Ford,RB,CLE,PIT,8.0
2025,6,2025_06_CLE_PIT,2025-10-12,00-0033885,David Njoku,TE,CLE,PIT,5.800000000000001
2025,6,2025_06_CLE_PIT,2025-10-12,00-0033858,Jonnu Smith,TE,PIT,CLE,5.800000000000001
2025,6,2025_06_CLE_PIT,2025-10-12,00-0040162,Dylan Sampson,RB,CLE,PIT,4.4
2025,6,2025_06_CLE_PIT,2025-10-12,00-0040259,Gage Larvadain,WR,CLE,PIT,4.2
2025,6,2025_06_CLE_PIT,2025-10-12,00-0040784,Quinshon Judkins,RB,CLE,PIT,3.6
2025,6,2025_06_CLE_PIT,2025-10-12,00-0039379,Jamari Thrash,WR,CLE,PIT,3.3
2025,6,2025_06_CLE_PIT,2025-10-12,00-0040782,Isaiah Bond,WR,CLE,PIT,2.9
2025,6,2025_06_CLE_PIT,2025-10-12,00-0039739,Roman Wilson,WR,PIT,CLE,2.2
2025,6,2025_06_CLE_PIT,2025-10-12,00-0036894,Pat Freiermuth,TE,PIT,CLE,2.1
2025,6,2025_06_CLE_PIT,2025-10-12,00-0040142,Kaleb Johnson,RB,PIT,CLE,1.5
2025,6,2025_06_CLE_PIT,2025-10-12,00-0038710,Blake Whiteheart,TE,CLE,PIT,1.0
2025,6,2025_06_CLE_PIT,2025-10-12,00-0036862,Ben Skowronek,WR,PIT,CLE,0.0
2025,6,2025_06_CLE_PIT,2025-10-12,00-0040534,Ke'Shawn Williams,WR,PIT,CLE,0.0
2025,6,2025_06_CLE_PIT,2025-10-12,00-0034771,Mason Rudolph,QB,PIT,CLE,0.0
2025,6,2025_06_DAL_CAR,2025-10-12,00-0036139,Rico Dowdle,RB,CAR,DAL,33.900000000000006
2025,6,2025_06_DAL_CAR,2025-10-12,00-0037247,George Pickens,WR,DAL,CAR,31.8
2025,6,2025_06_DAL_CAR,2025-10-12,00-0033077,Dak Prescott,QB,DAL,CAR,22.339999999999996
2025,6,2025_06_DAL_CAR,2025-10-12,00-0039150,Bryce Young,QB,CAR,DAL,18.46
2025,6,2025_06_DAL_CAR,2025-10-12,00-0040124,Tetairoa McMillan,WR,CAR,DAL,17.9
2025,6,2025_06_DAL_CAR,2025-10-12,00-0038041,Jake Ferguson,TE,DAL,CAR,12.3
2025,6,2025_06_DAL_CAR,2025-10-12,00-0038738,Hunter Luepke,RB,DAL,CAR,8.7
2025,6,2025_06_DAL_CAR,2025-10-12,00-0036997,Javonte Williams,RB,DAL,CAR,8.4
2025,6,2025_06_DAL_CAR,2025-10-12,00-0037005,Tommy Tremble,TE,CAR,DAL,7.9
2025,6,2025_06_DAL_CAR,2025-10-12,00-0040218,Jimmy Horn Jr.,WR,CAR,DAL,6.7
2025,6,2025_06_DAL_CAR,2025-10-12,00-0039410,Ryan Flournoy,WR,DAL,CAR,6.300000000000001
2025,6,2025_06_DAL_CAR,2025-10-12,00-0040187,Mitchell Evans,TE,CAR,DAL,3.1
2025,6,2025_06_DAL_CAR,2025-10-12,00-0039342,Xavier Legette,WR,CAR,DAL,3.1
2025,6,2025_06_DAL_CAR,2025-10-12,00-0037666,Jalen Tolbert,WR,DAL,CAR,1.8
2025,6,2025_06_DAL_CAR,2025-10-12,00-0038547,Luke Schoonmaker,TE,DAL,CAR,1.8
2025,6,2025_06_DAL_CAR,2025-10-12,00-0034983,Hunter Renfrow,WR,CAR,DAL,1.7000000000000002
2025,6,2025_06_DAL_CAR,2025-10-12,00-0040644,Trevor Etienne,RB,CAR,DAL,1.7000000000000002
2025,6,2025_06_DAL_CAR,2025-10-12,00-0039530,Brevyn Spann-Ford,TE,DAL,CAR,1.2
2025,6,2025_06_DAL_CAR,2025-10-12,00-0036425,DeeJay Dallas,RB,CAR,DAL,0.0
2025,6,2025_06_DAL_CAR,2025-10-12,00-0038740,Jalen Moreno-Cropper,WR,DAL,CAR,0.0
2025,6,2025_06_DAL_CAR,2025-10-12,00-0040586,Jaydon Blue,RB,DAL,CAR,0.0
2025,6,2025_06_DAL_CAR,2025-10-12,00-0035639,Parris Campbell,WR,DAL,CAR,0.0
2025,6,2025_06_DEN_NYJ,2025-10-12,00-0039732,Bo Nix,QB,DEN,NYJ,13.360000000000001
2025,6,2025_06_DEN_NYJ,2025-10-12,00-0038783,Nate Adkins,TE,DEN,NYJ,10.3
2025,6,2025_06_DEN_NYJ,2025-10-12,00-0033881,Evan Engram,TE,DEN,NYJ,9.9
2025,6,2025_06_DEN_NYJ,2025-10-12,00-0040730,RJ Harvey,RB,DEN,NYJ,6.5
2025,6,2025_06_DEN_NYJ,2025-10-12,00-0038120,Breece Hall,RB,NYJ,DEN,5.9
2025,6,2025_06_DEN_NYJ,2025-10-12,00-0033943,Josh Reynolds,WR,NYJ,DEN,5.5
2025,6,2025_06_DEN_NYJ,2025-10-12,00-0036945,Justin Fields,QB,NYJ,DEN,4.9
2025,6,2025_06_DEN_NYJ,2025-10-12,00-0038976,Marvin Mims Jr.,WR,DEN,NYJ,4.800000000000001
2025,6,2025_06_DEN_NYJ,2025-10-12,00-0037740,Garrett Wilson,WR,NYJ,DEN,4.3
2025,6,2025_06_DEN_NYJ,2025-10-12,00-0040134,Pat Bryant,WR,DEN,NYJ,4.2
2025,6,2025_06_DEN_NYJ,2025-10-12,00-0036158,J.K. Dobbins,RB,DEN,NYJ,4.0
2025,6,2025_06_DEN_NYJ,2025-10-12,00-0039868,Troy Franklin,WR,DEN,NYJ,3.1
2025,6,2025_06_DEN_NYJ,2025-10-12,00-0034348,Courtland Sutton,WR,DEN,NYJ,2.7
2025,6,2025_06_DEN_NYJ,2025-10-12,00-0040736,Mason Taylor,TE,NYJ,DEN,1.2
2025,6,2025_06_DEN_NYJ,2025-10-12,00-0039798,Isaiah Davis,RB,NYJ,DEN,1.1
2025,6,2025_06_DEN_NYJ,2025-10-12,00-0040582,Arian Smith,WR,NYJ,DEN,0.0
2025,6,2025_06_DEN_NYJ,2025-10-12,00-0039451,Isaiah Williams,WR,NYJ,DEN,0.0
2025,6,2025_06_DEN_NYJ,2025-10-12,00-0038794,Jaleel McLaughlin,RB,DEN,NYJ,0.0
2025,6,2025_06_DEN_NYJ,2025-10-12,00-0037805,Jeremy Ruckert,TE,NYJ,DEN,0.0
2025,6,2025_06_DEN_NYJ,2025-10-12,00-0036842,Kene Nwangwu,RB,NYJ,DEN,0.0
2025,6,2025_06_DEN_NYJ,2025-10-12,00-0037475,Stone Smartt,TE,NYJ,DEN,0.0
2025,6,2025_06_DEN_NYJ,2025-10-12,00-0036427,Tyler Johnson,WR,NYJ,DEN,0.0
2025,6,2025_06_DET_KC,2025-10-12,00-0033873,Patrick Mahomes,QB,KC,DET,31.48
2025,6,2025_06_DET_KC,2025-10-12,00-0035662,Marquise Brown,WR,KC,DET,20.5
2025,6,2025_06_DET_KC,2025-10-12,00-0037240,Jameson Williams,WR,DET,KC,18.6
2025,6,2025_06_DET_KC,2025-10-12,00-0033106,Jared Goff,QB,DET,KC,16.82
2025,6,2025_06_DET_KC,2025-10-12,00-0039065,Sam LaPorta,TE,DET,KC,16.5
2025,6,2025_06_DET_KC,2025-10-12,00-0030506,Travis Kelce,TE,KC,DET,13.8
2025,6,2025_06_DET_KC,2025-10-12,00-0036963,Amon-Ra St. Brown,WR,DET,KC,13.7
2025,6,2025_06_DET_KC,2025-10-12,00-0039894,Xavier Worthy,WR,KC,DET,10.6
2025,6,2025_06_DET_KC,2025-10-12,00-0033857,JuJu Smith-Schuster,WR,KC,DET,8.7
2025,6,2025_06_DET_KC,2025-10-12,00-0035685,David Montgomery,RB,DET,KC,8.100000000000001
2025,6,2025_06_DET_KC,2025-10-12,00-0039139,Jahmyr Gibbs,RB,DET,KC,7.5
2025,6,2025_06_DET_KC,2025-10-12,00-0037197,Isiah Pacheco,RB,KC,DET,6.1000000000000005
2025,6,2025_06_DET_KC,2025-10-12,00-0040078,Brashard Smith,RB,KC,DET,5.1
2025,6,2025_06_DET_KC,2025-10-12,00-0036637,Noah Gray,TE,KC,DET,4.5
2025,6,2025_06_DET_KC,2025-10-12,00-0033923,Kareem Hunt,RB,KC,DET,4.4
2025,6,2025_06_DET_KC,2025-10-12,00-0035567,Craig Reynolds,RB,DET,KC,0.0
2025,6,2025_06_DET_KC,2025-10-12,00-0040241,Dominic Lovett,WR,DET,KC,0.0
2025,6,2025_06_DET_KC,2025-10-12,00-0038492,Jason Brownlee,WR,KC,DET,0.0
2025,6,2025_06_DET_KC,2025-10-12,00-0032464,Kalif Raymond,WR,DET,KC,0.0
2025,6,2025_06_DET_KC,2025-10-12,00-0038519,Nikko Remigio,WR,KC,DET,0.0
2025,6,2025_06_LAC_MIA,2025-10-12,00-0039040,De'Von Achane,RB,MIA,LAC,31.0
2025,6,2025_06_LAC_MIA,2025-10-12,00-0039915,Ladd McConkey,WR,LAC,MIA,23.0
2025,6,2025_06_LAC_MIA,2025-10-12,00-0039391,Kimani Vidal,RB,LAC,MIA,22.8
2025,6,2025_06_LAC_MIA,2025-10-12,00-0036355,Justin Herbert,QB,LAC,MIA,18.76
2025,6,2025_06_LAC_MIA,2025-10-12,00-0036613,Jaylen Waddle,WR,MIA,LAC,15.82
2025,6,2025_06_LAC_MIA,2025-10-12,00-0040189,Oronde Gadsden II,TE,LAC,MIA,11.8
2025,6,2025_06_LAC_MIA,2025-10-12,00-0031610,Darren Waller,TE,MIA,LAC,9.2
2025,6,2025_06_LAC_MIA,2025-10-12,00-0030279,Keenan Allen,WR,LAC,MIA,6.7
2025,6,2025_06_LAC_MIA,2025-10-12,00-0040727,Tre Harris,WR,LAC,MIA,6.7
2025,6,2025_06_LAC_MIA,2025-10-12,00-0036212,Tua Tagovailoa,QB,MIA,LAC,6.6
2025,6,2025_06_LAC_MIA,2025-10-12,00-0039880,Malik Washington,WR,MIA,LAC,6.300000000000001
2025,6,2025_06_LAC_MIA,2025-10-12,00-0038720,Julian Hill,TE,MIA,LAC,6.1
2025,6,2025_06_LAC_MIA,2025-10-12,00-0034159,Will Dissly,TE,LAC,MIA,3.8
2025,6,2025_06_LAC_MIA,2025-10-12,00-0037617,Hassan Haskins,RB,LAC,MIA,3.3000000000000003
2025,6,2025_06_LAC_MIA,2025-10-12,00-0037348,Tanner Conner,TE,MIA,LAC,1.8
2025,6,2025_06_LAC_MIA,2025-10-12,00-0040198,Ollie Gordon II,RB,MIA,LAC,1.2
2025,6,2025_06_LAC_MIA,2025-10-12,00-0040184,KeAndre Lambert-Smith,WR,LAC,MIA,1.1
2025,6,2025_06_LAC_MIA,2025-10-12,00-0036620,Dee Eskridge,WR,MIA,LAC,0.0
2025,6,2025_06_LAC_MIA,2025-10-12,00-0036182,Nick Westbrook-Ikhine,WR,MIA,LAC,0.0
2025,6,2025_06_LAC_MIA,2025-10-12,00-0034367,Nyheim Hines,RB,LAC,MIA,0.0
2025,6,2025_06_LA_BAL,2025-10-12,00-0037840,Kyren Williams,RB,LA,BAL,16.700000000000003
2025,6,2025_06_LA_BAL,2025-10-12,00-0032764,Derrick Henry,RB,BAL,LA,14.0
2025,6,2025_06_LA_BAL,2025-10-12,00-0033110,Tyler Higbee,TE,LA,BAL,14.0
2025,6,2025_06_LA_BAL,2025-10-12,00-0034975,Justice Hill,RB,BAL,LA,9.4
2025,6,2025_06_LA_BAL,2025-10-12,00-0026498,Matthew Stafford,QB,LA,BAL,9.34
2025,6,2025_06_LA_BAL,2025-10-12,00-0039064,Zay Flowers,WR,BAL,LA,8.600000000000001
2025,6,2025_06_LA_BAL,2025-10-12,00-0031381,Davante Adams,WR,LA,BAL,7.9
2025,6,2025_06_LA_BAL,2025-10-12,00-0035993,Tyler Huntley,QB,BAL,LA,6.620000000000001
2025,6,2025_06_LA_BAL,2025-10-12,00-0034753,Mark Andrews,TE,BAL,LA,6.6
2025,6,2025_06_LA_BAL,2025-10-12,00-0039751,Jordan Whittington,WR,LA,BAL,5.300000000000001
2025,6,2025_06_LA_BAL,2025-10-12,00-0039075,Puka Nacua,WR,LA,BAL,4.800000000000001
2025,6,2025_06_LA_BAL,2025-10-12,00-0030564,DeAndre Hopkins,WR,BAL,LA,4.0
2025,6,2025_06_LA_BAL,2025-10-12,00-0037838,Isaiah Likely,TE,BAL,LA,2.6
2025,6,2025_06_LA_BAL,2025-10-12,00-0039738,Blake Corum,RB,LA,BAL,2.3000000000000003
2025,6,2025_06_LA_BAL,2025-10-12,00-0036550,Rashod Bateman,WR,BAL,LA,1.8
2025,6,2025_06_LA_BAL,2025-10-12,00-0039074,Davis Allen,TE,LA,BAL,1.7000000000000002
2025,6,2025_06_LA_BAL,2025-10-12,00-0040590,Konata Mumpfield,WR,LA,BAL,1.7000000000000002
2025,6,2025_06_LA_BAL,2025-10-12,00-0038046,Charlie Kolar,TE,BAL,LA,0.0
2025,6,2025_06_LA_BAL,2025-10-12,00-0038454,Keaton Mitchell,RB,BAL,LA,0.0
2025,6,2025_06_LA_BAL,2025-10-12,00-0040075,LaJohntay Wester,WR,BAL,LA,0.0
2025,6,2025_06_LA_BAL,2025-10-12,00-0039796,Rasheen Ali,RB,BAL,LA,0.0
2025,6,2025_06_LA_BAL,2025-10-12,00-0040737,Terrance Ferguson,TE,LA,BAL,0.0
2025,6,2025_06_LA_BAL,2025-10-12,00-0036630,Tylan Wallace,WR,BAL,LA,0.0
2025,6,2025_06_LA_BAL,2025-10-12,00-0038359,Xavier Smith,WR,LA,BAL,0.0
2025,6,2025_06_LA_BAL,2025-10-12,00-0033662,Cooper Rush,QB,BAL,LA,-1.12
2025,6,2025_06_NE_NO,2025-10-12,00-0039851,Drake Maye,QB,NE,NO,27.24
2025,6,2025_06_NE_NO,2025-10-12,00-0038608,Kayshon Boutte,WR,NE,NO,26.3
2025,6,2025_06_NE_NO,2025-10-12,00-0038621,DeMario Douglas,WR,NE,NO,16.1
2025,6,2025_06_NE_NO,2025-10-12,00-0037239,Chris Olave,WR,NO,NE,15.8
2025,6,2025_06_NE_NO,2025-10-12,00-0033906,Alvin Kamara,RB,NO,NE,12.600000000000001
2025,6,2025_06_NE_NO,2025-10-12,00-0039376,Spencer Rattler,QB,NO,NE,11.08
2025,6,2025_06_NE_NO,2025-10-12,00-0037545,Rashid Shaheed,WR,NO,NE,6.800000000000001
2025,6,2025_06_NE_NO,2025-10-12,00-0033357,Taysom Hill,TE,NO,NE,6.1
2025,6,2025_06_NE_NO,2025-10-12,00-0031588,Stefon Diggs,WR,NE,NO,5.800000000000001
2025,6,2025_06_NE_NO,2025-10-12,00-0033090,Hunter Henry,TE,NE,NO,5.7
2025,6,2025_06_NE_NO,2025-10-12,00-0033555,Mack Hollins,WR,NE,NO,4.800000000000001
2025,6,2025_06_NE_NO,2025-10-12,00-0040734,TreVeyon Henderson,RB,NE,NO,4.6
2025,6,2025_06_NE_NO,2025-10-12,00-0038551,Kendre Miller,RB,NO,NE,4.2
2025,6,2025_06_NE_NO,2025-10-12,00-0031236,Brandin Cooks,WR,NO,NE,3.1
2025,6,2025_06_NE_NO,2025-10-12,00-0034981,Foster Moreau,TE,NO,NE,1.9
2025,6,2025_06_NE_NO,2025-10-12,00-0036875,Rhamondre Stevenson,RB,NE,NO,1.8
2025,6,2025_06_NE_NO,2025-10-12,00-0032392,Austin Hooper,TE,NE,NO,1.5
2025,6,2025_06_NE_NO,2025-10-12,00-0036040,Juwan Johnson,TE,NO,NE,1.5
2025,6,2025_06_NE_NO,2025-10-12,00-0040563,Efton Chism III,WR,NE,NO,0.0
2025,6,2025_06_NE_NO,2025-10-12,00-0040131,Kyle Williams,WR,NE,NO,0.0
2025,6,2025_06_NE_NO,2025-10-12,00-0039623,Mason Tipton,WR,NO,NE,0.0
2025,6,2025_06_PHI_NYG,2025-10-09,00-0040715,Cam Skattebo,RB,NYG,PHI,31.0
2025,6,2025_06_PHI_NYG,2025-10-09,00-0034351,Dallas Goedert,TE,PHI,NYG,26.0
2025,6,2025_06_PHI_NYG,2025-10-09,00-0040691,Jaxson Dart,QB,NYG,PHI,23.6
2025,6,2025_06_PHI_NYG,2025-10-09,00-0036389,Jalen Hurts,QB,PHI,NYG,20.62
2025,6,2025_06_PHI_NYG,2025-10-09,00-0038117,Wan'Dale Robinson,WR,NYG,PHI,20.4
2025,6,2025_06_PHI_NYG,2025-10-09,00-0035676,A.J. Brown,WR,PHI,NYG,14.0
2025,6,2025_06_PHI_NYG,2025-10-09,00-0035406,Lil'Jordan Humphrey,WR,NYG,PHI,9.5
2025,6,2025_06_PHI_NYG,2025-10-09,00-0036912,DeVonta Smith,WR,PHI,NYG,8.9
2025,6,2025_06_PHI_NYG,2025-10-09,00-0034844,Saquon Barkley,RB,PHI,NYG,8.7
2025,6,2025_06_PHI_NYG,2025-10-09,00-0038938,Jalin Hyatt,WR,NYG,PHI,4.7
2025,6,2025_06_PHI_NYG,2025-10-09,00-0039847,Theo Johnson,TE,NYG,PHI,4.7
2025,6,2025_06_PHI_NYG,2025-10-09,00-0037741,Jahan Dotson,WR,PHI,NYG,2.7
2025,6,2025_06_PHI_NYG,2025-10-09,00-0036265,AJ Dillon,RB,PHI,NYG,2.0
2025,6,2025_06_PHI_NYG,2025-10-09,00-0035250,Devin Singletary,RB,NYG,PHI,1.0
2025,6,2025_06_PHI_NYG,2025-10-09,00-0039384,Tyrone Tracy Jr.,RB,NYG,PHI,0.6000000000000001
2025,6,2025_06_PHI_NYG,2025-10-09,00-0038564,Cameron Latu,TE,PHI,NYG,0.0
2025,6,2025_06_PHI_NYG,2025-10-09,00-0035645,Gunner Olszewski,WR,NYG,PHI,0.0
2025,6,2025_06_PHI_NYG,2025-10-09,00-0029263,Russell Wilson,QB,NYG,PHI,0.0
2025,6,2025_06_PHI_NYG,2025-10-09,00-0038555,Tank Bigsby,RB,PHI,NYG,0.0
2025,6,2025_06_PHI_NYG,2025-10-09,00-0039746,Will Shipley,RB,PHI,NYG,0.0
2025,6,2025_06_SEA_JAX,2025-10-12,00-0038543,Jaxon Smith-Njigba,WR,SEA,JAX,30.2
2025,6,2025_06_SEA_JAX,2025-10-12,00-0039893,Brian Thomas Jr.,WR,JAX,SEA,23.0
2025,6,2025_06_SEA_JAX,2025-10-12,00-0034869,Sam Darnold,QB,SEA,JAX,20.0
2025,6,2025_06_SEA_JAX,2025-10-12,00-0036971,Trevor Lawrence,QB,JAX,SEA,19.22
2025,6,2025_06_SEA_JAX,2025-10-12,00-0033908,Cooper Kupp,WR,SEA,JAX,12.0
2025,6,2025_06_SEA_JAX,2025-10-12,00-0039793,AJ Barner,TE,SEA,JAX,10.100000000000001
2025,6,2025_06_SEA_JAX,2025-10-12,00-0033375,Tim Patrick,WR,JAX,SEA,9.6
2025,6,2025_06_SEA_JAX,2025-10-12,00-0036973,Travis Etienne,RB,JAX,SEA,9.5
2025,6,2025_06_SEA_JAX,2025-10-12,00-0038606,Parker Washington,WR,JAX,SEA,4.9
2025,6,2025_06_SEA_JAX,2025-10-12,00-0040719,Bhayshul Tuten,RB,JAX,SEA,4.800000000000001
2025,6,2025_06_SEA_JAX,2025-10-12,00-0038134,Kenneth Walker III,RB,SEA,JAX,4.7
2025,6,2025_06_SEA_JAX,2025-10-12,00-0039165,Zach Charbonnet,RB,SEA,JAX,4.7
2025,6,2025_06_SEA_JAX,2025-10-12,00-0036626,Dyami Brown,WR,JAX,SEA,4.0
2025,6,2025_06_SEA_JAX,2025-10-12,00-0037004,Hunter Long,TE,JAX,SEA,3.9000000000000004
2025,6,2025_06_SEA_JAX,2025-10-12,00-0033246,Johnny Mundt,TE,JAX,SEA,2.4000000000000004
2025,6,2025_06_SEA_JAX,2025-10-12,00-0040238,LeQuint Allen Jr.,RB,JAX,SEA,2.2
2025,6,2025_06_SEA_JAX,2025-10-12,00-0040739,Elijah Arroyo,TE,SEA,JAX,1.6
2025,6,2025_06_SEA_JAX,2025-10-12,00-0038488,Brady Russell,RB,SEA,JAX,0.0
2025,6,2025_06_SEA_JAX,2025-10-12,00-0037093,Dareke Young,WR,SEA,JAX,0.0
2025,6,2025_06_SEA_JAX,2025-10-12,00-0033576,Eric Saubert,TE,SEA,JAX,0.0
2025,6,2025_06_SEA_JAX,2025-10-12,00-0039299,George Holani,RB,SEA,JAX,0.0
2025,6,2025_06_SEA_JAX,2025-10-12,00-0040648,Tory Horton,WR,SEA,JAX,0.0
2025,6,2025_06_SF_TB,2025-10-12,00-0033280,Christian McCaffrey,RB,SF,TB,24.1
2025,6,2025_06_SF_TB,2025-10-12,00-0034855,Baker Mayfield,QB,TB,SF,19.64
2025,6,2025_06_SF_TB,2025-10-12,00-0033307,Kendrick Bourne,WR,SF,TB,19.200000000000003
2025,6,2025_06_SF_TB,2025-10-12,00-0037256,Rachaad White,RB,TB,SF,17.6
2025,6,2025_06_SF_TB,2025-10-12,00-0039589,Kameron Johnson,WR,TB,SF,16.4
2025,6,2025_06_SF_TB,2025-10-12,00-0037112,Jake Tonges,TE,SF,TB,11.8
2025,6,2025_06_SF_TB,2025-10-12,00-0040237,Tez Johnson,WR,TB,SF,11.5
2025,6,2025_06_SF_TB,2025-10-12,00-0036972,Mac Jones,QB,SF,TB,11.180000000000001
2025,6,2025_06_SF_TB,2025-10-12,00-0038129,Cade Otton,TE,TB,SF,10.100000000000001
2025,6,2025_06_SF_TB,2025-10-12,00-0038951,Sean Tucker,RB,TB,SF,8.5
2025,6,2025_06_SF_TB,2025-10-12,00-0032385,Sterling Shepard,WR,TB,SF,7.1000000000000005
2025,6,2025_06_SF_TB,2025-10-12,00-0032775,Demarcus Robinson,WR,SF,TB,6.4
2025,6,2025_06_SF_TB,2025-10-12,00-0040129,Emeka Egbuka,WR,TB,SF,4.4
2025,6,2025_06_SF_TB,2025-10-12,00-0034272,Marquez Valdes-Scantling,WR,SF,TB,4.2
2025,6,2025_06_SF_TB,2025-10-12,00-0037746,Brian Robinson,RB,SF,TB,3.8
2025,6,2025_06_SF_TB,2025-10-12,00-0036259,Jauan Jennings,WR,SF,TB,1.7000000000000002
2025,6,2025_06_SF_TB,2025-10-12,00-0038643,Brayden Willis,TE,SF,TB,0.0
2025,6,2025_06_SF_TB,2025-10-12,00-0039754,Devin Culp,TE,TB,SF,0.0
2025,6,2025_06_SF_TB,2025-10-12,00-0036887,Luke Farrell,TE,SF,TB,0.0
2025,6,2025_06_SF_TB,2025-10-12,00-0038824,Ryan Miller,WR,TB,SF,0.0
2025,6,2025_06_SF_TB,2025-10-12,00-0038090,Skyy Moore,WR,SF,TB,0.0
2025,6,2025_06_TEN_LV,2025-10-12,00-0040122,Ashton Jeanty,RB,LV,TEN,16.6
2025,6,2025_06_TEN_LV,2025-10-12,00-0039066,Michael Mayer,TE,LV,TEN,16.0
2025,6,2025_06_TEN_LV,2025-10-12,00-0038563,Tre Tucker,WR,LV,TEN,12.0
2025,6,2025_06_TEN_LV,2025-10-12,00-0036415,Van Jefferson,WR,TEN,LV,11.5
2025,6,2025_06_TEN_LV,2025-10-12,00-0037809,Chig Okonkwo,TE,TEN,LV,10.600000000000001
2025,6,2025_06_TEN_LV,2025-10-12,00-0039032,Tyjae Spears,RB,TEN,LV,9.0
2025,6,2025_06_TEN_LV,2025-10-12,00-0030565,Geno Smith,QB,LV,TEN,8.66
2025,6,2025_06_TEN_LV,2025-10-12,00-0034960,Jakobi Meyers,WR,LV,TEN,7.9
2025,6,2025_06_TEN_LV,2025-10-12,00-0039648,David Martin-Robinson,TE,TEN,LV,7.1
2025,6,2025_06_TEN_LV,2025-10-12,00-0040676,Cam Ward,QB,TEN,LV,6.880000000000001
2025,6,2025_06_TEN_LV,2025-10-12,00-0035261,Tony Pollard,RB,TEN,LV,6.7
2025,6,2025_06_TEN_LV,2025-10-12,00-0040170,Elic Ayomanor,WR,TEN,LV,5.7
2025,6,2025_06_TEN_LV,2025-10-12,00-0040584,Gunnar Helm,TE,TEN,LV,3.5
2025,6,2025_06_TEN_LV,2025-10-12,00-0034837,Calvin Ridley,WR,TEN,LV,2.8
2025,6,2025_06_TEN_LV,2025-10-12,00-0040705,Chimere Dike,WR,TEN,LV,2.8
2025,6,2025_06_TEN_LV,2025-10-12,00-0034365,Ian Thomas,TE,LV,TEN,1.4
2025,6,2025_06_TEN_LV,2025-10-12,00-0032211,Tyler Lockett,WR,TEN,LV,1.0
2025,6,2025_06_TEN_LV,2025-10-12,00-0035602,Alex Bachman,WR,LV,TEN,0.0
2025,6,2025_06_TEN_LV,2025-10-12,00-0039407,Dylan Laube,RB,LV,TEN,0.0
2025,6,2025_06_TEN_LV,2025-10-12,00-0040729,Jack Bech,WR,LV,TEN,0.0
2025,6,2025_06_TEN_LV,2025-10-12,00-0037594,Julius Chestnut,RB,TEN,LV,0.0
2025,6,2025_06_TEN_LV,2025-10-12,00-0038590,Justin Shorter,TE,LV,TEN,0.0
2025,6,2025_06_TEN_LV,2025-10-12,00-0031687,Raheem Mostert,RB,LV,TEN,-0.4
2025,7,2025_07_ATL_SF,2025-10-19,00-0033280,Christian McCaffrey,RB,SF,ATL,39.1
2025,7,2025_07_ATL_SF,2025-10-19,00-0038542,Bijan Robinson,RB,ATL,SF,21.200000000000003
2025,7,2025_07_ATL_SF,2025-10-19,00-0036970,Kyle Pitts,TE,ATL,SF,13.2
2025,7,2025_07_ATL_SF,2025-10-19,00-0039917,Michael Penix Jr.,QB,ATL,SF,12.24
2025,7,2025_07_ATL_SF,2025-10-19,00-0036309,Darnell Mooney,WR,ATL,SF,9.8
2025,7,2025_07_ATL_SF,2025-10-19,00-0037238,Drake London,WR,ATL,SF,8.2
2025,7,2025_07_ATL_SF,2025-10-19,00-0036259,Jauan Jennings,WR,SF,ATL,7.1
2025,7,2025_07_ATL_SF,2025-10-19,00-0036972,Mac Jones,QB,SF,ATL,5.18
2025,7,2025_07_ATL_SF,2025-10-19,00-0037746,Brian Robinson,RB,SF,ATL,3.6
2025,7,2025_07_ATL_SF,2025-10-19,00-0033307,Kendrick Bourne,WR,SF,ATL,3.4000000000000004
2025,7,2025_07_ATL_SF,2025-10-19,00-0039394,Casey Washington,WR,ATL,SF,2.7
2025,7,2025_07_ATL_SF,2025-10-19,00-0038090,Skyy Moore,WR,SF,ATL,2.5
2025,7,2025_07_ATL_SF,2025-10-19,00-0036887,Luke Farrell,TE,SF,ATL,2.1
2025,7,2025_07_ATL_SF,2025-10-19,00-0037263,Tyler Allgeier,RB,ATL,SF,1.6
2025,7,2025_07_ATL_SF,2025-10-19,00-0036429,Charlie Woerner,TE,ATL,SF,0.0
2025,7,2025_07_ATL_SF,2025-10-19,00-0032775,Demarcus Robinson,WR,SF,ATL,0.0
2025,7,2025_07_ATL_SF,2025-10-19,00-0033288,George Kittle,TE,SF,ATL,0.0
2025,7,2025_07_ATL_SF,2025-10-19,00-0039363,Isaac Guerendo,RB,SF,ATL,0.0
2025,7,2025_07_ATL_SF,2025-10-19,00-0033572,Jamal Agnew,WR,ATL,SF,0.0
2025,7,2025_07_ATL_SF,2025-10-19,00-0034854,KhaDarel Hodge,WR,ATL,SF,0.0
2025,7,2025_07_ATL_SF,2025-10-19,00-0034867,Malik Turner,WR,SF,ATL,0.0
2025,7,2025_07_CAR_NYJ,2025-10-19,00-0039342,Xavier Legette,WR,CAR,NYJ,24.200000000000003
2025,7,2025_07_CAR_NYJ,2025-10-19,00-0036139,Rico Dowdle,RB,CAR,NYJ,10.600000000000001
2025,7,2025_07_CAR_NYJ,2025-10-19,00-0039150,Bryce Young,QB,CAR,NYJ,10.52
2025,7,2025_07_CAR_NYJ,2025-10-19,00-0036427,Tyler Johnson,WR,NYJ,CAR,9.0
2025,7,2025_07_CAR_NYJ,2025-10-19,00-0036555,Chuba Hubbard,RB,CAR,NYJ,7.5
2025,7,2025_07_CAR_NYJ,2025-10-19,00-0038120,Breece Hall,RB,NYJ,CAR,7.2
2025,7,2025_07_CAR_NYJ,2025-10-19,00-0040124,Tetairoa McMillan,WR,CAR,NYJ,6.300000000000001
2025,7,2025_07_CAR_NYJ,2025-10-19,00-0040736,Mason Taylor,TE,NYJ,CAR,6.1
2025,7,2025_07_CAR_NYJ,2025-10-19,00-0033943,Josh Reynolds,WR,NYJ,CAR,5.9
2025,7,2025_07_CAR_NYJ,2025-10-19,00-0039798,Isaiah Davis,RB,NYJ,CAR,5.2
2025,7,2025_07_CAR_NYJ,2025-10-19,00-0040187,Mitchell Evans,TE,CAR,NYJ,4.4
2025,7,2025_07_CAR_NYJ,2025-10-19,00-0036945,Justin Fields,QB,NYJ,CAR,4.04
2025,7,2025_07_CAR_NYJ,2025-10-19,00-0034521,Allen Lazard,WR,NYJ,CAR,3.6
2025,7,2025_07_CAR_NYJ,2025-10-19,00-0040218,Jimmy Horn Jr.,WR,CAR,NYJ,2.5
2025,7,2025_07_CAR_NYJ,2025-10-19,00-0027973,Andy Dalton,QB,CAR,NYJ,2.1999999999999997
2025,7,2025_07_CAR_NYJ,2025-10-19,00-0028118,Tyrod Taylor,QB,NYJ,CAR,2.14
2025,7,2025_07_CAR_NYJ,2025-10-19,00-0040582,Arian Smith,WR,NYJ,CAR,1.0
2025,7,2025_07_CAR_NYJ,2025-10-19,00-0037005,Tommy Tremble,TE,CAR,NYJ,1.0
2025,7,2025_07_CAR_NYJ,2025-10-19,00-0038840,Brycen Tremayne,WR,CAR,NYJ,0.0
2025,7,2025_07_CAR_NYJ,2025-10-19,00-0039451,Isaiah Williams,WR,NYJ,CAR,0.0
2025,7,2025_07_CAR_NYJ,2025-10-19,00-0039356,Ja'Tavion Sanders,TE,CAR,NYJ,0.0
2025,7,2025_07_CAR_NYJ,2025-10-19,00-0039491,Jalen Coker,WR,CAR,NYJ,0.0
2025,7,2025_07_CAR_NYJ,2025-10-19,00-0037805,Jeremy Ruckert,TE,NYJ,CAR,0.0
2025,7,2025_07_CAR_NYJ,2025-10-19,00-0036842,Kene Nwangwu,RB,NYJ,CAR,0.0
2025,7,2025_07_CAR_NYJ,2025-10-19,00-0040644,Trevor Etienne,RB,CAR,NYJ,0.0
2025,7,2025_07_GB_ARI,2025-10-19,00-0037744,Trey McBride,TE,ARI,GB,29.4
2025,7,2025_07_GB_ARI,2025-10-19,00-0033119,Jacoby Brissett,QB,ARI,GB,19.76
2025,7,2025_07_GB_ARI,2025-10-19,00-0035700,Josh Jacobs,RB,GB,ARI,18.8
2025,7,2025_07_GB_ARI,2025-10-19,00-0038996,Tucker Kraft,TE,GB,ARI,16.8
2025,7,2025_07_GB_ARI,2025-10-19,00-0036264,Jordan Love,QB,GB,ARI,13.36
2025,7,2025_07_GB_ARI,2025-10-19,00-0037816,Romeo Doubs,WR,GB,ARI,13.2
2025,7,2025_07_GB_ARI,2025-10-19,00-0037157,Bam Knight,RB,ARI,GB,9.4
2025,7,2025_07_GB_ARI,2025-10-19,00-0033891,Zay Jones,WR,ARI,GB,8.7
2025,7,2025_07_GB_ARI,2025-10-19,00-0039849,Marvin Harrison Jr.,WR,ARI,GB,7.800000000000001
2025,7,2025_07_GB_ARI,2025-10-19,00-0040667,Matthew Golden,WR,GB,ARI,7.7
2025,7,2025_07_GB_ARI,2025-10-19,00-0038559,Michael Wilson,WR,ARI,GB,7.0
2025,7,2025_07_GB_ARI,2025-10-19,00-0036924,Michael Carter,RB,ARI,GB,5.6
2025,7,2025_07_GB_ARI,2025-10-19,00-0038797,Emanuel Wilson,RB,GB,ARI,2.5
2025,7,2025_07_GB_ARI,2025-10-19,00-0035500,Greg Dortch,WR,ARI,GB,2.5
2025,7,2025_07_GB_ARI,2025-10-19,00-0037306,John FitzPatrick,TE,GB,ARI,1.6
2025,7,2025_07_GB_ARI,2025-10-19,00-0038393,Dontayvion Wicks,WR,GB,ARI,1.5
2025,7,2025_07_GB_ARI,2025-10-19,00-0039041,Elijah Higgins,TE,ARI,GB,1.3
2025,7,2025_07_GB_ARI,2025-10-19,00-0037091,Bo Melton,WR,GB,ARI,0.0
2025,7,2025_07_GB_ARI,2025-10-19,00-0038685,Chris Brooks,RB,GB,ARI,0.0
2025,7,2025_07_GB_ARI,2025-10-19,00-0035628,D'Ernest Johnson,RB,ARI,GB,0.0
2025,7,2025_07_GB_ARI,2025-10-19,00-0038465,Malik Heath,WR,GB,ARI,0.0
2025,7,2025_07_GB_ARI,2025-10-19,00-0040009,Savion Williams,WR,GB,ARI,0.0
2025,7,2025_07_GB_ARI,2025-10-19,00-0036646,Simi Fehoko,WR,ARI,GB,0.0
2025,7,2025_07_GB_ARI,2025-10-19,00-0039521,Xavier Weaver,WR,ARI,GB,0.0
2025,7,2025_07_HOU_SEA,2025-10-20,00-0038543,Jaxon Smith-Njigba,WR,SEA,HOU,26.3
2025,7,2025_07_HOU_SEA,2025-10-20,00-0039165,Zach Charbonnet,RB,SEA,HOU,19.5
2025,7,2025_07_HOU_SEA,2025-10-20,00-0034383,Dalton Schultz,TE,HOU,SEA,18.8
2025,7,2025_07_HOU_SEA,2025-10-20,00-0039163,C.J. Stroud,QB,HOU,SEA,13.66
2025,7,2025_07_HOU_SEA,2025-10-20,00-0040583,Woody Marks,RB,HOU,SEA,12.5
2025,7,2025_07_HOU_SEA,2025-10-20,00-0040138,Jaylin Noel,WR,HOU,SEA,11.7
2025,7,2025_07_HOU_SEA,2025-10-20,00-0034869,Sam Darnold,QB,SEA,HOU,8.62
2025,7,2025_07_HOU_SEA,2025-10-20,00-0036554,Nico Collins,WR,HOU,SEA,6.7
2025,7,2025_07_HOU_SEA,2025-10-20,00-0038134,Kenneth Walker III,RB,SEA,HOU,6.6000000000000005
2025,7,2025_07_HOU_SEA,2025-10-20,00-0040739,Elijah Arroyo,TE,SEA,HOU,6.2
2025,7,2025_07_HOU_SEA,2025-10-20,00-0038618,Xavier Hutchinson,WR,HOU,SEA,2.3
2025,7,2025_07_HOU_SEA,2025-10-20,00-0033908,Cooper Kupp,WR,SEA,HOU,2.2
2025,7,2025_07_HOU_SEA,2025-10-20,00-0034791,Nick Chubb,RB,HOU,SEA,2.1
2025,7,2025_07_HOU_SEA,2025-10-20,00-0039793,AJ Barner,TE,SEA,HOU,1.9
2025,7,2025_07_HOU_SEA,2025-10-20,00-0038752,Jake Bobo,WR,SEA,HOU,1.3
2025,7,2025_07_HOU_SEA,2025-10-20,00-0034419,Braxton Berrios,WR,HOU,SEA,0.9
2025,7,2025_07_HOU_SEA,2025-10-20,00-0038488,Brady Russell,RB,SEA,HOU,0.0
2025,7,2025_07_HOU_SEA,2025-10-20,00-0033854,Dare Ogunbowale,RB,HOU,SEA,0.0
2025,7,2025_07_HOU_SEA,2025-10-20,00-0037093,Dareke Young,WR,SEA,HOU,0.0
2025,7,2025_07_HOU_SEA,2025-10-20,00-0039299,George Holani,RB,SEA,HOU,0.0
2025,7,2025_07_HOU_SEA,2025-10-20,00-0036232,Harrison Bryant,TE,HOU,SEA,0.0
2025,7,2025_07_HOU_SEA,2025-10-20,00-0040130,Jayden Higgins,WR,HOU,SEA,0.0
2025,7,2025_07_HOU_SEA,2025-10-20,00-0040648,Tory Horton,WR,SEA,HOU,0.0
2025,7,2025_07_IND_LAC,2025-10-19,00-0036223,Jonathan Taylor,RB,IND,LAC,34.2
2025,7,2025_07_IND_LAC,2025-10-19,00-0040189,Oronde Gadsden II,TE,LAC,IND,29.400000000000002
2025,7,2025_07_IND_LAC,2025-10-19,00-0030279,Keenan Allen,WR,LAC,IND,28.9
2025,7,2025_07_IND_LAC,2025-10-19,00-0036355,Justin Herbert,QB,LAC,IND,27.900000000000002
2025,7,2025_07_IND_LAC,2025-10-19,00-0035710,Daniel Jones,QB,IND,LAC,22.22
2025,7,2025_07_IND_LAC,2025-10-19,00-0036252,Michael Pittman,WR,IND,LAC,20.8
2025,7,2025_07_IND_LAC,2025-10-19,00-0040128,Tyler Warren,TE,IND,LAC,16.9
2025,7,2025_07_IND_LAC,2025-10-19,00-0039915,Ladd McConkey,WR,LAC,IND,15.7
2025,7,2025_07_IND_LAC,2025-10-19,00-0037664,Alec Pierce,WR,IND,LAC,14.8
2025,7,2025_07_IND_LAC,2025-10-19,00-0038544,Quentin Johnston,WR,LAC,IND,11.0
2025,7,2025_07_IND_LAC,2025-10-19,00-0039391,Kimani Vidal,RB,LAC,IND,7.5
2025,7,2025_07_IND_LAC,2025-10-19,00-0040727,Tre Harris,WR,LAC,IND,4.300000000000001
2025,7,2025_07_IND_LAC,2025-10-19,00-0032104,Ameer Abdullah,RB,IND,LAC,3.7
2025,7,2025_07_IND_LAC,2025-10-19,00-0037617,Hassan Haskins,RB,LAC,IND,2.5
2025,7,2025_07_IND_LAC,2025-10-19,00-0039890,Adonai Mitchell,WR,IND,LAC,1.8
2025,7,2025_07_IND_LAC,2025-10-19,00-0033217,Mo Alie-Cox,TE,IND,LAC,1.6
2025,7,2025_07_IND_LAC,2025-10-19,00-0039816,Anthony Gould,WR,IND,LAC,1.3
2025,7,2025_07_IND_LAC,2025-10-19,00-0037292,Andrew Ogletree,TE,IND,LAC,0.0
2025,7,2025_07_IND_LAC,2025-10-19,00-0038573,Derius Davis,WR,LAC,IND,0.0
2025,7,2025_07_IND_LAC,2025-10-19,00-0032951,Laquon Treadwell,WR,IND,LAC,0.0
2025,7,2025_07_IND_LAC,2025-10-19,00-0034367,Nyheim Hines,RB,LAC,IND,0.0
2025,7,2025_07_IND_LAC,2025-10-19,00-0034159,Will Dissly,TE,LAC,IND,0.0
2025,7,2025_07_LA_JAX,2025-10-19,00-0026498,Matthew Stafford,QB,LA,JAX,27.380000000000003
2025,7,2025_07_LA_JAX,2025-10-19,00-0031381,Davante Adams,WR,LA,JAX,26.5
2025,7,2025_07_LA_JAX,2025-10-19,00-0036971,Trevor Lawrence,QB,JAX,LA,17.64
2025,7,2025_07_LA_JAX,2025-10-19,00-0038606,Parker Washington,WR,JAX,LA,10.2
2025,7,2025_07_LA_JAX,2025-10-19,00-0040737,Terrance Ferguson,TE,LA,JAX,10.1
2025,7,2025_07_LA_JAX,2025-10-19,00-0037840,Kyren Williams,RB,LA,JAX,8.5
2025,7,2025_07_LA_JAX,2025-10-19,00-0036244,Colby Parkinson,TE,LA,JAX,7.7
2025,7,2025_07_LA_JAX,2025-10-19,00-0040590,Konata Mumpfield,WR,LA,JAX,7.5
2025,7,2025_07_LA_JAX,2025-10-19,00-0036626,Dyami Brown,WR,JAX,LA,7.0
2025,7,2025_07_LA_JAX,2025-10-19,00-0036973,Travis Etienne,RB,JAX,LA,6.5
2025,7,2025_07_LA_JAX,2025-10-19,00-0039893,Brian Thomas Jr.,WR,JAX,LA,6.1
2025,7,2025_07_LA_JAX,2025-10-19,00-0039738,Blake Corum,RB,LA,JAX,5.3
2025,7,2025_07_LA_JAX,2025-10-19,00-0033110,Tyler Higbee,TE,LA,JAX,4.9
2025,7,2025_07_LA_JAX,2025-10-19,00-0037004,Hunter Long,TE,JAX,LA,3.6
2025,7,2025_07_LA_JAX,2025-10-19,00-0038359,Xavier Smith,WR,LA,JAX,3.5
2025,7,2025_07_LA_JAX,2025-10-19,00-0033375,Tim Patrick,WR,JAX,LA,3.2
2025,7,2025_07_LA_JAX,2025-10-19,00-0039751,Jordan Whittington,WR,LA,JAX,2.9
2025,7,2025_07_LA_JAX,2025-10-19,00-0040719,Bhayshul Tuten,RB,JAX,LA,2.2
2025,7,2025_07_LA_JAX,2025-10-19,00-0033246,Johnny Mundt,TE,JAX,LA,1.9
2025,7,2025_07_LA_JAX,2025-10-19,00-0039074,Davis Allen,TE,LA,JAX,1.4
2025,7,2025_07_LA_JAX,2025-10-19,00-0040238,LeQuint Allen Jr.,RB,JAX,LA,1.4
2025,7,2025_07_LA_JAX,2025-10-19,00-0031345,Jimmy Garoppolo,QB,LA,JAX,-0.30000000000000004
2025,7,2025_07_LV_KC,2025-10-19,00-0033873,Patrick Mahomes,QB,KC,LV,26.24
2025,7,2025_07_LV_KC,2025-10-19,00-0039067,Rashee Rice,WR,KC,LV,23.2
2025,7,2025_07_LV_KC,2025-10-19,00-0040078,Brashard Smith,RB,KC,LV,13.1
2025,7,2025_07_LV_KC,2025-10-19,00-0037197,Isiah Pacheco,RB,KC,LV,12.4
2025,7,2025_07_LV_KC,2025-10-19,00-0035662,Marquise Brown,WR,KC,LV,9.4
2025,7,2025_07_LV_KC,2025-10-19,00-0030506,Travis Kelce,TE,KC,LV,8.4
2025,7,2025_07_LV_KC,2025-10-19,00-0038563,Tre Tucker,WR,LV,KC,8.3
2025,7,2025_07_LV_KC,2025-10-19,00-0039894,Xavier Worthy,WR,KC,LV,7.800000000000001
2025,7,2025_07_LV_KC,2025-10-19,00-0033857,JuJu Smith-Schuster,WR,KC,LV,6.5
2025,7,2025_07_LV_KC,2025-10-19,00-0038104,Tyquan Thornton,WR,KC,LV,4.9
2025,7,2025_07_LV_KC,2025-10-19,00-0040122,Ashton Jeanty,RB,LV,KC,4.4
2025,7,2025_07_LV_KC,2025-10-19,00-0036637,Noah Gray,TE,KC,LV,3.8000000000000003
2025,7,2025_07_LV_KC,2025-10-19,00-0040729,Jack Bech,WR,LV,KC,3.3
2025,7,2025_07_LV_KC,2025-10-19,00-0030565,Geno Smith,QB,LV,KC,2.7800000000000002
2025,7,2025_07_LV_KC,2025-10-19,00-0039066,Michael Mayer,TE,LV,KC,2.0
2025,7,2025_07_LV_KC,2025-10-19,00-0033923,Kareem Hunt,RB,KC,LV,1.8
2025,7,2025_07_LV_KC,2025-10-19,00-0039407,Dylan Laube,RB,LV,KC,1.4
2025,7,2025_07_LV_KC,2025-10-19,00-0040488,Carter Runyon,TE,LV,KC,1.3
2025,7,2025_07_LV_KC,2025-10-19,00-0031687,Raheem Mostert,RB,LV,KC,1.2
2025,7,2025_07_LV_KC,2025-10-19,00-0035602,Alex Bachman,WR,LV,KC,0.0
2025,7,2025_07_LV_KC,2025-10-19,00-0040581,Dont'e Thornton Jr.,WR,LV,KC,0.0
2025,7,2025_07_LV_KC,2025-10-19,00-0038519,Nikko Remigio,WR,KC,LV,0.0
2025,7,2025_07_LV_KC,2025-10-19,00-0035289,Gardner Minshew,QB,KC,LV,-0.30000000000000004
2025,7,2025_07_LV_KC,2025-10-19,00-0038102,Kenny Pickett,QB,LV,KC,-1.68
2025,7,2025_07_MIA_CLE,2025-10-19,00-0040784,Quinshon Judkins,RB,CLE,MIA,26.4
2025,7,2025_07_MIA_CLE,2025-10-19,00-0039040,De'Von Achane,RB,MIA,CLE,12.8
2025,7,2025_07_MIA_CLE,2025-10-19,00-0039880,Malik Washington,WR,MIA,CLE,8.0
2025,7,2025_07_MIA_CLE,2025-10-19,00-0040663,Harold Fannin Jr.,TE,CLE,MIA,7.6
2025,7,2025_07_MIA_CLE,2025-10-19,00-0036620,Dee Eskridge,WR,MIA,CLE,6.5
2025,7,2025_07_MIA_CLE,2025-10-19,00-0040704,Dillon Gabriel,QB,CLE,MIA,5.84
2025,7,2025_07_MIA_CLE,2025-10-19,00-0036182,Nick Westbrook-Ikhine,WR,MIA,CLE,4.6
2025,7,2025_07_MIA_CLE,2025-10-19,00-0037348,Tanner Conner,TE,MIA,CLE,3.8000000000000003
2025,7,2025_07_MIA_CLE,2025-10-19,00-0036407,Jerry Jeudy,WR,CLE,MIA,3.7
2025,7,2025_07_MIA_CLE,2025-10-19,00-0039920,Malachi Corley,WR,CLE,MIA,3.7
2025,7,2025_07_MIA_CLE,2025-10-19,00-0039379,Jamari Thrash,WR,CLE,MIA,3.3000000000000003
2025,7,2025_07_MIA_CLE,2025-10-19,00-0037267,Jerome Ford,RB,CLE,MIA,3.0
2025,7,2025_07_MIA_CLE,2025-10-19,00-0040162,Dylan Sampson,RB,CLE,MIA,2.7
2025,7,2025_07_MIA_CLE,2025-10-19,00-0036613,Jaylen Waddle,WR,MIA,CLE,2.5
2025,7,2025_07_MIA_CLE,2025-10-19,00-0040198,Ollie Gordon II,RB,MIA,CLE,2.3
2025,7,2025_07_MIA_CLE,2025-10-19,00-0040234,Quinn Ewers,QB,MIA,CLE,2.12
2025,7,2025_07_MIA_CLE,2025-10-19,00-0038710,Blake Whiteheart,TE,CLE,MIA,1.4
2025,7,2025_07_MIA_CLE,2025-10-19,00-0038720,Julian Hill,TE,MIA,CLE,1.1
2025,7,2025_07_MIA_CLE,2025-10-19,00-0031610,Darren Waller,TE,MIA,CLE,0.0
2025,7,2025_07_MIA_CLE,2025-10-19,00-0040259,Gage Larvadain,WR,CLE,MIA,0.0
2025,7,2025_07_MIA_CLE,2025-10-19,00-0036212,Tua Tagovailoa,QB,MIA,CLE,-1.4
2025,7,2025_07_NE_TEN,2025-10-19,00-0039851,Drake Maye,QB,NE,TEN,23.080000000000002
2025,7,2025_07_NE_TEN,2025-10-19,00-0040705,Chimere Dike,WR,TEN,NE,16.9
2025,7,2025_07_NE_TEN,2025-10-19,00-0036875,Rhamondre Stevenson,RB,NE,TEN,16.8
2025,7,2025_07_NE_TEN,2025-10-19,00-0031588,Stefon Diggs,WR,NE,TEN,13.9
2025,7,2025_07_NE_TEN,2025-10-19,00-0038608,Kayshon Boutte,WR,NE,TEN,13.5
2025,7,2025_07_NE_TEN,2025-10-19,00-0035261,Tony Pollard,RB,TEN,NE,12.100000000000001
2025,7,2025_07_NE_TEN,2025-10-19,00-0040676,Cam Ward,QB,TEN,NE,10.200000000000001
2025,7,2025_07_NE_TEN,2025-10-19,00-0032392,Austin Hooper,TE,NE,TEN,9.1
2025,7,2025_07_NE_TEN,2025-10-19,00-0036415,Van Jefferson,WR,TEN,NE,8.100000000000001
2025,7,2025_07_NE_TEN,2025-10-19,00-0040584,Gunnar Helm,TE,TEN,NE,7.6
2025,7,2025_07_NE_TEN,2025-10-19,00-0033090,Hunter Henry,TE,NE,TEN,7.300000000000001
2025,7,2025_07_NE_TEN,2025-10-19,00-0033555,Mack Hollins,WR,NE,TEN,7.300000000000001
2025,7,2025_07_NE_TEN,2025-10-19,00-0039032,Tyjae Spears,RB,TEN,NE,7.0
2025,7,2025_07_NE_TEN,2025-10-19,00-0040170,Elic Ayomanor,WR,TEN,NE,4.9
2025,7,2025_07_NE_TEN,2025-10-19,00-0038621,DeMario Douglas,WR,NE,TEN,4.7
2025,7,2025_07_NE_TEN,2025-10-19,00-0032211,Tyler Lockett,WR,TEN,NE,3.8
2025,7,2025_07_NE_TEN,2025-10-19,00-0039757,Terrell Jennings,RB,NE,TEN,1.8
2025,7,2025_07_NE_TEN,2025-10-19,00-0040734,TreVeyon Henderson,RB,NE,TEN,0.5
2025,7,2025_07_NE_TEN,2025-10-19,00-0033949,Joshua Dobbs,QB,NE,TEN,0.27999999999999997
2025,7,2025_07_NE_TEN,2025-10-19,00-0037809,Chig Okonkwo,TE,TEN,NE,0.0
2025,7,2025_07_NE_TEN,2025-10-19,00-0040563,Efton Chism III,WR,NE,TEN,0.0
2025,7,2025_07_NE_TEN,2025-10-19,00-0037594,Julius Chestnut,RB,TEN,NE,0.0
2025,7,2025_07_NE_TEN,2025-10-19,00-0040131,Kyle Williams,WR,NE,TEN,0.0
2025,7,2025_07_NE_TEN,2025-10-19,00-0036176,Mason Kinsey,WR,TEN,NE,0.0
2025,7,2025_07_NO_CHI,2025-10-19,00-0037239,Chris Olave,WR,NO,CHI,26.8
2025,7,2025_07_NO_CHI,2025-10-19,00-0036275,D'Andre Swift,RB,CHI,NO,20.8
2025,7,2025_07_NO_CHI,2025-10-19,00-0040236,Kyle Monangai,RB,CHI,NO,17.4
2025,7,2025_07_NO_CHI,2025-10-19,00-0036040,Juwan Johnson,TE,NO,CHI,12.9
2025,7,2025_07_NO_CHI,2025-10-19,00-0039376,Spencer Rattler,QB,NO,CHI,10.52
2025,7,2025_07_NO_CHI,2025-10-19,00-0034827,DJ Moore,WR,CHI,NO,8.2
2025,7,2025_07_NO_CHI,2025-10-19,00-0037545,Rashid Shaheed,WR,NO,CHI,8.0
2025,7,2025_07_NO_CHI,2025-10-19,00-0033906,Alvin Kamara,RB,NO,CHI,5.9
2025,7,2025_07_NO_CHI,2025-10-19,00-0040126,Colston Loveland,TE,CHI,NO,5.4
2025,7,2025_07_NO_CHI,2025-10-19,00-0039919,Rome Odunze,WR,CHI,NO,5.1
2025,7,2025_07_NO_CHI,2025-10-19,00-0039918,Caleb Williams,QB,CHI,NO,4.68
2025,7,2025_07_NO_CHI,2025-10-19,00-0040735,Luther Burden III,WR,CHI,NO,3.1
2025,7,2025_07_NO_CHI,2025-10-19,00-0035208,Olamide Zaccheaus,WR,CHI,NO,2.9
2025,7,2025_07_NO_CHI,2025-10-19,00-0033357,Taysom Hill,TE,NO,CHI,2.8
2025,7,2025_07_NO_CHI,2025-10-19,00-0036290,Cole Kmet,TE,CHI,NO,2.6
2025,7,2025_07_NO_CHI,2025-10-19,00-0031236,Brandin Cooks,WR,NO,CHI,1.3
2025,7,2025_07_NO_CHI,2025-10-19,00-0039021,Roschon Johnson,RB,CHI,NO,1.1
2025,7,2025_07_NO_CHI,2025-10-19,00-0038551,Kendre Miller,RB,NO,CHI,0.7000000000000001
2025,7,2025_07_NO_CHI,2025-10-19,00-0040202,Devin Neal,RB,NO,CHI,0.1
2025,7,2025_07_NO_CHI,2025-10-19,00-0036331,Devin Duvernay,WR,CHI,NO,0.0
2025,7,2025_07_NO_CHI,2025-10-19,00-0036741,Jack Stoll,TE,NO,CHI,0.0
2025,7,2025_07_NO_CHI,2025-10-19,00-0039623,Mason Tipton,WR,NO,CHI,0.0
2025,7,2025_07_NO_CHI,2025-10-19,00-0035594,Travis Homer,RB,CHI,NO,0.0
2025,7,2025_07_NYG_DEN,2025-10-19,00-0039732,Bo Nix,QB,DEN,NYG,39.96
2025,7,2025_07_NYG_DEN,2025-10-19,00-0040691,Jaxson Dart,QB,NYG,DEN,28.42
2025,7,2025_07_NYG_DEN,2025-10-19,00-0040715,Cam Skattebo,RB,NYG,DEN,18.4
2025,7,2025_07_NYG_DEN,2025-10-19,00-0038115,Daniel Bellinger,TE,NYG,DEN,17.8
2025,7,2025_07_NYG_DEN,2025-10-19,00-0034348,Courtland Sutton,WR,DEN,NYG,16.700000000000003
2025,7,2025_07_NYG_DEN,2025-10-19,00-0038976,Marvin Mims Jr.,WR,DEN,NYG,15.8
2025,7,2025_07_NYG_DEN,2025-10-19,00-0039847,Theo Johnson,TE,NYG,DEN,15.600000000000001
2025,7,2025_07_NYG_DEN,2025-10-19,00-0038117,Wan'Dale Robinson,WR,NYG,DEN,15.5
2025,7,2025_07_NYG_DEN,2025-10-19,00-0039868,Troy Franklin,WR,DEN,NYG,12.9
2025,7,2025_07_NYG_DEN,2025-10-19,00-0039384,Tyrone Tracy Jr.,RB,NYG,DEN,10.600000000000001
2025,7,2025_07_NYG_DEN,2025-10-19,00-0033881,Evan Engram,TE,DEN,NYG,9.2
2025,7,2025_07_NYG_DEN,2025-10-19,00-0036158,J.K. Dobbins,RB,DEN,NYG,9.0
2025,7,2025_07_NYG_DEN,2025-10-19,00-0040730,RJ Harvey,RB,DEN,NYG,7.2
2025,7,2025_07_NYG_DEN,2025-10-19,00-0038783,Nate Adkins,TE,DEN,NYG,4.0
2025,7,2025_07_NYG_DEN,2025-10-19,00-0037085,Tyler Badie,RB,DEN,NYG,3.9000000000000004
2025,7,2025_07_NYG_DEN,2025-10-19,00-0040134,Pat Bryant,WR,DEN,NYG,1.6
2025,7,2025_07_NYG_DEN,2025-10-19,00-0035250,Devin Singletary,RB,NYG,DEN,0.2
2025,7,2025_07_NYG_DEN,2025-10-19,00-0040432,Beaux Collins,WR,NYG,DEN,0.0
2025,7,2025_07_NYG_DEN,2025-10-19,00-0035645,Gunner Olszewski,WR,NYG,DEN,0.0
2025,7,2025_07_NYG_DEN,2025-10-19,00-0038938,Jalin Hyatt,WR,NYG,DEN,0.0
2025,7,2025_07_NYG_DEN,2025-10-19,00-0035406,Lil'Jordan Humphrey,WR,NYG,DEN,0.0
2025,7,2025_07_NYG_DEN,2025-10-19,00-0040225,Thomas Fidone II,TE,NYG,DEN,0.0
2025,7,2025_07_PHI_MIN,2025-10-19,00-0036912,DeVonta Smith,WR,PHI,MIN,33.3
2025,7,2025_07_PHI_MIN,2025-10-19,00-0035676,A.J. Brown,WR,PHI,MIN,28.1
2025,7,2025_07_PHI_MIN,2025-10-19,00-0036389,Jalen Hurts,QB,PHI,MIN,24.04
2025,7,2025_07_PHI_MIN,2025-10-19,00-0038994,Jordan Addison,WR,MIN,PHI,21.8
2025,7,2025_07_PHI_MIN,2025-10-19,00-0036322,Justin Jefferson,WR,MIN,PHI,12.9
2025,7,2025_07_PHI_MIN,2025-10-19,00-0037525,Jordan Mason,RB,MIN,PHI,11.7
2025,7,2025_07_PHI_MIN,2025-10-19,00-0032950,Carson Wentz,QB,MIN,PHI,11.32
2025,7,2025_07_PHI_MIN,2025-10-19,00-0035229,T.J. Hockenson,TE,MIN,PHI,10.3
2025,7,2025_07_PHI_MIN,2025-10-19,00-0037291,Jalen Nailor,WR,MIN,PHI,5.7
2025,7,2025_07_PHI_MIN,2025-10-19,00-0034844,Saquon Barkley,RB,PHI,MIN,5.2
2025,7,2025_07_PHI_MIN,2025-10-19,00-0034351,Dallas Goedert,TE,PHI,MIN,4.8
2025,7,2025_07_PHI_MIN,2025-10-19,00-0030035,Adam Thielen,WR,MIN,PHI,2.0
2025,7,2025_07_PHI_MIN,2025-10-19,00-0038555,Tank Bigsby,RB,PHI,MIN,2.0
2025,7,2025_07_PHI_MIN,2025-10-19,00-0035249,Josh Oliver,TE,MIN,PHI,1.9
2025,7,2025_07_PHI_MIN,2025-10-19,00-0039746,Will Shipley,RB,PHI,MIN,1.7000000000000002
2025,7,2025_07_PHI_MIN,2025-10-19,00-0038440,Zavier Scott,RB,MIN,PHI,1.6
2025,7,2025_07_PHI_MIN,2025-10-19,00-0038564,Cameron Latu,TE,PHI,MIN,0.0
2025,7,2025_07_PHI_MIN,2025-10-19,00-0038498,E.J. Jenkins,TE,PHI,MIN,0.0
2025,7,2025_07_PHI_MIN,2025-10-19,00-0040506,Myles Price,WR,MIN,PHI,0.0
2025,7,2025_07_PHI_MIN,2025-10-19,00-0040154,Tai Felton,WR,MIN,PHI,0.0
2025,7,2025_07_PHI_MIN,2025-10-19,00-0038496,Xavier Gipson,WR,PHI,MIN,0.0
2025,7,2025_07_PIT_CIN,2025-10-16,00-0036900,Ja'Marr Chase,WR,CIN,PIT,38.1
2025,7,2025_07_PIT_CIN,2025-10-16,00-0036894,Pat Freiermuth,TE,PIT,CIN,28.1
2025,7,2025_07_PIT_CIN,2025-10-16,00-0026158,Joe Flacco,QB,CIN,PIT,25.98
2025,7,2025_07_PIT_CIN,2025-10-16,00-0023459,Aaron Rodgers,QB,PIT,CIN,22.560000000000002
2025,7,2025_07_PIT_CIN,2025-10-16,00-0036410,Tee Higgins,WR,CIN,PIT,21.6
2025,7,2025_07_PIT_CIN,2025-10-16,00-0037228,Jaylen Warren,RB,PIT,CIN,19.8
2025,7,2025_07_PIT_CIN,2025-10-16,00-0035644,Noah Fant,TE,CIN,PIT,14.4
2025,7,2025_07_PIT_CIN,2025-10-16,00-0038597,Chase Brown,RB,CIN,PIT,12.0
2025,7,2025_07_PIT_CIN,2025-10-16,00-0033858,Jonnu Smith,TE,PIT,CIN,11.8
2025,7,2025_07_PIT_CIN,2025-10-16,00-0038558,Darnell Washington,TE,PIT,CIN,9.2
2025,7,2025_07_PIT_CIN,2025-10-16,00-0035640,DK Metcalf,WR,PIT,CIN,8.0
2025,7,2025_07_PIT_CIN,2025-10-16,00-0038619,Andrei Iosivas,WR,CIN,PIT,7.9
2025,7,2025_07_PIT_CIN,2025-10-16,00-0039739,Roman Wilson,WR,PIT,CIN,3.7
2025,7,2025_07_PIT_CIN,2025-10-16,00-0036919,Kenny Gainwell,RB,PIT,CIN,3.5
2025,7,2025_07_PIT_CIN,2025-10-16,00-0033526,Samaje Perine,RB,CIN,PIT,3.1
2025,7,2025_07_PIT_CIN,2025-10-16,00-0035298,Scott Miller,WR,PIT,CIN,1.9
2025,7,2025_07_PIT_CIN,2025-10-16,00-0036862,Ben Skowronek,WR,PIT,CIN,0.0
2025,7,2025_07_PIT_CIN,2025-10-16,00-0038576,Charlie Jones,WR,CIN,PIT,0.0
2025,7,2025_07_PIT_CIN,2025-10-16,00-0035631,Drew Sample,TE,CIN,PIT,0.0
2025,7,2025_07_PIT_CIN,2025-10-16,00-0040534,Ke'Shawn Williams,WR,PIT,CIN,0.0
2025,7,2025_07_PIT_CIN,2025-10-16,00-0040208,Tahj Brooks,RB,CIN,PIT,0.0
2025,7,2025_07_TB_DET,2025-10-20,00-0039139,Jahmyr Gibbs,RB,DET,TB,36.8
2025,7,2025_07_TB_DET,2025-10-20,00-0036963,Amon-Ra St. Brown,WR,DET,TB,20.6
2025,7,2025_07_TB_DET,2025-10-20,00-0040237,Tez Johnson,WR,TB,DET,15.8
2025,7,2025_07_TB_DET,2025-10-20,00-0038129,Cade Otton,TE,TB,DET,13.5
2025,7,2025_07_TB_DET,2025-10-20,00-0034855,Baker Mayfield,QB,TB,DET,11.120000000000001
2025,7,2025_07_TB_DET,2025-10-20,00-0033106,Jared Goff,QB,DET,TB,10.34
2025,7,2025_07_TB_DET,2025-10-20,00-0040129,Emeka Egbuka,WR,TB,DET,9.8
2025,7,2025_07_TB_DET,2025-10-20,00-0037256,Rachaad White,RB,TB,DET,8.4
2025,7,2025_07_TB_DET,2025-10-20,00-0032385,Sterling Shepard,WR,TB,DET,7.5
2025,7,2025_07_TB_DET,2025-10-20,00-0035685,David Montgomery,RB,DET,TB,5.9
2025,7,2025_07_TB_DET,2025-10-20,00-0036754,Brock Wright,TE,DET,TB,5.300000000000001
2025,7,2025_07_TB_DET,2025-10-20,00-0032464,Kalif Raymond,WR,DET,TB,4.7
2025,7,2025_07_TB_DET,2025-10-20,00-0039065,Sam LaPorta,TE,DET,TB,4.5
2025,7,2025_07_TB_DET,2025-10-20,00-0038824,Ryan Miller,WR,TB,DET,2.4000000000000004
2025,7,2025_07_TB_DET,2025-10-20,00-0038951,Sean Tucker,RB,TB,DET,1.6
2025,7,2025_07_TB_DET,2025-10-20,00-0040669,Isaac TeSlaa,WR,DET,TB,0.0
2025,7,2025_07_TB_DET,2025-10-20,00-0038896,Jacob Saylors,RB,DET,TB,0.0
2025,7,2025_07_TB_DET,2025-10-20,00-0037240,Jameson Williams,WR,DET,TB,0.0
2025,7,2025_07_TB_DET,2025-10-20,00-0039589,Kameron Johnson,WR,TB,DET,0.0
2025,7,2025_07_TB_DET,2025-10-20,00-0031408,Mike Evans,WR,TB,DET,0.0
2025,7,2025_07_TB_DET,2025-10-20,00-0031237,Teddy Bridgewater,QB,TB,DET,-0.1
2025,7,2025_07_WAS_DAL,2025-10-19,00-0033077,Dak Prescott,QB,DAL,WAS,23.26
2025,7,2025_07_WAS_DAL,2025-10-19,00-0036358,CeeDee Lamb,WR,DAL,WAS,22.0
2025,7,2025_07_WAS_DAL,2025-10-19,00-0038041,Jake Ferguson,TE,DAL,WAS,21.9
2025,7,2025_07_WAS_DAL,2025-10-19,00-0036997,Javonte Williams,RB,DAL,WAS,18.8
2025,7,2025_07_WAS_DAL,2025-10-19,00-0039910,Jayden Daniels,QB,WAS,DAL,17.740000000000002
2025,7,2025_07_WAS_DAL,2025-10-19,00-0030061,Zach Ertz,TE,WAS,DAL,12.7
2025,7,2025_07_WAS_DAL,2025-10-19,00-0037247,George Pickens,WR,DAL,WAS,12.200000000000001
2025,7,2025_07_WAS_DAL,2025-10-19,00-0040164,Jaylin Lane,WR,WAS,DAL,9.0
2025,7,2025_07_WAS_DAL,2025-10-19,00-0032398,Chris Moore,WR,WAS,DAL,7.9
2025,7,2025_07_WAS_DAL,2025-10-19,00-0032688,Robbie Chosen,WR,WAS,DAL,7.6
2025,7,2025_07_WAS_DAL,2025-10-19,00-0038611,Chris Rodriguez Jr.,RB,WAS,DAL,7.2
2025,7,2025_07_WAS_DAL,2025-10-19,00-0033955,Jeremy McNichols,RB,WAS,DAL,6.5
2025,7,2025_07_WAS_DAL,2025-10-19,00-0040586,Jaydon Blue,RB,DAL,WAS,4.4
2025,7,2025_07_WAS_DAL,2025-10-19,00-0040242,Jacory Croskey-Merritt,RB,WAS,DAL,4.2
2025,7,2025_07_WAS_DAL,2025-10-19,00-0032268,Marcus Mariota,QB,WAS,DAL,3.9200000000000004
2025,7,2025_07_WAS_DAL,2025-10-19,00-0037801,KaVontae Turpin,WR,DAL,WAS,2.7
2025,7,2025_07_WAS_DAL,2025-10-19,00-0037666,Jalen Tolbert,WR,DAL,WAS,2.6
2025,7,2025_07_WAS_DAL,2025-10-19,00-0036628,John Bates,TE,WAS,DAL,1.5
2025,7,2025_07_WAS_DAL,2025-10-19,00-0038738,Hunter Luepke,RB,DAL,WAS,1.3
2025,7,2025_07_WAS_DAL,2025-10-19,00-0039530,Brevyn Spann-Ford,TE,DAL,WAS,0.0
2025,7,2025_07_WAS_DAL,2025-10-19,00-0039686,Colson Yankoff,TE,WAS,DAL,0.0
2025,7,2025_07_WAS_DAL,2025-10-19,00-0039355,Luke McCaffrey,WR,WAS,DAL,0.0
2025,7,2025_07_WAS_DAL,2025-10-19,00-0037563,Malik Davis,RB,DAL,WAS,0.0
2025,7,2025_07_WAS_DAL,2025-10-19,00-0039410,Ryan Flournoy,WR,DAL,WAS,0.0
2025,8,2025_08_BUF_CAR,2025-10-26,00-0037248,James Cook,RB,BUF,CAR,33.6
2025,8,2025_08_BUF_CAR,2025-10-26,00-0034857,Josh Allen,QB,BUF,CAR,23.22
2025,8,2025_08_BUF_CAR,2025-10-26,00-0037261,Khalil Shakir,WR,BUF,CAR,20.8
2025,8,2025_08_BUF_CAR,2025-10-26,00-0040124,Tetairoa McMillan,WR,CAR,BUF,16.9
2025,8,2025_08_BUF_CAR,2025-10-26,00-0036555,Chuba Hubbard,RB,CAR,BUF,9.4
2025,8,2025_08_BUF_CAR,2025-10-26,00-0039491,Jalen Coker,WR,CAR,BUF,6.6
2025,8,2025_08_BUF_CAR,2025-10-26,00-0039901,Keon Coleman,WR,BUF,CAR,6.0
2025,8,2025_08_BUF_CAR,2025-10-26,00-0036139,Rico Dowdle,RB,CAR,BUF,5.4
2025,8,2025_08_BUF_CAR,2025-10-26,00-0039356,Ja'Tavion Sanders,TE,CAR,BUF,4.9
2025,8,2025_08_BUF_CAR,2025-10-26,00-0039342,Xavier Legette,WR,CAR,BUF,3.7
2025,8,2025_08_BUF_CAR,2025-10-26,00-0040194,Jackson Hawes,TE,BUF,CAR,3.5
2025,8,2025_08_BUF_CAR,2025-10-26,00-0038933,Dalton Kincaid,TE,BUF,CAR,3.3000000000000003
2025,8,2025_08_BUF_CAR,2025-10-26,00-0035689,Dawson Knox,TE,BUF,CAR,2.5
2025,8,2025_08_BUF_CAR,2025-10-26,00-0036980,Elijah Moore,WR,BUF,CAR,2.4000000000000004
2025,8,2025_08_BUF_CAR,2025-10-26,00-0039875,Ray Davis,RB,BUF,CAR,1.6
2025,8,2025_08_BUF_CAR,2025-10-26,00-0040644,Trevor Etienne,RB,CAR,BUF,1.6
2025,8,2025_08_BUF_CAR,2025-10-26,00-0037005,Tommy Tremble,TE,CAR,BUF,1.4
2025,8,2025_08_BUF_CAR,2025-10-26,00-0027973,Andy Dalton,QB,CAR,BUF,1.0999999999999996
2025,8,2025_08_BUF_CAR,2025-10-26,00-0040218,Jimmy Horn Jr.,WR,CAR,BUF,0.9
2025,8,2025_08_BUF_CAR,2025-10-26,00-0033869,Mitchell Trubisky,QB,BUF,CAR,0.88
2025,8,2025_08_BUF_CAR,2025-10-26,00-0035537,Ty Johnson,RB,BUF,CAR,0.6000000000000001
2025,8,2025_08_BUF_CAR,2025-10-26,00-0038840,Brycen Tremayne,WR,CAR,BUF,0.0
2025,8,2025_08_BUF_CAR,2025-10-26,00-0033282,Curtis Samuel,WR,BUF,CAR,0.0
2025,8,2025_08_BUF_CAR,2025-10-26,00-0036187,Reggie Gilliam,RB,BUF,CAR,0.0
2025,8,2025_08_CHI_BAL,2025-10-26,00-0032764,Derrick Henry,RB,BAL,CHI,19.1
2025,8,2025_08_CHI_BAL,2025-10-26,00-0039919,Rome Odunze,WR,CHI,BAL,18.4
2025,8,2025_08_CHI_BAL,2025-10-26,00-0035993,Tyler Huntley,QB,BAL,CHI,16.740000000000002
2025,8,2025_08_CHI_BAL,2025-10-26,00-0036275,D'Andre Swift,RB,CHI,BAL,15.100000000000001
2025,8,2025_08_CHI_BAL,2025-10-26,00-0039064,Zay Flowers,WR,BAL,CHI,14.100000000000001
2025,8,2025_08_CHI_BAL,2025-10-26,00-0039918,Caleb Williams,QB,CHI,BAL,11.8
2025,8,2025_08_CHI_BAL,2025-10-26,00-0034827,DJ Moore,WR,CHI,BAL,11.600000000000001
2025,8,2025_08_CHI_BAL,2025-10-26,00-0035208,Olamide Zaccheaus,WR,CHI,BAL,10.3
2025,8,2025_08_CHI_BAL,2025-10-26,00-0038046,Charlie Kolar,TE,BAL,CHI,8.0
2025,8,2025_08_CHI_BAL,2025-10-26,00-0036550,Rashod Bateman,WR,BAL,CHI,7.1000000000000005
2025,8,2025_08_CHI_BAL,2025-10-26,00-0040126,Colston Loveland,TE,CHI,BAL,6.800000000000001
2025,8,2025_08_CHI_BAL,2025-10-26,00-0034753,Mark Andrews,TE,BAL,CHI,6.4
2025,8,2025_08_CHI_BAL,2025-10-26,00-0038454,Keaton Mitchell,RB,BAL,CHI,4.3
2025,8,2025_08_CHI_BAL,2025-10-26,00-0037838,Isaiah Likely,TE,BAL,CHI,2.8
2025,8,2025_08_CHI_BAL,2025-10-26,00-0030564,DeAndre Hopkins,WR,BAL,CHI,2.4000000000000004
2025,8,2025_08_CHI_BAL,2025-10-26,00-0040236,Kyle Monangai,RB,CHI,BAL,2.4000000000000004
2025,8,2025_08_CHI_BAL,2025-10-26,00-0036630,Tylan Wallace,WR,BAL,CHI,1.6
2025,8,2025_08_CHI_BAL,2025-10-26,00-0036331,Devin Duvernay,WR,CHI,BAL,1.2
2025,8,2025_08_CHI_BAL,2025-10-26,00-0040735,Luther Burden III,WR,CHI,BAL,0.9
2025,8,2025_08_CHI_BAL,2025-10-26,00-0034975,Justice Hill,RB,BAL,CHI,0.2
2025,8,2025_08_CHI_BAL,2025-10-26,00-0040277,Jahdae Walker,WR,CHI,BAL,0.0
2025,8,2025_08_CHI_BAL,2025-10-26,00-0039796,Rasheen Ali,RB,BAL,CHI,0.0
2025,8,2025_08_CHI_BAL,2025-10-26,00-0035594,Travis Homer,RB,CHI,BAL,0.0
2025,8,2025_08_CLE_NE,2025-10-26,00-0039851,Drake Maye,QB,NE,CLE,26.28
2025,8,2025_08_CLE_NE,2025-10-26,00-0040663,Harold Fannin Jr.,TE,CLE,NE,18.4
2025,8,2025_08_CLE_NE,2025-10-26,00-0038608,Kayshon Boutte,WR,NE,CLE,16.5
2025,8,2025_08_CLE_NE,2025-10-26,00-0033555,Mack Hollins,WR,NE,CLE,15.9
2025,8,2025_08_CLE_NE,2025-10-26,00-0033885,David Njoku,TE,CLE,NE,13.7
2025,8,2025_08_CLE_NE,2025-10-26,00-0040704,Dillon Gabriel,QB,CLE,NE,11.540000000000001
2025,8,2025_08_CLE_NE,2025-10-26,00-0031588,Stefon Diggs,WR,NE,CLE,10.4
2025,8,2025_08_CLE_NE,2025-10-26,00-0040162,Dylan Sampson,RB,CLE,NE,7.9
2025,8,2025_08_CLE_NE,2025-10-26,00-0033090,Hunter Henry,TE,NE,CLE,7.7
2025,8,2025_08_CLE_NE,2025-10-26,00-0036875,Rhamondre Stevenson,RB,NE,CLE,5.9
2025,8,2025_08_CLE_NE,2025-10-26,00-0032392,Austin Hooper,TE,NE,CLE,5.800000000000001
2025,8,2025_08_CLE_NE,2025-10-26,00-0038621,DeMario Douglas,WR,NE,CLE,5.7
2025,8,2025_08_CLE_NE,2025-10-26,00-0040734,TreVeyon Henderson,RB,NE,CLE,5.5
2025,8,2025_08_CLE_NE,2025-10-26,00-0039379,Jamari Thrash,WR,CLE,NE,5.1
2025,8,2025_08_CLE_NE,2025-10-26,00-0040784,Quinshon Judkins,RB,CLE,NE,4.7
2025,8,2025_08_CLE_NE,2025-10-26,00-0039920,Malachi Corley,WR,CLE,NE,3.1
2025,8,2025_08_CLE_NE,2025-10-26,00-0039757,Terrell Jennings,RB,NE,CLE,1.5
2025,8,2025_08_CLE_NE,2025-10-26,00-0037267,Jerome Ford,RB,CLE,NE,0.9
2025,8,2025_08_CLE_NE,2025-10-26,00-0040259,Gage Larvadain,WR,CLE,NE,0.30000000000000004
2025,8,2025_08_CLE_NE,2025-10-26,00-0040782,Isaiah Bond,WR,CLE,NE,0.0
2025,8,2025_08_CLE_NE,2025-10-26,00-0036407,Jerry Jeudy,WR,CLE,NE,0.0
2025,8,2025_08_DAL_DEN,2025-10-26,00-0039868,Troy Franklin,WR,DEN,DAL,26.9
2025,8,2025_08_DAL_DEN,2025-10-26,00-0040730,RJ Harvey,RB,DEN,DAL,24.1
2025,8,2025_08_DAL_DEN,2025-10-26,00-0039732,Bo Nix,QB,DEN,DAL,23.78
2025,8,2025_08_DAL_DEN,2025-10-26,00-0036997,Javonte Williams,RB,DAL,DEN,17.9
2025,8,2025_08_DAL_DEN,2025-10-26,00-0037247,George Pickens,WR,DAL,DEN,14.8
2025,8,2025_08_DAL_DEN,2025-10-26,00-0036358,CeeDee Lamb,WR,DAL,DEN,14.600000000000001
2025,8,2025_08_DAL_DEN,2025-10-26,00-0036158,J.K. Dobbins,RB,DEN,DAL,14.100000000000001
2025,8,2025_08_DAL_DEN,2025-10-26,00-0037666,Jalen Tolbert,WR,DAL,DEN,12.7
2025,8,2025_08_DAL_DEN,2025-10-26,00-0040134,Pat Bryant,WR,DEN,DAL,12.0
2025,8,2025_08_DAL_DEN,2025-10-26,00-0034348,Courtland Sutton,WR,DEN,DAL,10.7
2025,8,2025_08_DAL_DEN,2025-10-26,00-0033881,Evan Engram,TE,DEN,DAL,7.6
2025,8,2025_08_DAL_DEN,2025-10-26,00-0033077,Dak Prescott,QB,DAL,DEN,6.620000000000001
2025,8,2025_08_DAL_DEN,2025-10-26,00-0039398,Joe Milton III,QB,DAL,DEN,6.32
2025,8,2025_08_DAL_DEN,2025-10-26,00-0038547,Luke Schoonmaker,TE,DAL,DEN,4.5
2025,8,2025_08_DAL_DEN,2025-10-26,00-0040586,Jaydon Blue,RB,DAL,DEN,2.9000000000000004
2025,8,2025_08_DAL_DEN,2025-10-26,00-0039530,Brevyn Spann-Ford,TE,DAL,DEN,1.9
2025,8,2025_08_DAL_DEN,2025-10-26,00-0038976,Marvin Mims Jr.,WR,DEN,DAL,1.8
2025,8,2025_08_DAL_DEN,2025-10-26,00-0039410,Ryan Flournoy,WR,DAL,DEN,1.7000000000000002
2025,8,2025_08_DAL_DEN,2025-10-26,00-0037801,KaVontae Turpin,WR,DAL,DEN,0.8
2025,8,2025_08_DAL_DEN,2025-10-26,00-0037085,Tyler Badie,RB,DEN,DAL,0.6000000000000001
2025,8,2025_08_DAL_DEN,2025-10-26,00-0037563,Malik Davis,RB,DAL,DEN,0.30000000000000004
2025,8,2025_08_DAL_DEN,2025-10-26,00-0038738,Hunter Luepke,RB,DAL,DEN,0.2
2025,8,2025_08_DAL_DEN,2025-10-26,00-0036422,Adam Trautman,TE,DEN,DAL,0.0
2025,8,2025_08_DAL_DEN,2025-10-26,00-0038041,Jake Ferguson,TE,DAL,DEN,0.0
2025,8,2025_08_DAL_DEN,2025-10-26,00-0038783,Nate Adkins,TE,DEN,DAL,0.0
2025,8,2025_08_DAL_DEN,2025-10-26,00-0035264,Jarrett Stidham,QB,DEN,DAL,-0.1
2025,8,2025_08_GB_PIT,2025-10-26,00-0038996,Tucker Kraft,TE,GB,PIT,33.3
2025,8,2025_08_GB_PIT,2025-10-26,00-0036264,Jordan Love,QB,GB,PIT,28.299999999999997
2025,8,2025_08_GB_PIT,2025-10-26,00-0039739,Roman Wilson,WR,PIT,GB,17.4
2025,8,2025_08_GB_PIT,2025-10-26,00-0023459,Aaron Rodgers,QB,PIT,GB,16.759999999999998
2025,8,2025_08_GB_PIT,2025-10-26,00-0035640,DK Metcalf,WR,PIT,GB,16.5
2025,8,2025_08_GB_PIT,2025-10-26,00-0035700,Josh Jacobs,RB,GB,PIT,13.5
2025,8,2025_08_GB_PIT,2025-10-26,00-0038124,Christian Watson,WR,GB,PIT,12.5
2025,8,2025_08_GB_PIT,2025-10-26,00-0038797,Emanuel Wilson,RB,GB,PIT,11.700000000000001
2025,8,2025_08_GB_PIT,2025-10-26,00-0037816,Romeo Doubs,WR,GB,PIT,9.4
2025,8,2025_08_GB_PIT,2025-10-26,00-0037228,Jaylen Warren,RB,PIT,GB,9.3
2025,8,2025_08_GB_PIT,2025-10-26,00-0040009,Savion Williams,WR,GB,PIT,7.9
2025,8,2025_08_GB_PIT,2025-10-26,00-0037837,Calvin Austin III,WR,PIT,GB,6.800000000000001
2025,8,2025_08_GB_PIT,2025-10-26,00-0038465,Malik Heath,WR,GB,PIT,5.9
2025,8,2025_08_GB_PIT,2025-10-26,00-0036894,Pat Freiermuth,TE,PIT,GB,4.3
2025,8,2025_08_GB_PIT,2025-10-26,00-0033858,Jonnu Smith,TE,PIT,GB,3.7
2025,8,2025_08_GB_PIT,2025-10-26,00-0036919,Kenny Gainwell,RB,PIT,GB,3.5
2025,8,2025_08_GB_PIT,2025-10-26,00-0040667,Matthew Golden,WR,GB,PIT,3.4
2025,8,2025_08_GB_PIT,2025-10-26,00-0036862,Ben Skowronek,WR,PIT,GB,2.3
2025,8,2025_08_GB_PIT,2025-10-26,00-0039144,Luke Musgrave,TE,GB,PIT,1.5
2025,8,2025_08_GB_PIT,2025-10-26,00-0037306,John FitzPatrick,TE,GB,PIT,1.4
2025,8,2025_08_GB_PIT,2025-10-26,00-0037091,Bo Melton,WR,GB,PIT,0.0
2025,8,2025_08_GB_PIT,2025-10-26,00-0038685,Chris Brooks,RB,GB,PIT,0.0
2025,8,2025_08_GB_PIT,2025-10-26,00-0040534,Ke'Shawn Williams,WR,PIT,GB,0.0
2025,8,2025_08_MIA_ATL,2025-10-26,00-0036212,Tua Tagovailoa,QB,MIA,ATL,24.2
2025,8,2025_08_MIA_ATL,2025-10-26,00-0036613,Jaylen Waddle,WR,MIA,ATL,20.9
2025,8,2025_08_MIA_ATL,2025-10-26,00-0039040,De'Von Achane,RB,MIA,ATL,20.1
2025,8,2025_08_MIA_ATL,2025-10-26,00-0036970,Kyle Pitts,TE,ATL,MIA,14.9
2025,8,2025_08_MIA_ATL,2025-10-26,00-0040198,Ollie Gordon II,RB,MIA,ATL,13.600000000000001
2025,8,2025_08_MIA_ATL,2025-10-26,00-0039880,Malik Washington,WR,MIA,ATL,13.6
2025,8,2025_08_MIA_ATL,2025-10-26,00-0037263,Tyler Allgeier,RB,ATL,MIA,9.4
2025,8,2025_08_MIA_ATL,2025-10-26,00-0029604,Kirk Cousins,QB,ATL,MIA,7.12
2025,8,2025_08_MIA_ATL,2025-10-26,00-0034854,KhaDarel Hodge,WR,ATL,MIA,6.1
2025,8,2025_08_MIA_ATL,2025-10-26,00-0038542,Bijan Robinson,RB,ATL,MIA,5.800000000000001
2025,8,2025_08_MIA_ATL,2025-10-26,00-0039874,Jaylen Wright,RB,MIA,ATL,3.8000000000000003
2025,8,2025_08_MIA_ATL,2025-10-26,00-0039394,Casey Washington,WR,ATL,MIA,3.5
2025,8,2025_08_MIA_ATL,2025-10-26,00-0035359,David Sills,WR,ATL,MIA,3.4000000000000004
2025,8,2025_08_MIA_ATL,2025-10-26,00-0036182,Nick Westbrook-Ikhine,WR,MIA,ATL,2.8
2025,8,2025_08_MIA_ATL,2025-10-26,00-0037348,Tanner Conner,TE,MIA,ATL,2.6
2025,8,2025_08_MIA_ATL,2025-10-26,00-0036309,Darnell Mooney,WR,ATL,MIA,2.1
2025,8,2025_08_MIA_ATL,2025-10-26,00-0040547,Nate Carter,RB,ATL,MIA,1.4000000000000001
2025,8,2025_08_MIA_ATL,2025-10-26,00-0034418,Cedrick Wilson Jr.,WR,MIA,ATL,1.2
2025,8,2025_08_MIA_ATL,2025-10-26,00-0036620,Dee Eskridge,WR,MIA,ATL,0.0
2025,8,2025_08_MIA_ATL,2025-10-26,00-0036825,Feleipe Franks,TE,ATL,MIA,0.0
2025,8,2025_08_MIA_ATL,2025-10-26,00-0039489,Hayden Rucci,TE,MIA,ATL,0.0
2025,8,2025_08_MIA_ATL,2025-10-26,00-0033572,Jamal Agnew,WR,ATL,MIA,0.0
2025,8,2025_08_MIA_ATL,2025-10-26,00-0037013,Zach Wilson,QB,MIA,ATL,0.0
2025,8,2025_08_MIN_LAC,2025-10-23,00-0036355,Justin Herbert,QB,LAC,MIN,25.279999999999998
2025,8,2025_08_MIN_LAC,2025-10-23,00-0039915,Ladd McConkey,WR,LAC,MIN,20.8
2025,8,2025_08_MIN_LAC,2025-10-23,00-0039391,Kimani Vidal,RB,LAC,MIN,19.700000000000003
2025,8,2025_08_MIN_LAC,2025-10-23,00-0040189,Oronde Gadsden II,TE,LAC,MIN,18.7
2025,8,2025_08_MIN_LAC,2025-10-23,00-0036322,Justin Jefferson,WR,MIN,LAC,14.4
2025,8,2025_08_MIN_LAC,2025-10-23,00-0038994,Jordan Addison,WR,MIN,LAC,11.6
2025,8,2025_08_MIN_LAC,2025-10-23,00-0040727,Tre Harris,WR,LAC,MIN,8.8
2025,8,2025_08_MIN_LAC,2025-10-23,00-0030279,Keenan Allen,WR,LAC,MIN,8.4
2025,8,2025_08_MIN_LAC,2025-10-23,00-0032950,Carson Wentz,QB,MIN,LAC,7.76
2025,8,2025_08_MIN_LAC,2025-10-23,00-0033293,Aaron Jones,RB,MIN,LAC,5.0
2025,8,2025_08_MIN_LAC,2025-10-23,00-0035229,T.J. Hockenson,TE,MIN,LAC,4.6
2025,8,2025_08_MIN_LAC,2025-10-23,00-0038440,Zavier Scott,RB,MIN,LAC,4.4
2025,8,2025_08_MIN_LAC,2025-10-23,00-0036755,Jaret Patterson,RB,LAC,MIN,3.0
2025,8,2025_08_MIN_LAC,2025-10-23,00-0037525,Jordan Mason,RB,MIN,LAC,1.6
2025,8,2025_08_MIN_LAC,2025-10-23,00-0040509,Ben Yurosek,TE,MIN,LAC,1.5
2025,8,2025_08_MIN_LAC,2025-10-23,00-0040494,Max Brosmer,QB,MIN,LAC,0.52
2025,8,2025_08_MIN_LAC,2025-10-23,00-0030035,Adam Thielen,WR,MIN,LAC,0.0
2025,8,2025_08_MIN_LAC,2025-10-23,00-0038573,Derius Davis,WR,LAC,MIN,0.0
2025,8,2025_08_MIN_LAC,2025-10-23,00-0037291,Jalen Nailor,WR,MIN,LAC,0.0
2025,8,2025_08_MIN_LAC,2025-10-23,00-0040506,Myles Price,WR,MIN,LAC,0.0
2025,8,2025_08_MIN_LAC,2025-10-23,00-0034367,Nyheim Hines,RB,LAC,MIN,-0.2
2025,8,2025_08_NYG_PHI,2025-10-26,00-0034844,Saquon Barkley,RB,PHI,NYG,33.400000000000006
2025,8,2025_08_NYG_PHI,2025-10-26,00-0036389,Jalen Hurts,QB,PHI,NYG,25.36
2025,8,2025_08_NYG_PHI,2025-10-26,00-0040691,Jaxson Dart,QB,NYG,PHI,19.419999999999998
2025,8,2025_08_NYG_PHI,2025-10-26,00-0034351,Dallas Goedert,TE,PHI,NYG,17.8
2025,8,2025_08_NYG_PHI,2025-10-26,00-0036912,DeVonta Smith,WR,PHI,NYG,14.4
2025,8,2025_08_NYG_PHI,2025-10-26,00-0037741,Jahan Dotson,WR,PHI,NYG,11.0
2025,8,2025_08_NYG_PHI,2025-10-26,00-0038555,Tank Bigsby,RB,PHI,NYG,10.4
2025,8,2025_08_NYG_PHI,2025-10-26,00-0040715,Cam Skattebo,RB,NYG,PHI,10.0
2025,8,2025_08_NYG_PHI,2025-10-26,00-0038117,Wan'Dale Robinson,WR,NYG,PHI,7.800000000000001
2025,8,2025_08_NYG_PHI,2025-10-26,00-0039384,Tyrone Tracy Jr.,RB,NYG,PHI,7.300000000000001
2025,8,2025_08_NYG_PHI,2025-10-26,00-0039847,Theo Johnson,TE,NYG,PHI,5.0
2025,8,2025_08_NYG_PHI,2025-10-26,00-0035535,Darius Slayton,WR,NYG,PHI,4.6
2025,8,2025_08_NYG_PHI,2025-10-26,00-0035250,Devin Singletary,RB,NYG,PHI,3.8000000000000003
2025,8,2025_08_NYG_PHI,2025-10-26,00-0038115,Daniel Bellinger,TE,NYG,PHI,3.1
2025,8,2025_08_NYG_PHI,2025-10-26,00-0040432,Beaux Collins,WR,NYG,PHI,2.8
2025,8,2025_08_NYG_PHI,2025-10-26,00-0038496,Xavier Gipson,WR,PHI,NYG,1.3
2025,8,2025_08_NYG_PHI,2025-10-26,00-0039746,Will Shipley,RB,PHI,NYG,0.2
2025,8,2025_08_NYG_PHI,2025-10-26,00-0038564,Cameron Latu,TE,PHI,NYG,0.0
2025,8,2025_08_NYG_PHI,2025-10-26,00-0035645,Gunner Olszewski,WR,NYG,PHI,0.0
2025,8,2025_08_NYG_PHI,2025-10-26,00-0038400,Tanner McKee,QB,PHI,NYG,-0.2
2025,8,2025_08_NYJ_CIN,2025-10-26,00-0038120,Breece Hall,RB,NYJ,CIN,32.86
2025,8,2025_08_NYJ_CIN,2025-10-26,00-0038597,Chase Brown,RB,CIN,NYJ,25.5
2025,8,2025_08_NYJ_CIN,2025-10-26,00-0026158,Joe Flacco,QB,CIN,NYJ,24.32
2025,8,2025_08_NYJ_CIN,2025-10-26,00-0036900,Ja'Marr Chase,WR,CIN,NYJ,21.1
2025,8,2025_08_NYJ_CIN,2025-10-26,00-0036945,Justin Fields,QB,NYJ,CIN,20.86
2025,8,2025_08_NYJ_CIN,2025-10-26,00-0039798,Isaiah Davis,RB,NYJ,CIN,17.9
2025,8,2025_08_NYJ_CIN,2025-10-26,00-0033526,Samaje Perine,RB,CIN,NYJ,17.0
2025,8,2025_08_NYJ_CIN,2025-10-26,00-0036427,Tyler Johnson,WR,NYJ,CIN,15.4
2025,8,2025_08_NYJ_CIN,2025-10-26,00-0040736,Mason Taylor,TE,NYJ,CIN,14.4
2025,8,2025_08_NYJ_CIN,2025-10-26,00-0036410,Tee Higgins,WR,CIN,NYJ,11.4
2025,8,2025_08_NYJ_CIN,2025-10-26,00-0039451,Isaiah Williams,WR,NYJ,CIN,8.600000000000001
2025,8,2025_08_NYJ_CIN,2025-10-26,00-0035644,Noah Fant,TE,CIN,NYJ,7.1000000000000005
2025,8,2025_08_NYJ_CIN,2025-10-26,00-0037805,Jeremy Ruckert,TE,NYJ,CIN,3.4000000000000004
2025,8,2025_08_NYJ_CIN,2025-10-26,00-0040582,Arian Smith,WR,NYJ,CIN,3.3000000000000003
2025,8,2025_08_NYJ_CIN,2025-10-26,00-0034613,Tanner Hudson,TE,CIN,NYJ,1.9
2025,8,2025_08_NYJ_CIN,2025-10-26,00-0034521,Allen Lazard,WR,NYJ,CIN,1.5
2025,8,2025_08_NYJ_CIN,2025-10-26,00-0038619,Andrei Iosivas,WR,CIN,NYJ,0.0
2025,8,2025_08_NYJ_CIN,2025-10-26,00-0038576,Charlie Jones,WR,CIN,NYJ,0.0
2025,8,2025_08_NYJ_CIN,2025-10-26,00-0040208,Tahj Brooks,RB,CIN,NYJ,0.0
2025,8,2025_08_SF_HOU,2025-10-26,00-0039163,C.J. Stroud,QB,HOU,SF,21.72
2025,8,2025_08_SF_HOU,2025-10-26,00-0036972,Mac Jones,QB,SF,HOU,18.02
2025,8,2025_08_SF_HOU,2025-10-26,00-0038618,Xavier Hutchinson,WR,HOU,SF,17.9
2025,8,2025_08_SF_HOU,2025-10-26,00-0040583,Woody Marks,RB,HOU,SF,15.100000000000001
2025,8,2025_08_SF_HOU,2025-10-26,00-0033288,George Kittle,TE,SF,HOU,14.3
2025,8,2025_08_SF_HOU,2025-10-26,00-0040130,Jayden Higgins,WR,HOU,SF,13.4
2025,8,2025_08_SF_HOU,2025-10-26,00-0040138,Jaylin Noel,WR,HOU,SF,11.3
2025,8,2025_08_SF_HOU,2025-10-26,00-0033280,Christian McCaffrey,RB,SF,HOU,9.8
2025,8,2025_08_SF_HOU,2025-10-26,00-0034791,Nick Chubb,RB,HOU,SF,8.9
2025,8,2025_08_SF_HOU,2025-10-26,00-0034419,Braxton Berrios,WR,HOU,SF,8.8
2025,8,2025_08_SF_HOU,2025-10-26,00-0036259,Jauan Jennings,WR,SF,HOU,8.5
2025,8,2025_08_SF_HOU,2025-10-26,00-0033307,Kendrick Bourne,WR,SF,HOU,7.4
2025,8,2025_08_SF_HOU,2025-10-26,00-0037112,Jake Tonges,TE,SF,HOU,7.2
2025,8,2025_08_SF_HOU,2025-10-26,00-0032775,Demarcus Robinson,WR,SF,HOU,4.5
2025,8,2025_08_SF_HOU,2025-10-26,00-0034383,Dalton Schultz,TE,HOU,SF,4.4
2025,8,2025_08_SF_HOU,2025-10-26,00-0038728,Jared Wayne,WR,HOU,SF,4.0
2025,8,2025_08_SF_HOU,2025-10-26,00-0033854,Dare Ogunbowale,RB,HOU,SF,2.7
2025,8,2025_08_SF_HOU,2025-10-26,00-0040172,Jordan Watkins,WR,SF,HOU,1.7000000000000002
2025,8,2025_08_SF_HOU,2025-10-26,00-0037746,Brian Robinson,RB,SF,HOU,0.0
2025,8,2025_08_SF_HOU,2025-10-26,00-0039603,British Brooks,RB,HOU,SF,0.0
2025,8,2025_08_SF_HOU,2025-10-26,00-0037258,Dameon Pierce,RB,HOU,SF,0.0
2025,8,2025_08_SF_HOU,2025-10-26,00-0036232,Harrison Bryant,TE,HOU,SF,0.0
2025,8,2025_08_SF_HOU,2025-10-26,00-0036887,Luke Farrell,TE,SF,HOU,0.0
2025,8,2025_08_SF_HOU,2025-10-26,00-0038090,Skyy Moore,WR,SF,HOU,0.0
2025,8,2025_08_TB_NO,2025-10-26,00-0037545,Rashid Shaheed,WR,NO,TB,14.5
2025,8,2025_08_TB_NO,2025-10-26,00-0037239,Chris Olave,WR,NO,TB,14.0
2025,8,2025_08_TB_NO,2025-10-26,00-0036040,Juwan Johnson,TE,NO,TB,10.3
2025,8,2025_08_TB_NO,2025-10-26,00-0038951,Sean Tucker,RB,TB,NO,10.2
2025,8,2025_08_TB_NO,2025-10-26,00-0040237,Tez Johnson,WR,TB,NO,9.3
2025,8,2025_08_TB_NO,2025-10-26,00-0037256,Rachaad White,RB,TB,NO,8.100000000000001
2025,8,2025_08_TB_NO,2025-10-26,00-0038129,Cade Otton,TE,TB,NO,8.0
2025,8,2025_08_TB_NO,2025-10-26,00-0033906,Alvin Kamara,RB,NO,TB,6.5
2025,8,2025_08_TB_NO,2025-10-26,00-0040129,Emeka Egbuka,WR,TB,NO,6.5
2025,8,2025_08_TB_NO,2025-10-26,00-0031236,Brandin Cooks,WR,NO,TB,5.2
2025,8,2025_08_TB_NO,2025-10-26,00-0040743,Tyler Shough,QB,NO,TB,4.32
2025,8,2025_08_TB_NO,2025-10-26,00-0040202,Devin Neal,RB,NO,TB,4.1
2025,8,2025_08_TB_NO,2025-10-26,00-0034855,Baker Mayfield,QB,TB,NO,4.08
2025,8,2025_08_TB_NO,2025-10-26,00-0039376,Spencer Rattler,QB,NO,TB,2.6400000000000006
2025,8,2025_08_TB_NO,2025-10-26,00-0033357,Taysom Hill,TE,NO,TB,2.2
2025,8,2025_08_TB_NO,2025-10-26,00-0039424,Devaughn Vele,WR,NO,TB,2.0
2025,8,2025_08_TB_NO,2025-10-26,00-0032385,Sterling Shepard,WR,TB,NO,1.8
2025,8,2025_08_TB_NO,2025-10-26,00-0040429,Josh Williams,RB,TB,NO,1.1
2025,8,2025_08_TB_NO,2025-10-26,00-0034981,Foster Moreau,TE,NO,TB,0.0
2025,8,2025_08_TB_NO,2025-10-26,00-0036741,Jack Stoll,TE,NO,TB,0.0
2025,8,2025_08_TB_NO,2025-10-26,00-0039589,Kameron Johnson,WR,TB,NO,0.0
2025,8,2025_08_TB_NO,2025-10-26,00-0039623,Mason Tipton,WR,NO,TB,0.0
2025,8,2025_08_TEN_IND,2025-10-26,00-0036223,Jonathan Taylor,RB,IND,TEN,37.400000000000006
2025,8,2025_08_TEN_IND,2025-10-26,00-0036252,Michael Pittman,WR,IND,TEN,23.5
2025,8,2025_08_TEN_IND,2025-10-26,00-0035710,Daniel Jones,QB,IND,TEN,23.180000000000003
2025,8,2025_08_TEN_IND,2025-10-26,00-0039032,Tyjae Spears,RB,TEN,IND,17.200000000000003
2025,8,2025_08_TEN_IND,2025-10-26,00-0040705,Chimere Dike,WR,TEN,IND,16.4
2025,8,2025_08_TEN_IND,2025-10-26,00-0038997,Josh Downs,WR,IND,TEN,12.9
2025,8,2025_08_TEN_IND,2025-10-26,00-0040676,Cam Ward,QB,TEN,IND,12.76
2025,8,2025_08_TEN_IND,2025-10-26,00-0040584,Gunnar Helm,TE,TEN,IND,10.3
2025,8,2025_08_TEN_IND,2025-10-26,00-0037809,Chig Okonkwo,TE,TEN,IND,9.3
2025,8,2025_08_TEN_IND,2025-10-26,00-0040128,Tyler Warren,TE,IND,TEN,9.3
2025,8,2025_08_TEN_IND,2025-10-26,00-0040170,Elic Ayomanor,WR,TEN,IND,9.2
2025,8,2025_08_TEN_IND,2025-10-26,00-0037664,Alec Pierce,WR,IND,TEN,8.9
2025,8,2025_08_TEN_IND,2025-10-26,00-0035261,Tony Pollard,RB,TEN,IND,6.300000000000001
2025,8,2025_08_TEN_IND,2025-10-26,00-0032104,Ameer Abdullah,RB,IND,TEN,1.8
2025,8,2025_08_TEN_IND,2025-10-26,00-0036415,Van Jefferson,WR,TEN,IND,1.6
2025,8,2025_08_TEN_IND,2025-10-26,00-0037594,Julius Chestnut,RB,TEN,IND,0.5
2025,8,2025_08_TEN_IND,2025-10-26,00-0037120,Tyler Goodson,RB,IND,TEN,0.2
2025,8,2025_08_TEN_IND,2025-10-26,00-0035021,Ashton Dulin,WR,IND,TEN,0.19999999999999996
2025,8,2025_08_TEN_IND,2025-10-26,00-0040206,Riley Leonard,QB,IND,TEN,0.1
2025,8,2025_08_TEN_IND,2025-10-26,00-0039890,Adonai Mitchell,WR,IND,TEN,0.0
2025,8,2025_08_TEN_IND,2025-10-26,00-0037292,Andrew Ogletree,TE,IND,TEN,0.0
2025,8,2025_08_TEN_IND,2025-10-26,00-0039816,Anthony Gould,WR,IND,TEN,0.0
2025,8,2025_08_TEN_IND,2025-10-26,00-0039648,David Martin-Robinson,TE,TEN,IND,0.0
2025,8,2025_08_WAS_KC,2025-10-27,00-0039067,Rashee Rice,WR,KC,WAS,25.5
2025,8,2025_08_WAS_KC,2025-10-27,00-0033873,Patrick Mahomes,QB,KC,WAS,22.96
2025,8,2025_08_WAS_KC,2025-10-27,00-0030506,Travis Kelce,TE,KC,WAS,21.9
2025,8,2025_08_WAS_KC,2025-10-27,00-0033923,Kareem Hunt,RB,KC,WAS,17.2
2025,8,2025_08_WAS_KC,2025-10-27,00-0035659,Terry McLaurin,WR,WAS,KC,14.4
2025,8,2025_08_WAS_KC,2025-10-27,00-0033955,Jeremy McNichols,RB,WAS,KC,11.8
2025,8,2025_08_WAS_KC,2025-10-27,00-0032268,Marcus Mariota,QB,WAS,KC,11.32
2025,8,2025_08_WAS_KC,2025-10-27,00-0039894,Xavier Worthy,WR,KC,WAS,10.3
2025,8,2025_08_WAS_KC,2025-10-27,00-0037197,Isiah Pacheco,RB,KC,WAS,5.800000000000001
2025,8,2025_08_WAS_KC,2025-10-27,00-0030061,Zach Ertz,TE,WAS,KC,5.6
2025,8,2025_08_WAS_KC,2025-10-27,00-0039355,Luke McCaffrey,WR,WAS,KC,5.4
2025,8,2025_08_WAS_KC,2025-10-27,00-0033857,JuJu Smith-Schuster,WR,KC,WAS,4.9
2025,8,2025_08_WAS_KC,2025-10-27,00-0036637,Noah Gray,TE,KC,WAS,4.300000000000001
2025,8,2025_08_WAS_KC,2025-10-27,00-0035719,Deebo Samuel Sr.,WR,WAS,KC,4.2
2025,8,2025_08_WAS_KC,2025-10-27,00-0039912,Ben Sinnott,TE,WAS,KC,3.2
2025,8,2025_08_WAS_KC,2025-10-27,00-0036628,John Bates,TE,WAS,KC,3.2
2025,8,2025_08_WAS_KC,2025-10-27,00-0040242,Jacory Croskey-Merritt,RB,WAS,KC,2.5
2025,8,2025_08_WAS_KC,2025-10-27,00-0040164,Jaylin Lane,WR,WAS,KC,1.0
2025,8,2025_08_WAS_KC,2025-10-27,00-0040078,Brashard Smith,RB,KC,WAS,0.8
2025,8,2025_08_WAS_KC,2025-10-27,00-0038611,Chris Rodriguez Jr.,RB,WAS,KC,0.2
2025,8,2025_08_WAS_KC,2025-10-27,00-0035662,Marquise Brown,WR,KC,WAS,0.0
2025,8,2025_08_WAS_KC,2025-10-27,00-0038519,Nikko Remigio,WR,KC,WAS,0.0
2025,9,2025_09_ARI_DAL,2025-11-03,00-0033119,Jacoby Brissett,QB,ARI,DAL,24.839999999999996
2025,9,2025_09_ARI_DAL,2025-11-03,00-0039849,Marvin Harrison Jr.,WR,ARI,DAL,22.6
2025,9,2025_09_ARI_DAL,2025-11-03,00-0037744,Trey McBride,TE,ARI,DAL,16.5
2025,9,2025_09_ARI_DAL,2025-11-03,00-0036358,CeeDee Lamb,WR,DAL,ARI,15.5
2025,9,2025_09_ARI_DAL,2025-11-03,00-0033077,Dak Prescott,QB,DAL,ARI,15.4
2025,9,2025_09_ARI_DAL,2025-11-03,00-0037247,George Pickens,WR,DAL,ARI,13.9
2025,9,2025_09_ARI_DAL,2025-11-03,00-0039410,Ryan Flournoy,WR,DAL,ARI,9.2
2025,9,2025_09_ARI_DAL,2025-11-03,00-0038559,Michael Wilson,WR,ARI,DAL,9.100000000000001
2025,9,2025_09_ARI_DAL,2025-11-03,00-0038705,Emari Demercado,RB,ARI,DAL,8.8
2025,9,2025_09_ARI_DAL,2025-11-03,00-0038041,Jake Ferguson,TE,DAL,ARI,8.0
2025,9,2025_09_ARI_DAL,2025-11-03,00-0036997,Javonte Williams,RB,DAL,ARI,7.300000000000001
2025,9,2025_09_ARI_DAL,2025-11-03,00-0037157,Bam Knight,RB,ARI,DAL,6.7
2025,9,2025_09_ARI_DAL,2025-11-03,00-0039041,Elijah Higgins,TE,ARI,DAL,6.0
2025,9,2025_09_ARI_DAL,2025-11-03,00-0037801,KaVontae Turpin,WR,DAL,ARI,3.3
2025,9,2025_09_ARI_DAL,2025-11-03,00-0038547,Luke Schoonmaker,TE,DAL,ARI,2.4000000000000004
2025,9,2025_09_ARI_DAL,2025-11-03,00-0035500,Greg Dortch,WR,ARI,DAL,0.9
2025,9,2025_09_ARI_DAL,2025-11-03,00-0037563,Malik Davis,RB,DAL,ARI,0.30000000000000004
2025,9,2025_09_ARI_DAL,2025-11-03,00-0039530,Brevyn Spann-Ford,TE,DAL,ARI,0.0
2025,9,2025_09_ARI_DAL,2025-11-03,00-0038738,Hunter Luepke,RB,DAL,ARI,0.0
2025,9,2025_09_ARI_DAL,2025-11-03,00-0038735,Princeton Fant,TE,DAL,ARI,0.0
2025,9,2025_09_ARI_DAL,2025-11-03,00-0036646,Simi Fehoko,WR,ARI,DAL,0.0
2025,9,2025_09_ATL_NE,2025-11-02,00-0037238,Drake London,WR,ATL,NE,38.8
2025,9,2025_09_ATL_NE,2025-11-02,00-0039917,Michael Penix Jr.,QB,ATL,NE,22.74
2025,9,2025_09_ATL_NE,2025-11-02,00-0038621,DeMario Douglas,WR,NE,ATL,20.0
2025,9,2025_09_ATL_NE,2025-11-02,00-0038542,Bijan Robinson,RB,ATL,NE,17.6
2025,9,2025_09_ATL_NE,2025-11-02,00-0039851,Drake Maye,QB,NE,ATL,16.36
2025,9,2025_09_ATL_NE,2025-11-02,00-0031588,Stefon Diggs,WR,NE,ATL,12.8
2025,9,2025_09_ATL_NE,2025-11-02,00-0040734,TreVeyon Henderson,RB,NE,ATL,12.700000000000001
2025,9,2025_09_ATL_NE,2025-11-02,00-0039757,Terrell Jennings,RB,NE,ATL,11.4
2025,9,2025_09_ATL_NE,2025-11-02,00-0033090,Hunter Henry,TE,NE,ATL,9.100000000000001
2025,9,2025_09_ATL_NE,2025-11-02,00-0036970,Kyle Pitts,TE,ATL,NE,7.800000000000001
2025,9,2025_09_ATL_NE,2025-11-02,00-0032392,Austin Hooper,TE,NE,ATL,3.0
2025,9,2025_09_ATL_NE,2025-11-02,00-0033555,Mack Hollins,WR,NE,ATL,2.9
2025,9,2025_09_ATL_NE,2025-11-02,00-0036309,Darnell Mooney,WR,ATL,NE,2.5
2025,9,2025_09_ATL_NE,2025-11-02,00-0037263,Tyler Allgeier,RB,ATL,NE,0.6000000000000001
2025,9,2025_09_ATL_NE,2025-11-02,00-0035359,David Sills,WR,ATL,NE,0.0
2025,9,2025_09_ATL_NE,2025-11-02,00-0040563,Efton Chism III,WR,NE,ATL,0.0
2025,9,2025_09_ATL_NE,2025-11-02,00-0036825,Feleipe Franks,TE,ATL,NE,0.0
2025,9,2025_09_ATL_NE,2025-11-02,00-0039305,Jack Westover,TE,NE,ATL,0.0
2025,9,2025_09_ATL_NE,2025-11-02,00-0033572,Jamal Agnew,WR,ATL,NE,0.0
2025,9,2025_09_ATL_NE,2025-11-02,00-0038608,Kayshon Boutte,WR,NE,ATL,0.0
2025,9,2025_09_ATL_NE,2025-11-02,00-0034854,KhaDarel Hodge,WR,ATL,NE,0.0
2025,9,2025_09_ATL_NE,2025-11-02,00-0040131,Kyle Williams,WR,NE,ATL,0.0
2025,9,2025_09_BAL_MIA,2025-10-30,00-0034796,Lamar Jackson,QB,BAL,MIA,25.56
2025,9,2025_09_BAL_MIA,2025-10-30,00-0039040,De'Von Achane,RB,MIA,BAL,16.6
2025,9,2025_09_BAL_MIA,2025-10-30,00-0034753,Mark Andrews,TE,BAL,MIA,16.6
2025,9,2025_09_BAL_MIA,2025-10-30,00-0036613,Jaylen Waddle,WR,MIA,BAL,14.200000000000001
2025,9,2025_09_BAL_MIA,2025-10-30,00-0032764,Derrick Henry,RB,BAL,MIA,13.100000000000001
2025,9,2025_09_BAL_MIA,2025-10-30,00-0039064,Zay Flowers,WR,BAL,MIA,11.4
2025,9,2025_09_BAL_MIA,2025-10-30,00-0038046,Charlie Kolar,TE,BAL,MIA,10.3
2025,9,2025_09_BAL_MIA,2025-10-30,00-0037252,Greg Dulcich,TE,MIA,BAL,9.9
2025,9,2025_09_BAL_MIA,2025-10-30,00-0036550,Rashod Bateman,WR,BAL,MIA,9.3
2025,9,2025_09_BAL_MIA,2025-10-30,00-0037838,Isaiah Likely,TE,BAL,MIA,9.0
2025,9,2025_09_BAL_MIA,2025-10-30,00-0036212,Tua Tagovailoa,QB,MIA,BAL,8.54
2025,9,2025_09_BAL_MIA,2025-10-30,00-0039880,Malik Washington,WR,MIA,BAL,7.1000000000000005
2025,9,2025_09_BAL_MIA,2025-10-30,00-0036182,Nick Westbrook-Ikhine,WR,MIA,BAL,4.2
2025,9,2025_09_BAL_MIA,2025-10-30,00-0034975,Justice Hill,RB,BAL,MIA,3.5
2025,9,2025_09_BAL_MIA,2025-10-30,00-0038454,Keaton Mitchell,RB,BAL,MIA,2.8
2025,9,2025_09_BAL_MIA,2025-10-30,00-0040198,Ollie Gordon II,RB,MIA,BAL,1.9
2025,9,2025_09_BAL_MIA,2025-10-30,00-0034418,Cedrick Wilson Jr.,WR,MIA,BAL,1.7000000000000002
2025,9,2025_09_BAL_MIA,2025-10-30,00-0039884,Tahj Washington,WR,MIA,BAL,0.10000000000000009
2025,9,2025_09_BAL_MIA,2025-10-30,00-0030564,DeAndre Hopkins,WR,BAL,MIA,0.0
2025,9,2025_09_BAL_MIA,2025-10-30,00-0036620,Dee Eskridge,WR,MIA,BAL,0.0
2025,9,2025_09_BAL_MIA,2025-10-30,00-0040075,LaJohntay Wester,WR,BAL,MIA,0.0
2025,9,2025_09_BAL_MIA,2025-10-30,00-0039796,Rasheen Ali,RB,BAL,MIA,0.0
2025,9,2025_09_BAL_MIA,2025-10-30,00-0037348,Tanner Conner,TE,MIA,BAL,0.0
2025,9,2025_09_BAL_MIA,2025-10-30,00-0036630,Tylan Wallace,WR,BAL,MIA,0.0
2025,9,2025_09_CAR_GB,2025-11-02,00-0036139,Rico Dowdle,RB,CAR,GB,28.1
2025,9,2025_09_CAR_GB,2025-11-02,00-0035700,Josh Jacobs,RB,GB,CAR,20.0
2025,9,2025_09_CAR_GB,2025-11-02,00-0037816,Romeo Doubs,WR,GB,CAR,16.1
2025,9,2025_09_CAR_GB,2025-11-02,00-0036264,Jordan Love,QB,GB,CAR,9.02
2025,9,2025_09_CAR_GB,2025-11-02,00-0040124,Tetairoa McMillan,WR,CAR,GB,8.600000000000001
2025,9,2025_09_CAR_GB,2025-11-02,00-0038124,Christian Watson,WR,GB,CAR,7.800000000000001
2025,9,2025_09_CAR_GB,2025-11-02,00-0039144,Luke Musgrave,TE,GB,CAR,6.4
2025,9,2025_09_CAR_GB,2025-11-02,00-0038685,Chris Brooks,RB,GB,CAR,4.4
2025,9,2025_09_CAR_GB,2025-11-02,00-0038996,Tucker Kraft,TE,GB,CAR,4.0
2025,9,2025_09_CAR_GB,2025-11-02,00-0039342,Xavier Legette,WR,CAR,GB,3.2
2025,9,2025_09_CAR_GB,2025-11-02,00-0039150,Bryce Young,QB,CAR,GB,2.98
2025,9,2025_09_CAR_GB,2025-11-02,00-0040667,Matthew Golden,WR,GB,CAR,2.9
2025,9,2025_09_CAR_GB,2025-11-02,00-0038797,Emanuel Wilson,RB,GB,CAR,2.7
2025,9,2025_09_CAR_GB,2025-11-02,00-0038465,Malik Heath,WR,GB,CAR,2.1
2025,9,2025_09_CAR_GB,2025-11-02,00-0039491,Jalen Coker,WR,CAR,GB,1.9
2025,9,2025_09_CAR_GB,2025-11-02,00-0038840,Brycen Tremayne,WR,CAR,GB,1.8
2025,9,2025_09_CAR_GB,2025-11-02,00-0040218,Jimmy Horn Jr.,WR,CAR,GB,1.8
2025,9,2025_09_CAR_GB,2025-11-02,00-0036555,Chuba Hubbard,RB,CAR,GB,1.7000000000000002
2025,9,2025_09_CAR_GB,2025-11-02,00-0039356,Ja'Tavion Sanders,TE,CAR,GB,1.5
2025,9,2025_09_CAR_GB,2025-11-02,00-0040009,Savion Williams,WR,GB,CAR,1.2000000000000002
2025,9,2025_09_CAR_GB,2025-11-02,00-0037005,Tommy Tremble,TE,CAR,GB,0.0
2025,9,2025_09_CAR_GB,2025-11-02,00-0040644,Trevor Etienne,RB,CAR,GB,0.0
2025,9,2025_09_CHI_CIN,2025-11-02,00-0039918,Caleb Williams,QB,CHI,CIN,38.7
2025,9,2025_09_CHI_CIN,2025-11-02,00-0036410,Tee Higgins,WR,CIN,CHI,33.1
2025,9,2025_09_CHI_CIN,2025-11-02,00-0026158,Joe Flacco,QB,CIN,CHI,30.699999999999996
2025,9,2025_09_CHI_CIN,2025-11-02,00-0040126,Colston Loveland,TE,CHI,CIN,29.8
2025,9,2025_09_CHI_CIN,2025-11-02,00-0034827,DJ Moore,WR,CHI,CIN,22.98
2025,9,2025_09_CHI_CIN,2025-11-02,00-0040236,Kyle Monangai,RB,CHI,CIN,22.8
2025,9,2025_09_CHI_CIN,2025-11-02,00-0038597,Chase Brown,RB,CIN,CHI,19.200000000000003
2025,9,2025_09_CHI_CIN,2025-11-02,00-0038619,Andrei Iosivas,WR,CIN,CHI,18.0
2025,9,2025_09_CHI_CIN,2025-11-02,00-0035208,Olamide Zaccheaus,WR,CHI,CIN,17.8
2025,9,2025_09_CHI_CIN,2025-11-02,00-0036900,Ja'Marr Chase,WR,CIN,CHI,17.1
2025,9,2025_09_CHI_CIN,2025-11-02,00-0035644,Noah Fant,TE,CIN,CHI,10.8
2025,9,2025_09_CHI_CIN,2025-11-02,00-0037329,Brittain Brown,RB,CHI,CIN,9.7
2025,9,2025_09_CHI_CIN,2025-11-02,00-0034613,Tanner Hudson,TE,CIN,CHI,6.2
2025,9,2025_09_CHI_CIN,2025-11-02,00-0038576,Charlie Jones,WR,CIN,CHI,6.0
2025,9,2025_09_CHI_CIN,2025-11-02,00-0038839,Mitchell Tinsley,WR,CIN,CHI,3.7
2025,9,2025_09_CHI_CIN,2025-11-02,00-0036290,Cole Kmet,TE,CHI,CIN,2.0
2025,9,2025_09_CHI_CIN,2025-11-02,00-0038416,Tyson Bagent,QB,CHI,CIN,0.8
2025,9,2025_09_CHI_CIN,2025-11-02,00-0033526,Samaje Perine,RB,CIN,CHI,0.5
2025,9,2025_09_CHI_CIN,2025-11-02,00-0040208,Tahj Brooks,RB,CIN,CHI,0.1
2025,9,2025_09_CHI_CIN,2025-11-02,00-0036331,Devin Duvernay,WR,CHI,CIN,0.0
2025,9,2025_09_CHI_CIN,2025-11-02,00-0034798,Durham Smythe,TE,CHI,CIN,0.0
2025,9,2025_09_CHI_CIN,2025-11-02,00-0040277,Jahdae Walker,WR,CHI,CIN,0.0
2025,9,2025_09_CHI_CIN,2025-11-02,00-0039919,Rome Odunze,WR,CHI,CIN,0.0
2025,9,2025_09_CHI_CIN,2025-11-02,00-0035594,Travis Homer,RB,CHI,CIN,0.0
2025,9,2025_09_DEN_HOU,2025-11-02,00-0039732,Bo Nix,QB,DEN,HOU,18.52
2025,9,2025_09_DEN_HOU,2025-11-02,00-0040730,RJ Harvey,RB,DEN,HOU,16.6
2025,9,2025_09_DEN_HOU,2025-11-02,00-0036554,Nico Collins,WR,HOU,DEN,14.5
2025,9,2025_09_DEN_HOU,2025-11-02,00-0034383,Dalton Schultz,TE,HOU,DEN,13.7
2025,9,2025_09_DEN_HOU,2025-11-02,00-0034348,Courtland Sutton,WR,DEN,HOU,10.0
2025,9,2025_09_DEN_HOU,2025-11-02,00-0039868,Troy Franklin,WR,DEN,HOU,8.3
2025,9,2025_09_DEN_HOU,2025-11-02,00-0036158,J.K. Dobbins,RB,DEN,HOU,6.9
2025,9,2025_09_DEN_HOU,2025-11-02,00-0034775,Christian Kirk,WR,HOU,DEN,6.6
2025,9,2025_09_DEN_HOU,2025-11-02,00-0036898,Davis Mills,QB,HOU,DEN,6.180000000000001
2025,9,2025_09_DEN_HOU,2025-11-02,00-0038618,Xavier Hutchinson,WR,HOU,DEN,6.0
2025,9,2025_09_DEN_HOU,2025-11-02,00-0036422,Adam Trautman,TE,DEN,HOU,4.5
2025,9,2025_09_DEN_HOU,2025-11-02,00-0039163,C.J. Stroud,QB,HOU,DEN,4.36
2025,9,2025_09_DEN_HOU,2025-11-02,00-0040134,Pat Bryant,WR,DEN,HOU,4.0
2025,9,2025_09_DEN_HOU,2025-11-02,00-0034791,Nick Chubb,RB,HOU,DEN,3.4000000000000004
2025,9,2025_09_DEN_HOU,2025-11-02,00-0040583,Woody Marks,RB,HOU,DEN,2.7
2025,9,2025_09_DEN_HOU,2025-11-02,00-0036959,Michael Bandy,WR,DEN,HOU,2.6
2025,9,2025_09_DEN_HOU,2025-11-02,00-0037085,Tyler Badie,RB,DEN,HOU,2.6
2025,9,2025_09_DEN_HOU,2025-11-02,00-0040130,Jayden Higgins,WR,HOU,DEN,1.4
2025,9,2025_09_DEN_HOU,2025-11-02,00-0033854,Dare Ogunbowale,RB,HOU,DEN,1.2
2025,9,2025_09_DEN_HOU,2025-11-02,00-0036232,Harrison Bryant,TE,HOU,DEN,1.2
2025,9,2025_09_DEN_HOU,2025-11-02,00-0034419,Braxton Berrios,WR,HOU,DEN,0.0
2025,9,2025_09_DEN_HOU,2025-11-02,00-0039603,British Brooks,RB,HOU,DEN,0.0
2025,9,2025_09_DEN_HOU,2025-11-02,00-0033881,Evan Engram,TE,DEN,HOU,0.0
2025,9,2025_09_DEN_HOU,2025-11-02,00-0040138,Jaylin Noel,WR,HOU,DEN,-0.30000000000000004
2025,9,2025_09_IND_PIT,2025-11-02,00-0036252,Michael Pittman,WR,IND,PIT,20.5
2025,9,2025_09_IND_PIT,2025-11-02,00-0038997,Josh Downs,WR,IND,PIT,17.7
2025,9,2025_09_IND_PIT,2025-11-02,00-0037664,Alec Pierce,WR,IND,PIT,17.5
2025,9,2025_09_IND_PIT,2025-11-02,00-0037228,Jaylen Warren,RB,PIT,IND,16.9
2025,9,2025_09_IND_PIT,2025-11-02,00-0035710,Daniel Jones,QB,IND,PIT,14.079999999999998
2025,9,2025_09_IND_PIT,2025-11-02,00-0023459,Aaron Rodgers,QB,PIT,IND,12.120000000000001
2025,9,2025_09_IND_PIT,2025-11-02,00-0036894,Pat Freiermuth,TE,PIT,IND,11.7
2025,9,2025_09_IND_PIT,2025-11-02,00-0037837,Calvin Austin III,WR,PIT,IND,10.600000000000001
2025,9,2025_09_IND_PIT,2025-11-02,00-0038558,Darnell Washington,TE,PIT,IND,8.3
2025,9,2025_09_IND_PIT,2025-11-02,00-0036223,Jonathan Taylor,RB,IND,PIT,7.7
2025,9,2025_09_IND_PIT,2025-11-02,00-0040128,Tyler Warren,TE,IND,PIT,7.6
2025,9,2025_09_IND_PIT,2025-11-02,00-0036919,Kenny Gainwell,RB,PIT,IND,7.4
2025,9,2025_09_IND_PIT,2025-11-02,00-0033858,Jonnu Smith,TE,PIT,IND,5.5
2025,9,2025_09_IND_PIT,2025-11-02,00-0035640,DK Metcalf,WR,PIT,IND,2.6
2025,9,2025_09_IND_PIT,2025-11-02,00-0040142,Kaleb Johnson,RB,PIT,IND,2.3
2025,9,2025_09_IND_PIT,2025-11-02,00-0037120,Tyler Goodson,RB,IND,PIT,1.8
2025,9,2025_09_IND_PIT,2025-11-02,00-0039890,Adonai Mitchell,WR,IND,PIT,1.7000000000000002
2025,9,2025_09_IND_PIT,2025-11-02,00-0032104,Ameer Abdullah,RB,IND,PIT,1.5
2025,9,2025_09_IND_PIT,2025-11-02,00-0037292,Andrew Ogletree,TE,IND,PIT,0.0
2025,9,2025_09_IND_PIT,2025-11-02,00-0035021,Ashton Dulin,WR,IND,PIT,0.0
2025,9,2025_09_IND_PIT,2025-11-02,00-0036862,Ben Skowronek,WR,PIT,IND,0.0
2025,9,2025_09_IND_PIT,2025-11-02,00-0040534,Ke'Shawn Williams,WR,PIT,IND,0.0
2025,9,2025_09_IND_PIT,2025-11-02,00-0038409,Lew Nichols III,RB,PIT,IND,0.0
2025,9,2025_09_IND_PIT,2025-11-02,00-0033217,Mo Alie-Cox,TE,IND,PIT,0.0
2025,9,2025_09_IND_PIT,2025-11-02,00-0036984,Trey Sermon,RB,PIT,IND,0.0
2025,9,2025_09_IND_PIT,2025-11-02,00-0039739,Roman Wilson,WR,PIT,IND,-0.6000000000000001
2025,9,2025_09_JAX_LV,2025-11-02,00-0039338,Brock Bowers,TE,LV,JAX,43.3
2025,9,2025_09_JAX_LV,2025-11-02,00-0030565,Geno Smith,QB,LV,JAX,26.259999999999998
2025,9,2025_09_JAX_LV,2025-11-02,00-0036971,Trevor Lawrence,QB,JAX,LV,21.200000000000003
2025,9,2025_09_JAX_LV,2025-11-02,00-0040122,Ashton Jeanty,RB,LV,JAX,19.9
2025,9,2025_09_JAX_LV,2025-11-02,00-0038606,Parker Washington,WR,JAX,LV,17.0
2025,9,2025_09_JAX_LV,2025-11-02,00-0036973,Travis Etienne,RB,JAX,LV,16.5
2025,9,2025_09_JAX_LV,2025-11-02,00-0040719,Bhayshul Tuten,RB,JAX,LV,9.6
2025,9,2025_09_JAX_LV,2025-11-02,00-0039893,Brian Thomas Jr.,WR,JAX,LV,8.5
2025,9,2025_09_JAX_LV,2025-11-02,00-0038563,Tre Tucker,WR,LV,JAX,6.800000000000001
2025,9,2025_09_JAX_LV,2025-11-02,00-0034960,Jakobi Meyers,WR,LV,JAX,6.300000000000001
2025,9,2025_09_JAX_LV,2025-11-02,00-0036626,Dyami Brown,WR,JAX,LV,5.9
2025,9,2025_09_JAX_LV,2025-11-02,00-0039066,Michael Mayer,TE,LV,JAX,5.6
2025,9,2025_09_JAX_LV,2025-11-02,00-0036497,Tim Jones,WR,JAX,LV,2.5
2025,9,2025_09_JAX_LV,2025-11-02,00-0031687,Raheem Mostert,RB,LV,JAX,2.4000000000000004
2025,9,2025_09_JAX_LV,2025-11-02,00-0040238,LeQuint Allen Jr.,RB,JAX,LV,2.1
2025,9,2025_09_JAX_LV,2025-11-02,00-0034365,Ian Thomas,TE,LV,JAX,1.9
2025,9,2025_09_JAX_LV,2025-11-02,00-0037004,Hunter Long,TE,JAX,LV,1.6
2025,9,2025_09_JAX_LV,2025-11-02,00-0035602,Alex Bachman,WR,LV,JAX,0.0
2025,9,2025_09_JAX_LV,2025-11-02,00-0036841,Austin Trammell,WR,JAX,LV,0.0
2025,9,2025_09_JAX_LV,2025-11-02,00-0039407,Dylan Laube,RB,LV,JAX,0.0
2025,9,2025_09_JAX_LV,2025-11-02,00-0040729,Jack Bech,WR,LV,JAX,0.0
2025,9,2025_09_JAX_LV,2025-11-02,00-0033246,Johnny Mundt,TE,JAX,LV,0.0
2025,9,2025_09_JAX_LV,2025-11-02,00-0032211,Tyler Lockett,WR,LV,JAX,0.0
2025,9,2025_09_KC_BUF,2025-11-02,00-0034857,Josh Allen,QB,BUF,KC,28.82
2025,9,2025_09_KC_BUF,2025-11-02,00-0038933,Dalton Kincaid,TE,BUF,KC,22.1
2025,9,2025_09_KC_BUF,2025-11-02,00-0039067,Rashee Rice,WR,KC,BUF,18.6
2025,9,2025_09_KC_BUF,2025-11-02,00-0037248,James Cook,RB,BUF,KC,13.5
2025,9,2025_09_KC_BUF,2025-11-02,00-0030506,Travis Kelce,TE,KC,BUF,12.600000000000001
2025,9,2025_09_KC_BUF,2025-11-02,00-0033923,Kareem Hunt,RB,KC,BUF,12.5
2025,9,2025_09_KC_BUF,2025-11-02,00-0037261,Khalil Shakir,WR,BUF,KC,11.3
2025,9,2025_09_KC_BUF,2025-11-02,00-0033873,Patrick Mahomes,QB,KC,BUF,10.5
2025,9,2025_09_KC_BUF,2025-11-02,00-0035537,Ty Johnson,RB,BUF,KC,10.0
2025,9,2025_09_KC_BUF,2025-11-02,00-0035662,Marquise Brown,WR,KC,BUF,9.3
2025,9,2025_09_KC_BUF,2025-11-02,00-0039894,Xavier Worthy,WR,KC,BUF,6.0
2025,9,2025_09_KC_BUF,2025-11-02,00-0035689,Dawson Knox,TE,BUF,KC,4.0
2025,9,2025_09_KC_BUF,2025-11-02,00-0036980,Elijah Moore,WR,BUF,KC,3.8000000000000003
2025,9,2025_09_KC_BUF,2025-11-02,00-0039901,Keon Coleman,WR,BUF,KC,3.7
2025,9,2025_09_KC_BUF,2025-11-02,00-0040194,Jackson Hawes,TE,BUF,KC,2.8
2025,9,2025_09_KC_BUF,2025-11-02,00-0038679,Tyrell Shavers,WR,BUF,KC,1.7000000000000002
2025,9,2025_09_KC_BUF,2025-11-02,00-0033282,Curtis Samuel,WR,BUF,KC,1.6
2025,9,2025_09_KC_BUF,2025-11-02,00-0033857,JuJu Smith-Schuster,WR,KC,BUF,1.2
2025,9,2025_09_KC_BUF,2025-11-02,00-0040078,Brashard Smith,RB,KC,BUF,0.7000000000000001
2025,9,2025_09_KC_BUF,2025-11-02,00-0036360,Clyde Edwards-Helaire,RB,KC,BUF,0.5
2025,9,2025_09_KC_BUF,2025-11-02,00-0038519,Nikko Remigio,WR,KC,BUF,0.0
2025,9,2025_09_KC_BUF,2025-11-02,00-0036637,Noah Gray,TE,KC,BUF,0.0
2025,9,2025_09_KC_BUF,2025-11-02,00-0039875,Ray Davis,RB,BUF,KC,0.0
2025,9,2025_09_KC_BUF,2025-11-02,00-0036187,Reggie Gilliam,RB,BUF,KC,0.0
2025,9,2025_09_KC_BUF,2025-11-02,00-0038104,Tyquan Thornton,WR,KC,BUF,0.0
2025,9,2025_09_LAC_TEN,2025-11-02,00-0036355,Justin Herbert,QB,LAC,TEN,27.7
2025,9,2025_09_LAC_TEN,2025-11-02,00-0038544,Quentin Johnston,WR,LAC,TEN,15.3
2025,9,2025_09_LAC_TEN,2025-11-02,00-0040189,Oronde Gadsden II,TE,LAC,TEN,11.8
2025,9,2025_09_LAC_TEN,2025-11-02,00-0039915,Ladd McConkey,WR,LAC,TEN,9.600000000000001
2025,9,2025_09_LAC_TEN,2025-11-02,00-0039032,Tyjae Spears,RB,TEN,LAC,9.2
2025,9,2025_09_LAC_TEN,2025-11-02,00-0035261,Tony Pollard,RB,TEN,LAC,7.800000000000001
2025,9,2025_09_LAC_TEN,2025-11-02,00-0040170,Elic Ayomanor,WR,TEN,LAC,7.6000000000000005
2025,9,2025_09_LAC_TEN,2025-11-02,00-0040705,Chimere Dike,WR,TEN,LAC,7.5
2025,9,2025_09_LAC_TEN,2025-11-02,00-0040676,Cam Ward,QB,TEN,LAC,6.4
2025,9,2025_09_LAC_TEN,2025-11-02,00-0030279,Keenan Allen,WR,LAC,TEN,6.1000000000000005
2025,9,2025_09_LAC_TEN,2025-11-02,00-0036755,Jaret Patterson,RB,LAC,TEN,4.4
2025,9,2025_09_LAC_TEN,2025-11-02,00-0040727,Tre Harris,WR,LAC,TEN,3.8
2025,9,2025_09_LAC_TEN,2025-11-02,00-0036415,Van Jefferson,WR,TEN,LAC,3.1
2025,9,2025_09_LAC_TEN,2025-11-02,00-0037809,Chig Okonkwo,TE,TEN,LAC,3.0
2025,9,2025_09_LAC_TEN,2025-11-02,00-0039391,Kimani Vidal,RB,LAC,TEN,3.0
2025,9,2025_09_LAC_TEN,2025-11-02,00-0040584,Gunnar Helm,TE,TEN,LAC,2.5
2025,9,2025_09_LAC_TEN,2025-11-02,00-0037654,Tucker Fisk,TE,LAC,TEN,2.2
2025,9,2025_09_LAC_TEN,2025-11-02,00-0039648,David Martin-Robinson,TE,TEN,LAC,0.0
2025,9,2025_09_LAC_TEN,2025-11-02,00-0038573,Derius Davis,WR,LAC,TEN,0.0
2025,9,2025_09_LAC_TEN,2025-11-02,00-0037594,Julius Chestnut,RB,TEN,LAC,0.0
2025,9,2025_09_LAC_TEN,2025-11-02,00-0040184,KeAndre Lambert-Smith,WR,LAC,TEN,0.0
2025,9,2025_09_LAC_TEN,2025-11-02,00-0036176,Mason Kinsey,WR,TEN,LAC,0.0
2025,9,2025_09_MIN_DET,2025-11-02,00-0039065,Sam LaPorta,TE,DET,MIN,21.700000000000003
2025,9,2025_09_MIN_DET,2025-11-02,00-0033106,Jared Goff,QB,DET,MIN,19.36
2025,9,2025_09_MIN_DET,2025-11-02,00-0039923,J.J. McCarthy,QB,MIN,DET,18.919999999999998
2025,9,2025_09_MIN_DET,2025-11-02,00-0036963,Amon-Ra St. Brown,WR,DET,MIN,18.700000000000003
2025,9,2025_09_MIN_DET,2025-11-02,00-0036322,Justin Jefferson,WR,MIN,DET,16.7
2025,9,2025_09_MIN_DET,2025-11-02,00-0037240,Jameson Williams,WR,DET,MIN,16.6
2025,9,2025_09_MIN_DET,2025-11-02,00-0033293,Aaron Jones,RB,MIN,DET,11.8
2025,9,2025_09_MIN_DET,2025-11-02,00-0035685,David Montgomery,RB,DET,MIN,11.0
2025,9,2025_09_MIN_DET,2025-11-02,00-0035229,T.J. Hockenson,TE,MIN,DET,9.1
2025,9,2025_09_MIN_DET,2025-11-02,00-0038994,Jordan Addison,WR,MIN,DET,8.4
2025,9,2025_09_MIN_DET,2025-11-02,00-0039139,Jahmyr Gibbs,RB,DET,MIN,5.800000000000001
2025,9,2025_09_MIN_DET,2025-11-02,00-0037525,Jordan Mason,RB,MIN,DET,4.7
2025,9,2025_09_MIN_DET,2025-11-02,00-0037291,Jalen Nailor,WR,MIN,DET,2.6
2025,9,2025_09_MIN_DET,2025-11-02,00-0036754,Brock Wright,TE,DET,MIN,2.1
2025,9,2025_09_MIN_DET,2025-11-02,00-0040509,Ben Yurosek,TE,MIN,DET,0.0
2025,9,2025_09_MIN_DET,2025-11-02,00-0038896,Jacob Saylors,RB,DET,MIN,0.0
2025,9,2025_09_MIN_DET,2025-11-02,00-0032464,Kalif Raymond,WR,DET,MIN,0.0
2025,9,2025_09_MIN_DET,2025-11-02,00-0040506,Myles Price,WR,MIN,DET,0.0
2025,9,2025_09_MIN_DET,2025-11-02,00-0039364,Sione Vaki,RB,DET,MIN,0.0
2025,9,2025_09_MIN_DET,2025-11-02,00-0040154,Tai Felton,WR,MIN,DET,0.0
2025,9,2025_09_MIN_DET,2025-11-02,00-0038440,Zavier Scott,RB,MIN,DET,0.0
2025,9,2025_09_NO_LA,2025-11-02,00-0026498,Matthew Stafford,QB,LA,NO,26.840000000000003
2025,9,2025_09_NO_LA,2025-11-02,00-0031381,Davante Adams,WR,LA,NO,23.0
2025,9,2025_09_NO_LA,2025-11-02,00-0039075,Puka Nacua,WR,LA,NO,22.8
2025,9,2025_09_NO_LA,2025-11-02,00-0037840,Kyren Williams,RB,LA,NO,17.4
2025,9,2025_09_NO_LA,2025-11-02,00-0036040,Juwan Johnson,TE,NO,LA,12.1
2025,9,2025_09_NO_LA,2025-11-02,00-0037545,Rashid Shaheed,WR,NO,LA,11.8
2025,9,2025_09_NO_LA,2025-11-02,00-0033110,Tyler Higbee,TE,LA,NO,10.3
2025,9,2025_09_NO_LA,2025-11-02,00-0040743,Tyler Shough,QB,NO,LA,9.239999999999998
2025,9,2025_09_NO_LA,2025-11-02,00-0037239,Chris Olave,WR,NO,LA,8.7
2025,9,2025_09_NO_LA,2025-11-02,00-0040737,Terrance Ferguson,TE,LA,NO,7.4
2025,9,2025_09_NO_LA,2025-11-02,00-0039074,Davis Allen,TE,LA,NO,6.7
2025,9,2025_09_NO_LA,2025-11-02,00-0039738,Blake Corum,RB,LA,NO,5.800000000000001
2025,9,2025_09_NO_LA,2025-11-02,00-0031236,Brandin Cooks,WR,NO,LA,3.6
2025,9,2025_09_NO_LA,2025-11-02,00-0038359,Xavier Smith,WR,LA,NO,3.2
2025,9,2025_09_NO_LA,2025-11-02,00-0036244,Colby Parkinson,TE,LA,NO,3.0
2025,9,2025_09_NO_LA,2025-11-02,00-0033357,Taysom Hill,TE,NO,LA,3.0
2025,9,2025_09_NO_LA,2025-11-02,00-0040202,Devin Neal,RB,NO,LA,2.2
2025,9,2025_09_NO_LA,2025-11-02,00-0033906,Alvin Kamara,RB,NO,LA,0.7000000000000002
2025,9,2025_09_SEA_WAS,2025-11-02,00-0034869,Sam Darnold,QB,SEA,WAS,27.200000000000003
2025,9,2025_09_SEA_WAS,2025-11-02,00-0038543,Jaxon Smith-Njigba,WR,SEA,WAS,22.0
2025,9,2025_09_SEA_WAS,2025-11-02,00-0040648,Tory Horton,WR,SEA,WAS,20.8
2025,9,2025_09_SEA_WAS,2025-11-02,00-0039910,Jayden Daniels,QB,WAS,SEA,15.22
2025,9,2025_09_SEA_WAS,2025-11-02,00-0035891,Cody White,WR,SEA,WAS,13.0
2025,9,2025_09_SEA_WAS,2025-11-02,00-0038611,Chris Rodriguez Jr.,RB,WAS,SEA,12.5
2025,9,2025_09_SEA_WAS,2025-11-02,00-0039793,AJ Barner,TE,SEA,WAS,11.5
2025,9,2025_09_SEA_WAS,2025-11-02,00-0040739,Elijah Arroyo,TE,SEA,WAS,10.9
2025,9,2025_09_SEA_WAS,2025-11-02,00-0035719,Deebo Samuel Sr.,WR,WAS,SEA,9.4
2025,9,2025_09_SEA_WAS,2025-11-02,00-0030061,Zach Ertz,TE,WAS,SEA,8.600000000000001
2025,9,2025_09_SEA_WAS,2025-11-02,00-0038134,Kenneth Walker III,RB,SEA,WAS,8.100000000000001
2025,9,2025_09_SEA_WAS,2025-11-02,00-0040164,Jaylin Lane,WR,WAS,SEA,5.9
2025,9,2025_09_SEA_WAS,2025-11-02,00-0039165,Zach Charbonnet,RB,SEA,WAS,5.6000000000000005
2025,9,2025_09_SEA_WAS,2025-11-02,00-0040242,Jacory Croskey-Merritt,RB,WAS,SEA,5.1000000000000005
2025,9,2025_09_SEA_WAS,2025-11-02,00-0036628,John Bates,TE,WAS,SEA,4.0
2025,9,2025_09_SEA_WAS,2025-11-02,00-0037742,Treylon Burks,WR,WAS,SEA,2.4000000000000004
2025,9,2025_09_SEA_WAS,2025-11-02,00-0039299,George Holani,RB,SEA,WAS,0.9
2025,9,2025_09_SEA_WAS,2025-11-02,00-0033955,Jeremy McNichols,RB,WAS,SEA,0.0
2025,9,2025_09_SEA_WAS,2025-11-02,00-0039355,Luke McCaffrey,WR,WAS,SEA,0.0
2025,9,2025_09_SEA_WAS,2025-11-02,00-0040649,Robbie Ouzts,RB,SEA,WAS,0.0
2025,9,2025_09_SF_NYG,2025-11-02,00-0033280,Christian McCaffrey,RB,SF,NYG,34.3
2025,9,2025_09_SF_NYG,2025-11-02,00-0040691,Jaxson Dart,QB,NYG,SF,27.240000000000002
2025,9,2025_09_SF_NYG,2025-11-02,00-0036972,Mac Jones,QB,SF,NYG,15.799999999999997
2025,9,2025_09_SF_NYG,2025-11-02,00-0036259,Jauan Jennings,WR,SF,NYG,14.100000000000001
2025,9,2025_09_SF_NYG,2025-11-02,00-0038117,Wan'Dale Robinson,WR,NYG,SF,13.600000000000001
2025,9,2025_09_SF_NYG,2025-11-02,00-0039847,Theo Johnson,TE,NYG,SF,11.7
2025,9,2025_09_SF_NYG,2025-11-02,00-0037746,Brian Robinson,RB,SF,NYG,11.3
2025,9,2025_09_SF_NYG,2025-11-02,00-0035535,Darius Slayton,WR,NYG,SF,11.2
2025,9,2025_09_SF_NYG,2025-11-02,00-0035645,Gunner Olszewski,WR,NYG,SF,9.4
2025,9,2025_09_SF_NYG,2025-11-02,00-0035250,Devin Singletary,RB,NYG,SF,7.1000000000000005
2025,9,2025_09_SF_NYG,2025-11-02,00-0033288,George Kittle,TE,SF,NYG,6.9
2025,9,2025_09_SF_NYG,2025-11-02,00-0039384,Tyrone Tracy Jr.,RB,NYG,SF,6.7
2025,9,2025_09_SF_NYG,2025-11-02,00-0033307,Kendrick Bourne,WR,SF,NYG,5.4
2025,9,2025_09_SF_NYG,2025-11-02,00-0038090,Skyy Moore,WR,SF,NYG,3.1
2025,9,2025_09_SF_NYG,2025-11-02,00-0040172,Jordan Watkins,WR,SF,NYG,2.9000000000000004
2025,9,2025_09_SF_NYG,2025-11-02,00-0036887,Luke Farrell,TE,SF,NYG,1.9
2025,9,2025_09_SF_NYG,2025-11-02,00-0034407,Ray-Ray McCloud,WR,NYG,SF,1.5
2025,9,2025_09_SF_NYG,2025-11-02,00-0032775,Demarcus Robinson,WR,SF,NYG,0.0
2025,9,2025_09_SF_NYG,2025-11-02,00-0039363,Isaac Guerendo,RB,SF,NYG,0.0
2025,9,2025_09_SF_NYG,2025-11-02,00-0038938,Jalin Hyatt,WR,NYG,SF,0.0
2025,9,2025_09_SF_NYG,2025-11-02,00-0038658,Adrian Martinez,QB,SF,NYG,-0.1
2025,10,2025_10_ARI_SEA,2025-11-09,00-0037744,Trey McBride,TE,ARI,SEA,27.700000000000003
2025,10,2025_10_ARI_SEA,2025-11-09,00-0038543,Jaxon Smith-Njigba,WR,SEA,ARI,20.3
2025,10,2025_10_ARI_SEA,2025-11-09,00-0033119,Jacoby Brissett,QB,ARI,SEA,19.42
2025,10,2025_10_ARI_SEA,2025-11-09,00-0039849,Marvin Harrison Jr.,WR,ARI,SEA,14.3
2025,10,2025_10_ARI_SEA,2025-11-09,00-0039165,Zach Charbonnet,RB,SEA,ARI,14.3
2025,10,2025_10_ARI_SEA,2025-11-09,00-0038705,Emari Demercado,RB,ARI,SEA,13.4
2025,10,2025_10_ARI_SEA,2025-11-09,00-0033908,Cooper Kupp,WR,SEA,ARI,9.4
2025,10,2025_10_ARI_SEA,2025-11-09,00-0039299,George Holani,RB,SEA,ARI,9.1
2025,10,2025_10_ARI_SEA,2025-11-09,00-0038134,Kenneth Walker III,RB,SEA,ARI,8.0
2025,10,2025_10_ARI_SEA,2025-11-09,00-0038559,Michael Wilson,WR,ARI,SEA,7.4
2025,10,2025_10_ARI_SEA,2025-11-09,00-0035500,Greg Dortch,WR,ARI,SEA,6.2
2025,10,2025_10_ARI_SEA,2025-11-09,00-0034869,Sam Darnold,QB,SEA,ARI,4.920000000000002
2025,10,2025_10_ARI_SEA,2025-11-09,00-0037157,Bam Knight,RB,ARI,SEA,4.300000000000001
2025,10,2025_10_ARI_SEA,2025-11-09,00-0039041,Elijah Higgins,TE,ARI,SEA,3.9000000000000004
2025,10,2025_10_ARI_SEA,2025-11-09,00-0037545,Rashid Shaheed,WR,SEA,ARI,3.3000000000000003
2025,10,2025_10_ARI_SEA,2025-11-09,00-0040739,Elijah Arroyo,TE,SEA,ARI,1.5
2025,10,2025_10_ARI_SEA,2025-11-09,00-0036924,Michael Carter,RB,ARI,SEA,0.4
2025,10,2025_10_ARI_SEA,2025-11-09,00-0039793,AJ Barner,TE,SEA,ARI,0.30000000000000004
2025,10,2025_10_ARI_SEA,2025-11-09,00-0038488,Brady Russell,RB,SEA,ARI,0.0
2025,10,2025_10_ARI_SEA,2025-11-09,00-0035891,Cody White,WR,SEA,ARI,0.0
2025,10,2025_10_ARI_SEA,2025-11-09,00-0039577,Kedon Slovis,QB,ARI,SEA,0.0
2025,10,2025_10_ARI_SEA,2025-11-09,00-0040058,Nick Kallerup,TE,SEA,ARI,0.0
2025,10,2025_10_ARI_SEA,2025-11-09,00-0040649,Robbie Ouzts,RB,SEA,ARI,0.0
2025,10,2025_10_ARI_SEA,2025-11-09,00-0036646,Simi Fehoko,WR,ARI,SEA,0.0
2025,10,2025_10_ARI_SEA,2025-11-09,00-0033891,Zay Jones,WR,ARI,SEA,0.0
2025,10,2025_10_ARI_SEA,2025-11-09,00-0035704,Drew Lock,QB,SEA,ARI,-0.4
2025,10,2025_10_ATL_IND,2025-11-09,00-0036223,Jonathan Taylor,RB,IND,ATL,49.6
2025,10,2025_10_ATL_IND,2025-11-09,00-0037238,Drake London,WR,ATL,IND,24.4
2025,10,2025_10_ATL_IND,2025-11-09,00-0037664,Alec Pierce,WR,IND,ATL,18.4
2025,10,2025_10_ATL_IND,2025-11-09,00-0040128,Tyler Warren,TE,IND,ATL,17.9
2025,10,2025_10_ATL_IND,2025-11-09,00-0037263,Tyler Allgeier,RB,ATL,IND,17.7
2025,10,2025_10_ATL_IND,2025-11-09,00-0035710,Daniel Jones,QB,IND,ATL,15.5
2025,10,2025_10_ATL_IND,2025-11-09,00-0039917,Michael Penix Jr.,QB,ATL,IND,10.98
2025,10,2025_10_ATL_IND,2025-11-09,00-0038542,Bijan Robinson,RB,ATL,IND,10.8
2025,10,2025_10_ATL_IND,2025-11-09,00-0036970,Kyle Pitts,TE,ATL,IND,5.800000000000001
2025,10,2025_10_ATL_IND,2025-11-09,00-0036252,Michael Pittman,WR,IND,ATL,3.9000000000000004
2025,10,2025_10_ATL_IND,2025-11-09,00-0036309,Darnell Mooney,WR,ATL,IND,2.7
2025,10,2025_10_ATL_IND,2025-11-09,00-0036429,Charlie Woerner,TE,ATL,IND,2.4000000000000004
2025,10,2025_10_ATL_IND,2025-11-09,00-0035021,Ashton Dulin,WR,IND,ATL,2.2
2025,10,2025_10_ATL_IND,2025-11-09,00-0032104,Ameer Abdullah,RB,IND,ATL,1.8
2025,10,2025_10_ATL_IND,2025-11-09,00-0038997,Josh Downs,WR,IND,ATL,1.3
2025,10,2025_10_ATL_IND,2025-11-09,00-0037120,Tyler Goodson,RB,IND,ATL,0.4
2025,10,2025_10_ATL_IND,2025-11-09,00-0037292,Andrew Ogletree,TE,IND,ATL,0.0
2025,10,2025_10_ATL_IND,2025-11-09,00-0035359,David Sills,WR,ATL,IND,0.0
2025,10,2025_10_ATL_IND,2025-11-09,00-0036825,Feleipe Franks,TE,ATL,IND,0.0
2025,10,2025_10_ATL_IND,2025-11-09,00-0033572,Jamal Agnew,WR,ATL,IND,0.0
2025,10,2025_10_ATL_IND,2025-11-09,00-0034854,KhaDarel Hodge,WR,ATL,IND,0.0
2025,10,2025_10_ATL_IND,2025-11-09,00-0032951,Laquon Treadwell,WR,IND,ATL,0.0
2025,10,2025_10_ATL_IND,2025-11-09,00-0033217,Mo Alie-Cox,TE,IND,ATL,0.0
2025,10,2025_10_BAL_MIN,2025-11-09,00-0037291,Jalen Nailor,WR,MIN,BAL,23.4
2025,10,2025_10_BAL_MIN,2025-11-09,00-0034796,Lamar Jackson,QB,BAL,MIN,16.64
2025,10,2025_10_BAL_MIN,2025-11-09,00-0033293,Aaron Jones,RB,MIN,BAL,15.9
2025,10,2025_10_BAL_MIN,2025-11-09,00-0039923,J.J. McCarthy,QB,MIN,BAL,14.72
2025,10,2025_10_BAL_MIN,2025-11-09,00-0039064,Zay Flowers,WR,BAL,MIN,12.1
2025,10,2025_10_BAL_MIN,2025-11-09,00-0032764,Derrick Henry,RB,BAL,MIN,11.4
2025,10,2025_10_BAL_MIN,2025-11-09,00-0034753,Mark Andrews,TE,BAL,MIN,10.4
2025,10,2025_10_BAL_MIN,2025-11-09,00-0034975,Justice Hill,RB,BAL,MIN,8.3
2025,10,2025_10_BAL_MIN,2025-11-09,00-0036322,Justin Jefferson,WR,MIN,BAL,7.7
2025,10,2025_10_BAL_MIN,2025-11-09,00-0038994,Jordan Addison,WR,MIN,BAL,6.5
2025,10,2025_10_BAL_MIN,2025-11-09,00-0037525,Jordan Mason,RB,MIN,BAL,4.1
2025,10,2025_10_BAL_MIN,2025-11-09,00-0036550,Rashod Bateman,WR,BAL,MIN,4.0
2025,10,2025_10_BAL_MIN,2025-11-09,00-0037838,Isaiah Likely,TE,BAL,MIN,3.7
2025,10,2025_10_BAL_MIN,2025-11-09,00-0030035,Adam Thielen,WR,MIN,BAL,3.6
2025,10,2025_10_BAL_MIN,2025-11-09,00-0030564,DeAndre Hopkins,WR,BAL,MIN,3.6
2025,10,2025_10_BAL_MIN,2025-11-09,00-0038046,Charlie Kolar,TE,BAL,MIN,3.3000000000000003
2025,10,2025_10_BAL_MIN,2025-11-09,00-0038454,Keaton Mitchell,RB,BAL,MIN,3.1
2025,10,2025_10_BAL_MIN,2025-11-09,00-0035229,T.J. Hockenson,TE,MIN,BAL,2.8
2025,10,2025_10_BAL_MIN,2025-11-09,00-0033376,Patrick Ricard,RB,BAL,MIN,0.30000000000000004
2025,10,2025_10_BAL_MIN,2025-11-09,00-0040509,Ben Yurosek,TE,MIN,BAL,0.0
2025,10,2025_10_BAL_MIN,2025-11-09,00-0040075,LaJohntay Wester,WR,BAL,MIN,0.0
2025,10,2025_10_BAL_MIN,2025-11-09,00-0040506,Myles Price,WR,MIN,BAL,0.0
2025,10,2025_10_BAL_MIN,2025-11-09,00-0036630,Tylan Wallace,WR,BAL,MIN,0.0
2025,10,2025_10_BUF_MIA,2025-11-09,00-0039040,De'Von Achane,RB,MIA,BUF,40.5
2025,10,2025_10_BUF_MIA,2025-11-09,00-0036613,Jaylen Waddle,WR,MIA,BUF,19.4
2025,10,2025_10_BUF_MIA,2025-11-09,00-0034857,Josh Allen,QB,BUF,MIA,19.340000000000003
2025,10,2025_10_BUF_MIA,2025-11-09,00-0039901,Keon Coleman,WR,BUF,MIA,13.600000000000001
2025,10,2025_10_BUF_MIA,2025-11-09,00-0037261,Khalil Shakir,WR,BUF,MIA,12.8
2025,10,2025_10_BUF_MIA,2025-11-09,00-0036212,Tua Tagovailoa,QB,MIA,BUF,10.82
2025,10,2025_10_BUF_MIA,2025-11-09,00-0037248,James Cook,RB,BUF,MIA,10.7
2025,10,2025_10_BUF_MIA,2025-11-09,00-0040194,Jackson Hawes,TE,BUF,MIA,9.6
2025,10,2025_10_BUF_MIA,2025-11-09,00-0039880,Malik Washington,WR,MIA,BUF,9.3
2025,10,2025_10_BUF_MIA,2025-11-09,00-0035689,Dawson Knox,TE,BUF,MIA,6.7
2025,10,2025_10_BUF_MIA,2025-11-09,00-0038933,Dalton Kincaid,TE,BUF,MIA,5.7
2025,10,2025_10_BUF_MIA,2025-11-09,00-0035537,Ty Johnson,RB,BUF,MIA,4.6
2025,10,2025_10_BUF_MIA,2025-11-09,00-0038679,Tyrell Shavers,WR,BUF,MIA,3.4000000000000004
2025,10,2025_10_BUF_MIA,2025-11-09,00-0037252,Greg Dulcich,TE,MIA,BUF,3.2
2025,10,2025_10_BUF_MIA,2025-11-09,00-0033282,Curtis Samuel,WR,BUF,MIA,3.1
2025,10,2025_10_BUF_MIA,2025-11-09,00-0036980,Elijah Moore,WR,BUF,MIA,2.8
2025,10,2025_10_BUF_MIA,2025-11-09,00-0039874,Jaylen Wright,RB,MIA,BUF,1.7000000000000002
2025,10,2025_10_BUF_MIA,2025-11-09,00-0036182,Nick Westbrook-Ikhine,WR,MIA,BUF,1.7000000000000002
2025,10,2025_10_BUF_MIA,2025-11-09,00-0039875,Ray Davis,RB,BUF,MIA,0.8
2025,10,2025_10_BUF_MIA,2025-11-09,00-0033869,Mitchell Trubisky,QB,BUF,MIA,0.4
2025,10,2025_10_BUF_MIA,2025-11-09,00-0040198,Ollie Gordon II,RB,MIA,BUF,-0.30000000000000004
2025,10,2025_10_CLE_NYJ,2025-11-09,00-0040704,Dillon Gabriel,QB,CLE,NYJ,20.08
2025,10,2025_10_CLE_NYJ,2025-11-09,00-0036407,Jerry Jeudy,WR,CLE,NYJ,19.8
2025,10,2025_10_CLE_NYJ,2025-11-09,00-0038120,Breece Hall,RB,NYJ,CLE,19.5
2025,10,2025_10_CLE_NYJ,2025-11-09,00-0040784,Quinshon Judkins,RB,CLE,NYJ,10.5
2025,10,2025_10_CLE_NYJ,2025-11-09,00-0033885,David Njoku,TE,CLE,NYJ,10.1
2025,10,2025_10_CLE_NYJ,2025-11-09,00-0040663,Harold Fannin Jr.,TE,CLE,NYJ,8.4
2025,10,2025_10_CLE_NYJ,2025-11-09,00-0039451,Isaiah Williams,WR,NYJ,CLE,7.4
2025,10,2025_10_CLE_NYJ,2025-11-09,00-0036945,Justin Fields,QB,NYJ,CLE,6.960000000000001
2025,10,2025_10_CLE_NYJ,2025-11-09,00-0036842,Kene Nwangwu,RB,NYJ,CLE,6.0
2025,10,2025_10_CLE_NYJ,2025-11-09,00-0039920,Malachi Corley,WR,CLE,NYJ,3.2
2025,10,2025_10_CLE_NYJ,2025-11-09,00-0038979,Cedric Tillman,WR,CLE,NYJ,3.1
2025,10,2025_10_CLE_NYJ,2025-11-09,00-0039798,Isaiah Davis,RB,NYJ,CLE,2.1
2025,10,2025_10_CLE_NYJ,2025-11-09,00-0040736,Mason Taylor,TE,NYJ,CLE,1.4
2025,10,2025_10_CLE_NYJ,2025-11-09,00-0040582,Arian Smith,WR,NYJ,CLE,1.3
2025,10,2025_10_CLE_NYJ,2025-11-09,00-0037805,Jeremy Ruckert,TE,NYJ,CLE,1.0
2025,10,2025_10_CLE_NYJ,2025-11-09,00-0040162,Dylan Sampson,RB,CLE,NYJ,0.9
2025,10,2025_10_CLE_NYJ,2025-11-09,00-0037614,John Metchie III,WR,NYJ,CLE,0.6
2025,10,2025_10_CLE_NYJ,2025-11-09,00-0037267,Jerome Ford,RB,CLE,NYJ,0.1
2025,10,2025_10_CLE_NYJ,2025-11-09,00-0038710,Blake Whiteheart,TE,CLE,NYJ,0.0
2025,10,2025_10_CLE_NYJ,2025-11-09,00-0040259,Gage Larvadain,WR,CLE,NYJ,0.0
2025,10,2025_10_CLE_NYJ,2025-11-09,00-0037740,Garrett Wilson,WR,NYJ,CLE,0.0
2025,10,2025_10_CLE_NYJ,2025-11-09,00-0039379,Jamari Thrash,WR,CLE,NYJ,0.0
2025,10,2025_10_CLE_NYJ,2025-11-09,00-0037475,Stone Smartt,TE,NYJ,CLE,0.0
2025,10,2025_10_CLE_NYJ,2025-11-09,00-0036427,Tyler Johnson,WR,NYJ,CLE,0.0
2025,10,2025_10_DET_WAS,2025-11-09,00-0039139,Jahmyr Gibbs,RB,DET,WAS,38.2
2025,10,2025_10_DET_WAS,2025-11-09,00-0033106,Jared Goff,QB,DET,WAS,24.8
2025,10,2025_10_DET_WAS,2025-11-09,00-0037240,Jameson Williams,WR,DET,WAS,23.9
2025,10,2025_10_DET_WAS,2025-11-09,00-0032268,Marcus Mariota,QB,WAS,DET,18.72
2025,10,2025_10_DET_WAS,2025-11-09,00-0036963,Amon-Ra St. Brown,WR,DET,WAS,16.8
2025,10,2025_10_DET_WAS,2025-11-09,00-0035719,Deebo Samuel Sr.,WR,WAS,DET,12.9
2025,10,2025_10_DET_WAS,2025-11-09,00-0039065,Sam LaPorta,TE,DET,WAS,10.3
2025,10,2025_10_DET_WAS,2025-11-09,00-0035685,David Montgomery,RB,DET,WAS,10.100000000000001
2025,10,2025_10_DET_WAS,2025-11-09,00-0032464,Kalif Raymond,WR,DET,WAS,9.9
2025,10,2025_10_DET_WAS,2025-11-09,00-0030061,Zach Ertz,TE,WAS,DET,9.4
2025,10,2025_10_DET_WAS,2025-11-09,00-0037742,Treylon Burks,WR,WAS,DET,8.8
2025,10,2025_10_DET_WAS,2025-11-09,00-0038611,Chris Rodriguez Jr.,RB,WAS,DET,7.6
2025,10,2025_10_DET_WAS,2025-11-09,00-0039912,Ben Sinnott,TE,WAS,DET,7.4
2025,10,2025_10_DET_WAS,2025-11-09,00-0040164,Jaylin Lane,WR,WAS,DET,5.1000000000000005
2025,10,2025_10_DET_WAS,2025-11-09,00-0033955,Jeremy McNichols,RB,WAS,DET,3.9000000000000004
2025,10,2025_10_DET_WAS,2025-11-09,00-0040242,Jacory Croskey-Merritt,RB,WAS,DET,3.0
2025,10,2025_10_DET_WAS,2025-11-09,00-0032688,Robbie Chosen,WR,WAS,DET,2.7
2025,10,2025_10_DET_WAS,2025-11-09,00-0040669,Isaac TeSlaa,WR,DET,WAS,2.1
2025,10,2025_10_DET_WAS,2025-11-09,00-0036628,John Bates,TE,WAS,DET,1.6
2025,10,2025_10_DET_WAS,2025-11-09,00-0039364,Sione Vaki,RB,DET,WAS,0.4
2025,10,2025_10_DET_WAS,2025-11-09,00-0036754,Brock Wright,TE,DET,WAS,0.0
2025,10,2025_10_DET_WAS,2025-11-09,00-0032398,Chris Moore,WR,WAS,DET,0.0
2025,10,2025_10_DET_WAS,2025-11-09,00-0040241,Dominic Lovett,WR,DET,WAS,0.0
2025,10,2025_10_DET_WAS,2025-11-09,00-0034073,Ross Dwelley,TE,DET,WAS,0.0
2025,10,2025_10_DET_WAS,2025-11-09,00-0034577,Kyle Allen,QB,DET,WAS,-0.1
2025,10,2025_10_JAX_HOU,2025-11-09,00-0036898,Davis Mills,QB,HOU,JAX,27.68
2025,10,2025_10_JAX_HOU,2025-11-09,00-0036554,Nico Collins,WR,HOU,JAX,22.6
2025,10,2025_10_JAX_HOU,2025-11-09,00-0034383,Dalton Schultz,TE,HOU,JAX,18.3
2025,10,2025_10_JAX_HOU,2025-11-09,00-0038606,Parker Washington,WR,JAX,HOU,17.9
2025,10,2025_10_JAX_HOU,2025-11-09,00-0040583,Woody Marks,RB,HOU,JAX,16.1
2025,10,2025_10_JAX_HOU,2025-11-09,00-0036973,Travis Etienne,RB,JAX,HOU,15.7
2025,10,2025_10_JAX_HOU,2025-11-09,00-0040130,Jayden Higgins,WR,HOU,JAX,15.2
2025,10,2025_10_JAX_HOU,2025-11-09,00-0036971,Trevor Lawrence,QB,JAX,HOU,9.82
2025,10,2025_10_JAX_HOU,2025-11-09,00-0040138,Jaylin Noel,WR,HOU,JAX,7.5
2025,10,2025_10_JAX_HOU,2025-11-09,00-0034960,Jakobi Meyers,WR,JAX,HOU,7.1000000000000005
2025,10,2025_10_JAX_HOU,2025-11-09,00-0034791,Nick Chubb,RB,HOU,JAX,6.2
2025,10,2025_10_JAX_HOU,2025-11-09,00-0036841,Austin Trammell,WR,JAX,HOU,5.300000000000001
2025,10,2025_10_JAX_HOU,2025-11-09,00-0033246,Johnny Mundt,TE,JAX,HOU,3.1
2025,10,2025_10_JAX_HOU,2025-11-09,00-0040719,Bhayshul Tuten,RB,JAX,HOU,2.0
2025,10,2025_10_JAX_HOU,2025-11-09,00-0040238,LeQuint Allen Jr.,RB,JAX,HOU,1.6
2025,10,2025_10_JAX_HOU,2025-11-09,00-0034775,Christian Kirk,WR,HOU,JAX,1.3
2025,10,2025_10_JAX_HOU,2025-11-09,00-0034419,Braxton Berrios,WR,HOU,JAX,0.0
2025,10,2025_10_JAX_HOU,2025-11-09,00-0037258,Dameon Pierce,RB,HOU,JAX,0.0
2025,10,2025_10_JAX_HOU,2025-11-09,00-0036626,Dyami Brown,WR,JAX,HOU,0.0
2025,10,2025_10_JAX_HOU,2025-11-09,00-0036497,Tim Jones,WR,JAX,HOU,0.0
2025,10,2025_10_LA_SF,2025-11-09,00-0026498,Matthew Stafford,QB,LA,SF,26.900000000000002
2025,10,2025_10_LA_SF,2025-11-09,00-0033288,George Kittle,TE,SF,LA,23.4
2025,10,2025_10_LA_SF,2025-11-09,00-0036972,Mac Jones,QB,SF,LA,23.06
2025,10,2025_10_LA_SF,2025-11-09,00-0037840,Kyren Williams,RB,LA,SF,22.4
2025,10,2025_10_LA_SF,2025-11-09,00-0031381,Davante Adams,WR,LA,SF,19.7
2025,10,2025_10_LA_SF,2025-11-09,00-0033280,Christian McCaffrey,RB,SF,LA,17.6
2025,10,2025_10_LA_SF,2025-11-09,00-0039075,Puka Nacua,WR,LA,SF,17.4
2025,10,2025_10_LA_SF,2025-11-09,00-0036259,Jauan Jennings,WR,SF,LA,17.1
2025,10,2025_10_LA_SF,2025-11-09,00-0036244,Colby Parkinson,TE,LA,SF,14.100000000000001
2025,10,2025_10_LA_SF,2025-11-09,00-0037746,Brian Robinson,RB,SF,LA,11.5
2025,10,2025_10_LA_SF,2025-11-09,00-0036887,Luke Farrell,TE,SF,LA,9.5
2025,10,2025_10_LA_SF,2025-11-09,00-0039074,Davis Allen,TE,LA,SF,8.8
2025,10,2025_10_LA_SF,2025-11-09,00-0032775,Demarcus Robinson,WR,SF,LA,6.4
2025,10,2025_10_LA_SF,2025-11-09,00-0033110,Tyler Higbee,TE,LA,SF,6.300000000000001
2025,10,2025_10_LA_SF,2025-11-09,00-0039738,Blake Corum,RB,LA,SF,5.6000000000000005
2025,10,2025_10_LA_SF,2025-11-09,00-0040737,Terrance Ferguson,TE,LA,SF,4.2
2025,10,2025_10_LA_SF,2025-11-09,00-0033307,Kendrick Bourne,WR,SF,LA,2.9000000000000004
2025,10,2025_10_LA_SF,2025-11-09,00-0038090,Skyy Moore,WR,SF,LA,2.8
2025,10,2025_10_LA_SF,2025-11-09,00-0038359,Xavier Smith,WR,LA,SF,2.4000000000000004
2025,10,2025_10_LA_SF,2025-11-09,00-0040590,Konata Mumpfield,WR,LA,SF,0.0
2025,10,2025_10_LV_DEN,2025-11-06,00-0040122,Ashton Jeanty,RB,LV,DEN,15.3
2025,10,2025_10_LV_DEN,2025-11-06,00-0039868,Troy Franklin,WR,DEN,LV,15.0
2025,10,2025_10_LV_DEN,2025-11-06,00-0036158,J.K. Dobbins,RB,DEN,LV,9.4
2025,10,2025_10_LV_DEN,2025-11-06,00-0032211,Tyler Lockett,WR,LV,DEN,9.4
2025,10,2025_10_LV_DEN,2025-11-06,00-0039732,Bo Nix,QB,DEN,LV,5.8
2025,10,2025_10_LV_DEN,2025-11-06,00-0038563,Tre Tucker,WR,LV,DEN,5.5
2025,10,2025_10_LV_DEN,2025-11-06,00-0034348,Courtland Sutton,WR,DEN,LV,5.4
2025,10,2025_10_LV_DEN,2025-11-06,00-0040134,Pat Bryant,WR,DEN,LV,5.3
2025,10,2025_10_LV_DEN,2025-11-06,00-0039066,Michael Mayer,TE,LV,DEN,5.2
2025,10,2025_10_LV_DEN,2025-11-06,00-0030565,Geno Smith,QB,LV,DEN,4.42
2025,10,2025_10_LV_DEN,2025-11-06,00-0040730,RJ Harvey,RB,DEN,LV,3.8
2025,10,2025_10_LV_DEN,2025-11-06,00-0039338,Brock Bowers,TE,LV,DEN,3.7
2025,10,2025_10_LV_DEN,2025-11-06,00-0033881,Evan Engram,TE,DEN,LV,3.2
2025,10,2025_10_LV_DEN,2025-11-06,00-0031687,Raheem Mostert,RB,LV,DEN,2.5
2025,10,2025_10_LV_DEN,2025-11-06,00-0040581,Dont'e Thornton Jr.,WR,LV,DEN,1.4
2025,10,2025_10_LV_DEN,2025-11-06,00-0036422,Adam Trautman,TE,DEN,LV,1.2
2025,10,2025_10_LV_DEN,2025-11-06,00-0035602,Alex Bachman,WR,LV,DEN,0.0
2025,10,2025_10_LV_DEN,2025-11-06,00-0039407,Dylan Laube,RB,LV,DEN,0.0
2025,10,2025_10_LV_DEN,2025-11-06,00-0040729,Jack Bech,WR,LV,DEN,0.0
2025,10,2025_10_LV_DEN,2025-11-06,00-0038102,Kenny Pickett,QB,LV,DEN,0.0
2025,10,2025_10_LV_DEN,2025-11-06,00-0024243,Marcedes Lewis,TE,DEN,LV,0.0
2025,10,2025_10_LV_DEN,2025-11-06,00-0036959,Michael Bandy,WR,DEN,LV,0.0
2025,10,2025_10_LV_DEN,2025-11-06,00-0037085,Tyler Badie,RB,DEN,LV,0.0
2025,10,2025_10_NE_TB,2025-11-09,00-0040734,TreVeyon Henderson,RB,NE,TB,28.0
2025,10,2025_10_NE_TB,2025-11-09,00-0040129,Emeka Egbuka,WR,TB,NE,23.5
2025,10,2025_10_NE_TB,2025-11-09,00-0034855,Baker Mayfield,QB,TB,NE,22.92
2025,10,2025_10_NE_TB,2025-11-09,00-0040237,Tez Johnson,WR,TB,NE,20.2
2025,10,2025_10_NE_TB,2025-11-09,00-0039851,Drake Maye,QB,NE,TB,18.1
2025,10,2025_10_NE_TB,2025-11-09,00-0038129,Cade Otton,TE,TB,NE,17.200000000000003
2025,10,2025_10_NE_TB,2025-11-09,00-0033555,Mack Hollins,WR,NE,TB,16.6
2025,10,2025_10_NE_TB,2025-11-09,00-0031588,Stefon Diggs,WR,NE,TB,15.600000000000001
2025,10,2025_10_NE_TB,2025-11-09,00-0040131,Kyle Williams,WR,NE,TB,14.2
2025,10,2025_10_NE_TB,2025-11-09,00-0037256,Rachaad White,RB,TB,NE,10.4
2025,10,2025_10_NE_TB,2025-11-09,00-0038951,Sean Tucker,RB,TB,NE,6.1000000000000005
2025,10,2025_10_NE_TB,2025-11-09,00-0032385,Sterling Shepard,WR,TB,NE,6.1
2025,10,2025_10_NE_TB,2025-11-09,00-0038621,DeMario Douglas,WR,NE,TB,5.4
2025,10,2025_10_NE_TB,2025-11-09,00-0033090,Hunter Henry,TE,NE,TB,1.9
2025,10,2025_10_NE_TB,2025-11-09,00-0039589,Kameron Johnson,WR,TB,NE,1.1
2025,10,2025_10_NE_TB,2025-11-09,00-0039757,Terrell Jennings,RB,NE,TB,0.5
2025,10,2025_10_NE_TB,2025-11-09,00-0035628,D'Ernest Johnson,RB,NE,TB,0.1
2025,10,2025_10_NE_TB,2025-11-09,00-0032392,Austin Hooper,TE,NE,TB,0.0
2025,10,2025_10_NE_TB,2025-11-09,00-0040563,Efton Chism III,WR,NE,TB,0.0
2025,10,2025_10_NE_TB,2025-11-09,00-0039305,Jack Westover,TE,NE,TB,0.0
2025,10,2025_10_NE_TB,2025-11-09,00-0039050,Payne Durham,TE,TB,NE,0.0
2025,10,2025_10_NE_TB,2025-11-09,00-0038824,Ryan Miller,WR,TB,NE,0.0
2025,10,2025_10_NO_CAR,2025-11-09,00-0037239,Chris Olave,WR,NO,CAR,21.4
2025,10,2025_10_NO_CAR,2025-11-09,00-0036040,Juwan Johnson,TE,NO,CAR,19.200000000000003
2025,10,2025_10_NO_CAR,2025-11-09,00-0040743,Tyler Shough,QB,NO,CAR,18.98
2025,10,2025_10_NO_CAR,2025-11-09,00-0036139,Rico Dowdle,RB,CAR,NO,15.3
2025,10,2025_10_NO_CAR,2025-11-09,00-0033906,Alvin Kamara,RB,NO,CAR,14.5
2025,10,2025_10_NO_CAR,2025-11-09,00-0040124,Tetairoa McMillan,WR,CAR,NO,11.0
2025,10,2025_10_NO_CAR,2025-11-09,00-0039356,Ja'Tavion Sanders,TE,CAR,NO,8.2
2025,10,2025_10_NO_CAR,2025-11-09,00-0040202,Devin Neal,RB,NO,CAR,6.1
2025,10,2025_10_NO_CAR,2025-11-09,00-0039491,Jalen Coker,WR,CAR,NO,5.1
2025,10,2025_10_NO_CAR,2025-11-09,00-0034981,Foster Moreau,TE,NO,CAR,3.6
2025,10,2025_10_NO_CAR,2025-11-09,00-0036555,Chuba Hubbard,RB,CAR,NO,2.5
2025,10,2025_10_NO_CAR,2025-11-09,00-0039424,Devaughn Vele,WR,NO,CAR,2.5
2025,10,2025_10_NO_CAR,2025-11-09,00-0037340,Zaire Mitchell-Paden,TE,NO,CAR,2.4000000000000004
2025,10,2025_10_NO_CAR,2025-11-09,00-0033357,Taysom Hill,TE,NO,CAR,2.0
2025,10,2025_10_NO_CAR,2025-11-09,00-0039150,Bryce Young,QB,CAR,NO,1.56
2025,10,2025_10_NO_CAR,2025-11-09,00-0034860,Dante Pettis,WR,NO,CAR,0.0
2025,10,2025_10_NO_CAR,2025-11-09,00-0040187,Mitchell Evans,TE,CAR,NO,0.0
2025,10,2025_10_NO_CAR,2025-11-09,00-0040644,Trevor Etienne,RB,CAR,NO,0.0
2025,10,2025_10_NO_CAR,2025-11-09,00-0039342,Xavier Legette,WR,CAR,NO,0.0
2025,10,2025_10_NYG_CHI,2025-11-09,00-0040691,Jaxson Dart,QB,NYG,CHI,26.28
2025,10,2025_10_NYG_CHI,2025-11-09,00-0039918,Caleb Williams,QB,CHI,NYG,25.1
2025,10,2025_10_NYG_CHI,2025-11-09,00-0039919,Rome Odunze,WR,CHI,NYG,20.6
2025,10,2025_10_NYG_CHI,2025-11-09,00-0036275,D'Andre Swift,RB,CHI,NYG,14.8
2025,10,2025_10_NYG_CHI,2025-11-09,00-0039847,Theo Johnson,TE,NYG,CHI,14.5
2025,10,2025_10_NYG_CHI,2025-11-09,00-0035535,Darius Slayton,WR,NYG,CHI,12.9
2025,10,2025_10_NYG_CHI,2025-11-09,00-0038117,Wan'Dale Robinson,WR,NYG,CHI,12.2
2025,10,2025_10_NYG_CHI,2025-11-09,00-0035250,Devin Singletary,RB,NYG,CHI,10.3
2025,10,2025_10_NYG_CHI,2025-11-09,00-0040126,Colston Loveland,TE,CHI,NYG,9.5
2025,10,2025_10_NYG_CHI,2025-11-09,00-0040236,Kyle Monangai,RB,CHI,NYG,8.8
2025,10,2025_10_NYG_CHI,2025-11-09,00-0040735,Luther Burden III,WR,CHI,NYG,8.100000000000001
2025,10,2025_10_NYG_CHI,2025-11-09,00-0039384,Tyrone Tracy Jr.,RB,NYG,CHI,8.100000000000001
2025,10,2025_10_NYG_CHI,2025-11-09,00-0029263,Russell Wilson,QB,NYG,CHI,3.0
2025,10,2025_10_NYG_CHI,2025-11-09,00-0038115,Daniel Bellinger,TE,NYG,CHI,1.8
2025,10,2025_10_NYG_CHI,2025-11-09,00-0036290,Cole Kmet,TE,CHI,NYG,1.5
2025,10,2025_10_NYG_CHI,2025-11-09,00-0035208,Olamide Zaccheaus,WR,CHI,NYG,1.5
2025,10,2025_10_NYG_CHI,2025-11-09,00-0034827,DJ Moore,WR,CHI,NYG,0.0
2025,10,2025_10_NYG_CHI,2025-11-09,00-0036331,Devin Duvernay,WR,CHI,NYG,0.0
2025,10,2025_10_NYG_CHI,2025-11-09,00-0035645,Gunner Olszewski,WR,NYG,CHI,0.0
2025,10,2025_10_NYG_CHI,2025-11-09,00-0034407,Ray-Ray McCloud,WR,NYG,CHI,0.0
2025,10,2025_10_PHI_GB,2025-11-10,00-0035700,Josh Jacobs,RB,GB,PHI,19.700000000000003
2025,10,2025_10_PHI_GB,2025-11-10,00-0036912,DeVonta Smith,WR,PHI,GB,16.9
2025,10,2025_10_PHI_GB,2025-11-10,00-0034844,Saquon Barkley,RB,PHI,GB,13.100000000000001
2025,10,2025_10_PHI_GB,2025-11-10,00-0036389,Jalen Hurts,QB,PHI,GB,12.02
2025,10,2025_10_PHI_GB,2025-11-10,00-0034351,Dallas Goedert,TE,PHI,GB,8.3
2025,10,2025_10_PHI_GB,2025-11-10,00-0036264,Jordan Love,QB,GB,PHI,7.84
2025,10,2025_10_PHI_GB,2025-11-10,00-0038393,Dontayvion Wicks,WR,GB,PHI,7.800000000000001
2025,10,2025_10_PHI_GB,2025-11-10,00-0038124,Christian Watson,WR,GB,PHI,6.5
2025,10,2025_10_PHI_GB,2025-11-10,00-0039746,Will Shipley,RB,PHI,GB,5.4
2025,10,2025_10_PHI_GB,2025-11-10,00-0039144,Luke Musgrave,TE,GB,PHI,5.300000000000001
2025,10,2025_10_PHI_GB,2025-11-10,00-0037091,Bo Melton,WR,GB,PHI,4.800000000000001
2025,10,2025_10_PHI_GB,2025-11-10,00-0035676,A.J. Brown,WR,PHI,GB,3.3
2025,10,2025_10_PHI_GB,2025-11-10,00-0040009,Savion Williams,WR,GB,PHI,2.2
2025,10,2025_10_PHI_GB,2025-11-10,00-0037816,Romeo Doubs,WR,GB,PHI,1.5
2025,10,2025_10_PHI_GB,2025-11-10,00-0038797,Emanuel Wilson,RB,GB,PHI,1.4
2025,10,2025_10_PHI_GB,2025-11-10,00-0038555,Tank Bigsby,RB,PHI,GB,0.7000000000000001
2025,10,2025_10_PHI_GB,2025-11-10,00-0038685,Chris Brooks,RB,GB,PHI,0.0
2025,10,2025_10_PHI_GB,2025-11-10,00-0037086,Grant Calcaterra,TE,PHI,GB,0.0
2025,10,2025_10_PHI_GB,2025-11-10,00-0037741,Jahan Dotson,WR,PHI,GB,0.0
2025,10,2025_10_PHI_GB,2025-11-10,00-0036876,Kylen Granson,TE,PHI,GB,0.0
2025,10,2025_10_PHI_GB,2025-11-10,00-0038496,Xavier Gipson,WR,PHI,GB,0.0
2025,10,2025_10_PIT_LAC,2025-11-09,00-0039915,Ladd McConkey,WR,LAC,PIT,20.700000000000003
2025,10,2025_10_PIT_LAC,2025-11-09,00-0039391,Kimani Vidal,RB,LAC,PIT,17.8
2025,10,2025_10_PIT_LAC,2025-11-09,00-0036355,Justin Herbert,QB,LAC,PIT,14.700000000000001
2025,10,2025_10_PIT_LAC,2025-11-09,00-0039739,Roman Wilson,WR,PIT,LAC,11.5
2025,10,2025_10_PIT_LAC,2025-11-09,00-0037228,Jaylen Warren,RB,PIT,LAC,11.1
2025,10,2025_10_PIT_LAC,2025-11-09,00-0038544,Quentin Johnston,WR,LAC,PIT,9.2
2025,10,2025_10_PIT_LAC,2025-11-09,00-0035640,DK Metcalf,WR,PIT,LAC,6.5
2025,10,2025_10_PIT_LAC,2025-11-09,00-0023459,Aaron Rodgers,QB,PIT,LAC,6.440000000000001
2025,10,2025_10_PIT_LAC,2025-11-09,00-0036894,Pat Freiermuth,TE,PIT,LAC,6.300000000000001
2025,10,2025_10_PIT_LAC,2025-11-09,00-0040189,Oronde Gadsden II,TE,LAC,PIT,4.3
2025,10,2025_10_PIT_LAC,2025-11-09,00-0030279,Keenan Allen,WR,LAC,PIT,3.9000000000000004
2025,10,2025_10_PIT_LAC,2025-11-09,00-0037837,Calvin Austin III,WR,PIT,LAC,3.4000000000000004
2025,10,2025_10_PIT_LAC,2025-11-09,00-0038558,Darnell Washington,TE,PIT,LAC,2.5
2025,10,2025_10_PIT_LAC,2025-11-09,00-0036919,Kenny Gainwell,RB,PIT,LAC,2.4
2025,10,2025_10_PIT_LAC,2025-11-09,00-0040727,Tre Harris,WR,LAC,PIT,2.4
2025,10,2025_10_PIT_LAC,2025-11-09,00-0034270,Tyler Conklin,TE,LAC,PIT,2.2
2025,10,2025_10_PIT_LAC,2025-11-09,00-0037654,Tucker Fisk,TE,LAC,PIT,1.7000000000000002
2025,10,2025_10_PIT_LAC,2025-11-09,00-0033858,Jonnu Smith,TE,PIT,LAC,1.4
2025,10,2025_10_PIT_LAC,2025-11-09,00-0038573,Derius Davis,WR,LAC,PIT,1.3
2025,10,2025_10_PIT_LAC,2025-11-09,00-0040142,Kaleb Johnson,RB,PIT,LAC,0.30000000000000004
2025,10,2025_10_PIT_LAC,2025-11-09,00-0036755,Jaret Patterson,RB,LAC,PIT,0.1
2025,10,2025_10_PIT_LAC,2025-11-09,00-0036862,Ben Skowronek,WR,PIT,LAC,0.0
2025,10,2025_10_PIT_LAC,2025-11-09,00-0040534,Ke'Shawn Williams,WR,PIT,LAC,0.0
2025,10,2025_10_PIT_LAC,2025-11-09,00-0035291,Trayveon Williams,RB,LAC,PIT,0.0
2025,10,2025_10_PIT_LAC,2025-11-09,00-0036984,Trey Sermon,RB,PIT,LAC,0.0
2025,11,2025_11_BAL_CLE,2025-11-16,00-0032764,Derrick Henry,RB,BAL,CLE,20.200000000000003
2025,11,2025_11_BAL_CLE,2025-11-16,00-0034753,Mark Andrews,TE,BAL,CLE,15.7
2025,11,2025_11_BAL_CLE,2025-11-16,00-0039064,Zay Flowers,WR,BAL,CLE,11.3
2025,11,2025_11_BAL_CLE,2025-11-16,00-0038979,Cedric Tillman,WR,CLE,BAL,8.2
2025,11,2025_11_BAL_CLE,2025-11-16,00-0038454,Keaton Mitchell,RB,BAL,CLE,7.4
2025,11,2025_11_BAL_CLE,2025-11-16,00-0040784,Quinshon Judkins,RB,CLE,BAL,5.9
2025,11,2025_11_BAL_CLE,2025-11-16,00-0036407,Jerry Jeudy,WR,CLE,BAL,5.1
2025,11,2025_11_BAL_CLE,2025-11-16,00-0034796,Lamar Jackson,QB,BAL,CLE,4.72
2025,11,2025_11_BAL_CLE,2025-11-16,00-0040663,Harold Fannin Jr.,TE,CLE,BAL,4.6
2025,11,2025_11_BAL_CLE,2025-11-16,00-0037838,Isaiah Likely,TE,BAL,CLE,3.5
2025,11,2025_11_BAL_CLE,2025-11-16,00-0040704,Dillon Gabriel,QB,CLE,BAL,2.9200000000000004
2025,11,2025_11_BAL_CLE,2025-11-16,00-0039920,Malachi Corley,WR,CLE,BAL,2.9
2025,11,2025_11_BAL_CLE,2025-11-16,00-0039796,Rasheen Ali,RB,BAL,CLE,2.5
2025,11,2025_11_BAL_CLE,2025-11-16,00-0030564,DeAndre Hopkins,WR,BAL,CLE,2.1
2025,11,2025_11_BAL_CLE,2025-11-16,00-0040162,Dylan Sampson,RB,CLE,BAL,1.9000000000000001
2025,11,2025_11_BAL_CLE,2025-11-16,00-0033885,David Njoku,TE,CLE,BAL,1.7000000000000002
2025,11,2025_11_BAL_CLE,2025-11-16,00-0040668,Shedeur Sanders,QB,CLE,BAL,1.4800000000000002
2025,11,2025_11_BAL_CLE,2025-11-16,00-0040782,Isaiah Bond,WR,CLE,BAL,0.8
2025,11,2025_11_BAL_CLE,2025-11-16,00-0037267,Jerome Ford,RB,CLE,BAL,0.2
2025,11,2025_11_BAL_CLE,2025-11-16,00-0038046,Charlie Kolar,TE,BAL,CLE,0.0
2025,11,2025_11_BAL_CLE,2025-11-16,00-0040259,Gage Larvadain,WR,CLE,BAL,0.0
2025,11,2025_11_BAL_CLE,2025-11-16,00-0040075,LaJohntay Wester,WR,BAL,CLE,0.0
2025,11,2025_11_BAL_CLE,2025-11-16,00-0033376,Patrick Ricard,RB,BAL,CLE,0.0
2025,11,2025_11_BAL_CLE,2025-11-16,00-0036630,Tylan Wallace,WR,BAL,CLE,0.0
2025,11,2025_11_CAR_ATL,2025-11-16,00-0040124,Tetairoa McMillan,WR,CAR,ATL,33.0
2025,11,2025_11_CAR_ATL,2025-11-16,00-0039150,Bryce Young,QB,CAR,ATL,31.82
2025,11,2025_11_CAR_ATL,2025-11-16,00-0038542,Bijan Robinson,RB,ATL,CAR,30.3
2025,11,2025_11_CAR_ATL,2025-11-16,00-0037238,Drake London,WR,ATL,CAR,18.9
2025,11,2025_11_CAR_ATL,2025-11-16,00-0039342,Xavier Legette,WR,CAR,ATL,18.3
2025,11,2025_11_CAR_ATL,2025-11-16,00-0036139,Rico Dowdle,RB,CAR,ATL,15.0
2025,11,2025_11_CAR_ATL,2025-11-16,00-0039491,Jalen Coker,WR,CAR,ATL,11.2
2025,11,2025_11_CAR_ATL,2025-11-16,00-0037263,Tyler Allgeier,RB,ATL,CAR,9.6
2025,11,2025_11_CAR_ATL,2025-11-16,00-0039917,Michael Penix Jr.,QB,ATL,CAR,7.9
2025,11,2025_11_CAR_ATL,2025-11-16,00-0036309,Darnell Mooney,WR,ATL,CAR,6.4
2025,11,2025_11_CAR_ATL,2025-11-16,00-0037005,Tommy Tremble,TE,CAR,ATL,6.4
2025,11,2025_11_CAR_ATL,2025-11-16,00-0039356,Ja'Tavion Sanders,TE,CAR,ATL,6.2
2025,11,2025_11_CAR_ATL,2025-11-16,00-0040187,Mitchell Evans,TE,CAR,ATL,4.800000000000001
2025,11,2025_11_CAR_ATL,2025-11-16,00-0036555,Chuba Hubbard,RB,CAR,ATL,3.8000000000000003
2025,11,2025_11_CAR_ATL,2025-11-16,00-0038840,Brycen Tremayne,WR,CAR,ATL,3.7
2025,11,2025_11_CAR_ATL,2025-11-16,00-0036970,Kyle Pitts,TE,ATL,CAR,3.4000000000000004
2025,11,2025_11_CAR_ATL,2025-11-16,00-0029604,Kirk Cousins,QB,ATL,CAR,2.12
2025,11,2025_11_CAR_ATL,2025-11-16,00-0035359,David Sills,WR,ATL,CAR,2.1
2025,11,2025_11_CAR_ATL,2025-11-16,00-0040644,Trevor Etienne,RB,CAR,ATL,0.2
2025,11,2025_11_CAR_ATL,2025-11-16,00-0036825,Feleipe Franks,TE,ATL,CAR,0.0
2025,11,2025_11_CAR_ATL,2025-11-16,00-0033572,Jamal Agnew,WR,ATL,CAR,0.0
2025,11,2025_11_CAR_ATL,2025-11-16,00-0034854,KhaDarel Hodge,WR,ATL,CAR,0.0
2025,11,2025_11_CHI_MIN,2025-11-16,00-0036322,Justin Jefferson,WR,MIN,CHI,11.100000000000001
2025,11,2025_11_CHI_MIN,2025-11-16,00-0033293,Aaron Jones,RB,MIN,CHI,11.1
2025,11,2025_11_CHI_MIN,2025-11-16,00-0040236,Kyle Monangai,RB,CHI,MIN,10.7
2025,11,2025_11_CHI_MIN,2025-11-16,00-0037525,Jordan Mason,RB,MIN,CHI,10.5
2025,11,2025_11_CHI_MIN,2025-11-16,00-0039918,Caleb Williams,QB,CHI,MIN,10.32
2025,11,2025_11_CHI_MIN,2025-11-16,00-0038994,Jordan Addison,WR,MIN,CHI,10.0
2025,11,2025_11_CHI_MIN,2025-11-16,00-0036290,Cole Kmet,TE,CHI,MIN,9.5
2025,11,2025_11_CHI_MIN,2025-11-16,00-0036275,D'Andre Swift,RB,CHI,MIN,9.0
2025,11,2025_11_CHI_MIN,2025-11-16,00-0040126,Colston Loveland,TE,CHI,MIN,7.0
2025,11,2025_11_CHI_MIN,2025-11-16,00-0035229,T.J. Hockenson,TE,MIN,CHI,6.9
2025,11,2025_11_CHI_MIN,2025-11-16,00-0039919,Rome Odunze,WR,CHI,MIN,6.1000000000000005
2025,11,2025_11_CHI_MIN,2025-11-16,00-0039923,J.J. McCarthy,QB,MIN,CHI,6.0
2025,11,2025_11_CHI_MIN,2025-11-16,00-0040735,Luther Burden III,WR,CHI,MIN,5.7
2025,11,2025_11_CHI_MIN,2025-11-16,00-0034827,DJ Moore,WR,CHI,MIN,3.1
2025,11,2025_11_CHI_MIN,2025-11-16,00-0037291,Jalen Nailor,WR,MIN,CHI,2.6
2025,11,2025_11_CHI_MIN,2025-11-16,00-0034798,Durham Smythe,TE,CHI,MIN,1.8
2025,11,2025_11_CHI_MIN,2025-11-16,00-0030035,Adam Thielen,WR,MIN,CHI,1.6
2025,11,2025_11_CHI_MIN,2025-11-16,00-0035249,Josh Oliver,TE,MIN,CHI,0.7
2025,11,2025_11_CHI_MIN,2025-11-16,00-0036331,Devin Duvernay,WR,CHI,MIN,0.0
2025,11,2025_11_CHI_MIN,2025-11-16,00-0040506,Myles Price,WR,MIN,CHI,0.0
2025,11,2025_11_CHI_MIN,2025-11-16,00-0039021,Roschon Johnson,RB,CHI,MIN,0.0
2025,11,2025_11_CHI_MIN,2025-11-16,00-0040154,Tai Felton,WR,MIN,CHI,0.0
2025,11,2025_11_CHI_MIN,2025-11-16,00-0035594,Travis Homer,RB,CHI,MIN,-0.2
2025,11,2025_11_CIN_PIT,2025-11-16,00-0036919,Kenny Gainwell,RB,PIT,CIN,29.5
2025,11,2025_11_CIN_PIT,2025-11-16,00-0038597,Chase Brown,RB,CIN,PIT,18.700000000000003
2025,11,2025_11_CIN_PIT,2025-11-16,00-0036410,Tee Higgins,WR,CIN,PIT,15.3
2025,11,2025_11_CIN_PIT,2025-11-16,00-0038558,Darnell Washington,TE,PIT,CIN,10.7
2025,11,2025_11_CIN_PIT,2025-11-16,00-0035640,DK Metcalf,WR,PIT,CIN,9.9
2025,11,2025_11_CIN_PIT,2025-11-16,00-0026158,Joe Flacco,QB,CIN,PIT,9.860000000000001
2025,11,2025_11_CIN_PIT,2025-11-16,00-0023459,Aaron Rodgers,QB,PIT,CIN,9.440000000000001
2025,11,2025_11_CIN_PIT,2025-11-16,00-0034771,Mason Rudolph,QB,PIT,CIN,8.98
2025,11,2025_11_CIN_PIT,2025-11-16,00-0037228,Jaylen Warren,RB,PIT,CIN,8.7
2025,11,2025_11_CIN_PIT,2025-11-16,00-0035644,Noah Fant,TE,CIN,PIT,6.6
2025,11,2025_11_CIN_PIT,2025-11-16,00-0036900,Ja'Marr Chase,WR,CIN,PIT,6.0
2025,11,2025_11_CIN_PIT,2025-11-16,00-0034613,Tanner Hudson,TE,CIN,PIT,5.2
2025,11,2025_11_CIN_PIT,2025-11-16,00-0038619,Andrei Iosivas,WR,CIN,PIT,5.0
2025,11,2025_11_CIN_PIT,2025-11-16,00-0036894,Pat Freiermuth,TE,PIT,CIN,2.9000000000000004
2025,11,2025_11_CIN_PIT,2025-11-16,00-0039739,Roman Wilson,WR,PIT,CIN,2.7
2025,11,2025_11_CIN_PIT,2025-11-16,00-0037837,Calvin Austin III,WR,PIT,CIN,1.5
2025,11,2025_11_CIN_PIT,2025-11-16,00-0040142,Kaleb Johnson,RB,PIT,CIN,1.5
2025,11,2025_11_CIN_PIT,2025-11-16,00-0040208,Tahj Brooks,RB,CIN,PIT,0.5
2025,11,2025_11_CIN_PIT,2025-11-16,00-0039266,Kendall Milton,RB,CIN,PIT,0.2
2025,11,2025_11_CIN_PIT,2025-11-16,00-0036862,Ben Skowronek,WR,PIT,CIN,0.0
2025,11,2025_11_CIN_PIT,2025-11-16,00-0038576,Charlie Jones,WR,CIN,PIT,0.0
2025,11,2025_11_CIN_PIT,2025-11-16,00-0033858,Jonnu Smith,TE,PIT,CIN,0.0
2025,11,2025_11_CIN_PIT,2025-11-16,00-0040534,Ke'Shawn Williams,WR,PIT,CIN,0.0
2025,11,2025_11_DAL_LV,2025-11-17,00-0037247,George Pickens,WR,DAL,LV,29.4
2025,11,2025_11_DAL_LV,2025-11-17,00-0033077,Dak Prescott,QB,DAL,LV,24.32
2025,11,2025_11_DAL_LV,2025-11-17,00-0036358,CeeDee Lamb,WR,DAL,LV,17.6
2025,11,2025_11_DAL_LV,2025-11-17,00-0038563,Tre Tucker,WR,LV,DAL,14.7
2025,11,2025_11_DAL_LV,2025-11-17,00-0039338,Brock Bowers,TE,LV,DAL,14.2
2025,11,2025_11_DAL_LV,2025-11-17,00-0030565,Geno Smith,QB,LV,DAL,12.92
2025,11,2025_11_DAL_LV,2025-11-17,00-0038041,Jake Ferguson,TE,DAL,LV,11.6
2025,11,2025_11_DAL_LV,2025-11-17,00-0036997,Javonte Williams,RB,DAL,LV,10.3
2025,11,2025_11_DAL_LV,2025-11-17,00-0040122,Ashton Jeanty,RB,LV,DAL,9.4
2025,11,2025_11_DAL_LV,2025-11-17,00-0039410,Ryan Flournoy,WR,DAL,LV,7.2
2025,11,2025_11_DAL_LV,2025-11-17,00-0038738,Hunter Luepke,RB,DAL,LV,7.1000000000000005
2025,11,2025_11_DAL_LV,2025-11-17,00-0032211,Tyler Lockett,WR,LV,DAL,6.300000000000001
2025,11,2025_11_DAL_LV,2025-11-17,00-0039066,Michael Mayer,TE,LV,DAL,4.3
2025,11,2025_11_DAL_LV,2025-11-17,00-0031687,Raheem Mostert,RB,LV,DAL,3.3
2025,11,2025_11_DAL_LV,2025-11-17,00-0034365,Ian Thomas,TE,LV,DAL,3.0
2025,11,2025_11_DAL_LV,2025-11-17,00-0040729,Jack Bech,WR,LV,DAL,2.9000000000000004
2025,11,2025_11_DAL_LV,2025-11-17,00-0037563,Malik Davis,RB,DAL,LV,2.0
2025,11,2025_11_DAL_LV,2025-11-17,00-0039530,Brevyn Spann-Ford,TE,DAL,LV,1.4
2025,11,2025_11_DAL_LV,2025-11-17,00-0037801,KaVontae Turpin,WR,DAL,LV,1.0
2025,11,2025_11_DAL_LV,2025-11-17,00-0040488,Carter Runyon,TE,LV,DAL,0.0
2025,11,2025_11_DAL_LV,2025-11-17,00-0039407,Dylan Laube,RB,LV,DAL,0.0
2025,11,2025_11_DAL_LV,2025-11-17,00-0037666,Jalen Tolbert,WR,DAL,LV,0.0
2025,11,2025_11_DET_PHI,2025-11-16,00-0037240,Jameson Williams,WR,DET,PHI,19.700000000000003
2025,11,2025_11_DET_PHI,2025-11-16,00-0039139,Jahmyr Gibbs,RB,DET,PHI,19.6
2025,11,2025_11_DET_PHI,2025-11-16,00-0036389,Jalen Hurts,QB,PHI,DET,14.5
2025,11,2025_11_DET_PHI,2025-11-16,00-0033106,Jared Goff,QB,DET,PHI,12.100000000000001
2025,11,2025_11_DET_PHI,2025-11-16,00-0035676,A.J. Brown,WR,PHI,DET,11.9
2025,11,2025_11_DET_PHI,2025-11-16,00-0034844,Saquon Barkley,RB,PHI,DET,10.0
2025,11,2025_11_DET_PHI,2025-11-16,00-0037741,Jahan Dotson,WR,PHI,DET,6.3
2025,11,2025_11_DET_PHI,2025-11-16,00-0036963,Amon-Ra St. Brown,WR,DET,PHI,6.2
2025,11,2025_11_DET_PHI,2025-11-16,00-0035685,David Montgomery,RB,DET,PHI,4.7
2025,11,2025_11_DET_PHI,2025-11-16,00-0034351,Dallas Goedert,TE,PHI,DET,4.4
2025,11,2025_11_DET_PHI,2025-11-16,00-0038555,Tank Bigsby,RB,PHI,DET,3.4000000000000004
2025,11,2025_11_DET_PHI,2025-11-16,00-0036754,Brock Wright,TE,DET,PHI,2.8
2025,11,2025_11_DET_PHI,2025-11-16,00-0036912,DeVonta Smith,WR,PHI,DET,1.8
2025,11,2025_11_DET_PHI,2025-11-16,00-0036876,Kylen Granson,TE,PHI,DET,1.4
2025,11,2025_11_DET_PHI,2025-11-16,00-0038564,Cameron Latu,TE,PHI,DET,0.0
2025,11,2025_11_DET_PHI,2025-11-16,00-0040024,Darius Cooper,WR,PHI,DET,0.0
2025,11,2025_11_DET_PHI,2025-11-16,00-0040669,Isaac TeSlaa,WR,DET,PHI,0.0
2025,11,2025_11_DET_PHI,2025-11-16,00-0038896,Jacob Saylors,RB,DET,PHI,0.0
2025,11,2025_11_DET_PHI,2025-11-16,00-0032464,Kalif Raymond,WR,DET,PHI,0.0
2025,11,2025_11_DET_PHI,2025-11-16,00-0038496,Xavier Gipson,WR,PHI,DET,0.0
2025,11,2025_11_GB_NYG,2025-11-16,00-0038124,Christian Watson,WR,GB,NYG,20.6
2025,11,2025_11_GB_NYG,2025-11-16,00-0039384,Tyrone Tracy Jr.,RB,NYG,GB,17.9
2025,11,2025_11_GB_NYG,2025-11-16,00-0035250,Devin Singletary,RB,NYG,GB,17.7
2025,11,2025_11_GB_NYG,2025-11-16,00-0036264,Jordan Love,QB,GB,NYG,17.66
2025,11,2025_11_GB_NYG,2025-11-16,00-0038797,Emanuel Wilson,RB,GB,NYG,13.9
2025,11,2025_11_GB_NYG,2025-11-16,00-0031503,Jameis Winston,QB,NYG,GB,11.040000000000001
2025,11,2025_11_GB_NYG,2025-11-16,00-0036165,Isaiah Hodgins,WR,NYG,GB,10.7
2025,11,2025_11_GB_NYG,2025-11-16,00-0037816,Romeo Doubs,WR,GB,NYG,9.3
2025,11,2025_11_GB_NYG,2025-11-16,00-0038117,Wan'Dale Robinson,WR,NYG,GB,7.6
2025,11,2025_11_GB_NYG,2025-11-16,00-0038589,Josh Whyle,TE,GB,NYG,7.2
2025,11,2025_11_GB_NYG,2025-11-16,00-0039847,Theo Johnson,TE,NYG,GB,6.6
2025,11,2025_11_GB_NYG,2025-11-16,00-0038128,Malik Willis,QB,GB,NYG,5.84
2025,11,2025_11_GB_NYG,2025-11-16,00-0040009,Savion Williams,WR,GB,NYG,4.300000000000001
2025,11,2025_11_GB_NYG,2025-11-16,00-0035700,Josh Jacobs,RB,GB,NYG,4.0
2025,11,2025_11_GB_NYG,2025-11-16,00-0038938,Jalin Hyatt,WR,NYG,GB,3.8
2025,11,2025_11_GB_NYG,2025-11-16,00-0040667,Matthew Golden,WR,GB,NYG,3.4000000000000004
2025,11,2025_11_GB_NYG,2025-11-16,00-0038393,Dontayvion Wicks,WR,GB,NYG,1.9
2025,11,2025_11_GB_NYG,2025-11-16,00-0037091,Bo Melton,WR,GB,NYG,1.7000000000000002
2025,11,2025_11_GB_NYG,2025-11-16,00-0037306,John FitzPatrick,TE,GB,NYG,1.5
2025,11,2025_11_GB_NYG,2025-11-16,00-0039144,Luke Musgrave,TE,GB,NYG,0.9
2025,11,2025_11_GB_NYG,2025-11-16,00-0038685,Chris Brooks,RB,GB,NYG,0.8
2025,11,2025_11_GB_NYG,2025-11-16,00-0040431,Dalen Cambre,WR,NYG,GB,0.0
2025,11,2025_11_GB_NYG,2025-11-16,00-0038115,Daniel Bellinger,TE,NYG,GB,0.0
2025,11,2025_11_GB_NYG,2025-11-16,00-0035645,Gunner Olszewski,WR,NYG,GB,0.0
2025,11,2025_11_HOU_TEN,2025-11-16,00-0036554,Nico Collins,WR,HOU,TEN,24.200000000000003
2025,11,2025_11_HOU_TEN,2025-11-16,00-0036898,Davis Mills,QB,HOU,TEN,16.36
2025,11,2025_11_HOU_TEN,2025-11-16,00-0040676,Cam Ward,QB,TEN,HOU,13.06
2025,11,2025_11_HOU_TEN,2025-11-16,00-0036415,Van Jefferson,WR,TEN,HOU,11.2
2025,11,2025_11_HOU_TEN,2025-11-16,00-0034383,Dalton Schultz,TE,HOU,TEN,11.100000000000001
2025,11,2025_11_HOU_TEN,2025-11-16,00-0040130,Jayden Higgins,WR,HOU,TEN,9.5
2025,11,2025_11_HOU_TEN,2025-11-16,00-0037809,Chig Okonkwo,TE,TEN,HOU,8.600000000000001
2025,11,2025_11_HOU_TEN,2025-11-16,00-0039032,Tyjae Spears,RB,TEN,HOU,8.4
2025,11,2025_11_HOU_TEN,2025-11-16,00-0038618,Xavier Hutchinson,WR,HOU,TEN,7.2
2025,11,2025_11_HOU_TEN,2025-11-16,00-0040584,Gunnar Helm,TE,TEN,HOU,6.9
2025,11,2025_11_HOU_TEN,2025-11-16,00-0040583,Woody Marks,RB,HOU,TEN,6.1000000000000005
2025,11,2025_11_HOU_TEN,2025-11-16,00-0035261,Tony Pollard,RB,TEN,HOU,5.6
2025,11,2025_11_HOU_TEN,2025-11-16,00-0040705,Chimere Dike,WR,TEN,HOU,3.4000000000000004
2025,11,2025_11_HOU_TEN,2025-11-16,00-0040170,Elic Ayomanor,WR,TEN,HOU,3.1
2025,11,2025_11_HOU_TEN,2025-11-16,00-0036176,Mason Kinsey,WR,TEN,HOU,2.4000000000000004
2025,11,2025_11_HOU_TEN,2025-11-16,00-0034837,Calvin Ridley,WR,TEN,HOU,2.3
2025,11,2025_11_HOU_TEN,2025-11-16,00-0040138,Jaylin Noel,WR,HOU,TEN,2.2
2025,11,2025_11_HOU_TEN,2025-11-16,00-0033854,Dare Ogunbowale,RB,HOU,TEN,1.9
2025,11,2025_11_HOU_TEN,2025-11-16,00-0034791,Nick Chubb,RB,HOU,TEN,1.7000000000000002
2025,11,2025_11_HOU_TEN,2025-11-16,00-0034775,Christian Kirk,WR,HOU,TEN,1.6
2025,11,2025_11_HOU_TEN,2025-11-16,00-0039648,David Martin-Robinson,TE,TEN,HOU,0.0
2025,11,2025_11_HOU_TEN,2025-11-16,00-0037594,Julius Chestnut,RB,TEN,HOU,0.0
2025,11,2025_11_KC_DEN,2025-11-16,00-0030506,Travis Kelce,TE,KC,DEN,24.1
2025,11,2025_11_KC_DEN,2025-11-16,00-0033873,Patrick Mahomes,QB,KC,DEN,13.340000000000002
2025,11,2025_11_KC_DEN,2025-11-16,00-0040134,Pat Bryant,WR,DEN,KC,13.200000000000001
2025,11,2025_11_KC_DEN,2025-11-16,00-0033923,Kareem Hunt,RB,KC,DEN,13.2
2025,11,2025_11_KC_DEN,2025-11-16,00-0039732,Bo Nix,QB,DEN,KC,12.600000000000001
2025,11,2025_11_KC_DEN,2025-11-16,00-0039868,Troy Franklin,WR,DEN,KC,12.4
2025,11,2025_11_KC_DEN,2025-11-16,00-0034348,Courtland Sutton,WR,DEN,KC,9.9
2025,11,2025_11_KC_DEN,2025-11-16,00-0039067,Rashee Rice,WR,KC,DEN,9.8
2025,11,2025_11_KC_DEN,2025-11-16,00-0038794,Jaleel McLaughlin,RB,DEN,KC,8.4
2025,11,2025_11_KC_DEN,2025-11-16,00-0035662,Marquise Brown,WR,KC,DEN,8.0
2025,11,2025_11_KC_DEN,2025-11-16,00-0040730,RJ Harvey,RB,DEN,KC,8.0
2025,11,2025_11_KC_DEN,2025-11-16,00-0033881,Evan Engram,TE,DEN,KC,7.300000000000001
2025,11,2025_11_KC_DEN,2025-11-16,00-0038104,Tyquan Thornton,WR,KC,DEN,7.1000000000000005
2025,11,2025_11_KC_DEN,2025-11-16,00-0039894,Xavier Worthy,WR,KC,DEN,5.5
2025,11,2025_11_KC_DEN,2025-11-16,00-0036637,Noah Gray,TE,KC,DEN,2.9
2025,11,2025_11_KC_DEN,2025-11-16,00-0040078,Brashard Smith,RB,KC,DEN,2.8
2025,11,2025_11_KC_DEN,2025-11-16,00-0036422,Adam Trautman,TE,DEN,KC,1.8
2025,11,2025_11_KC_DEN,2025-11-16,00-0033757,Robert Tonyan,TE,KC,DEN,1.1
2025,11,2025_11_KC_DEN,2025-11-16,00-0037085,Tyler Badie,RB,DEN,KC,1.0
2025,11,2025_11_KC_DEN,2025-11-16,00-0038976,Marvin Mims Jr.,WR,DEN,KC,0.2
2025,11,2025_11_KC_DEN,2025-11-16,00-0036567,Elijah Mitchell,RB,KC,DEN,0.0
2025,11,2025_11_KC_DEN,2025-11-16,00-0033857,JuJu Smith-Schuster,WR,KC,DEN,0.0
2025,11,2025_11_KC_DEN,2025-11-16,00-0038519,Nikko Remigio,WR,KC,DEN,0.0
2025,11,2025_11_LAC_JAX,2025-11-16,00-0036973,Travis Etienne,RB,JAX,LAC,19.3
2025,11,2025_11_LAC_JAX,2025-11-16,00-0036971,Trevor Lawrence,QB,JAX,LAC,15.020000000000001
2025,11,2025_11_LAC_JAX,2025-11-16,00-0040719,Bhayshul Tuten,RB,JAX,LAC,13.4
2025,11,2025_11_LAC_JAX,2025-11-16,00-0034960,Jakobi Meyers,WR,JAX,LAC,11.4
2025,11,2025_11_LAC_JAX,2025-11-16,00-0033375,Tim Patrick,WR,JAX,LAC,11.0
2025,11,2025_11_LAC_JAX,2025-11-16,00-0030279,Keenan Allen,WR,LAC,JAX,9.3
2025,11,2025_11_LAC_JAX,2025-11-16,00-0040189,Oronde Gadsden II,TE,LAC,JAX,6.1000000000000005
2025,11,2025_11_LAC_JAX,2025-11-16,00-0033246,Johnny Mundt,TE,JAX,LAC,4.5
2025,11,2025_11_LAC_JAX,2025-11-16,00-0039915,Ladd McConkey,WR,LAC,JAX,4.3
2025,11,2025_11_LAC_JAX,2025-11-16,00-0038606,Parker Washington,WR,JAX,LAC,4.0
2025,11,2025_11_LAC_JAX,2025-11-16,00-0040238,LeQuint Allen Jr.,RB,JAX,LAC,3.6
2025,11,2025_11_LAC_JAX,2025-11-16,00-0036355,Justin Herbert,QB,LAC,JAX,3.3400000000000003
2025,11,2025_11_LAC_JAX,2025-11-16,00-0039391,Kimani Vidal,RB,LAC,JAX,3.2
2025,11,2025_11_LAC_JAX,2025-11-16,00-0036841,Austin Trammell,WR,JAX,LAC,2.3
2025,11,2025_11_LAC_JAX,2025-11-16,00-0040727,Tre Harris,WR,LAC,JAX,2.2
2025,11,2025_11_LAC_JAX,2025-11-16,00-0036590,Quintin Morris,TE,JAX,LAC,2.1
2025,11,2025_11_LAC_JAX,2025-11-16,00-0037012,Trey Lance,QB,LAC,JAX,1.58
2025,11,2025_11_LAC_JAX,2025-11-16,00-0035291,Trayveon Williams,RB,LAC,JAX,0.9
2025,11,2025_11_LAC_JAX,2025-11-16,00-0040039,Amar Johnson,RB,LAC,JAX,0.8
2025,11,2025_11_LAC_JAX,2025-11-16,00-0038573,Derius Davis,WR,LAC,JAX,0.0
2025,11,2025_11_LAC_JAX,2025-11-16,00-0036626,Dyami Brown,WR,JAX,LAC,0.0
2025,11,2025_11_LAC_JAX,2025-11-16,00-0038544,Quentin Johnston,WR,LAC,JAX,0.0
2025,11,2025_11_NYJ_NE,2025-11-13,00-0040734,TreVeyon Henderson,RB,NE,NYJ,32.3
2025,11,2025_11_NYJ_NE,2025-11-13,00-0031588,Stefon Diggs,WR,NE,NYJ,19.5
2025,11,2025_11_NYJ_NE,2025-11-13,00-0036945,Justin Fields,QB,NYJ,NE,19.34
2025,11,2025_11_NYJ_NE,2025-11-13,00-0039851,Drake Maye,QB,NE,NYJ,15.44
2025,11,2025_11_NYJ_NE,2025-11-13,00-0037614,John Metchie III,WR,NYJ,NE,13.5
2025,11,2025_11_NYJ_NE,2025-11-13,00-0033555,Mack Hollins,WR,NE,NYJ,10.4
2025,11,2025_11_NYJ_NE,2025-11-13,00-0033090,Hunter Henry,TE,NE,NYJ,8.5
2025,11,2025_11_NYJ_NE,2025-11-13,00-0038120,Breece Hall,RB,NYJ,NE,8.4
2025,11,2025_11_NYJ_NE,2025-11-13,00-0040736,Mason Taylor,TE,NYJ,NE,7.0
2025,11,2025_11_NYJ_NE,2025-11-13,00-0037805,Jeremy Ruckert,TE,NYJ,NE,6.300000000000001
2025,11,2025_11_NYJ_NE,2025-11-13,00-0038621,DeMario Douglas,WR,NE,NYJ,6.1
2025,11,2025_11_NYJ_NE,2025-11-13,00-0039890,Adonai Mitchell,WR,NYJ,NE,2.0
2025,11,2025_11_NYJ_NE,2025-11-13,00-0039451,Isaiah Williams,WR,NYJ,NE,1.6
2025,11,2025_11_NYJ_NE,2025-11-13,00-0039798,Isaiah Davis,RB,NYJ,NE,1.1
2025,11,2025_11_NYJ_NE,2025-11-13,00-0035628,D'Ernest Johnson,RB,NE,NYJ,0.6000000000000001
2025,11,2025_11_NYJ_NE,2025-11-13,00-0040563,Efton Chism III,WR,NE,NYJ,0.0
2025,11,2025_11_NYJ_NE,2025-11-13,00-0039305,Jack Westover,TE,NE,NYJ,0.0
2025,11,2025_11_NYJ_NE,2025-11-13,00-0036842,Kene Nwangwu,RB,NYJ,NE,0.0
2025,11,2025_11_NYJ_NE,2025-11-13,00-0040131,Kyle Williams,WR,NE,NYJ,0.0
2025,11,2025_11_SEA_LA,2025-11-16,00-0038543,Jaxon Smith-Njigba,WR,SEA,LA,20.6
2025,11,2025_11_SEA_LA,2025-11-16,00-0038134,Kenneth Walker III,RB,SEA,LA,20.1
2025,11,2025_11_SEA_LA,2025-11-16,00-0039793,AJ Barner,TE,SEA,LA,17.1
2025,11,2025_11_SEA_LA,2025-11-16,00-0037840,Kyren Williams,RB,LA,SEA,16.6
2025,11,2025_11_SEA_LA,2025-11-16,00-0039075,Puka Nacua,WR,LA,SEA,14.3
2025,11,2025_11_SEA_LA,2025-11-16,00-0026498,Matthew Stafford,QB,LA,SEA,13.2
2025,11,2025_11_SEA_LA,2025-11-16,00-0036244,Colby Parkinson,TE,LA,SEA,9.4
2025,11,2025_11_SEA_LA,2025-11-16,00-0031381,Davante Adams,WR,LA,SEA,7.1
2025,11,2025_11_SEA_LA,2025-11-16,00-0039165,Zach Charbonnet,RB,SEA,LA,6.7
2025,11,2025_11_SEA_LA,2025-11-16,00-0033908,Cooper Kupp,WR,SEA,LA,5.300000000000001
2025,11,2025_11_SEA_LA,2025-11-16,00-0037545,Rashid Shaheed,WR,SEA,LA,4.9
2025,11,2025_11_SEA_LA,2025-11-16,00-0034869,Sam Darnold,QB,SEA,LA,4.26
2025,11,2025_11_SEA_LA,2025-11-16,00-0033110,Tyler Higbee,TE,LA,SEA,3.3000000000000003
2025,11,2025_11_SEA_LA,2025-11-16,00-0039751,Jordan Whittington,WR,LA,SEA,1.9
2025,11,2025_11_SEA_LA,2025-11-16,00-0038359,Xavier Smith,WR,LA,SEA,1.8
2025,11,2025_11_SEA_LA,2025-11-16,00-0039738,Blake Corum,RB,LA,SEA,1.5
2025,11,2025_11_SEA_LA,2025-11-16,00-0039299,George Holani,RB,SEA,LA,0.6000000000000001
2025,11,2025_11_SEA_LA,2025-11-16,00-0038488,Brady Russell,RB,SEA,LA,0.0
2025,11,2025_11_SEA_LA,2025-11-16,00-0035891,Cody White,WR,SEA,LA,0.0
2025,11,2025_11_SEA_LA,2025-11-16,00-0040739,Elijah Arroyo,TE,SEA,LA,0.0
2025,11,2025_11_SEA_LA,2025-11-16,00-0040058,Nick Kallerup,TE,SEA,LA,0.0
2025,11,2025_11_SF_ARI,2025-11-16,00-0033280,Christian McCaffrey,RB,SF,ARI,35.1
2025,11,2025_11_SF_ARI,2025-11-16,00-0038559,Michael Wilson,WR,ARI,SF,33.5
2025,11,2025_11_SF_ARI,2025-11-16,00-0037744,Trey McBride,TE,ARI,SF,27.5
2025,11,2025_11_SF_ARI,2025-11-16,00-0033288,George Kittle,TE,SF,ARI,24.7
2025,11,2025_11_SF_ARI,2025-11-16,00-0033119,Jacoby Brissett,QB,ARI,SF,21.880000000000003
2025,11,2025_11_SF_ARI,2025-11-16,00-0037834,Brock Purdy,QB,SF,ARI,19.3
2025,11,2025_11_SF_ARI,2025-11-16,00-0035500,Greg Dortch,WR,ARI,SF,18.6
2025,11,2025_11_SF_ARI,2025-11-16,00-0037157,Bam Knight,RB,ARI,SF,14.5
2025,11,2025_11_SF_ARI,2025-11-16,00-0036259,Jauan Jennings,WR,SF,ARI,9.4
2025,11,2025_11_SF_ARI,2025-11-16,00-0036924,Michael Carter,RB,ARI,SF,7.800000000000001
2025,11,2025_11_SF_ARI,2025-11-16,00-0038705,Emari Demercado,RB,ARI,SF,4.0
2025,11,2025_11_SF_ARI,2025-11-16,00-0039521,Xavier Weaver,WR,ARI,SF,3.5
2025,11,2025_11_SF_ARI,2025-11-16,00-0037746,Brian Robinson,RB,SF,ARI,2.4000000000000004
2025,11,2025_11_SF_ARI,2025-11-16,00-0032775,Demarcus Robinson,WR,SF,ARI,2.3
2025,11,2025_11_SF_ARI,2025-11-16,00-0035876,Andre Baccellia,WR,ARI,SF,1.5
2025,11,2025_11_SF_ARI,2025-11-16,00-0039041,Elijah Higgins,TE,ARI,SF,1.1
2025,11,2025_11_SF_ARI,2025-11-16,00-0039916,Ricky Pearsall,WR,SF,ARI,1.0
2025,11,2025_11_SF_ARI,2025-11-16,00-0037112,Jake Tonges,TE,SF,ARI,0.0
2025,11,2025_11_SF_ARI,2025-11-16,00-0036332,Josiah Deguara,TE,ARI,SF,0.0
2025,11,2025_11_SF_ARI,2025-11-16,00-0036887,Luke Farrell,TE,SF,ARI,0.0
2025,11,2025_11_SF_ARI,2025-11-16,00-0033439,Pharaoh Brown,TE,ARI,SF,0.0
2025,11,2025_11_SF_ARI,2025-11-16,00-0038090,Skyy Moore,WR,SF,ARI,0.0
2025,11,2025_11_SF_ARI,2025-11-16,00-0036972,Mac Jones,QB,SF,ARI,-0.30000000000000004
2025,11,2025_11_TB_BUF,2025-11-16,00-0034857,Josh Allen,QB,BUF,TB,42.68
2025,11,2025_11_TB_BUF,2025-11-16,00-0038951,Sean Tucker,RB,TB,BUF,34.0
2025,11,2025_11_TB_BUF,2025-11-16,00-0037248,James Cook,RB,BUF,TB,20.4
2025,11,2025_11_TB_BUF,2025-11-16,00-0038679,Tyrell Shavers,WR,BUF,TB,19.0
2025,11,2025_11_TB_BUF,2025-11-16,00-0034855,Baker Mayfield,QB,TB,BUF,16.82
2025,11,2025_11_TB_BUF,2025-11-16,00-0035537,Ty Johnson,RB,BUF,TB,15.0
2025,11,2025_11_TB_BUF,2025-11-16,00-0032385,Sterling Shepard,WR,TB,BUF,10.100000000000001
2025,11,2025_11_TB_BUF,2025-11-16,00-0040129,Emeka Egbuka,WR,TB,BUF,9.0
2025,11,2025_11_TB_BUF,2025-11-16,00-0037256,Rachaad White,RB,TB,BUF,8.2
2025,11,2025_11_TB_BUF,2025-11-16,00-0036196,Gabe Davis,WR,BUF,TB,7.0
2025,11,2025_11_TB_BUF,2025-11-16,00-0038129,Cade Otton,TE,TB,BUF,4.800000000000001
2025,11,2025_11_TB_BUF,2025-11-16,00-0033282,Curtis Samuel,WR,BUF,TB,3.9000000000000004
2025,11,2025_11_TB_BUF,2025-11-16,00-0036988,Josh Palmer,WR,BUF,TB,3.7
2025,11,2025_11_TB_BUF,2025-11-16,00-0035689,Dawson Knox,TE,BUF,TB,3.3000000000000003
2025,11,2025_11_TB_BUF,2025-11-16,00-0040237,Tez Johnson,WR,TB,BUF,1.6
2025,11,2025_11_TB_BUF,2025-11-16,00-0040363,Keleki Latu,TE,BUF,TB,1.4
2025,11,2025_11_TB_BUF,2025-11-16,00-0037261,Khalil Shakir,WR,BUF,TB,0.7
2025,11,2025_11_TB_BUF,2025-11-16,00-0039589,Kameron Johnson,WR,TB,BUF,0.0
2025,11,2025_11_TB_BUF,2025-11-16,00-0035140,Mecole Hardman,WR,BUF,TB,0.0
2025,11,2025_11_TB_BUF,2025-11-16,00-0038458,Owen Wright,RB,TB,BUF,0.0
2025,11,2025_11_TB_BUF,2025-11-16,00-0039875,Ray Davis,RB,BUF,TB,0.0
2025,11,2025_11_TB_BUF,2025-11-16,00-0036187,Reggie Gilliam,RB,BUF,TB,0.0
2025,11,2025_11_TB_BUF,2025-11-16,00-0038824,Ryan Miller,WR,TB,BUF,0.0
2025,11,2025_11_TB_BUF,2025-11-16,00-0031237,Teddy Bridgewater,QB,TB,BUF,-0.1
2025,11,2025_11_WAS_MIA,2025-11-16,00-0039040,De'Von Achane,RB,MIA,WAS,21.5
2025,11,2025_11_WAS_MIA,2025-11-16,00-0035719,Deebo Samuel Sr.,WR,WAS,MIA,20.7
2025,11,2025_11_WAS_MIA,2025-11-16,00-0032268,Marcus Mariota,QB,WAS,MIA,15.42
2025,11,2025_11_WAS_MIA,2025-11-16,00-0040198,Ollie Gordon II,RB,MIA,WAS,10.5
2025,11,2025_11_WAS_MIA,2025-11-16,00-0038611,Chris Rodriguez Jr.,RB,WAS,MIA,9.5
2025,11,2025_11_WAS_MIA,2025-11-16,00-0036613,Jaylen Waddle,WR,MIA,WAS,8.2
2025,11,2025_11_WAS_MIA,2025-11-16,00-0030061,Zach Ertz,TE,WAS,MIA,8.2
2025,11,2025_11_WAS_MIA,2025-11-16,00-0039880,Malik Washington,WR,MIA,WAS,7.2
2025,11,2025_11_WAS_MIA,2025-11-16,00-0036212,Tua Tagovailoa,QB,MIA,WAS,6.84
2025,11,2025_11_WAS_MIA,2025-11-16,00-0033955,Jeremy McNichols,RB,WAS,MIA,4.9
2025,11,2025_11_WAS_MIA,2025-11-16,00-0032398,Chris Moore,WR,WAS,MIA,4.800000000000001
2025,11,2025_11_WAS_MIA,2025-11-16,00-0040242,Jacory Croskey-Merritt,RB,WAS,MIA,4.300000000000001
2025,11,2025_11_WAS_MIA,2025-11-16,00-0037252,Greg Dulcich,TE,MIA,WAS,3.8
2025,11,2025_11_WAS_MIA,2025-11-16,00-0040317,Jacoby Jones,WR,WAS,MIA,3.5
2025,11,2025_11_WAS_MIA,2025-11-16,00-0038720,Julian Hill,TE,MIA,WAS,2.4000000000000004
2025,11,2025_11_WAS_MIA,2025-11-16,00-0040164,Jaylin Lane,WR,WAS,MIA,2.3
2025,11,2025_11_WAS_MIA,2025-11-16,00-0039686,Colson Yankoff,TE,WAS,MIA,1.4
2025,11,2025_11_WAS_MIA,2025-11-16,00-0039874,Jaylen Wright,RB,MIA,WAS,0.4
2025,11,2025_11_WAS_MIA,2025-11-16,00-0034681,Chase Edmonds,RB,WAS,MIA,0.0
2025,11,2025_11_WAS_MIA,2025-11-16,00-0032688,Robbie Chosen,WR,WAS,MIA,0.0
2025,12,2025_12_ATL_NO,2025-11-23,00-0036309,Darnell Mooney,WR,ATL,NO,16.4
2025,12,2025_12_ATL_NO,2025-11-23,00-0037239,Chris Olave,WR,NO,ATL,16.0
2025,12,2025_12_ATL_NO,2025-11-23,00-0038542,Bijan Robinson,RB,ATL,NO,14.700000000000001
2025,12,2025_12_ATL_NO,2025-11-23,00-0029604,Kirk Cousins,QB,ATL,NO,14.46
2025,12,2025_12_ATL_NO,2025-11-23,00-0040202,Devin Neal,RB,NO,ATL,11.100000000000001
2025,12,2025_12_ATL_NO,2025-11-23,00-0036040,Juwan Johnson,TE,NO,ATL,10.600000000000001
2025,12,2025_12_ATL_NO,2025-11-23,00-0035359,David Sills,WR,ATL,NO,9.6
2025,12,2025_12_ATL_NO,2025-11-23,00-0040743,Tyler Shough,QB,NO,ATL,7.920000000000002
2025,12,2025_12_ATL_NO,2025-11-23,00-0039424,Devaughn Vele,WR,NO,ATL,6.7
2025,12,2025_12_ATL_NO,2025-11-23,00-0039623,Mason Tipton,WR,NO,ATL,6.300000000000001
2025,12,2025_12_ATL_NO,2025-11-23,00-0037263,Tyler Allgeier,RB,ATL,NO,5.9
2025,12,2025_12_ATL_NO,2025-11-23,00-0036429,Charlie Woerner,TE,ATL,NO,5.4
2025,12,2025_12_ATL_NO,2025-11-23,00-0038953,Dylan Drummond,WR,ATL,NO,4.8
2025,12,2025_12_ATL_NO,2025-11-23,00-0036970,Kyle Pitts,TE,ATL,NO,4.5
2025,12,2025_12_ATL_NO,2025-11-23,00-0033906,Alvin Kamara,RB,NO,ATL,3.5
2025,12,2025_12_ATL_NO,2025-11-23,00-0034860,Dante Pettis,WR,NO,ATL,2.4000000000000004
2025,12,2025_12_ATL_NO,2025-11-23,00-0036741,Jack Stoll,TE,NO,ATL,1.7000000000000002
2025,12,2025_12_ATL_NO,2025-11-23,00-0033357,Taysom Hill,TE,NO,ATL,1.7000000000000002
2025,12,2025_12_ATL_NO,2025-11-23,00-0036825,Feleipe Franks,TE,ATL,NO,0.2
2025,12,2025_12_ATL_NO,2025-11-23,00-0034981,Foster Moreau,TE,NO,ATL,0.0
2025,12,2025_12_ATL_NO,2025-11-23,00-0033572,Jamal Agnew,WR,ATL,NO,0.0
2025,12,2025_12_ATL_NO,2025-11-23,00-0037277,Teagan Quitoriano,TE,ATL,NO,0.0
2025,12,2025_12_BUF_HOU,2025-11-20,00-0037248,James Cook,RB,BUF,HOU,21.9
2025,12,2025_12_BUF_HOU,2025-11-20,00-0037261,Khalil Shakir,WR,BUF,HOU,17.0
2025,12,2025_12_BUF_HOU,2025-11-20,00-0034775,Christian Kirk,WR,HOU,BUF,16.4
2025,12,2025_12_BUF_HOU,2025-11-20,00-0036898,Davis Mills,QB,HOU,BUF,14.520000000000001
2025,12,2025_12_BUF_HOU,2025-11-20,00-0040130,Jayden Higgins,WR,HOU,BUF,13.8
2025,12,2025_12_BUF_HOU,2025-11-20,00-0036554,Nico Collins,WR,HOU,BUF,8.5
2025,12,2025_12_BUF_HOU,2025-11-20,00-0035537,Ty Johnson,RB,BUF,HOU,8.2
2025,12,2025_12_BUF_HOU,2025-11-20,00-0034857,Josh Allen,QB,BUF,HOU,8.120000000000001
2025,12,2025_12_BUF_HOU,2025-11-20,00-0040583,Woody Marks,RB,HOU,BUF,7.9
2025,12,2025_12_BUF_HOU,2025-11-20,00-0039875,Ray Davis,RB,BUF,HOU,6.0
2025,12,2025_12_BUF_HOU,2025-11-20,00-0035689,Dawson Knox,TE,BUF,HOU,4.7
2025,12,2025_12_BUF_HOU,2025-11-20,00-0040194,Jackson Hawes,TE,BUF,HOU,4.6
2025,12,2025_12_BUF_HOU,2025-11-20,00-0036988,Josh Palmer,WR,BUF,HOU,4.1
2025,12,2025_12_BUF_HOU,2025-11-20,00-0036196,Gabe Davis,WR,BUF,HOU,3.2
2025,12,2025_12_BUF_HOU,2025-11-20,00-0034791,Nick Chubb,RB,HOU,BUF,2.5
2025,12,2025_12_BUF_HOU,2025-11-20,00-0040138,Jaylin Noel,WR,HOU,BUF,1.9
2025,12,2025_12_BUF_HOU,2025-11-20,00-0034383,Dalton Schultz,TE,HOU,BUF,1.8
2025,12,2025_12_BUF_HOU,2025-11-20,00-0036187,Reggie Gilliam,RB,BUF,HOU,1.2
2025,12,2025_12_BUF_HOU,2025-11-20,00-0038618,Xavier Hutchinson,WR,HOU,BUF,0.9
2025,12,2025_12_BUF_HOU,2025-11-20,00-0036980,Elijah Moore,WR,BUF,HOU,0.7
2025,12,2025_12_BUF_HOU,2025-11-20,00-0039603,British Brooks,RB,HOU,BUF,0.0
2025,12,2025_12_BUF_HOU,2025-11-20,00-0039359,Cade Stover,TE,HOU,BUF,0.0
2025,12,2025_12_BUF_HOU,2025-11-20,00-0033854,Dare Ogunbowale,RB,HOU,BUF,0.0
2025,12,2025_12_CAR_SF,2025-11-24,00-0033280,Christian McCaffrey,RB,SF,CAR,27.200000000000003
2025,12,2025_12_CAR_SF,2025-11-24,00-0036259,Jauan Jennings,WR,SF,CAR,15.100000000000001
2025,12,2025_12_CAR_SF,2025-11-24,00-0033288,George Kittle,TE,SF,CAR,13.8
2025,12,2025_12_CAR_SF,2025-11-24,00-0040124,Tetairoa McMillan,WR,CAR,SF,11.5
2025,12,2025_12_CAR_SF,2025-11-24,00-0036139,Rico Dowdle,RB,CAR,SF,11.4
2025,12,2025_12_CAR_SF,2025-11-24,00-0036555,Chuba Hubbard,RB,CAR,SF,8.3
2025,12,2025_12_CAR_SF,2025-11-24,00-0039150,Bryce Young,QB,CAR,SF,8.26
2025,12,2025_12_CAR_SF,2025-11-24,00-0037834,Brock Purdy,QB,SF,CAR,7.3199999999999985
2025,12,2025_12_CAR_SF,2025-11-24,00-0039491,Jalen Coker,WR,CAR,SF,6.2
2025,12,2025_12_CAR_SF,2025-11-24,00-0037746,Brian Robinson,RB,SF,CAR,5.4
2025,12,2025_12_CAR_SF,2025-11-24,00-0039342,Xavier Legette,WR,CAR,SF,5.2
2025,12,2025_12_CAR_SF,2025-11-24,00-0039916,Ricky Pearsall,WR,SF,CAR,2.8
2025,12,2025_12_CAR_SF,2025-11-24,00-0040218,Jimmy Horn Jr.,WR,CAR,SF,2.1
2025,12,2025_12_CAR_SF,2025-11-24,00-0032775,Demarcus Robinson,WR,SF,CAR,1.8
2025,12,2025_12_CAR_SF,2025-11-24,00-0039356,Ja'Tavion Sanders,TE,CAR,SF,1.6
2025,12,2025_12_CAR_SF,2025-11-24,00-0036887,Luke Farrell,TE,SF,CAR,1.3
2025,12,2025_12_CAR_SF,2025-11-24,00-0038840,Brycen Tremayne,WR,CAR,SF,0.0
2025,12,2025_12_CAR_SF,2025-11-24,00-0040187,Mitchell Evans,TE,CAR,SF,0.0
2025,12,2025_12_CAR_SF,2025-11-24,00-0038090,Skyy Moore,WR,SF,CAR,0.0
2025,12,2025_12_CAR_SF,2025-11-24,00-0040644,Trevor Etienne,RB,CAR,SF,0.0
2025,12,2025_12_CLE_LV,2025-11-23,00-0040122,Ashton Jeanty,RB,LV,CLE,24.8
2025,12,2025_12_CLE_LV,2025-11-23,00-0040784,Quinshon Judkins,RB,CLE,LV,16.7
2025,12,2025_12_CLE_LV,2025-11-23,00-0040162,Dylan Sampson,RB,CLE,LV,16.200000000000003
2025,12,2025_12_CLE_LV,2025-11-23,00-0030565,Geno Smith,QB,LV,CLE,14.2
2025,12,2025_12_CLE_LV,2025-11-23,00-0039338,Brock Bowers,TE,LV,CLE,11.5
2025,12,2025_12_CLE_LV,2025-11-23,00-0040668,Shedeur Sanders,QB,CLE,LV,10.26
2025,12,2025_12_CLE_LV,2025-11-23,00-0032211,Tyler Lockett,WR,LV,CLE,10.2
2025,12,2025_12_CLE_LV,2025-11-23,00-0040663,Harold Fannin Jr.,TE,CLE,LV,8.4
2025,12,2025_12_CLE_LV,2025-11-23,00-0040782,Isaiah Bond,WR,CLE,LV,7.800000000000001
2025,12,2025_12_CLE_LV,2025-11-23,00-0034365,Ian Thomas,TE,LV,CLE,7.6
2025,12,2025_12_CLE_LV,2025-11-23,00-0038563,Tre Tucker,WR,LV,CLE,5.800000000000001
2025,12,2025_12_CLE_LV,2025-11-23,00-0031687,Raheem Mostert,RB,LV,CLE,5.0
2025,12,2025_12_CLE_LV,2025-11-23,00-0036407,Jerry Jeudy,WR,CLE,LV,2.9000000000000004
2025,12,2025_12_CLE_LV,2025-11-23,00-0040581,Dont'e Thornton Jr.,WR,LV,CLE,2.4000000000000004
2025,12,2025_12_CLE_LV,2025-11-23,00-0039066,Michael Mayer,TE,LV,CLE,2.4000000000000004
2025,12,2025_12_CLE_LV,2025-11-23,00-0038979,Cedric Tillman,WR,CLE,LV,1.5
2025,12,2025_12_CLE_LV,2025-11-23,00-0039920,Malachi Corley,WR,CLE,LV,1.2
2025,12,2025_12_CLE_LV,2025-11-23,00-0035602,Alex Bachman,WR,LV,CLE,0.0
2025,12,2025_12_CLE_LV,2025-11-23,00-0039407,Dylan Laube,RB,LV,CLE,0.0
2025,12,2025_12_CLE_LV,2025-11-23,00-0040259,Gage Larvadain,WR,CLE,LV,0.0
2025,12,2025_12_CLE_LV,2025-11-23,00-0037267,Jerome Ford,RB,CLE,LV,-0.30000000000000004
2025,12,2025_12_IND_KC,2025-11-23,00-0039067,Rashee Rice,WR,KC,IND,24.1
2025,12,2025_12_IND_KC,2025-11-23,00-0033923,Kareem Hunt,RB,KC,IND,20.0
2025,12,2025_12_IND_KC,2025-11-23,00-0033873,Patrick Mahomes,QB,KC,IND,17.08
2025,12,2025_12_IND_KC,2025-11-23,00-0035710,Daniel Jones,QB,IND,KC,16.84
2025,12,2025_12_IND_KC,2025-11-23,00-0036252,Michael Pittman,WR,IND,KC,13.7
2025,12,2025_12_IND_KC,2025-11-23,00-0039894,Xavier Worthy,WR,KC,IND,9.9
2025,12,2025_12_IND_KC,2025-11-23,00-0040128,Tyler Warren,TE,IND,KC,9.5
2025,12,2025_12_IND_KC,2025-11-23,00-0037292,Andrew Ogletree,TE,IND,KC,8.8
2025,12,2025_12_IND_KC,2025-11-23,00-0036223,Jonathan Taylor,RB,IND,KC,8.600000000000001
2025,12,2025_12_IND_KC,2025-11-23,00-0030506,Travis Kelce,TE,KC,IND,8.4
2025,12,2025_12_IND_KC,2025-11-23,00-0040078,Brashard Smith,RB,KC,IND,6.6
2025,12,2025_12_IND_KC,2025-11-23,00-0035021,Ashton Dulin,WR,IND,KC,5.800000000000001
2025,12,2025_12_IND_KC,2025-11-23,00-0036637,Noah Gray,TE,KC,IND,5.5
2025,12,2025_12_IND_KC,2025-11-23,00-0036360,Clyde Edwards-Helaire,RB,KC,IND,3.7
2025,12,2025_12_IND_KC,2025-11-23,00-0037664,Alec Pierce,WR,IND,KC,3.6
2025,12,2025_12_IND_KC,2025-11-23,00-0038997,Josh Downs,WR,IND,KC,3.0
2025,12,2025_12_IND_KC,2025-11-23,00-0035662,Marquise Brown,WR,KC,IND,2.0
2025,12,2025_12_IND_KC,2025-11-23,00-0033217,Mo Alie-Cox,TE,IND,KC,1.9
2025,12,2025_12_IND_KC,2025-11-23,00-0033857,JuJu Smith-Schuster,WR,KC,IND,1.8
2025,12,2025_12_IND_KC,2025-11-23,00-0032104,Ameer Abdullah,RB,IND,KC,0.0
2025,12,2025_12_IND_KC,2025-11-23,00-0039816,Anthony Gould,WR,IND,KC,0.0
2025,12,2025_12_IND_KC,2025-11-23,00-0032951,Laquon Treadwell,WR,IND,KC,0.0
2025,12,2025_12_IND_KC,2025-11-23,00-0038519,Nikko Remigio,WR,KC,IND,0.0
2025,12,2025_12_IND_KC,2025-11-23,00-0037120,Tyler Goodson,RB,IND,KC,0.0
2025,12,2025_12_IND_KC,2025-11-23,00-0038104,Tyquan Thornton,WR,KC,IND,0.0
2025,12,2025_12_JAX_ARI,2025-11-23,00-0038559,Michael Wilson,WR,ARI,JAX,21.8
2025,12,2025_12_JAX_ARI,2025-11-23,00-0036973,Travis Etienne,RB,JAX,ARI,20.6
2025,12,2025_12_JAX_ARI,2025-11-23,00-0033119,Jacoby Brissett,QB,ARI,JAX,18.68
2025,12,2025_12_JAX_ARI,2025-11-23,00-0038606,Parker Washington,WR,JAX,ARI,18.1
2025,12,2025_12_JAX_ARI,2025-11-23,00-0036971,Trevor Lawrence,QB,JAX,ARI,17.14
2025,12,2025_12_JAX_ARI,2025-11-23,00-0037744,Trey McBride,TE,ARI,JAX,16.9
2025,12,2025_12_JAX_ARI,2025-11-23,00-0035500,Greg Dortch,WR,ARI,JAX,16.8
2025,12,2025_12_JAX_ARI,2025-11-23,00-0034960,Jakobi Meyers,WR,JAX,ARI,15.0
2025,12,2025_12_JAX_ARI,2025-11-23,00-0038935,Brenton Strange,TE,JAX,ARI,14.3
2025,12,2025_12_JAX_ARI,2025-11-23,00-0037157,Bam Knight,RB,ARI,JAX,13.2
2025,12,2025_12_JAX_ARI,2025-11-23,00-0036924,Michael Carter,RB,ARI,JAX,8.8
2025,12,2025_12_JAX_ARI,2025-11-23,00-0033246,Johnny Mundt,TE,JAX,ARI,2.2
2025,12,2025_12_JAX_ARI,2025-11-23,00-0039521,Xavier Weaver,WR,ARI,JAX,1.9
2025,12,2025_12_JAX_ARI,2025-11-23,00-0040719,Bhayshul Tuten,RB,JAX,ARI,1.7000000000000002
2025,12,2025_12_JAX_ARI,2025-11-23,00-0036332,Josiah Deguara,TE,ARI,JAX,1.6
2025,12,2025_12_JAX_ARI,2025-11-23,00-0040238,LeQuint Allen Jr.,RB,JAX,ARI,0.2
2025,12,2025_12_JAX_ARI,2025-11-23,00-0036841,Austin Trammell,WR,JAX,ARI,0.0
2025,12,2025_12_JAX_ARI,2025-11-23,00-0039041,Elijah Higgins,TE,ARI,JAX,0.0
2025,12,2025_12_JAX_ARI,2025-11-23,00-0033439,Pharaoh Brown,TE,ARI,JAX,0.0
2025,12,2025_12_JAX_ARI,2025-11-23,00-0036590,Quintin Morris,TE,JAX,ARI,0.0
2025,12,2025_12_JAX_ARI,2025-11-23,00-0033375,Tim Patrick,WR,JAX,ARI,0.0
2025,12,2025_12_JAX_ARI,2025-11-23,00-0039577,Kedon Slovis,QB,ARI,JAX,-0.08
2025,12,2025_12_MIN_GB,2025-11-23,00-0038797,Emanuel Wilson,RB,GB,MIN,26.5
2025,12,2025_12_MIN_GB,2025-11-23,00-0038124,Christian Watson,WR,GB,MIN,9.9
2025,12,2025_12_MIN_GB,2025-11-23,00-0036322,Justin Jefferson,WR,MIN,GB,8.8
2025,12,2025_12_MIN_GB,2025-11-23,00-0033293,Aaron Jones,RB,MIN,GB,8.7
2025,12,2025_12_MIN_GB,2025-11-23,00-0036264,Jordan Love,QB,GB,MIN,7.0600000000000005
2025,12,2025_12_MIN_GB,2025-11-23,00-0035229,T.J. Hockenson,TE,MIN,GB,5.9
2025,12,2025_12_MIN_GB,2025-11-23,00-0038393,Dontayvion Wicks,WR,GB,MIN,5.2
2025,12,2025_12_MIN_GB,2025-11-23,00-0037816,Romeo Doubs,WR,GB,MIN,4.300000000000001
2025,12,2025_12_MIN_GB,2025-11-23,00-0037525,Jordan Mason,RB,MIN,GB,4.2
2025,12,2025_12_MIN_GB,2025-11-23,00-0038685,Chris Brooks,RB,GB,MIN,3.6
2025,12,2025_12_MIN_GB,2025-11-23,00-0037306,John FitzPatrick,TE,GB,MIN,2.1
2025,12,2025_12_MIN_GB,2025-11-23,00-0039144,Luke Musgrave,TE,GB,MIN,1.7000000000000002
2025,12,2025_12_MIN_GB,2025-11-23,00-0035249,Josh Oliver,TE,MIN,GB,1.4
2025,12,2025_12_MIN_GB,2025-11-23,00-0038589,Josh Whyle,TE,GB,MIN,1.1
2025,12,2025_12_MIN_GB,2025-11-23,00-0038128,Malik Willis,QB,GB,MIN,0.5800000000000001
2025,12,2025_12_MIN_GB,2025-11-23,00-0039923,J.J. McCarthy,QB,MIN,GB,0.48
2025,12,2025_12_MIN_GB,2025-11-23,00-0030035,Adam Thielen,WR,MIN,GB,0.0
2025,12,2025_12_MIN_GB,2025-11-23,00-0037291,Jalen Nailor,WR,MIN,GB,0.0
2025,12,2025_12_MIN_GB,2025-11-23,00-0038994,Jordan Addison,WR,MIN,GB,0.0
2025,12,2025_12_MIN_GB,2025-11-23,00-0040506,Myles Price,WR,MIN,GB,0.0
2025,12,2025_12_MIN_GB,2025-11-23,00-0040009,Savion Williams,WR,GB,MIN,0.0
2025,12,2025_12_MIN_GB,2025-11-23,00-0040154,Tai Felton,WR,MIN,GB,0.0
2025,12,2025_12_NE_CIN,2025-11-23,00-0033090,Hunter Henry,TE,NE,CIN,24.5
2025,12,2025_12_NE_CIN,2025-11-23,00-0039851,Drake Maye,QB,NE,CIN,15.96
2025,12,2025_12_NE_CIN,2025-11-23,00-0038597,Chase Brown,RB,CIN,NE,15.0
2025,12,2025_12_NE_CIN,2025-11-23,00-0040734,TreVeyon Henderson,RB,NE,CIN,11.1
2025,12,2025_12_NE_CIN,2025-11-23,00-0038839,Mitchell Tinsley,WR,CIN,NE,10.9
2025,12,2025_12_NE_CIN,2025-11-23,00-0038619,Andrei Iosivas,WR,CIN,NE,10.600000000000001
2025,12,2025_12_NE_CIN,2025-11-23,00-0026158,Joe Flacco,QB,CIN,NE,9.620000000000001
2025,12,2025_12_NE_CIN,2025-11-23,00-0036410,Tee Higgins,WR,CIN,NE,8.1
2025,12,2025_12_NE_CIN,2025-11-23,00-0034829,Mike Gesicki,TE,CIN,NE,7.5
2025,12,2025_12_NE_CIN,2025-11-23,00-0032392,Austin Hooper,TE,NE,CIN,6.9
2025,12,2025_12_NE_CIN,2025-11-23,00-0038621,DeMario Douglas,WR,NE,CIN,6.1000000000000005
2025,12,2025_12_NE_CIN,2025-11-23,00-0033555,Mack Hollins,WR,NE,CIN,5.0
2025,12,2025_12_NE_CIN,2025-11-23,00-0031588,Stefon Diggs,WR,NE,CIN,4.0
2025,12,2025_12_NE_CIN,2025-11-23,00-0038608,Kayshon Boutte,WR,NE,CIN,3.5
2025,12,2025_12_NE_CIN,2025-11-23,00-0040131,Kyle Williams,WR,NE,CIN,2.8
2025,12,2025_12_NE_CIN,2025-11-23,00-0036875,Rhamondre Stevenson,RB,NE,CIN,2.0
2025,12,2025_12_NE_CIN,2025-11-23,00-0035644,Noah Fant,TE,CIN,NE,1.9
2025,12,2025_12_NE_CIN,2025-11-23,00-0034613,Tanner Hudson,TE,CIN,NE,1.9
2025,12,2025_12_NE_CIN,2025-11-23,00-0035631,Drew Sample,TE,CIN,NE,1.0
2025,12,2025_12_NE_CIN,2025-11-23,00-0035100,Jake Browning,QB,CIN,NE,0.56
2025,12,2025_12_NE_CIN,2025-11-23,00-0040208,Tahj Brooks,RB,CIN,NE,0.5
2025,12,2025_12_NE_CIN,2025-11-23,00-0038576,Charlie Jones,WR,CIN,NE,0.0
2025,12,2025_12_NE_CIN,2025-11-23,00-0036569,Gary Brightwell,RB,CIN,NE,0.0
2025,12,2025_12_NE_CIN,2025-11-23,00-0039757,Terrell Jennings,RB,NE,CIN,0.0
2025,12,2025_12_NYG_DET,2025-11-23,00-0039139,Jahmyr Gibbs,RB,DET,NYG,55.400000000000006
2025,12,2025_12_NYG_DET,2025-11-23,00-0031503,Jameis Winston,QB,NYG,DET,32.24
2025,12,2025_12_NYG_DET,2025-11-23,00-0038117,Wan'Dale Robinson,WR,NYG,DET,30.6
2025,12,2025_12_NYG_DET,2025-11-23,00-0036963,Amon-Ra St. Brown,WR,DET,NYG,29.9
2025,12,2025_12_NYG_DET,2025-11-23,00-0033106,Jared Goff,QB,DET,NYG,17.16
2025,12,2025_12_NYG_DET,2025-11-23,00-0039384,Tyrone Tracy Jr.,RB,NYG,DET,16.0
2025,12,2025_12_NYG_DET,2025-11-23,00-0036165,Isaiah Hodgins,WR,NYG,DET,12.2
2025,12,2025_12_NYG_DET,2025-11-23,00-0039847,Theo Johnson,TE,NYG,DET,10.7
2025,12,2025_12_NYG_DET,2025-11-23,00-0035685,David Montgomery,RB,DET,NYG,6.7
2025,12,2025_12_NYG_DET,2025-11-23,00-0036754,Brock Wright,TE,DET,NYG,5.9
2025,12,2025_12_NYG_DET,2025-11-23,00-0032464,Kalif Raymond,WR,DET,NYG,5.7
2025,12,2025_12_NYG_DET,2025-11-23,00-0035645,Gunner Olszewski,WR,NYG,DET,5.32
2025,12,2025_12_NYG_DET,2025-11-23,00-0035250,Devin Singletary,RB,NYG,DET,4.7
2025,12,2025_12_NYG_DET,2025-11-23,00-0035535,Darius Slayton,WR,NYG,DET,3.3000000000000003
2025,12,2025_12_NYG_DET,2025-11-23,00-0038115,Daniel Bellinger,TE,NYG,DET,0.0
2025,12,2025_12_NYG_DET,2025-11-23,00-0038396,Eric Gray,RB,NYG,DET,0.0
2025,12,2025_12_NYG_DET,2025-11-23,00-0040669,Isaac TeSlaa,WR,DET,NYG,0.0
2025,12,2025_12_NYG_DET,2025-11-23,00-0038896,Jacob Saylors,RB,DET,NYG,0.0
2025,12,2025_12_NYG_DET,2025-11-23,00-0037240,Jameson Williams,WR,DET,NYG,0.0
2025,12,2025_12_NYG_DET,2025-11-23,00-0034073,Ross Dwelley,TE,DET,NYG,0.0
2025,12,2025_12_NYJ_BAL,2025-11-23,00-0032764,Derrick Henry,RB,BAL,NYJ,22.8
2025,12,2025_12_NYJ_BAL,2025-11-23,00-0037614,John Metchie III,WR,NYJ,BAL,18.5
2025,12,2025_12_NYJ_BAL,2025-11-23,00-0038120,Breece Hall,RB,NYJ,BAL,13.9
2025,12,2025_12_NYJ_BAL,2025-11-23,00-0028118,Tyrod Taylor,QB,NYJ,BAL,12.780000000000001
2025,12,2025_12_NYJ_BAL,2025-11-23,00-0039064,Zay Flowers,WR,BAL,NYJ,11.9
2025,12,2025_12_NYJ_BAL,2025-11-23,00-0034796,Lamar Jackson,QB,BAL,NYJ,7.220000000000001
2025,12,2025_12_NYJ_BAL,2025-11-23,00-0039890,Adonai Mitchell,WR,NYJ,BAL,6.2
2025,12,2025_12_NYJ_BAL,2025-11-23,00-0040736,Mason Taylor,TE,NYJ,BAL,5.1
2025,12,2025_12_NYJ_BAL,2025-11-23,00-0039792,Devontez Walker,WR,BAL,NYJ,4.0
2025,12,2025_12_NYJ_BAL,2025-11-23,00-0030564,DeAndre Hopkins,WR,BAL,NYJ,3.3
2025,12,2025_12_NYJ_BAL,2025-11-23,00-0038454,Keaton Mitchell,RB,BAL,NYJ,2.9000000000000004
2025,12,2025_12_NYJ_BAL,2025-11-23,00-0034753,Mark Andrews,TE,BAL,NYJ,2.1
2025,12,2025_12_NYJ_BAL,2025-11-23,00-0037838,Isaiah Likely,TE,BAL,NYJ,2.0
2025,12,2025_12_NYJ_BAL,2025-11-23,00-0034521,Allen Lazard,WR,NYJ,BAL,1.9
2025,12,2025_12_NYJ_BAL,2025-11-23,00-0040582,Arian Smith,WR,NYJ,BAL,0.8
2025,12,2025_12_NYJ_BAL,2025-11-23,00-0039798,Isaiah Davis,RB,NYJ,BAL,0.7000000000000001
2025,12,2025_12_NYJ_BAL,2025-11-23,00-0038046,Charlie Kolar,TE,BAL,NYJ,0.0
2025,12,2025_12_NYJ_BAL,2025-11-23,00-0039451,Isaiah Williams,WR,NYJ,BAL,0.0
2025,12,2025_12_NYJ_BAL,2025-11-23,00-0034975,Justice Hill,RB,BAL,NYJ,0.0
2025,12,2025_12_NYJ_BAL,2025-11-23,00-0036842,Kene Nwangwu,RB,NYJ,BAL,0.0
2025,12,2025_12_NYJ_BAL,2025-11-23,00-0040075,LaJohntay Wester,WR,BAL,NYJ,0.0
2025,12,2025_12_NYJ_BAL,2025-11-23,00-0036630,Tylan Wallace,WR,BAL,NYJ,0.0
2025,12,2025_12_PHI_DAL,2025-11-23,00-0036389,Jalen Hurts,QB,PHI,DAL,30.86
2025,12,2025_12_PHI_DAL,2025-11-23,00-0037247,George Pickens,WR,DAL,PHI,29.6
2025,12,2025_12_PHI_DAL,2025-11-23,00-0033077,Dak Prescott,QB,DAL,PHI,27.06
2025,12,2025_12_PHI_DAL,2025-11-23,00-0035676,A.J. Brown,WR,PHI,DAL,25.0
2025,12,2025_12_PHI_DAL,2025-11-23,00-0036912,DeVonta Smith,WR,PHI,DAL,14.9
2025,12,2025_12_PHI_DAL,2025-11-23,00-0034844,Saquon Barkley,RB,PHI,DAL,12.4
2025,12,2025_12_PHI_DAL,2025-11-23,00-0036997,Javonte Williams,RB,DAL,PHI,12.100000000000001
2025,12,2025_12_PHI_DAL,2025-11-23,00-0036358,CeeDee Lamb,WR,DAL,PHI,11.5
2025,12,2025_12_PHI_DAL,2025-11-23,00-0038041,Jake Ferguson,TE,DAL,PHI,11.100000000000001
2025,12,2025_12_PHI_DAL,2025-11-23,00-0039530,Brevyn Spann-Ford,TE,DAL,PHI,7.4
2025,12,2025_12_PHI_DAL,2025-11-23,00-0037801,KaVontae Turpin,WR,DAL,PHI,4.2
2025,12,2025_12_PHI_DAL,2025-11-23,00-0034351,Dallas Goedert,TE,PHI,DAL,4.0
2025,12,2025_12_PHI_DAL,2025-11-23,00-0040024,Darius Cooper,WR,PHI,DAL,2.7
2025,12,2025_12_PHI_DAL,2025-11-23,00-0037563,Malik Davis,RB,DAL,PHI,2.4000000000000004
2025,12,2025_12_PHI_DAL,2025-11-23,00-0037086,Grant Calcaterra,TE,PHI,DAL,1.8
2025,12,2025_12_PHI_DAL,2025-11-23,00-0038738,Hunter Luepke,RB,DAL,PHI,1.7000000000000002
2025,12,2025_12_PHI_DAL,2025-11-23,00-0038496,Xavier Gipson,WR,PHI,DAL,1.3
2025,12,2025_12_PHI_DAL,2025-11-23,00-0038555,Tank Bigsby,RB,PHI,DAL,0.8
2025,12,2025_12_PHI_DAL,2025-11-23,00-0038564,Cameron Latu,TE,PHI,DAL,0.0
2025,12,2025_12_PHI_DAL,2025-11-23,00-0037741,Jahan Dotson,WR,PHI,DAL,0.0
2025,12,2025_12_PHI_DAL,2025-11-23,00-0038547,Luke Schoonmaker,TE,DAL,PHI,0.0
2025,12,2025_12_PHI_DAL,2025-11-23,00-0039410,Ryan Flournoy,WR,DAL,PHI,0.0
2025,12,2025_12_PHI_DAL,2025-11-23,00-0039746,Will Shipley,RB,PHI,DAL,0.0
2025,12,2025_12_PIT_CHI,2025-11-23,00-0034827,DJ Moore,WR,CHI,PIT,23.4
2025,12,2025_12_PIT_CHI,2025-11-23,00-0039918,Caleb Williams,QB,CHI,PIT,21.660000000000004
2025,12,2025_12_PIT_CHI,2025-11-23,00-0036919,Kenny Gainwell,RB,PIT,CHI,18.200000000000003
2025,12,2025_12_PIT_CHI,2025-11-23,00-0040126,Colston Loveland,TE,CHI,PIT,14.9
2025,12,2025_12_PIT_CHI,2025-11-23,00-0035640,DK Metcalf,WR,PIT,CHI,14.4
2025,12,2025_12_PIT_CHI,2025-11-23,00-0037228,Jaylen Warren,RB,PIT,CHI,12.8
2025,12,2025_12_PIT_CHI,2025-11-23,00-0036894,Pat Freiermuth,TE,PIT,CHI,10.9
2025,12,2025_12_PIT_CHI,2025-11-23,00-0040236,Kyle Monangai,RB,CHI,PIT,10.8
2025,12,2025_12_PIT_CHI,2025-11-23,00-0040735,Luther Burden III,WR,CHI,PIT,9.100000000000001
2025,12,2025_12_PIT_CHI,2025-11-23,00-0039919,Rome Odunze,WR,CHI,PIT,8.3
2025,12,2025_12_PIT_CHI,2025-11-23,00-0037837,Calvin Austin III,WR,PIT,CHI,7.6
2025,12,2025_12_PIT_CHI,2025-11-23,00-0034771,Mason Rudolph,QB,PIT,CHI,7.539999999999999
2025,12,2025_12_PIT_CHI,2025-11-23,00-0033858,Jonnu Smith,TE,PIT,CHI,5.800000000000001
2025,12,2025_12_PIT_CHI,2025-11-23,00-0038558,Darnell Washington,TE,PIT,CHI,4.2
2025,12,2025_12_PIT_CHI,2025-11-23,00-0036862,Ben Skowronek,WR,PIT,CHI,3.1
2025,12,2025_12_PIT_CHI,2025-11-23,00-0036275,D'Andre Swift,RB,CHI,PIT,1.9000000000000004
2025,12,2025_12_PIT_CHI,2025-11-23,00-0035208,Olamide Zaccheaus,WR,CHI,PIT,1.6
2025,12,2025_12_PIT_CHI,2025-11-23,00-0034798,Durham Smythe,TE,CHI,PIT,1.4
2025,12,2025_12_PIT_CHI,2025-11-23,00-0036290,Cole Kmet,TE,CHI,PIT,1.3
2025,12,2025_12_PIT_CHI,2025-11-23,00-0036331,Devin Duvernay,WR,CHI,PIT,0.0
2025,12,2025_12_PIT_CHI,2025-11-23,00-0040534,Ke'Shawn Williams,WR,PIT,CHI,0.0
2025,12,2025_12_PIT_CHI,2025-11-23,00-0037031,Nikola Kalinic,TE,CHI,PIT,0.0
2025,12,2025_12_PIT_CHI,2025-11-23,00-0039739,Roman Wilson,WR,PIT,CHI,0.0
2025,12,2025_12_SEA_TEN,2025-11-23,00-0038543,Jaxon Smith-Njigba,WR,SEA,TEN,37.1
2025,12,2025_12_SEA_TEN,2025-11-23,00-0040676,Cam Ward,QB,TEN,SEA,23.94
2025,12,2025_12_SEA_TEN,2025-11-23,00-0040705,Chimere Dike,WR,TEN,SEA,21.4
2025,12,2025_12_SEA_TEN,2025-11-23,00-0034869,Sam Darnold,QB,SEA,TEN,17.659999999999997
2025,12,2025_12_SEA_TEN,2025-11-23,00-0038134,Kenneth Walker III,RB,SEA,TEN,13.100000000000001
2025,12,2025_12_SEA_TEN,2025-11-23,00-0040584,Gunnar Helm,TE,TEN,SEA,11.100000000000001
2025,12,2025_12_SEA_TEN,2025-11-23,00-0039165,Zach Charbonnet,RB,SEA,TEN,9.5
2025,12,2025_12_SEA_TEN,2025-11-23,00-0035261,Tony Pollard,RB,TEN,SEA,8.100000000000001
2025,12,2025_12_SEA_TEN,2025-11-23,00-0036133,James Proche,WR,TEN,SEA,7.2
2025,12,2025_12_SEA_TEN,2025-11-23,00-0037809,Chig Okonkwo,TE,TEN,SEA,7.0
2025,12,2025_12_SEA_TEN,2025-11-23,00-0039032,Tyjae Spears,RB,TEN,SEA,6.5
2025,12,2025_12_SEA_TEN,2025-11-23,00-0040522,Xavier Restrepo,WR,TEN,SEA,4.6
2025,12,2025_12_SEA_TEN,2025-11-23,00-0033908,Cooper Kupp,WR,SEA,TEN,4.4
2025,12,2025_12_SEA_TEN,2025-11-23,00-0039793,AJ Barner,TE,SEA,TEN,3.8
2025,12,2025_12_SEA_TEN,2025-11-23,00-0036415,Van Jefferson,WR,TEN,SEA,2.1
2025,12,2025_12_SEA_TEN,2025-11-23,00-0040739,Elijah Arroyo,TE,SEA,TEN,1.5
2025,12,2025_12_SEA_TEN,2025-11-23,00-0037545,Rashid Shaheed,WR,SEA,TEN,0.5
2025,12,2025_12_SEA_TEN,2025-11-23,00-0037594,Julius Chestnut,RB,TEN,SEA,0.30000000000000004
2025,12,2025_12_SEA_TEN,2025-11-23,00-0038488,Brady Russell,RB,SEA,TEN,0.0
2025,12,2025_12_SEA_TEN,2025-11-23,00-0035891,Cody White,WR,SEA,TEN,0.0
2025,12,2025_12_SEA_TEN,2025-11-23,00-0038752,Jake Bobo,WR,SEA,TEN,0.0
2025,12,2025_12_SEA_TEN,2025-11-23,00-0040205,Kalel Mullings,RB,TEN,SEA,0.0
2025,12,2025_12_SEA_TEN,2025-11-23,00-0036176,Mason Kinsey,WR,TEN,SEA,0.0
2025,12,2025_12_TB_LA,2025-11-23,00-0031381,Davante Adams,WR,LA,TB,23.2
2025,12,2025_12_TB_LA,2025-11-23,00-0026498,Matthew Stafford,QB,LA,TB,22.92
2025,12,2025_12_TB_LA,2025-11-23,00-0039075,Puka Nacua,WR,LA,TB,16.700000000000003
2025,12,2025_12_TB_LA,2025-11-23,00-0036244,Colby Parkinson,TE,LA,TB,14.100000000000001
2025,12,2025_12_TB_LA,2025-11-23,00-0040237,Tez Johnson,WR,TB,LA,12.3
2025,12,2025_12_TB_LA,2025-11-23,00-0040129,Emeka Egbuka,WR,TB,LA,6.2
2025,12,2025_12_TB_LA,2025-11-23,00-0038129,Cade Otton,TE,TB,LA,6.1
2025,12,2025_12_TB_LA,2025-11-23,00-0039074,Davis Allen,TE,LA,TB,5.9
2025,12,2025_12_TB_LA,2025-11-23,00-0037840,Kyren Williams,RB,LA,TB,5.800000000000001
2025,12,2025_12_TB_LA,2025-11-23,00-0038951,Sean Tucker,RB,TB,LA,5.6000000000000005
2025,12,2025_12_TB_LA,2025-11-23,00-0037256,Rachaad White,RB,TB,LA,5.2
2025,12,2025_12_TB_LA,2025-11-23,00-0039751,Jordan Whittington,WR,LA,TB,4.7
2025,12,2025_12_TB_LA,2025-11-23,00-0040590,Konata Mumpfield,WR,LA,TB,4.5
2025,12,2025_12_TB_LA,2025-11-23,00-0032385,Sterling Shepard,WR,TB,LA,4.2
2025,12,2025_12_TB_LA,2025-11-23,00-0034855,Baker Mayfield,QB,TB,LA,3.540000000000001
2025,12,2025_12_TB_LA,2025-11-23,00-0031237,Teddy Bridgewater,QB,TB,LA,3.08
2025,12,2025_12_TB_LA,2025-11-23,00-0033921,Chris Godwin Jr.,WR,TB,LA,2.9
2025,12,2025_12_TB_LA,2025-11-23,00-0039738,Blake Corum,RB,LA,TB,2.4000000000000004
2025,12,2025_12_TB_LA,2025-11-23,00-0038458,Owen Wright,RB,TB,LA,0.6000000000000001
2025,12,2025_12_TB_LA,2025-11-23,00-0039589,Kameron Johnson,WR,TB,LA,0.0
2025,12,2025_12_TB_LA,2025-11-23,00-0040737,Terrance Ferguson,TE,LA,TB,0.0
2025,13,2025_13_ARI_TB,2025-11-30,00-0037744,Trey McBride,TE,ARI,TB,22.200000000000003
2025,13,2025_13_ARI_TB,2025-11-30,00-0033119,Jacoby Brissett,QB,ARI,TB,19.64
2025,13,2025_13_ARI_TB,2025-11-30,00-0037157,Bam Knight,RB,ARI,TB,16.8
2025,13,2025_13_ARI_TB,2025-11-30,00-0039361,Bucky Irving,RB,TB,ARI,16.1
2025,13,2025_13_ARI_TB,2025-11-30,00-0034855,Baker Mayfield,QB,TB,ARI,14.46
2025,13,2025_13_ARI_TB,2025-11-30,00-0039849,Marvin Harrison Jr.,WR,ARI,TB,12.9
2025,13,2025_13_ARI_TB,2025-11-30,00-0036924,Michael Carter,RB,ARI,TB,11.4
2025,13,2025_13_ARI_TB,2025-11-30,00-0033921,Chris Godwin Jr.,WR,TB,ARI,10.8
2025,13,2025_13_ARI_TB,2025-11-30,00-0040129,Emeka Egbuka,WR,TB,ARI,8.2
2025,13,2025_13_ARI_TB,2025-11-30,00-0038559,Michael Wilson,WR,ARI,TB,6.6
2025,13,2025_13_ARI_TB,2025-11-30,00-0037256,Rachaad White,RB,TB,ARI,5.9
2025,13,2025_13_ARI_TB,2025-11-30,00-0039041,Elijah Higgins,TE,ARI,TB,3.7
2025,13,2025_13_ARI_TB,2025-11-30,00-0035500,Greg Dortch,WR,ARI,TB,3.4000000000000004
2025,13,2025_13_ARI_TB,2025-11-30,00-0038129,Cade Otton,TE,TB,ARI,2.9
2025,13,2025_13_ARI_TB,2025-11-30,00-0039050,Payne Durham,TE,TB,ARI,2.1
2025,13,2025_13_ARI_TB,2025-11-30,00-0032385,Sterling Shepard,WR,TB,ARI,1.5
2025,13,2025_13_ARI_TB,2025-11-30,00-0040237,Tez Johnson,WR,TB,ARI,1.5
2025,13,2025_13_ARI_TB,2025-11-30,00-0035876,Andre Baccellia,WR,ARI,TB,0.0
2025,13,2025_13_ARI_TB,2025-11-30,00-0039754,Devin Culp,TE,TB,ARI,0.0
2025,13,2025_13_ARI_TB,2025-11-30,00-0039589,Kameron Johnson,WR,TB,ARI,0.0
2025,13,2025_13_ARI_TB,2025-11-30,00-0038824,Ryan Miller,WR,TB,ARI,0.0
2025,13,2025_13_ARI_TB,2025-11-30,00-0038951,Sean Tucker,RB,TB,ARI,0.0
2025,13,2025_13_ARI_TB,2025-11-30,00-0039521,Xavier Weaver,WR,ARI,TB,0.0
2025,13,2025_13_ATL_NYJ,2025-11-30,00-0038542,Bijan Robinson,RB,ATL,NYJ,30.3
2025,13,2025_13_ATL_NYJ,2025-11-30,00-0039890,Adonai Mitchell,WR,NYJ,ATL,24.200000000000003
2025,13,2025_13_ATL_NYJ,2025-11-30,00-0028118,Tyrod Taylor,QB,NYJ,ATL,21.28
2025,13,2025_13_ATL_NYJ,2025-11-30,00-0038120,Breece Hall,RB,NYJ,ATL,15.600000000000001
2025,13,2025_13_ATL_NYJ,2025-11-30,00-0036970,Kyle Pitts,TE,ATL,NYJ,15.200000000000001
2025,13,2025_13_ATL_NYJ,2025-11-30,00-0037263,Tyler Allgeier,RB,ATL,NYJ,13.5
2025,13,2025_13_ATL_NYJ,2025-11-30,00-0029604,Kirk Cousins,QB,ATL,NYJ,13.36
2025,13,2025_13_ATL_NYJ,2025-11-30,00-0035359,David Sills,WR,ATL,NYJ,9.5
2025,13,2025_13_ATL_NYJ,2025-11-30,00-0037614,John Metchie III,WR,NYJ,ATL,5.7
2025,13,2025_13_ATL_NYJ,2025-11-30,00-0037487,Deven Thompkins,WR,ATL,NYJ,4.800000000000001
2025,13,2025_13_ATL_NYJ,2025-11-30,00-0036309,Darnell Mooney,WR,ATL,NYJ,4.5
2025,13,2025_13_ATL_NYJ,2025-11-30,00-0040736,Mason Taylor,TE,NYJ,ATL,4.1
2025,13,2025_13_ATL_NYJ,2025-11-30,00-0037805,Jeremy Ruckert,TE,NYJ,ATL,3.2
2025,13,2025_13_ATL_NYJ,2025-11-30,00-0034521,Allen Lazard,WR,NYJ,ATL,2.0
2025,13,2025_13_ATL_NYJ,2025-11-30,00-0038953,Dylan Drummond,WR,ATL,NYJ,1.3
2025,13,2025_13_ATL_NYJ,2025-11-30,00-0039798,Isaiah Davis,RB,NYJ,ATL,0.0
2025,13,2025_13_ATL_NYJ,2025-11-30,00-0039451,Isaiah Williams,WR,NYJ,ATL,0.0
2025,13,2025_13_ATL_NYJ,2025-11-30,00-0033572,Jamal Agnew,WR,ATL,NYJ,0.0
2025,13,2025_13_BUF_PIT,2025-11-30,00-0037248,James Cook,RB,BUF,PIT,18.7
2025,13,2025_13_BUF_PIT,2025-11-30,00-0034857,Josh Allen,QB,BUF,PIT,16.72
2025,13,2025_13_BUF_PIT,2025-11-30,00-0037228,Jaylen Warren,RB,PIT,BUF,12.4
2025,13,2025_13_BUF_PIT,2025-11-30,00-0039901,Keon Coleman,WR,BUF,PIT,8.9
2025,13,2025_13_BUF_PIT,2025-11-30,00-0038558,Darnell Washington,TE,PIT,BUF,6.5
2025,13,2025_13_BUF_PIT,2025-11-30,00-0036919,Kenny Gainwell,RB,PIT,BUF,6.5
2025,13,2025_13_BUF_PIT,2025-11-30,00-0035640,DK Metcalf,WR,PIT,BUF,6.2
2025,13,2025_13_BUF_PIT,2025-11-30,00-0039875,Ray Davis,RB,BUF,PIT,6.2
2025,13,2025_13_BUF_PIT,2025-11-30,00-0035689,Dawson Knox,TE,BUF,PIT,5.800000000000001
2025,13,2025_13_BUF_PIT,2025-11-30,00-0035537,Ty Johnson,RB,BUF,PIT,5.5
2025,13,2025_13_BUF_PIT,2025-11-30,00-0023459,Aaron Rodgers,QB,PIT,BUF,2.6799999999999997
2025,13,2025_13_BUF_PIT,2025-11-30,00-0031236,Brandin Cooks,WR,BUF,PIT,2.3
2025,13,2025_13_BUF_PIT,2025-11-30,00-0040194,Jackson Hawes,TE,BUF,PIT,2.0
2025,13,2025_13_BUF_PIT,2025-11-30,00-0033858,Jonnu Smith,TE,PIT,BUF,1.6
2025,13,2025_13_BUF_PIT,2025-11-30,00-0036196,Gabe Davis,WR,BUF,PIT,1.5
2025,13,2025_13_BUF_PIT,2025-11-30,00-0037261,Khalil Shakir,WR,BUF,PIT,1.5
2025,13,2025_13_BUF_PIT,2025-11-30,00-0040142,Kaleb Johnson,RB,PIT,BUF,0.30000000000000004
2025,13,2025_13_BUF_PIT,2025-11-30,00-0036862,Ben Skowronek,WR,PIT,BUF,0.0
2025,13,2025_13_BUF_PIT,2025-11-30,00-0037837,Calvin Austin III,WR,PIT,BUF,0.0
2025,13,2025_13_BUF_PIT,2025-11-30,00-0040534,Ke'Shawn Williams,WR,PIT,BUF,0.0
2025,13,2025_13_BUF_PIT,2025-11-30,00-0036187,Reggie Gilliam,RB,BUF,PIT,0.0
2025,13,2025_13_BUF_PIT,2025-11-30,00-0039739,Roman Wilson,WR,PIT,BUF,0.0
2025,13,2025_13_BUF_PIT,2025-11-30,00-0034771,Mason Rudolph,QB,PIT,BUF,-2.0
2025,13,2025_13_CHI_PHI,2025-11-28,00-0035676,A.J. Brown,WR,PHI,CHI,35.2
2025,13,2025_13_CHI_PHI,2025-11-28,00-0036275,D'Andre Swift,RB,CHI,PHI,20.8
2025,13,2025_13_CHI_PHI,2025-11-28,00-0040236,Kyle Monangai,RB,CHI,PHI,19.0
2025,13,2025_13_CHI_PHI,2025-11-28,00-0036389,Jalen Hurts,QB,PHI,CHI,16.300000000000004
2025,13,2025_13_CHI_PHI,2025-11-28,00-0036290,Cole Kmet,TE,CHI,PHI,12.6
2025,13,2025_13_CHI_PHI,2025-11-28,00-0036912,DeVonta Smith,WR,PHI,CHI,9.8
2025,13,2025_13_CHI_PHI,2025-11-28,00-0039918,Caleb Williams,QB,CHI,PHI,9.46
2025,13,2025_13_CHI_PHI,2025-11-28,00-0040735,Luther Burden III,WR,CHI,PHI,7.6
2025,13,2025_13_CHI_PHI,2025-11-28,00-0040126,Colston Loveland,TE,CHI,PHI,5.800000000000001
2025,13,2025_13_CHI_PHI,2025-11-28,00-0034844,Saquon Barkley,RB,PHI,CHI,5.6000000000000005
2025,13,2025_13_CHI_PHI,2025-11-28,00-0034827,DJ Moore,WR,CHI,PHI,4.7
2025,13,2025_13_CHI_PHI,2025-11-28,00-0034351,Dallas Goedert,TE,PHI,CHI,4.7
2025,13,2025_13_CHI_PHI,2025-11-28,00-0035208,Olamide Zaccheaus,WR,CHI,PHI,3.9000000000000004
2025,13,2025_13_CHI_PHI,2025-11-28,00-0039919,Rome Odunze,WR,CHI,PHI,2.8
2025,13,2025_13_CHI_PHI,2025-11-28,00-0037741,Jahan Dotson,WR,PHI,CHI,2.2
2025,13,2025_13_CHI_PHI,2025-11-28,00-0039746,Will Shipley,RB,PHI,CHI,2.1
2025,13,2025_13_CHI_PHI,2025-11-28,00-0037132,Britain Covey,WR,PHI,CHI,0.0
2025,13,2025_13_CHI_PHI,2025-11-28,00-0038564,Cameron Latu,TE,PHI,CHI,0.0
2025,13,2025_13_CHI_PHI,2025-11-28,00-0036331,Devin Duvernay,WR,CHI,PHI,0.0
2025,13,2025_13_CHI_PHI,2025-11-28,00-0035594,Travis Homer,RB,CHI,PHI,0.0
2025,13,2025_13_CIN_BAL,2025-11-27,00-0036442,Joe Burrow,QB,CIN,BAL,19.24
2025,13,2025_13_CIN_BAL,2025-11-27,00-0038597,Chase Brown,RB,CIN,BAL,18.3
2025,13,2025_13_CIN_BAL,2025-11-27,00-0036900,Ja'Marr Chase,WR,CIN,BAL,18.0
2025,13,2025_13_CIN_BAL,2025-11-27,00-0032764,Derrick Henry,RB,BAL,CIN,17.4
2025,13,2025_13_CIN_BAL,2025-11-27,00-0037838,Isaiah Likely,TE,BAL,CIN,12.5
2025,13,2025_13_CIN_BAL,2025-11-27,00-0038454,Keaton Mitchell,RB,BAL,CIN,11.1
2025,13,2025_13_CIN_BAL,2025-11-27,00-0038619,Andrei Iosivas,WR,CIN,BAL,9.9
2025,13,2025_13_CIN_BAL,2025-11-27,00-0034753,Mark Andrews,TE,BAL,CIN,8.7
2025,13,2025_13_CIN_BAL,2025-11-27,00-0034613,Tanner Hudson,TE,CIN,BAL,8.4
2025,13,2025_13_CIN_BAL,2025-11-27,00-0034796,Lamar Jackson,QB,BAL,CIN,6.539999999999999
2025,13,2025_13_CIN_BAL,2025-11-27,00-0033526,Samaje Perine,RB,CIN,BAL,5.4
2025,13,2025_13_CIN_BAL,2025-11-27,00-0030564,DeAndre Hopkins,WR,BAL,CIN,4.5
2025,13,2025_13_CIN_BAL,2025-11-27,00-0038839,Mitchell Tinsley,WR,CIN,BAL,4.2
2025,13,2025_13_CIN_BAL,2025-11-27,00-0034829,Mike Gesicki,TE,CIN,BAL,3.9000000000000004
2025,13,2025_13_CIN_BAL,2025-11-27,00-0038046,Charlie Kolar,TE,BAL,CIN,2.7
2025,13,2025_13_CIN_BAL,2025-11-27,00-0035631,Drew Sample,TE,CIN,BAL,2.7
2025,13,2025_13_CIN_BAL,2025-11-27,00-0039796,Rasheen Ali,RB,BAL,CIN,1.7000000000000002
2025,13,2025_13_CIN_BAL,2025-11-27,00-0035644,Noah Fant,TE,CIN,BAL,1.3
2025,13,2025_13_CIN_BAL,2025-11-27,00-0039064,Zay Flowers,WR,BAL,CIN,0.6000000000000001
2025,13,2025_13_CIN_BAL,2025-11-27,00-0038576,Charlie Jones,WR,CIN,BAL,0.0
2025,13,2025_13_CIN_BAL,2025-11-27,00-0039792,Devontez Walker,WR,BAL,CIN,0.0
2025,13,2025_13_CIN_BAL,2025-11-27,00-0036569,Gary Brightwell,RB,CIN,BAL,0.0
2025,13,2025_13_CIN_BAL,2025-11-27,00-0036550,Rashod Bateman,WR,BAL,CIN,0.0
2025,13,2025_13_DEN_WAS,2025-11-30,00-0032268,Marcus Mariota,QB,WAS,DEN,23.259999999999998
2025,13,2025_13_DEN_WAS,2025-11-30,00-0035659,Terry McLaurin,WR,WAS,DEN,22.6
2025,13,2025_13_DEN_WAS,2025-11-30,00-0040730,RJ Harvey,RB,DEN,WAS,21.2
2025,13,2025_13_DEN_WAS,2025-11-30,00-0030061,Zach Ertz,TE,WAS,DEN,20.6
2025,13,2025_13_DEN_WAS,2025-11-30,00-0034348,Courtland Sutton,WR,DEN,WAS,17.2
2025,13,2025_13_DEN_WAS,2025-11-30,00-0039732,Bo Nix,QB,DEN,WAS,16.44
2025,13,2025_13_DEN_WAS,2025-11-30,00-0033881,Evan Engram,TE,DEN,WAS,13.9
2025,13,2025_13_DEN_WAS,2025-11-30,00-0035719,Deebo Samuel Sr.,WR,WAS,DEN,11.100000000000001
2025,13,2025_13_DEN_WAS,2025-11-30,00-0038611,Chris Rodriguez Jr.,RB,WAS,DEN,10.100000000000001
2025,13,2025_13_DEN_WAS,2025-11-30,00-0036422,Adam Trautman,TE,DEN,WAS,7.7
2025,13,2025_13_DEN_WAS,2025-11-30,00-0037742,Treylon Burks,WR,WAS,DEN,7.5
2025,13,2025_13_DEN_WAS,2025-11-30,00-0040134,Pat Bryant,WR,DEN,WAS,7.2
2025,13,2025_13_DEN_WAS,2025-11-30,00-0033955,Jeremy McNichols,RB,WAS,DEN,5.0
2025,13,2025_13_DEN_WAS,2025-11-30,00-0037085,Tyler Badie,RB,DEN,WAS,4.8
2025,13,2025_13_DEN_WAS,2025-11-30,00-0039868,Troy Franklin,WR,DEN,WAS,4.1
2025,13,2025_13_DEN_WAS,2025-11-30,00-0038794,Jaleel McLaughlin,RB,DEN,WAS,4.0
2025,13,2025_13_DEN_WAS,2025-11-30,00-0038976,Marvin Mims Jr.,WR,DEN,WAS,3.7
2025,13,2025_13_DEN_WAS,2025-11-30,00-0036628,John Bates,TE,WAS,DEN,2.9
2025,13,2025_13_DEN_WAS,2025-11-30,00-0039686,Colson Yankoff,TE,WAS,DEN,2.4000000000000004
2025,13,2025_13_DEN_WAS,2025-11-30,00-0040242,Jacory Croskey-Merritt,RB,WAS,DEN,2.0
2025,13,2025_13_DEN_WAS,2025-11-30,00-0040164,Jaylin Lane,WR,WAS,DEN,0.0
2025,13,2025_13_DEN_WAS,2025-11-30,00-0035406,Lil'Jordan Humphrey,WR,DEN,WAS,0.0
2025,13,2025_13_GB_DET,2025-11-27,00-0038393,Dontayvion Wicks,WR,GB,DET,28.0
2025,13,2025_13_GB_DET,2025-11-27,00-0037240,Jameson Williams,WR,DET,GB,26.9
2025,13,2025_13_GB_DET,2025-11-27,00-0036264,Jordan Love,QB,GB,DET,25.759999999999998
2025,13,2025_13_GB_DET,2025-11-27,00-0033106,Jared Goff,QB,DET,GB,20.64
2025,13,2025_13_GB_DET,2025-11-27,00-0038124,Christian Watson,WR,GB,DET,18.3
2025,13,2025_13_GB_DET,2025-11-27,00-0035685,David Montgomery,RB,DET,GB,12.8
2025,13,2025_13_GB_DET,2025-11-27,00-0037816,Romeo Doubs,WR,GB,DET,12.0
2025,13,2025_13_GB_DET,2025-11-27,00-0039139,Jahmyr Gibbs,RB,DET,GB,11.6
2025,13,2025_13_GB_DET,2025-11-27,00-0040669,Isaac TeSlaa,WR,DET,GB,11.5
2025,13,2025_13_GB_DET,2025-11-27,00-0035700,Josh Jacobs,RB,GB,DET,10.1
2025,13,2025_13_GB_DET,2025-11-27,00-0035544,Tom Kennedy,WR,DET,GB,7.6
2025,13,2025_13_GB_DET,2025-11-27,00-0039144,Luke Musgrave,TE,GB,DET,3.3000000000000003
2025,13,2025_13_GB_DET,2025-11-27,00-0038685,Chris Brooks,RB,GB,DET,2.9
2025,13,2025_13_GB_DET,2025-11-27,00-0037091,Bo Melton,WR,GB,DET,1.5
2025,13,2025_13_GB_DET,2025-11-27,00-0038797,Emanuel Wilson,RB,GB,DET,1.4000000000000001
2025,13,2025_13_GB_DET,2025-11-27,00-0033455,Anthony Firkser,TE,DET,GB,1.4
2025,13,2025_13_GB_DET,2025-11-27,00-0034073,Ross Dwelley,TE,DET,GB,1.3
2025,13,2025_13_GB_DET,2025-11-27,00-0036963,Amon-Ra St. Brown,WR,DET,GB,0.0
2025,13,2025_13_GB_DET,2025-11-27,00-0037306,John FitzPatrick,TE,GB,DET,0.0
2025,13,2025_13_GB_DET,2025-11-27,00-0038589,Josh Whyle,TE,GB,DET,0.0
2025,13,2025_13_GB_DET,2025-11-27,00-0038465,Malik Heath,WR,GB,DET,0.0
2025,13,2025_13_GB_DET,2025-11-27,00-0039364,Sione Vaki,RB,DET,GB,0.0
2025,13,2025_13_HOU_IND,2025-11-30,00-0036554,Nico Collins,WR,HOU,IND,21.5
2025,13,2025_13_HOU_IND,2025-11-30,00-0037664,Alec Pierce,WR,IND,HOU,17.8
2025,13,2025_13_HOU_IND,2025-11-30,00-0035710,Daniel Jones,QB,IND,HOU,16.14
2025,13,2025_13_HOU_IND,2025-11-30,00-0036223,Jonathan Taylor,RB,IND,HOU,15.100000000000001
2025,13,2025_13_HOU_IND,2025-11-30,00-0034383,Dalton Schultz,TE,HOU,IND,12.5
2025,13,2025_13_HOU_IND,2025-11-30,00-0040130,Jayden Higgins,WR,HOU,IND,11.5
2025,13,2025_13_HOU_IND,2025-11-30,00-0040128,Tyler Warren,TE,IND,HOU,11.2
2025,13,2025_13_HOU_IND,2025-11-30,00-0034791,Nick Chubb,RB,HOU,IND,9.4
2025,13,2025_13_HOU_IND,2025-11-30,00-0039163,C.J. Stroud,QB,HOU,IND,9.040000000000001
2025,13,2025_13_HOU_IND,2025-11-30,00-0040583,Woody Marks,RB,HOU,IND,7.7
2025,13,2025_13_HOU_IND,2025-11-30,00-0038997,Josh Downs,WR,IND,HOU,6.4
2025,13,2025_13_HOU_IND,2025-11-30,00-0038618,Xavier Hutchinson,WR,HOU,IND,5.9
2025,13,2025_13_HOU_IND,2025-11-30,00-0039359,Cade Stover,TE,HOU,IND,3.9000000000000004
2025,13,2025_13_HOU_IND,2025-11-30,00-0036252,Michael Pittman,WR,IND,HOU,2.3
2025,13,2025_13_HOU_IND,2025-11-30,00-0037292,Andrew Ogletree,TE,IND,HOU,1.8
2025,13,2025_13_HOU_IND,2025-11-30,00-0032104,Ameer Abdullah,RB,IND,HOU,0.0
2025,13,2025_13_HOU_IND,2025-11-30,00-0039816,Anthony Gould,WR,IND,HOU,0.0
2025,13,2025_13_HOU_IND,2025-11-30,00-0033854,Dare Ogunbowale,RB,HOU,IND,0.0
2025,13,2025_13_HOU_IND,2025-11-30,00-0040138,Jaylin Noel,WR,HOU,IND,0.0
2025,13,2025_13_HOU_IND,2025-11-30,00-0032951,Laquon Treadwell,WR,IND,HOU,0.0
2025,13,2025_13_HOU_IND,2025-11-30,00-0037120,Tyler Goodson,RB,IND,HOU,0.0
2025,13,2025_13_JAX_TEN,2025-11-30,00-0036971,Trevor Lawrence,QB,JAX,TEN,21.66
2025,13,2025_13_JAX_TEN,2025-11-30,00-0034960,Jakobi Meyers,WR,JAX,TEN,21.3
2025,13,2025_13_JAX_TEN,2025-11-30,00-0038935,Brenton Strange,TE,JAX,TEN,13.5
2025,13,2025_13_JAX_TEN,2025-11-30,00-0040719,Bhayshul Tuten,RB,JAX,TEN,8.9
2025,13,2025_13_JAX_TEN,2025-11-30,00-0039032,Tyjae Spears,RB,TEN,JAX,8.4
2025,13,2025_13_JAX_TEN,2025-11-30,00-0040584,Gunnar Helm,TE,TEN,JAX,8.3
2025,13,2025_13_JAX_TEN,2025-11-30,00-0037809,Chig Okonkwo,TE,TEN,JAX,6.9
2025,13,2025_13_JAX_TEN,2025-11-30,00-0040676,Cam Ward,QB,TEN,JAX,6.34
2025,13,2025_13_JAX_TEN,2025-11-30,00-0035261,Tony Pollard,RB,TEN,JAX,5.300000000000001
2025,13,2025_13_JAX_TEN,2025-11-30,00-0036973,Travis Etienne,RB,JAX,TEN,5.1000000000000005
2025,13,2025_13_JAX_TEN,2025-11-30,00-0036415,Van Jefferson,WR,TEN,JAX,5.0
2025,13,2025_13_JAX_TEN,2025-11-30,00-0039893,Brian Thomas Jr.,WR,JAX,TEN,4.800000000000001
2025,13,2025_13_JAX_TEN,2025-11-30,00-0038606,Parker Washington,WR,JAX,TEN,3.6
2025,13,2025_13_JAX_TEN,2025-11-30,00-0040522,Xavier Restrepo,WR,TEN,JAX,2.5
2025,13,2025_13_JAX_TEN,2025-11-30,00-0036590,Quintin Morris,TE,JAX,TEN,2.4000000000000004
2025,13,2025_13_JAX_TEN,2025-11-30,00-0036133,James Proche,WR,TEN,JAX,2.3
2025,13,2025_13_JAX_TEN,2025-11-30,00-0033375,Tim Patrick,WR,JAX,TEN,2.1
2025,13,2025_13_JAX_TEN,2025-11-30,00-0040705,Chimere Dike,WR,TEN,JAX,1.9
2025,13,2025_13_JAX_TEN,2025-11-30,00-0040170,Elic Ayomanor,WR,TEN,JAX,1.5
2025,13,2025_13_JAX_TEN,2025-11-30,00-0036841,Austin Trammell,WR,JAX,TEN,0.0
2025,13,2025_13_JAX_TEN,2025-11-30,00-0039648,David Martin-Robinson,TE,TEN,JAX,0.0
2025,13,2025_13_JAX_TEN,2025-11-30,00-0037594,Julius Chestnut,RB,TEN,JAX,0.0
2025,13,2025_13_JAX_TEN,2025-11-30,00-0040238,LeQuint Allen Jr.,RB,JAX,TEN,0.0
2025,13,2025_13_JAX_TEN,2025-11-30,00-0033319,Nick Mullens,QB,JAX,TEN,-0.30000000000000004
2025,13,2025_13_KC_DAL,2025-11-27,00-0033873,Patrick Mahomes,QB,KC,DAL,29.439999999999998
2025,13,2025_13_KC_DAL,2025-11-27,00-0039067,Rashee Rice,WR,KC,DAL,29.4
2025,13,2025_13_KC_DAL,2025-11-27,00-0036358,CeeDee Lamb,WR,DAL,KC,24.200000000000003
2025,13,2025_13_KC_DAL,2025-11-27,00-0033077,Dak Prescott,QB,DAL,KC,20.6
2025,13,2025_13_KC_DAL,2025-11-27,00-0036997,Javonte Williams,RB,DAL,KC,17.0
2025,13,2025_13_KC_DAL,2025-11-27,00-0037247,George Pickens,WR,DAL,KC,16.8
2025,13,2025_13_KC_DAL,2025-11-27,00-0030506,Travis Kelce,TE,KC,DAL,15.5
2025,13,2025_13_KC_DAL,2025-11-27,00-0039894,Xavier Worthy,WR,KC,DAL,11.4
2025,13,2025_13_KC_DAL,2025-11-27,00-0037563,Malik Davis,RB,DAL,KC,10.7
2025,13,2025_13_KC_DAL,2025-11-27,00-0035662,Marquise Brown,WR,KC,DAL,10.0
2025,13,2025_13_KC_DAL,2025-11-27,00-0033923,Kareem Hunt,RB,KC,DAL,9.0
2025,13,2025_13_KC_DAL,2025-11-27,00-0038041,Jake Ferguson,TE,DAL,KC,8.6
2025,13,2025_13_KC_DAL,2025-11-27,00-0037801,KaVontae Turpin,WR,DAL,KC,8.100000000000001
2025,13,2025_13_KC_DAL,2025-11-27,00-0039410,Ryan Flournoy,WR,DAL,KC,6.4
2025,13,2025_13_KC_DAL,2025-11-27,00-0037197,Isiah Pacheco,RB,KC,DAL,5.300000000000001
2025,13,2025_13_KC_DAL,2025-11-27,00-0039824,Jared Wiley,TE,KC,DAL,1.4
2025,13,2025_13_KC_DAL,2025-11-27,00-0038547,Luke Schoonmaker,TE,DAL,KC,1.1
2025,13,2025_13_KC_DAL,2025-11-27,00-0040078,Brashard Smith,RB,KC,DAL,0.0
2025,13,2025_13_KC_DAL,2025-11-27,00-0039530,Brevyn Spann-Ford,TE,DAL,KC,0.0
2025,13,2025_13_KC_DAL,2025-11-27,00-0037666,Jalen Tolbert,WR,DAL,KC,0.0
2025,13,2025_13_KC_DAL,2025-11-27,00-0033857,JuJu Smith-Schuster,WR,KC,DAL,0.0
2025,13,2025_13_KC_DAL,2025-11-27,00-0038519,Nikko Remigio,WR,KC,DAL,0.0
2025,13,2025_13_KC_DAL,2025-11-27,00-0038104,Tyquan Thornton,WR,KC,DAL,0.0
2025,13,2025_13_LA_CAR,2025-11-30,00-0039150,Bryce Young,QB,CAR,LA,22.540000000000003
2025,13,2025_13_LA_CAR,2025-11-30,00-0031381,Davante Adams,WR,LA,CAR,21.8
2025,13,2025_13_LA_CAR,2025-11-30,00-0036555,Chuba Hubbard,RB,CAR,LA,20.4
2025,13,2025_13_LA_CAR,2025-11-30,00-0039491,Jalen Coker,WR,CAR,LA,17.4
2025,13,2025_13_LA_CAR,2025-11-30,00-0039738,Blake Corum,RB,LA,CAR,14.1
2025,13,2025_13_LA_CAR,2025-11-30,00-0037840,Kyren Williams,RB,LA,CAR,13.2
2025,13,2025_13_LA_CAR,2025-11-30,00-0039075,Puka Nacua,WR,LA,CAR,13.2
2025,13,2025_13_LA_CAR,2025-11-30,00-0026498,Matthew Stafford,QB,LA,CAR,11.62
2025,13,2025_13_LA_CAR,2025-11-30,00-0040124,Tetairoa McMillan,WR,CAR,LA,11.3
2025,13,2025_13_LA_CAR,2025-11-30,00-0038359,Xavier Smith,WR,LA,CAR,11.200000000000001
2025,13,2025_13_LA_CAR,2025-11-30,00-0036139,Rico Dowdle,RB,CAR,LA,9.9
2025,13,2025_13_LA_CAR,2025-11-30,00-0036244,Colby Parkinson,TE,LA,CAR,6.7
2025,13,2025_13_LA_CAR,2025-11-30,00-0040187,Mitchell Evans,TE,CAR,LA,5.0
2025,13,2025_13_LA_CAR,2025-11-30,00-0039074,Davis Allen,TE,LA,CAR,1.4
2025,13,2025_13_LA_CAR,2025-11-30,00-0040644,Trevor Etienne,RB,CAR,LA,1.4
2025,13,2025_13_LA_CAR,2025-11-30,00-0037005,Tommy Tremble,TE,CAR,LA,1.2
2025,13,2025_13_LA_CAR,2025-11-30,00-0039342,Xavier Legette,WR,CAR,LA,1.1
2025,13,2025_13_LA_CAR,2025-11-30,00-0038840,Brycen Tremayne,WR,CAR,LA,0.0
2025,13,2025_13_LA_CAR,2025-11-30,00-0039356,Ja'Tavion Sanders,TE,CAR,LA,0.0
2025,13,2025_13_LA_CAR,2025-11-30,00-0039751,Jordan Whittington,WR,LA,CAR,0.0
2025,13,2025_13_LA_CAR,2025-11-30,00-0040590,Konata Mumpfield,WR,LA,CAR,0.0
2025,13,2025_13_LA_CAR,2025-11-30,00-0037557,Ronnie Rivers,RB,LA,CAR,0.0
2025,13,2025_13_LA_CAR,2025-11-30,00-0040737,Terrance Ferguson,TE,LA,CAR,0.0
2025,13,2025_13_LV_LAC,2025-11-30,00-0039338,Brock Bowers,TE,LV,LAC,22.3
2025,13,2025_13_LV_LAC,2025-11-30,00-0039391,Kimani Vidal,RB,LAC,LV,20.700000000000003
2025,13,2025_13_LV_LAC,2025-11-30,00-0039915,Ladd McConkey,WR,LAC,LV,13.9
2025,13,2025_13_LV_LAC,2025-11-30,00-0036355,Justin Herbert,QB,LAC,LV,12.84
2025,13,2025_13_LV_LAC,2025-11-30,00-0040122,Ashton Jeanty,RB,LV,LAC,12.100000000000001
2025,13,2025_13_LV_LAC,2025-11-30,00-0030565,Geno Smith,QB,LV,LAC,12.000000000000002
2025,13,2025_13_LV_LAC,2025-11-30,00-0036755,Jaret Patterson,RB,LAC,LV,11.4
2025,13,2025_13_LV_LAC,2025-11-30,00-0038544,Quentin Johnston,WR,LAC,LV,11.3
2025,13,2025_13_LV_LAC,2025-11-30,00-0030279,Keenan Allen,WR,LAC,LV,7.0
2025,13,2025_13_LV_LAC,2025-11-30,00-0040727,Tre Harris,WR,LAC,LV,6.0
2025,13,2025_13_LV_LAC,2025-11-30,00-0038563,Tre Tucker,WR,LV,LAC,5.0
2025,13,2025_13_LV_LAC,2025-11-30,00-0040729,Jack Bech,WR,LV,LAC,4.2
2025,13,2025_13_LV_LAC,2025-11-30,00-0040189,Oronde Gadsden II,TE,LAC,LV,3.7
2025,13,2025_13_LV_LAC,2025-11-30,00-0040581,Dont'e Thornton Jr.,WR,LV,LAC,2.1
2025,13,2025_13_LV_LAC,2025-11-30,00-0032211,Tyler Lockett,WR,LV,LAC,2.1
2025,13,2025_13_LV_LAC,2025-11-30,00-0034365,Ian Thomas,TE,LV,LAC,1.8
2025,13,2025_13_LV_LAC,2025-11-30,00-0037012,Trey Lance,QB,LAC,LV,0.76
2025,13,2025_13_LV_LAC,2025-11-30,00-0031687,Raheem Mostert,RB,LV,LAC,0.6000000000000001
2025,13,2025_13_LV_LAC,2025-11-30,00-0035602,Alex Bachman,WR,LV,LAC,0.0
2025,13,2025_13_LV_LAC,2025-11-30,00-0038573,Derius Davis,WR,LAC,LV,0.0
2025,13,2025_13_LV_LAC,2025-11-30,00-0039407,Dylan Laube,RB,LV,LAC,0.0
2025,13,2025_13_MIN_SEA,2025-11-30,00-0035229,T.J. Hockenson,TE,MIN,SEA,11.9
2025,13,2025_13_MIN_SEA,2025-11-30,00-0039165,Zach Charbonnet,RB,SEA,MIN,11.2
2025,13,2025_13_MIN_SEA,2025-11-30,00-0038134,Kenneth Walker III,RB,SEA,MIN,10.4
2025,13,2025_13_MIN_SEA,2025-11-30,00-0038994,Jordan Addison,WR,MIN,SEA,8.6
2025,13,2025_13_MIN_SEA,2025-11-30,00-0039793,AJ Barner,TE,SEA,MIN,7.7
2025,13,2025_13_MIN_SEA,2025-11-30,00-0037525,Jordan Mason,RB,MIN,SEA,5.800000000000001
2025,13,2025_13_MIN_SEA,2025-11-30,00-0033908,Cooper Kupp,WR,SEA,MIN,5.4
2025,13,2025_13_MIN_SEA,2025-11-30,00-0033293,Aaron Jones,RB,MIN,SEA,4.5
2025,13,2025_13_MIN_SEA,2025-11-30,00-0038543,Jaxon Smith-Njigba,WR,SEA,MIN,4.300000000000001
2025,13,2025_13_MIN_SEA,2025-11-30,00-0034869,Sam Darnold,QB,SEA,MIN,3.12
2025,13,2025_13_MIN_SEA,2025-11-30,00-0035891,Cody White,WR,SEA,MIN,3.1
2025,13,2025_13_MIN_SEA,2025-11-30,00-0038440,Zavier Scott,RB,MIN,SEA,3.1
2025,13,2025_13_MIN_SEA,2025-11-30,00-0037545,Rashid Shaheed,WR,SEA,MIN,2.6
2025,13,2025_13_MIN_SEA,2025-11-30,00-0036322,Justin Jefferson,WR,MIN,SEA,2.4
2025,13,2025_13_MIN_SEA,2025-11-30,00-0035311,Myles Gaskin,RB,SEA,MIN,0.6000000000000001
2025,13,2025_13_MIN_SEA,2025-11-30,00-0040739,Elijah Arroyo,TE,SEA,MIN,0.0
2025,13,2025_13_MIN_SEA,2025-11-30,00-0037291,Jalen Nailor,WR,MIN,SEA,0.0
2025,13,2025_13_MIN_SEA,2025-11-30,00-0040506,Myles Price,WR,MIN,SEA,0.0
2025,13,2025_13_MIN_SEA,2025-11-30,00-0040058,Nick Kallerup,TE,SEA,MIN,0.0
2025,13,2025_13_MIN_SEA,2025-11-30,00-0040154,Tai Felton,WR,MIN,SEA,0.0
2025,13,2025_13_MIN_SEA,2025-11-30,00-0040494,Max Brosmer,QB,MIN,SEA,-3.06
2025,13,2025_13_NO_MIA,2025-11-30,00-0039424,Devaughn Vele,WR,NO,MIA,23.3
2025,13,2025_13_NO_MIA,2025-11-30,00-0039040,De'Von Achane,RB,MIA,NO,19.4
2025,13,2025_13_NO_MIA,2025-11-30,00-0040743,Tyler Shough,QB,NO,MIA,17.360000000000003
2025,13,2025_13_NO_MIA,2025-11-30,00-0037239,Chris Olave,WR,NO,MIA,14.7
2025,13,2025_13_NO_MIA,2025-11-30,00-0040202,Devin Neal,RB,NO,MIA,9.9
2025,13,2025_13_NO_MIA,2025-11-30,00-0036040,Juwan Johnson,TE,NO,MIA,8.9
2025,13,2025_13_NO_MIA,2025-11-30,00-0036613,Jaylen Waddle,WR,MIA,NO,7.0
2025,13,2025_13_NO_MIA,2025-11-30,00-0039880,Malik Washington,WR,MIA,NO,7.0
2025,13,2025_13_NO_MIA,2025-11-30,00-0031610,Darren Waller,TE,MIA,NO,6.7
2025,13,2025_13_NO_MIA,2025-11-30,00-0039623,Mason Tipton,WR,NO,MIA,4.9
2025,13,2025_13_NO_MIA,2025-11-30,00-0036212,Tua Tagovailoa,QB,MIA,NO,4.680000000000001
2025,13,2025_13_NO_MIA,2025-11-30,00-0037252,Greg Dulcich,TE,MIA,NO,4.4
2025,13,2025_13_NO_MIA,2025-11-30,00-0034981,Foster Moreau,TE,NO,MIA,3.3
2025,13,2025_13_NO_MIA,2025-11-30,00-0034418,Cedrick Wilson Jr.,WR,MIA,NO,2.6
2025,13,2025_13_NO_MIA,2025-11-30,00-0033357,Taysom Hill,TE,NO,MIA,1.7000000000000002
2025,13,2025_13_NO_MIA,2025-11-30,00-0039874,Jaylen Wright,RB,MIA,NO,1.6
2025,13,2025_13_NO_MIA,2025-11-30,00-0038397,Evan Hull,RB,NO,MIA,1.5
2025,13,2025_13_NO_MIA,2025-11-30,00-0040198,Ollie Gordon II,RB,MIA,NO,1.0
2025,13,2025_13_NO_MIA,2025-11-30,00-0034860,Dante Pettis,WR,NO,MIA,0.0
2025,13,2025_13_NO_MIA,2025-11-30,00-0038720,Julian Hill,TE,MIA,NO,0.0
2025,13,2025_13_NO_MIA,2025-11-30,00-0036182,Nick Westbrook-Ikhine,WR,MIA,NO,0.0
2025,13,2025_13_NYG_NE,2025-12-01,00-0039851,Drake Maye,QB,NE,NYG,20.48
2025,13,2025_13_NYG_NE,2025-12-01,00-0035250,Devin Singletary,RB,NYG,NE,19.200000000000003
2025,13,2025_13_NYG_NE,2025-12-01,00-0035535,Darius Slayton,WR,NYG,NE,14.100000000000001
2025,13,2025_13_NYG_NE,2025-12-01,00-0040691,Jaxson Dart,QB,NYG,NE,13.56
2025,13,2025_13_NYG_NE,2025-12-01,00-0038608,Kayshon Boutte,WR,NE,NYG,13.5
2025,13,2025_13_NYG_NE,2025-12-01,00-0040734,TreVeyon Henderson,RB,NE,NYG,11.6
2025,13,2025_13_NYG_NE,2025-12-01,00-0033090,Hunter Henry,TE,NE,NYG,11.3
2025,13,2025_13_NYG_NE,2025-12-01,00-0036875,Rhamondre Stevenson,RB,NE,NYG,11.0
2025,13,2025_13_NYG_NE,2025-12-01,00-0038117,Wan'Dale Robinson,WR,NYG,NE,10.4
2025,13,2025_13_NYG_NE,2025-12-01,00-0040131,Kyle Williams,WR,NE,NYG,10.3
2025,13,2025_13_NYG_NE,2025-12-01,00-0038621,DeMario Douglas,WR,NE,NYG,6.300000000000001
2025,13,2025_13_NYG_NE,2025-12-01,00-0039847,Theo Johnson,TE,NYG,NE,5.9
2025,13,2025_13_NYG_NE,2025-12-01,00-0031588,Stefon Diggs,WR,NE,NYG,5.6
2025,13,2025_13_NYG_NE,2025-12-01,00-0033555,Mack Hollins,WR,NE,NYG,5.300000000000001
2025,13,2025_13_NYG_NE,2025-12-01,00-0039384,Tyrone Tracy Jr.,RB,NYG,NE,4.300000000000001
2025,13,2025_13_NYG_NE,2025-12-01,00-0036165,Isaiah Hodgins,WR,NYG,NE,1.4
2025,13,2025_13_NYG_NE,2025-12-01,00-0040563,Efton Chism III,WR,NE,NYG,0.0
2025,13,2025_13_NYG_NE,2025-12-01,00-0035645,Gunner Olszewski,WR,NYG,NE,0.0
2025,13,2025_13_NYG_NE,2025-12-01,00-0039757,Terrell Jennings,RB,NE,NYG,0.0
2025,13,2025_13_SF_CLE,2025-11-30,00-0033280,Christian McCaffrey,RB,SF,CLE,17.4
2025,13,2025_13_SF_CLE,2025-11-30,00-0037834,Brock Purdy,QB,SF,CLE,17.119999999999997
2025,13,2025_13_SF_CLE,2025-11-30,00-0040784,Quinshon Judkins,RB,CLE,SF,15.9
2025,13,2025_13_SF_CLE,2025-11-30,00-0036259,Jauan Jennings,WR,SF,CLE,13.9
2025,13,2025_13_SF_CLE,2025-11-30,00-0040663,Harold Fannin Jr.,TE,CLE,SF,11.3
2025,13,2025_13_SF_CLE,2025-11-30,00-0033288,George Kittle,TE,SF,CLE,10.7
2025,13,2025_13_SF_CLE,2025-11-30,00-0040668,Shedeur Sanders,QB,CLE,SF,10.56
2025,13,2025_13_SF_CLE,2025-11-30,00-0036407,Jerry Jeudy,WR,CLE,SF,5.6
2025,13,2025_13_SF_CLE,2025-11-30,00-0037267,Jerome Ford,RB,CLE,SF,4.7
2025,13,2025_13_SF_CLE,2025-11-30,00-0040259,Gage Larvadain,WR,CLE,SF,4.300000000000001
2025,13,2025_13_SF_CLE,2025-11-30,00-0040782,Isaiah Bond,WR,CLE,SF,3.7
2025,13,2025_13_SF_CLE,2025-11-30,00-0039916,Ricky Pearsall,WR,SF,CLE,3.4000000000000004
2025,13,2025_13_SF_CLE,2025-11-30,00-0037746,Brian Robinson,RB,SF,CLE,2.6
2025,13,2025_13_SF_CLE,2025-11-30,00-0033885,David Njoku,TE,CLE,SF,2.4
2025,13,2025_13_SF_CLE,2025-11-30,00-0040162,Dylan Sampson,RB,CLE,SF,2.3000000000000003
2025,13,2025_13_SF_CLE,2025-11-30,00-0039920,Malachi Corley,WR,CLE,SF,0.9
2025,13,2025_13_SF_CLE,2025-11-30,00-0032775,Demarcus Robinson,WR,SF,CLE,0.6000000000000001
2025,13,2025_13_SF_CLE,2025-11-30,00-0036972,Mac Jones,QB,SF,CLE,0.2
2025,13,2025_13_SF_CLE,2025-11-30,00-0038710,Blake Whiteheart,TE,CLE,SF,0.0
2025,13,2025_13_SF_CLE,2025-11-30,00-0038979,Cedric Tillman,WR,CLE,SF,0.0
2025,13,2025_13_SF_CLE,2025-11-30,00-0040704,Dillon Gabriel,QB,CLE,SF,0.0
2025,13,2025_13_SF_CLE,2025-11-30,00-0039363,Isaac Guerendo,RB,SF,CLE,0.0
2025,13,2025_13_SF_CLE,2025-11-30,00-0033307,Kendrick Bourne,WR,SF,CLE,0.0
2025,13,2025_13_SF_CLE,2025-11-30,00-0036887,Luke Farrell,TE,SF,CLE,0.0
2025,13,2025_13_SF_CLE,2025-11-30,00-0038090,Skyy Moore,WR,SF,CLE,0.0
2025,14,2025_14_CHI_GB,2025-12-07,00-0038124,Christian Watson,WR,GB,CHI,24.9
2025,14,2025_14_CHI_GB,2025-12-07,00-0036264,Jordan Love,QB,GB,CHI,19.259999999999998
2025,14,2025_14_CHI_GB,2025-12-07,00-0035700,Josh Jacobs,RB,GB,CHI,17.200000000000003
2025,14,2025_14_CHI_GB,2025-12-07,00-0039918,Caleb Williams,QB,CHI,GB,14.940000000000001
2025,14,2025_14_CHI_GB,2025-12-07,00-0040126,Colston Loveland,TE,CHI,GB,12.9
2025,14,2025_14_CHI_GB,2025-12-07,00-0037091,Bo Melton,WR,GB,CHI,11.5
2025,14,2025_14_CHI_GB,2025-12-07,00-0036275,D'Andre Swift,RB,CHI,GB,11.200000000000001
2025,14,2025_14_CHI_GB,2025-12-07,00-0040735,Luther Burden III,WR,CHI,GB,11.0
2025,14,2025_14_CHI_GB,2025-12-07,00-0039146,Jayden Reed,WR,GB,CHI,9.3
2025,14,2025_14_CHI_GB,2025-12-07,00-0040236,Kyle Monangai,RB,CHI,GB,8.7
2025,14,2025_14_CHI_GB,2025-12-07,00-0035208,Olamide Zaccheaus,WR,CHI,GB,8.7
2025,14,2025_14_CHI_GB,2025-12-07,00-0036290,Cole Kmet,TE,CHI,GB,6.2
2025,14,2025_14_CHI_GB,2025-12-07,00-0039144,Luke Musgrave,TE,GB,CHI,4.2
2025,14,2025_14_CHI_GB,2025-12-07,00-0036331,Devin Duvernay,WR,CHI,GB,3.4000000000000004
2025,14,2025_14_CHI_GB,2025-12-07,00-0037306,John FitzPatrick,TE,GB,CHI,3.4000000000000004
2025,14,2025_14_CHI_GB,2025-12-07,00-0038589,Josh Whyle,TE,GB,CHI,3.1
2025,14,2025_14_CHI_GB,2025-12-07,00-0038685,Chris Brooks,RB,GB,CHI,1.6
2025,14,2025_14_CHI_GB,2025-12-07,00-0034798,Durham Smythe,TE,CHI,GB,1.2
2025,14,2025_14_CHI_GB,2025-12-07,00-0038797,Emanuel Wilson,RB,GB,CHI,1.0
2025,14,2025_14_CHI_GB,2025-12-07,00-0034827,DJ Moore,WR,CHI,GB,0.6
2025,14,2025_14_CHI_GB,2025-12-07,00-0040667,Matthew Golden,WR,GB,CHI,0.0
2025,14,2025_14_CHI_GB,2025-12-07,00-0037816,Romeo Doubs,WR,GB,CHI,0.0
2025,14,2025_14_CHI_GB,2025-12-07,00-0035594,Travis Homer,RB,CHI,GB,0.0
2025,14,2025_14_CIN_BUF,2025-12-07,00-0034857,Josh Allen,QB,BUF,CIN,37.84
2025,14,2025_14_CIN_BUF,2025-12-07,00-0036410,Tee Higgins,WR,CIN,BUF,27.200000000000003
2025,14,2025_14_CIN_BUF,2025-12-07,00-0036442,Joe Burrow,QB,CIN,BUF,23.36
2025,14,2025_14_CIN_BUF,2025-12-07,00-0034829,Mike Gesicki,TE,CIN,BUF,20.6
2025,14,2025_14_CIN_BUF,2025-12-07,00-0038597,Chase Brown,RB,CIN,BUF,18.5
2025,14,2025_14_CIN_BUF,2025-12-07,00-0035689,Dawson Knox,TE,BUF,CIN,17.3
2025,14,2025_14_CIN_BUF,2025-12-07,00-0038933,Dalton Kincaid,TE,BUF,CIN,14.100000000000001
2025,14,2025_14_CIN_BUF,2025-12-07,00-0037248,James Cook,RB,BUF,CIN,11.100000000000001
2025,14,2025_14_CIN_BUF,2025-12-07,00-0036900,Ja'Marr Chase,WR,CIN,BUF,10.2
2025,14,2025_14_CIN_BUF,2025-12-07,00-0037261,Khalil Shakir,WR,BUF,CIN,9.6
2025,14,2025_14_CIN_BUF,2025-12-07,00-0040194,Jackson Hawes,TE,BUF,CIN,7.3
2025,14,2025_14_CIN_BUF,2025-12-07,00-0035537,Ty Johnson,RB,BUF,CIN,5.9
2025,14,2025_14_CIN_BUF,2025-12-07,00-0033526,Samaje Perine,RB,CIN,BUF,4.800000000000001
2025,14,2025_14_CIN_BUF,2025-12-07,00-0036196,Gabe Davis,WR,BUF,CIN,4.1
2025,14,2025_14_CIN_BUF,2025-12-07,00-0038619,Andrei Iosivas,WR,CIN,BUF,3.7
2025,14,2025_14_CIN_BUF,2025-12-07,00-0039901,Keon Coleman,WR,BUF,CIN,3.6
2025,14,2025_14_CIN_BUF,2025-12-07,00-0038679,Tyrell Shavers,WR,BUF,CIN,2.6
2025,14,2025_14_CIN_BUF,2025-12-07,00-0035644,Noah Fant,TE,CIN,BUF,2.5
2025,14,2025_14_CIN_BUF,2025-12-07,00-0034613,Tanner Hudson,TE,CIN,BUF,2.1
2025,14,2025_14_CIN_BUF,2025-12-07,00-0038576,Charlie Jones,WR,CIN,BUF,0.0
2025,14,2025_14_CIN_BUF,2025-12-07,00-0039875,Ray Davis,RB,BUF,CIN,0.0
2025,14,2025_14_CIN_BUF,2025-12-07,00-0036187,Reggie Gilliam,RB,BUF,CIN,0.0
2025,14,2025_14_DAL_DET,2025-12-04,00-0039139,Jahmyr Gibbs,RB,DET,DAL,37.0
2025,14,2025_14_DAL_DET,2025-12-04,00-0039410,Ryan Flournoy,WR,DAL,DET,26.5
2025,14,2025_14_DAL_DET,2025-12-04,00-0033077,Dak Prescott,QB,DAL,DET,18.439999999999998
2025,14,2025_14_DAL_DET,2025-12-04,00-0036358,CeeDee Lamb,WR,DAL,DET,18.1
2025,14,2025_14_DAL_DET,2025-12-04,00-0037240,Jameson Williams,WR,DET,DAL,17.3
2025,14,2025_14_DAL_DET,2025-12-04,00-0033106,Jared Goff,QB,DET,DAL,16.16
2025,14,2025_14_DAL_DET,2025-12-04,00-0036963,Amon-Ra St. Brown,WR,DET,DAL,15.200000000000001
2025,14,2025_14_DAL_DET,2025-12-04,00-0036997,Javonte Williams,RB,DAL,DET,14.7
2025,14,2025_14_DAL_DET,2025-12-04,00-0035685,David Montgomery,RB,DET,DAL,14.3
2025,14,2025_14_DAL_DET,2025-12-04,00-0038041,Jake Ferguson,TE,DAL,DET,10.8
2025,14,2025_14_DAL_DET,2025-12-04,00-0040669,Isaac TeSlaa,WR,DET,DAL,10.0
2025,14,2025_14_DAL_DET,2025-12-04,00-0037247,George Pickens,WR,DAL,DET,8.7
2025,14,2025_14_DAL_DET,2025-12-04,00-0037801,KaVontae Turpin,WR,DAL,DET,5.0
2025,14,2025_14_DAL_DET,2025-12-04,00-0038547,Luke Schoonmaker,TE,DAL,DET,2.2
2025,14,2025_14_DAL_DET,2025-12-04,00-0033455,Anthony Firkser,TE,DET,DAL,1.7000000000000002
2025,14,2025_14_DAL_DET,2025-12-04,00-0039530,Brevyn Spann-Ford,TE,DAL,DET,1.7000000000000002
2025,14,2025_14_DAL_DET,2025-12-04,00-0034073,Ross Dwelley,TE,DET,DAL,1.4
2025,14,2025_14_DAL_DET,2025-12-04,00-0037563,Malik Davis,RB,DAL,DET,0.6000000000000001
2025,14,2025_14_DAL_DET,2025-12-04,00-0038911,Malik Cunningham,WR,DET,DAL,0.1
2025,14,2025_14_DAL_DET,2025-12-04,00-0038738,Hunter Luepke,RB,DAL,DET,0.0
2025,14,2025_14_DAL_DET,2025-12-04,00-0038896,Jacob Saylors,RB,DET,DAL,0.0
2025,14,2025_14_DAL_DET,2025-12-04,00-0039062,Jonathan Mingo,WR,DAL,DET,0.0
2025,14,2025_14_DAL_DET,2025-12-04,00-0039364,Sione Vaki,RB,DET,DAL,0.0
2025,14,2025_14_DAL_DET,2025-12-04,00-0035544,Tom Kennedy,WR,DET,DAL,0.0
2025,14,2025_14_DEN_LV,2025-12-07,00-0040730,RJ Harvey,RB,DEN,LV,22.0
2025,14,2025_14_DEN_LV,2025-12-07,00-0039732,Bo Nix,QB,DEN,LV,15.98
2025,14,2025_14_DEN_LV,2025-12-07,00-0039338,Brock Bowers,TE,LV,DEN,14.600000000000001
2025,14,2025_14_DEN_LV,2025-12-07,00-0034348,Courtland Sutton,WR,DEN,LV,12.2
2025,14,2025_14_DEN_LV,2025-12-07,00-0040729,Jack Bech,WR,LV,DEN,11.0
2025,14,2025_14_DEN_LV,2025-12-07,00-0038891,Shedrick Jackson,WR,LV,DEN,9.5
2025,14,2025_14_DEN_LV,2025-12-07,00-0030565,Geno Smith,QB,LV,DEN,9.040000000000001
2025,14,2025_14_DEN_LV,2025-12-07,00-0038102,Kenny Pickett,QB,LV,DEN,8.48
2025,14,2025_14_DEN_LV,2025-12-07,00-0038976,Marvin Mims Jr.,WR,DEN,LV,7.7
2025,14,2025_14_DEN_LV,2025-12-07,00-0040134,Pat Bryant,WR,DEN,LV,7.2
2025,14,2025_14_DEN_LV,2025-12-07,00-0032211,Tyler Lockett,WR,LV,DEN,7.1000000000000005
2025,14,2025_14_DEN_LV,2025-12-07,00-0040122,Ashton Jeanty,RB,LV,DEN,5.800000000000001
2025,14,2025_14_DEN_LV,2025-12-07,00-0035406,Lil'Jordan Humphrey,WR,DEN,LV,5.7
2025,14,2025_14_DEN_LV,2025-12-07,00-0038563,Tre Tucker,WR,LV,DEN,4.4
2025,14,2025_14_DEN_LV,2025-12-07,00-0038794,Jaleel McLaughlin,RB,DEN,LV,4.1
2025,14,2025_14_DEN_LV,2025-12-07,00-0039868,Troy Franklin,WR,DEN,LV,4.1
2025,14,2025_14_DEN_LV,2025-12-07,00-0036422,Adam Trautman,TE,DEN,LV,3.7
2025,14,2025_14_DEN_LV,2025-12-07,00-0034365,Ian Thomas,TE,LV,DEN,3.7
2025,14,2025_14_DEN_LV,2025-12-07,00-0037085,Tyler Badie,RB,DEN,LV,3.1
2025,14,2025_14_DEN_LV,2025-12-07,00-0033881,Evan Engram,TE,DEN,LV,2.8
2025,14,2025_14_DEN_LV,2025-12-07,00-0031687,Raheem Mostert,RB,LV,DEN,1.2
2025,14,2025_14_DEN_LV,2025-12-07,00-0036527,DJ Turner,WR,LV,DEN,0.0
2025,14,2025_14_DEN_LV,2025-12-07,00-0039407,Dylan Laube,RB,LV,DEN,0.0
2025,14,2025_14_HOU_KC,2025-12-07,00-0036554,Nico Collins,WR,HOU,KC,16.1
2025,14,2025_14_HOU_KC,2025-12-07,00-0040583,Woody Marks,RB,HOU,KC,15.600000000000001
2025,14,2025_14_HOU_KC,2025-12-07,00-0039163,C.J. Stroud,QB,HOU,KC,12.620000000000001
2025,14,2025_14_HOU_KC,2025-12-07,00-0033923,Kareem Hunt,RB,KC,HOU,9.0
2025,14,2025_14_HOU_KC,2025-12-07,00-0039894,Xavier Worthy,WR,KC,HOU,8.5
2025,14,2025_14_HOU_KC,2025-12-07,00-0039067,Rashee Rice,WR,KC,HOU,7.4
2025,14,2025_14_HOU_KC,2025-12-07,00-0033854,Dare Ogunbowale,RB,HOU,KC,6.5
2025,14,2025_14_HOU_KC,2025-12-07,00-0040130,Jayden Higgins,WR,HOU,KC,6.4
2025,14,2025_14_HOU_KC,2025-12-07,00-0033873,Patrick Mahomes,QB,KC,HOU,6.300000000000001
2025,14,2025_14_HOU_KC,2025-12-07,00-0034383,Dalton Schultz,TE,HOU,KC,5.2
2025,14,2025_14_HOU_KC,2025-12-07,00-0035662,Marquise Brown,WR,KC,HOU,4.5
2025,14,2025_14_HOU_KC,2025-12-07,00-0038104,Tyquan Thornton,WR,KC,HOU,3.9000000000000004
2025,14,2025_14_HOU_KC,2025-12-07,00-0040138,Jaylin Noel,WR,HOU,KC,3.3
2025,14,2025_14_HOU_KC,2025-12-07,00-0037197,Isiah Pacheco,RB,KC,HOU,3.0
2025,14,2025_14_HOU_KC,2025-12-07,00-0036637,Noah Gray,TE,KC,HOU,2.4000000000000004
2025,14,2025_14_HOU_KC,2025-12-07,00-0030506,Travis Kelce,TE,KC,HOU,1.8
2025,14,2025_14_HOU_KC,2025-12-07,00-0034775,Christian Kirk,WR,HOU,KC,1.6
2025,14,2025_14_HOU_KC,2025-12-07,00-0033857,JuJu Smith-Schuster,WR,KC,HOU,1.5
2025,14,2025_14_HOU_KC,2025-12-07,00-0040078,Brashard Smith,RB,KC,HOU,0.7000000000000001
2025,14,2025_14_HOU_KC,2025-12-07,00-0034791,Nick Chubb,RB,HOU,KC,0.30000000000000004
2025,14,2025_14_HOU_KC,2025-12-07,00-0039603,British Brooks,RB,HOU,KC,0.0
2025,14,2025_14_HOU_KC,2025-12-07,00-0038618,Xavier Hutchinson,WR,HOU,KC,0.0
2025,14,2025_14_IND_JAX,2025-12-07,00-0036973,Travis Etienne,RB,JAX,IND,21.200000000000003
2025,14,2025_14_IND_JAX,2025-12-07,00-0036971,Trevor Lawrence,QB,JAX,IND,19.36
2025,14,2025_14_IND_JAX,2025-12-07,00-0033375,Tim Patrick,WR,JAX,IND,18.8
2025,14,2025_14_IND_JAX,2025-12-07,00-0036252,Michael Pittman,WR,IND,JAX,16.9
2025,14,2025_14_IND_JAX,2025-12-07,00-0034960,Jakobi Meyers,WR,JAX,IND,14.8
2025,14,2025_14_IND_JAX,2025-12-07,00-0037664,Alec Pierce,WR,IND,JAX,13.0
2025,14,2025_14_IND_JAX,2025-12-07,00-0039893,Brian Thomas Jr.,WR,JAX,IND,11.700000000000001
2025,14,2025_14_IND_JAX,2025-12-07,00-0036223,Jonathan Taylor,RB,IND,JAX,11.4
2025,14,2025_14_IND_JAX,2025-12-07,00-0040206,Riley Leonard,QB,IND,JAX,10.3
2025,14,2025_14_IND_JAX,2025-12-07,00-0038997,Josh Downs,WR,IND,JAX,6.300000000000001
2025,14,2025_14_IND_JAX,2025-12-07,00-0038935,Brenton Strange,TE,JAX,IND,5.7
2025,14,2025_14_IND_JAX,2025-12-07,00-0040128,Tyler Warren,TE,IND,JAX,3.7
2025,14,2025_14_IND_JAX,2025-12-07,00-0032104,Ameer Abdullah,RB,IND,JAX,2.9
2025,14,2025_14_IND_JAX,2025-12-07,00-0040238,LeQuint Allen Jr.,RB,JAX,IND,2.8
2025,14,2025_14_IND_JAX,2025-12-07,00-0039816,Anthony Gould,WR,IND,JAX,1.3
2025,14,2025_14_IND_JAX,2025-12-07,00-0035710,Daniel Jones,QB,IND,JAX,0.7999999999999999
2025,14,2025_14_IND_JAX,2025-12-07,00-0033319,Nick Mullens,QB,JAX,IND,0.01999999999999999
2025,14,2025_14_IND_JAX,2025-12-07,00-0037292,Andrew Ogletree,TE,IND,JAX,0.0
2025,14,2025_14_IND_JAX,2025-12-07,00-0036841,Austin Trammell,WR,JAX,IND,0.0
2025,14,2025_14_IND_JAX,2025-12-07,00-0032951,Laquon Treadwell,WR,IND,JAX,0.0
2025,14,2025_14_IND_JAX,2025-12-07,00-0033217,Mo Alie-Cox,TE,IND,JAX,0.0
2025,14,2025_14_IND_JAX,2025-12-07,00-0036590,Quintin Morris,TE,JAX,IND,0.0
2025,14,2025_14_IND_JAX,2025-12-07,00-0040719,Bhayshul Tuten,RB,JAX,IND,-1.5
2025,14,2025_14_LA_ARI,2025-12-07,00-0038559,Michael Wilson,WR,ARI,LA,37.2
2025,14,2025_14_LA_ARI,2025-12-07,00-0039075,Puka Nacua,WR,LA,ARI,35.7
2025,14,2025_14_LA_ARI,2025-12-07,00-0039738,Blake Corum,RB,LA,ARI,26.1
2025,14,2025_14_LA_ARI,2025-12-07,00-0026498,Matthew Stafford,QB,LA,ARI,23.240000000000002
2025,14,2025_14_LA_ARI,2025-12-07,00-0033119,Jacoby Brissett,QB,ARI,LA,19.04
2025,14,2025_14_LA_ARI,2025-12-07,00-0037840,Kyren Williams,RB,LA,ARI,17.700000000000003
2025,14,2025_14_LA_ARI,2025-12-07,00-0036244,Colby Parkinson,TE,LA,ARI,12.2
2025,14,2025_14_LA_ARI,2025-12-07,00-0037744,Trey McBride,TE,ARI,LA,10.8
2025,14,2025_14_LA_ARI,2025-12-07,00-0031381,Davante Adams,WR,LA,ARI,6.9
2025,14,2025_14_LA_ARI,2025-12-07,00-0037157,Bam Knight,RB,ARI,LA,6.4
2025,14,2025_14_LA_ARI,2025-12-07,00-0038640,Jalen Brooks,WR,ARI,LA,5.2
2025,14,2025_14_LA_ARI,2025-12-07,00-0036924,Michael Carter,RB,ARI,LA,5.1
2025,14,2025_14_LA_ARI,2025-12-07,00-0037557,Ronnie Rivers,RB,LA,ARI,4.1000000000000005
2025,14,2025_14_LA_ARI,2025-12-07,00-0039074,Davis Allen,TE,LA,ARI,4.1
2025,14,2025_14_LA_ARI,2025-12-07,00-0038359,Xavier Smith,WR,LA,ARI,1.6
2025,14,2025_14_LA_ARI,2025-12-07,00-0039751,Jordan Whittington,WR,LA,ARI,1.5
2025,14,2025_14_LA_ARI,2025-12-07,00-0040590,Konata Mumpfield,WR,LA,ARI,1.5
2025,14,2025_14_LA_ARI,2025-12-07,00-0035876,Andre Baccellia,WR,ARI,LA,1.3
2025,14,2025_14_LA_ARI,2025-12-07,00-0039041,Elijah Higgins,TE,ARI,LA,1.0
2025,14,2025_14_LA_ARI,2025-12-07,00-0036332,Josiah Deguara,TE,ARI,LA,0.0
2025,14,2025_14_LA_ARI,2025-12-07,00-0033439,Pharaoh Brown,TE,ARI,LA,0.0
2025,14,2025_14_LA_ARI,2025-12-07,00-0040737,Terrance Ferguson,TE,LA,ARI,0.0
2025,14,2025_14_LA_ARI,2025-12-07,00-0034487,Trent Sherfield,WR,ARI,LA,0.0
2025,14,2025_14_LA_ARI,2025-12-07,00-0031345,Jimmy Garoppolo,QB,LA,ARI,-0.4
2025,14,2025_14_MIA_NYJ,2025-12-07,00-0036613,Jaylen Waddle,WR,MIA,NYJ,18.1
2025,14,2025_14_MIA_NYJ,2025-12-07,00-0039040,De'Von Achane,RB,MIA,NYJ,17.5
2025,14,2025_14_MIA_NYJ,2025-12-07,00-0039874,Jaylen Wright,RB,MIA,NYJ,16.700000000000003
2025,14,2025_14_MIA_NYJ,2025-12-07,00-0039451,Isaiah Williams,WR,NYJ,MIA,10.4
2025,14,2025_14_MIA_NYJ,2025-12-07,00-0040736,Mason Taylor,TE,NYJ,MIA,10.100000000000001
2025,14,2025_14_MIA_NYJ,2025-12-07,00-0036212,Tua Tagovailoa,QB,MIA,NYJ,9.08
2025,14,2025_14_MIA_NYJ,2025-12-07,00-0040198,Ollie Gordon II,RB,MIA,NYJ,7.7
2025,14,2025_14_MIA_NYJ,2025-12-07,00-0037614,John Metchie III,WR,NYJ,MIA,7.4
2025,14,2025_14_MIA_NYJ,2025-12-07,00-0037252,Greg Dulcich,TE,MIA,NYJ,7.1000000000000005
2025,14,2025_14_MIA_NYJ,2025-12-07,00-0038120,Breece Hall,RB,NYJ,MIA,4.3
2025,14,2025_14_MIA_NYJ,2025-12-07,00-0039880,Malik Washington,WR,MIA,NYJ,4.0
2025,14,2025_14_MIA_NYJ,2025-12-07,00-0037805,Jeremy Ruckert,TE,NYJ,MIA,3.9000000000000004
2025,14,2025_14_MIA_NYJ,2025-12-07,00-0039890,Adonai Mitchell,WR,NYJ,MIA,3.4000000000000004
2025,14,2025_14_MIA_NYJ,2025-12-07,00-0031610,Darren Waller,TE,MIA,NYJ,2.7
2025,14,2025_14_MIA_NYJ,2025-12-07,00-0040398,Brady Cook,QB,NYJ,MIA,2.5200000000000005
2025,14,2025_14_MIA_NYJ,2025-12-07,00-0039798,Isaiah Davis,RB,NYJ,MIA,2.2
2025,14,2025_14_MIA_NYJ,2025-12-07,00-0034521,Allen Lazard,WR,NYJ,MIA,0.0
2025,14,2025_14_MIA_NYJ,2025-12-07,00-0036620,Dee Eskridge,WR,MIA,NYJ,0.0
2025,14,2025_14_MIA_NYJ,2025-12-07,00-0036842,Kene Nwangwu,RB,NYJ,MIA,0.0
2025,14,2025_14_MIA_NYJ,2025-12-07,00-0036906,Khalil Herbert,RB,NYJ,MIA,0.0
2025,14,2025_14_MIA_NYJ,2025-12-07,00-0036182,Nick Westbrook-Ikhine,WR,MIA,NYJ,0.0
2025,14,2025_14_MIA_NYJ,2025-12-07,00-0037475,Stone Smartt,TE,NYJ,MIA,0.0
2025,14,2025_14_MIA_NYJ,2025-12-07,00-0037013,Zach Wilson,QB,MIA,NYJ,-0.2
2025,14,2025_14_MIA_NYJ,2025-12-07,00-0028118,Tyrod Taylor,QB,NYJ,MIA,-1.76
2025,14,2025_14_NO_TB,2025-12-07,00-0040743,Tyler Shough,QB,NO,TB,21.259999999999998
2025,14,2025_14_NO_TB,2025-12-07,00-0039361,Bucky Irving,RB,TB,NO,16.1
2025,14,2025_14_NO_TB,2025-12-07,00-0040202,Devin Neal,RB,NO,TB,15.4
2025,14,2025_14_NO_TB,2025-12-07,00-0034855,Baker Mayfield,QB,TB,NO,11.079999999999998
2025,14,2025_14_NO_TB,2025-12-07,00-0033921,Chris Godwin Jr.,WR,TB,NO,10.5
2025,14,2025_14_NO_TB,2025-12-07,00-0038951,Sean Tucker,RB,TB,NO,8.9
2025,14,2025_14_NO_TB,2025-12-07,00-0036040,Juwan Johnson,TE,NO,TB,7.800000000000001
2025,14,2025_14_NO_TB,2025-12-07,00-0039424,Devaughn Vele,WR,NO,TB,7.0
2025,14,2025_14_NO_TB,2025-12-07,00-0037256,Rachaad White,RB,TB,NO,6.5
2025,14,2025_14_NO_TB,2025-12-07,00-0037239,Chris Olave,WR,NO,TB,6.0
2025,14,2025_14_NO_TB,2025-12-07,00-0038129,Cade Otton,TE,TB,NO,4.9
2025,14,2025_14_NO_TB,2025-12-07,00-0040129,Emeka Egbuka,WR,TB,NO,3.5
2025,14,2025_14_NO_TB,2025-12-07,00-0034981,Foster Moreau,TE,NO,TB,2.6
2025,14,2025_14_NO_TB,2025-12-07,00-0038397,Evan Hull,RB,NO,TB,2.0
2025,14,2025_14_NO_TB,2025-12-07,00-0032385,Sterling Shepard,WR,TB,NO,1.5
2025,14,2025_14_NO_TB,2025-12-07,00-0039373,Audric Estimé,RB,NO,TB,1.1
2025,14,2025_14_NO_TB,2025-12-07,00-0034860,Dante Pettis,WR,NO,TB,0.0
2025,14,2025_14_NO_TB,2025-12-07,00-0036741,Jack Stoll,TE,NO,TB,0.0
2025,14,2025_14_NO_TB,2025-12-07,00-0039589,Kameron Johnson,WR,TB,NO,0.0
2025,14,2025_14_NO_TB,2025-12-07,00-0039623,Mason Tipton,WR,NO,TB,0.0
2025,14,2025_14_NO_TB,2025-12-07,00-0039050,Payne Durham,TE,TB,NO,0.0
2025,14,2025_14_NO_TB,2025-12-07,00-0038824,Ryan Miller,WR,TB,NO,0.0
2025,14,2025_14_NO_TB,2025-12-07,00-0033357,Taysom Hill,TE,NO,TB,-0.1
2025,14,2025_14_PHI_LAC,2025-12-08,00-0034844,Saquon Barkley,RB,PHI,LAC,18.200000000000003
2025,14,2025_14_PHI_LAC,2025-12-08,00-0035676,A.J. Brown,WR,PHI,LAC,16.0
2025,14,2025_14_PHI_LAC,2025-12-08,00-0034351,Dallas Goedert,TE,PHI,LAC,15.8
2025,14,2025_14_PHI_LAC,2025-12-08,00-0040666,Omarion Hampton,RB,LAC,PHI,14.7
2025,14,2025_14_PHI_LAC,2025-12-08,00-0036355,Justin Herbert,QB,LAC,PHI,12.16
2025,14,2025_14_PHI_LAC,2025-12-08,00-0039391,Kimani Vidal,RB,LAC,PHI,11.4
2025,14,2025_14_PHI_LAC,2025-12-08,00-0036912,DeVonta Smith,WR,PHI,LAC,7.7
2025,14,2025_14_PHI_LAC,2025-12-08,00-0030279,Keenan Allen,WR,LAC,PHI,5.2
2025,14,2025_14_PHI_LAC,2025-12-08,00-0040727,Tre Harris,WR,LAC,PHI,3.1
2025,14,2025_14_PHI_LAC,2025-12-08,00-0040024,Darius Cooper,WR,PHI,LAC,2.9000000000000004
2025,14,2025_14_PHI_LAC,2025-12-08,00-0038544,Quentin Johnston,WR,LAC,PHI,2.8
2025,14,2025_14_PHI_LAC,2025-12-08,00-0036389,Jalen Hurts,QB,PHI,LAC,2.3999999999999995
2025,14,2025_14_PHI_LAC,2025-12-08,00-0039915,Ladd McConkey,WR,LAC,PHI,2.2
2025,14,2025_14_PHI_LAC,2025-12-08,00-0040189,Oronde Gadsden II,TE,LAC,PHI,1.7000000000000002
2025,14,2025_14_PHI_LAC,2025-12-08,00-0037741,Jahan Dotson,WR,PHI,LAC,1.3
2025,14,2025_14_PHI_LAC,2025-12-08,00-0039746,Will Shipley,RB,PHI,LAC,1.3
2025,14,2025_14_PHI_LAC,2025-12-08,00-0034159,Will Dissly,TE,LAC,PHI,1.1
2025,14,2025_14_PHI_LAC,2025-12-08,00-0038555,Tank Bigsby,RB,PHI,LAC,0.4
2025,14,2025_14_PHI_LAC,2025-12-08,00-0037132,Britain Covey,WR,PHI,LAC,0.0
2025,14,2025_14_PHI_LAC,2025-12-08,00-0038564,Cameron Latu,TE,PHI,LAC,0.0
2025,14,2025_14_PHI_LAC,2025-12-08,00-0038573,Derius Davis,WR,LAC,PHI,0.0
2025,14,2025_14_PHI_LAC,2025-12-08,00-0037617,Hassan Haskins,RB,LAC,PHI,0.0
2025,14,2025_14_PHI_LAC,2025-12-08,00-0036876,Kylen Granson,TE,PHI,LAC,0.0
2025,14,2025_14_PIT_BAL,2025-12-07,00-0035640,DK Metcalf,WR,PIT,BAL,21.8
2025,14,2025_14_PIT_BAL,2025-12-07,00-0023459,Aaron Rodgers,QB,PIT,BAL,21.46
2025,14,2025_14_PIT_BAL,2025-12-07,00-0034796,Lamar Jackson,QB,BAL,PIT,21.06
2025,14,2025_14_PIT_BAL,2025-12-07,00-0039064,Zay Flowers,WR,BAL,PIT,20.6
2025,14,2025_14_PIT_BAL,2025-12-07,00-0036919,Kenny Gainwell,RB,PIT,BAL,16.2
2025,14,2025_14_PIT_BAL,2025-12-07,00-0037228,Jaylen Warren,RB,PIT,BAL,15.2
2025,14,2025_14_PIT_BAL,2025-12-07,00-0037838,Isaiah Likely,TE,BAL,PIT,12.5
2025,14,2025_14_PIT_BAL,2025-12-07,00-0032764,Derrick Henry,RB,BAL,PIT,11.200000000000001
2025,14,2025_14_PIT_BAL,2025-12-07,00-0038454,Keaton Mitchell,RB,BAL,PIT,7.6000000000000005
2025,14,2025_14_PIT_BAL,2025-12-07,00-0036550,Rashod Bateman,WR,BAL,PIT,4.300000000000001
2025,14,2025_14_PIT_BAL,2025-12-07,00-0037837,Calvin Austin III,WR,PIT,BAL,4.1
2025,14,2025_14_PIT_BAL,2025-12-07,00-0039796,Rasheen Ali,RB,BAL,PIT,3.3
2025,14,2025_14_PIT_BAL,2025-12-07,00-0038046,Charlie Kolar,TE,BAL,PIT,2.9000000000000004
2025,14,2025_14_PIT_BAL,2025-12-07,00-0036894,Pat Freiermuth,TE,PIT,BAL,2.9
2025,14,2025_14_PIT_BAL,2025-12-07,00-0036862,Ben Skowronek,WR,PIT,BAL,2.3
2025,14,2025_14_PIT_BAL,2025-12-07,00-0038558,Darnell Washington,TE,PIT,BAL,2.2
2025,14,2025_14_PIT_BAL,2025-12-07,00-0034753,Mark Andrews,TE,BAL,PIT,1.9
2025,14,2025_14_PIT_BAL,2025-12-07,00-0030035,Adam Thielen,WR,PIT,BAL,1.4
2025,14,2025_14_PIT_BAL,2025-12-07,00-0040142,Kaleb Johnson,RB,PIT,BAL,0.4
2025,14,2025_14_PIT_BAL,2025-12-07,00-0030564,DeAndre Hopkins,WR,BAL,PIT,0.0
2025,14,2025_14_PIT_BAL,2025-12-07,00-0033858,Jonnu Smith,TE,PIT,BAL,0.0
2025,14,2025_14_PIT_BAL,2025-12-07,00-0040075,LaJohntay Wester,WR,BAL,PIT,0.0
2025,14,2025_14_PIT_BAL,2025-12-07,00-0034272,Marquez Valdes-Scantling,WR,PIT,BAL,0.0
2025,14,2025_14_PIT_BAL,2025-12-07,00-0033376,Patrick Ricard,RB,BAL,PIT,0.0
2025,14,2025_14_SEA_ATL,2025-12-07,00-0038543,Jaxon Smith-Njigba,WR,SEA,ATL,28.1
2025,14,2025_14_SEA_ATL,2025-12-07,00-0034869,Sam Darnold,QB,SEA,ATL,22.26
2025,14,2025_14_SEA_ATL,2025-12-07,00-0037545,Rashid Shaheed,WR,SEA,ATL,16.7
2025,14,2025_14_SEA_ATL,2025-12-07,00-0036970,Kyle Pitts,TE,ATL,SEA,15.0
2025,14,2025_14_SEA_ATL,2025-12-07,00-0033908,Cooper Kupp,WR,SEA,ATL,11.5
2025,14,2025_14_SEA_ATL,2025-12-07,00-0038542,Bijan Robinson,RB,ATL,SEA,9.4
2025,14,2025_14_SEA_ATL,2025-12-07,00-0037263,Tyler Allgeier,RB,ATL,SEA,8.7
2025,14,2025_14_SEA_ATL,2025-12-07,00-0039165,Zach Charbonnet,RB,SEA,ATL,8.600000000000001
2025,14,2025_14_SEA_ATL,2025-12-07,00-0039793,AJ Barner,TE,SEA,ATL,5.7
2025,14,2025_14_SEA_ATL,2025-12-07,00-0038953,Dylan Drummond,WR,ATL,SEA,5.1
2025,14,2025_14_SEA_ATL,2025-12-07,00-0038134,Kenneth Walker III,RB,SEA,ATL,3.8000000000000003
2025,14,2025_14_SEA_ATL,2025-12-07,00-0037745,Velus Jones Jr.,WR,SEA,ATL,3.2
2025,14,2025_14_SEA_ATL,2025-12-07,00-0029604,Kirk Cousins,QB,ATL,SEA,2.4800000000000004
2025,14,2025_14_SEA_ATL,2025-12-07,00-0035891,Cody White,WR,SEA,ATL,1.9
2025,14,2025_14_SEA_ATL,2025-12-07,00-0036309,Darnell Mooney,WR,ATL,SEA,1.6
2025,14,2025_14_SEA_ATL,2025-12-07,00-0037487,Deven Thompkins,WR,ATL,SEA,1.4
2025,14,2025_14_SEA_ATL,2025-12-07,00-0035359,David Sills,WR,ATL,SEA,0.0
2025,14,2025_14_SEA_ATL,2025-12-07,00-0035704,Drew Lock,QB,SEA,ATL,0.0
2025,14,2025_14_SEA_ATL,2025-12-07,00-0040739,Elijah Arroyo,TE,SEA,ATL,0.0
2025,14,2025_14_SEA_ATL,2025-12-07,00-0036825,Feleipe Franks,TE,ATL,SEA,0.0
2025,14,2025_14_SEA_ATL,2025-12-07,00-0033572,Jamal Agnew,WR,ATL,SEA,0.0
2025,14,2025_14_SEA_ATL,2025-12-07,00-0040649,Robbie Ouzts,RB,SEA,ATL,0.0
2025,14,2025_14_TEN_CLE,2025-12-07,00-0040668,Shedeur Sanders,QB,CLE,TEN,33.46
2025,14,2025_14_TEN_CLE,2025-12-07,00-0035261,Tony Pollard,RB,TEN,CLE,28.1
2025,14,2025_14_TEN_CLE,2025-12-07,00-0040663,Harold Fannin Jr.,TE,CLE,TEN,25.4
2025,14,2025_14_TEN_CLE,2025-12-07,00-0036407,Jerry Jeudy,WR,CLE,TEN,16.6
2025,14,2025_14_TEN_CLE,2025-12-07,00-0040705,Chimere Dike,WR,TEN,CLE,13.4
2025,14,2025_14_TEN_CLE,2025-12-07,00-0040676,Cam Ward,QB,TEN,CLE,11.08
2025,14,2025_14_TEN_CLE,2025-12-07,00-0040162,Dylan Sampson,RB,CLE,TEN,9.8
2025,14,2025_14_TEN_CLE,2025-12-07,00-0040784,Quinshon Judkins,RB,CLE,TEN,9.4
2025,14,2025_14_TEN_CLE,2025-12-07,00-0040170,Elic Ayomanor,WR,TEN,CLE,8.4
2025,14,2025_14_TEN_CLE,2025-12-07,00-0033885,David Njoku,TE,CLE,TEN,7.1
2025,14,2025_14_TEN_CLE,2025-12-07,00-0039032,Tyjae Spears,RB,TEN,CLE,6.7
2025,14,2025_14_TEN_CLE,2025-12-07,00-0037809,Chig Okonkwo,TE,TEN,CLE,4.0
2025,14,2025_14_TEN_CLE,2025-12-07,00-0040259,Gage Larvadain,WR,CLE,TEN,3.8
2025,14,2025_14_TEN_CLE,2025-12-07,00-0036415,Van Jefferson,WR,TEN,CLE,3.7
2025,14,2025_14_TEN_CLE,2025-12-07,00-0038979,Cedric Tillman,WR,CLE,TEN,3.3000000000000003
2025,14,2025_14_TEN_CLE,2025-12-07,00-0037267,Jerome Ford,RB,CLE,TEN,3.0
2025,14,2025_14_TEN_CLE,2025-12-07,00-0040584,Gunnar Helm,TE,TEN,CLE,1.8
2025,14,2025_14_TEN_CLE,2025-12-07,00-0039648,David Martin-Robinson,TE,TEN,CLE,1.6
2025,14,2025_14_TEN_CLE,2025-12-07,00-0039920,Malachi Corley,WR,CLE,TEN,0.2
2025,14,2025_14_TEN_CLE,2025-12-07,00-0038710,Blake Whiteheart,TE,CLE,TEN,0.0
2025,14,2025_14_TEN_CLE,2025-12-07,00-0040782,Isaiah Bond,WR,CLE,TEN,0.0
2025,14,2025_14_TEN_CLE,2025-12-07,00-0036133,James Proche,WR,TEN,CLE,0.0
2025,14,2025_14_TEN_CLE,2025-12-07,00-0037594,Julius Chestnut,RB,TEN,CLE,0.0
2025,14,2025_14_WAS_MIN,2025-12-07,00-0039923,J.J. McCarthy,QB,MIN,WAS,20.419999999999998
2025,14,2025_14_WAS_MIN,2025-12-07,00-0035249,Josh Oliver,TE,MIN,WAS,16.4
2025,14,2025_14_WAS_MIN,2025-12-07,00-0037525,Jordan Mason,RB,MIN,WAS,11.2
2025,14,2025_14_WAS_MIN,2025-12-07,00-0038994,Jordan Addison,WR,MIN,WAS,10.2
2025,14,2025_14_WAS_MIN,2025-12-07,00-0035229,T.J. Hockenson,TE,MIN,WAS,9.2
2025,14,2025_14_WAS_MIN,2025-12-07,00-0033293,Aaron Jones,RB,MIN,WAS,7.6000000000000005
2025,14,2025_14_WAS_MIN,2025-12-07,00-0035659,Terry McLaurin,WR,WAS,MIN,7.1000000000000005
2025,14,2025_14_WAS_MIN,2025-12-07,00-0035719,Deebo Samuel Sr.,WR,WAS,MIN,6.7
2025,14,2025_14_WAS_MIN,2025-12-07,00-0037291,Jalen Nailor,WR,MIN,WAS,6.0
2025,14,2025_14_WAS_MIN,2025-12-07,00-0038611,Chris Rodriguez Jr.,RB,WAS,MIN,5.2
2025,14,2025_14_WAS_MIN,2025-12-07,00-0040242,Jacory Croskey-Merritt,RB,WAS,MIN,3.2
2025,14,2025_14_WAS_MIN,2025-12-07,00-0036322,Justin Jefferson,WR,MIN,WAS,3.1
2025,14,2025_14_WAS_MIN,2025-12-07,00-0038440,Zavier Scott,RB,MIN,WAS,3.0
2025,14,2025_14_WAS_MIN,2025-12-07,00-0033591,Noah Brown,WR,WAS,MIN,2.9000000000000004
2025,14,2025_14_WAS_MIN,2025-12-07,00-0039910,Jayden Daniels,QB,WAS,MIN,2.72
2025,14,2025_14_WAS_MIN,2025-12-07,00-0030061,Zach Ertz,TE,WAS,MIN,2.1
2025,14,2025_14_WAS_MIN,2025-12-07,00-0040154,Tai Felton,WR,MIN,WAS,2.0
2025,14,2025_14_WAS_MIN,2025-12-07,00-0038809,Ben Sims,TE,MIN,WAS,1.9
2025,14,2025_14_WAS_MIN,2025-12-07,00-0039912,Ben Sinnott,TE,WAS,MIN,1.8
2025,14,2025_14_WAS_MIN,2025-12-07,00-0033955,Jeremy McNichols,RB,WAS,MIN,1.2
2025,14,2025_14_WAS_MIN,2025-12-07,00-0039686,Colson Yankoff,TE,WAS,MIN,0.0
2025,14,2025_14_WAS_MIN,2025-12-07,00-0040164,Jaylin Lane,WR,WAS,MIN,0.0
2025,14,2025_14_WAS_MIN,2025-12-07,00-0036628,John Bates,TE,WAS,MIN,0.0
2025,14,2025_14_WAS_MIN,2025-12-07,00-0040506,Myles Price,WR,MIN,WAS,0.0
2025,14,2025_14_WAS_MIN,2025-12-07,00-0037742,Treylon Burks,WR,WAS,MIN,0.0
2025,14,2025_14_WAS_MIN,2025-12-07,00-0032268,Marcus Mariota,QB,WAS,MIN,-2.1
2025,15,2025_15_ARI_HOU,2025-12-14,00-0037744,Trey McBride,TE,ARI,HOU,37.4
2025,15,2025_15_ARI_HOU,2025-12-14,00-0036554,Nico Collins,WR,HOU,ARI,23.5
2025,15,2025_15_ARI_HOU,2025-12-14,00-0039163,C.J. Stroud,QB,HOU,ARI,23.4
2025,15,2025_15_ARI_HOU,2025-12-14,00-0034383,Dalton Schultz,TE,HOU,ARI,21.6
2025,15,2025_15_ARI_HOU,2025-12-14,00-0033119,Jacoby Brissett,QB,ARI,HOU,20.560000000000002
2025,15,2025_15_ARI_HOU,2025-12-14,00-0038559,Michael Wilson,WR,ARI,HOU,16.4
2025,15,2025_15_ARI_HOU,2025-12-14,00-0039405,Jawhar Jordan,RB,HOU,ARI,13.8
2025,15,2025_15_ARI_HOU,2025-12-14,00-0036924,Michael Carter,RB,ARI,HOU,13.4
2025,15,2025_15_ARI_HOU,2025-12-14,00-0033854,Dare Ogunbowale,RB,HOU,ARI,6.4
2025,15,2025_15_ARI_HOU,2025-12-14,00-0039359,Cade Stover,TE,HOU,ARI,5.2
2025,15,2025_15_ARI_HOU,2025-12-14,00-0040583,Woody Marks,RB,HOU,ARI,4.800000000000001
2025,15,2025_15_ARI_HOU,2025-12-14,00-0038640,Jalen Brooks,WR,ARI,HOU,2.9000000000000004
2025,15,2025_15_ARI_HOU,2025-12-14,00-0038618,Xavier Hutchinson,WR,HOU,ARI,2.6
2025,15,2025_15_ARI_HOU,2025-12-14,00-0038705,Emari Demercado,RB,ARI,HOU,2.1
2025,15,2025_15_ARI_HOU,2025-12-14,00-0033439,Pharaoh Brown,TE,ARI,HOU,2.1
2025,15,2025_15_ARI_HOU,2025-12-14,00-0040130,Jayden Higgins,WR,HOU,ARI,1.4
2025,15,2025_15_ARI_HOU,2025-12-14,00-0039041,Elijah Higgins,TE,ARI,HOU,1.3
2025,15,2025_15_ARI_HOU,2025-12-14,00-0040556,Corey Kiner,RB,ARI,HOU,1.1
2025,15,2025_15_ARI_HOU,2025-12-14,00-0035876,Andre Baccellia,WR,ARI,HOU,0.0
2025,15,2025_15_ARI_HOU,2025-12-14,00-0039603,British Brooks,RB,HOU,ARI,0.0
2025,15,2025_15_ARI_HOU,2025-12-14,00-0040138,Jaylin Noel,WR,HOU,ARI,0.0
2025,15,2025_15_ARI_HOU,2025-12-14,00-0037157,Bam Knight,RB,ARI,HOU,-0.2
2025,15,2025_15_ATL_TB,2025-12-11,00-0036970,Kyle Pitts,TE,ATL,TB,45.6
2025,15,2025_15_ATL_TB,2025-12-11,00-0038542,Bijan Robinson,RB,ATL,TB,29.5
2025,15,2025_15_ATL_TB,2025-12-11,00-0029604,Kirk Cousins,QB,ATL,TB,26.92
2025,15,2025_15_ATL_TB,2025-12-11,00-0031408,Mike Evans,WR,TB,ATL,19.200000000000003
2025,15,2025_15_ATL_TB,2025-12-11,00-0034855,Baker Mayfield,QB,TB,ATL,19.18
2025,15,2025_15_ATL_TB,2025-12-11,00-0033921,Chris Godwin Jr.,WR,TB,ATL,14.0
2025,15,2025_15_ATL_TB,2025-12-11,00-0035359,David Sills,WR,ATL,TB,13.8
2025,15,2025_15_ATL_TB,2025-12-11,00-0040129,Emeka Egbuka,WR,TB,ATL,10.4
2025,15,2025_15_ATL_TB,2025-12-11,00-0039361,Bucky Irving,RB,TB,ATL,8.100000000000001
2025,15,2025_15_ATL_TB,2025-12-11,00-0039754,Devin Culp,TE,TB,ATL,7.6
2025,15,2025_15_ATL_TB,2025-12-11,00-0038951,Sean Tucker,RB,TB,ATL,6.7
2025,15,2025_15_ATL_TB,2025-12-11,00-0036309,Darnell Mooney,WR,ATL,TB,6.5
2025,15,2025_15_ATL_TB,2025-12-11,00-0039855,Jalen McMillan,WR,TB,ATL,5.800000000000001
2025,15,2025_15_ATL_TB,2025-12-11,00-0037256,Rachaad White,RB,TB,ATL,3.6
2025,15,2025_15_ATL_TB,2025-12-11,00-0036429,Charlie Woerner,TE,ATL,TB,3.2
2025,15,2025_15_ATL_TB,2025-12-11,00-0037263,Tyler Allgeier,RB,ATL,TB,1.8
2025,15,2025_15_ATL_TB,2025-12-11,00-0037487,Deven Thompkins,WR,ATL,TB,0.0
2025,15,2025_15_ATL_TB,2025-12-11,00-0038953,Dylan Drummond,WR,ATL,TB,0.0
2025,15,2025_15_ATL_TB,2025-12-11,00-0039589,Kameron Johnson,WR,TB,ATL,0.0
2025,15,2025_15_ATL_TB,2025-12-11,00-0034854,KhaDarel Hodge,WR,ATL,TB,0.0
2025,15,2025_15_ATL_TB,2025-12-11,00-0040237,Tez Johnson,WR,TB,ATL,0.0
2025,15,2025_15_BAL_CIN,2025-12-14,00-0036900,Ja'Marr Chase,WR,CIN,BAL,23.200000000000003
2025,15,2025_15_BAL_CIN,2025-12-14,00-0038597,Chase Brown,RB,CIN,BAL,16.0
2025,15,2025_15_BAL_CIN,2025-12-14,00-0039064,Zay Flowers,WR,BAL,CIN,15.8
2025,15,2025_15_BAL_CIN,2025-12-14,00-0034796,Lamar Jackson,QB,BAL,CIN,14.6
2025,15,2025_15_BAL_CIN,2025-12-14,00-0039796,Rasheen Ali,RB,BAL,CIN,11.2
2025,15,2025_15_BAL_CIN,2025-12-14,00-0032764,Derrick Henry,RB,BAL,CIN,10.0
2025,15,2025_15_BAL_CIN,2025-12-14,00-0038454,Keaton Mitchell,RB,BAL,CIN,6.6000000000000005
2025,15,2025_15_BAL_CIN,2025-12-14,00-0036442,Joe Burrow,QB,CIN,BAL,5.5
2025,15,2025_15_BAL_CIN,2025-12-14,00-0033526,Samaje Perine,RB,CIN,BAL,5.3
2025,15,2025_15_BAL_CIN,2025-12-14,00-0034613,Tanner Hudson,TE,CIN,BAL,4.6
2025,15,2025_15_BAL_CIN,2025-12-14,00-0030564,DeAndre Hopkins,WR,BAL,CIN,4.2
2025,15,2025_15_BAL_CIN,2025-12-14,00-0034753,Mark Andrews,TE,BAL,CIN,3.8
2025,15,2025_15_BAL_CIN,2025-12-14,00-0035631,Drew Sample,TE,CIN,BAL,3.2
2025,15,2025_15_BAL_CIN,2025-12-14,00-0038839,Mitchell Tinsley,WR,CIN,BAL,2.6
2025,15,2025_15_BAL_CIN,2025-12-14,00-0034829,Mike Gesicki,TE,CIN,BAL,2.1
2025,15,2025_15_BAL_CIN,2025-12-14,00-0038619,Andrei Iosivas,WR,CIN,BAL,0.0
2025,15,2025_15_BAL_CIN,2025-12-14,00-0038576,Charlie Jones,WR,CIN,BAL,0.0
2025,15,2025_15_BAL_CIN,2025-12-14,00-0038046,Charlie Kolar,TE,BAL,CIN,0.0
2025,15,2025_15_BAL_CIN,2025-12-14,00-0040075,LaJohntay Wester,WR,BAL,CIN,0.0
2025,15,2025_15_BAL_CIN,2025-12-14,00-0040208,Tahj Brooks,RB,CIN,BAL,0.0
2025,15,2025_15_BAL_CIN,2025-12-14,00-0036630,Tylan Wallace,WR,BAL,CIN,0.0
2025,15,2025_15_BAL_CIN,2025-12-14,00-0035993,Tyler Huntley,QB,BAL,CIN,-0.30000000000000004
2025,15,2025_15_BUF_NE,2025-12-14,00-0037248,James Cook,RB,BUF,NE,31.1
2025,15,2025_15_BUF_NE,2025-12-14,00-0040734,TreVeyon Henderson,RB,NE,BUF,30.1
2025,15,2025_15_BUF_NE,2025-12-14,00-0034857,Josh Allen,QB,BUF,NE,24.52
2025,15,2025_15_BUF_NE,2025-12-14,00-0039851,Drake Maye,QB,NE,BUF,20.5
2025,15,2025_15_BUF_NE,2025-12-14,00-0035689,Dawson Knox,TE,BUF,NE,18.7
2025,15,2025_15_BUF_NE,2025-12-14,00-0037261,Khalil Shakir,WR,BUF,NE,11.5
2025,15,2025_15_BUF_NE,2025-12-14,00-0036875,Rhamondre Stevenson,RB,NE,BUF,10.7
2025,15,2025_15_BUF_NE,2025-12-14,00-0033555,Mack Hollins,WR,NE,BUF,8.100000000000001
2025,15,2025_15_BUF_NE,2025-12-14,00-0038933,Dalton Kincaid,TE,BUF,NE,6.4
2025,15,2025_15_BUF_NE,2025-12-14,00-0035537,Ty Johnson,RB,BUF,NE,5.800000000000001
2025,15,2025_15_BUF_NE,2025-12-14,00-0031588,Stefon Diggs,WR,NE,BUF,5.6
2025,15,2025_15_BUF_NE,2025-12-14,00-0038608,Kayshon Boutte,WR,NE,BUF,4.0
2025,15,2025_15_BUF_NE,2025-12-14,00-0033090,Hunter Henry,TE,NE,BUF,2.8
2025,15,2025_15_BUF_NE,2025-12-14,00-0036988,Josh Palmer,WR,BUF,NE,2.6
2025,15,2025_15_BUF_NE,2025-12-14,00-0039875,Ray Davis,RB,BUF,NE,2.3
2025,15,2025_15_BUF_NE,2025-12-14,00-0040194,Jackson Hawes,TE,BUF,NE,1.9
2025,15,2025_15_BUF_NE,2025-12-14,00-0038621,DeMario Douglas,WR,NE,BUF,0.5
2025,15,2025_15_BUF_NE,2025-12-14,00-0031236,Brandin Cooks,WR,BUF,NE,0.0
2025,15,2025_15_BUF_NE,2025-12-14,00-0040131,Kyle Williams,WR,NE,BUF,0.0
2025,15,2025_15_BUF_NE,2025-12-14,00-0036187,Reggie Gilliam,RB,BUF,NE,0.0
2025,15,2025_15_CAR_NO,2025-12-14,00-0037239,Chris Olave,WR,NO,CAR,20.5
2025,15,2025_15_CAR_NO,2025-12-14,00-0040743,Tyler Shough,QB,NO,CAR,18.080000000000002
2025,15,2025_15_CAR_NO,2025-12-14,00-0039150,Bryce Young,QB,CAR,NO,15.42
2025,15,2025_15_CAR_NO,2025-12-14,00-0039491,Jalen Coker,WR,CAR,NO,14.0
2025,15,2025_15_CAR_NO,2025-12-14,00-0036139,Rico Dowdle,RB,CAR,NO,12.4
2025,15,2025_15_CAR_NO,2025-12-14,00-0039424,Devaughn Vele,WR,NO,CAR,11.9
2025,15,2025_15_CAR_NO,2025-12-14,00-0040202,Devin Neal,RB,NO,CAR,10.2
2025,15,2025_15_CAR_NO,2025-12-14,00-0039373,Audric Estimé,RB,NO,CAR,8.0
2025,15,2025_15_CAR_NO,2025-12-14,00-0036040,Juwan Johnson,TE,NO,CAR,7.0
2025,15,2025_15_CAR_NO,2025-12-14,00-0037231,Kevin Austin Jr.,WR,NO,CAR,6.300000000000001
2025,15,2025_15_CAR_NO,2025-12-14,00-0039342,Xavier Legette,WR,CAR,NO,5.9
2025,15,2025_15_CAR_NO,2025-12-14,00-0036555,Chuba Hubbard,RB,CAR,NO,4.800000000000001
2025,15,2025_15_CAR_NO,2025-12-14,00-0040124,Tetairoa McMillan,WR,CAR,NO,4.5
2025,15,2025_15_CAR_NO,2025-12-14,00-0037005,Tommy Tremble,TE,CAR,NO,3.3
2025,15,2025_15_CAR_NO,2025-12-14,00-0039356,Ja'Tavion Sanders,TE,CAR,NO,2.5
2025,15,2025_15_CAR_NO,2025-12-14,00-0036741,Jack Stoll,TE,NO,CAR,1.7000000000000002
2025,15,2025_15_CAR_NO,2025-12-14,00-0040218,Jimmy Horn Jr.,WR,CAR,NO,1.7000000000000002
2025,15,2025_15_CAR_NO,2025-12-14,00-0038397,Evan Hull,RB,NO,CAR,1.2000000000000002
2025,15,2025_15_CAR_NO,2025-12-14,00-0039623,Mason Tipton,WR,NO,CAR,1.1
2025,15,2025_15_CAR_NO,2025-12-14,00-0033357,Taysom Hill,TE,NO,CAR,0.2
2025,15,2025_15_CAR_NO,2025-12-14,00-0038840,Brycen Tremayne,WR,CAR,NO,0.0
2025,15,2025_15_CAR_NO,2025-12-14,00-0034860,Dante Pettis,WR,NO,CAR,0.0
2025,15,2025_15_CAR_NO,2025-12-14,00-0040187,Mitchell Evans,TE,CAR,NO,0.0
2025,15,2025_15_CAR_NO,2025-12-14,00-0039376,Spencer Rattler,QB,NO,CAR,0.0
2025,15,2025_15_CAR_NO,2025-12-14,00-0040644,Trevor Etienne,RB,CAR,NO,0.0
2025,15,2025_15_CLE_CHI,2025-12-14,00-0034827,DJ Moore,WR,CHI,CLE,22.9
2025,15,2025_15_CLE_CHI,2025-12-14,00-0036275,D'Andre Swift,RB,CHI,CLE,22.6
2025,15,2025_15_CLE_CHI,2025-12-14,00-0039918,Caleb Williams,QB,CHI,CLE,18.98
2025,15,2025_15_CLE_CHI,2025-12-14,00-0040735,Luther Burden III,WR,CHI,CLE,14.4
2025,15,2025_15_CLE_CHI,2025-12-14,00-0040663,Harold Fannin Jr.,TE,CLE,CHI,12.0
2025,15,2025_15_CLE_CHI,2025-12-14,00-0040782,Isaiah Bond,WR,CLE,CHI,10.9
2025,15,2025_15_CLE_CHI,2025-12-14,00-0040126,Colston Loveland,TE,CHI,CLE,10.100000000000001
2025,15,2025_15_CLE_CHI,2025-12-14,00-0036290,Cole Kmet,TE,CHI,CLE,4.800000000000001
2025,15,2025_15_CLE_CHI,2025-12-14,00-0040784,Quinshon Judkins,RB,CLE,CHI,4.7
2025,15,2025_15_CLE_CHI,2025-12-14,00-0036407,Jerry Jeudy,WR,CLE,CHI,4.2
2025,15,2025_15_CLE_CHI,2025-12-14,00-0040668,Shedeur Sanders,QB,CLE,CHI,3.4800000000000004
2025,15,2025_15_CLE_CHI,2025-12-14,00-0040236,Kyle Monangai,RB,CHI,CLE,3.3000000000000003
2025,15,2025_15_CLE_CHI,2025-12-14,00-0035291,Trayveon Williams,RB,CLE,CHI,2.7
2025,15,2025_15_CLE_CHI,2025-12-14,00-0039920,Malachi Corley,WR,CLE,CHI,2.0
2025,15,2025_15_CLE_CHI,2025-12-14,00-0040259,Gage Larvadain,WR,CLE,CHI,1.8
2025,15,2025_15_CLE_CHI,2025-12-14,00-0039458,Brenden Bates,TE,CLE,CHI,0.0
2025,15,2025_15_CLE_CHI,2025-12-14,00-0037329,Brittain Brown,RB,CHI,CLE,0.0
2025,15,2025_15_CLE_CHI,2025-12-14,00-0036331,Devin Duvernay,WR,CHI,CLE,0.0
2025,15,2025_15_CLE_CHI,2025-12-14,00-0034798,Durham Smythe,TE,CHI,CLE,0.0
2025,15,2025_15_CLE_CHI,2025-12-14,00-0035208,Olamide Zaccheaus,WR,CHI,CLE,0.0
2025,15,2025_15_DET_LA,2025-12-14,00-0036963,Amon-Ra St. Brown,WR,DET,LA,41.400000000000006
2025,15,2025_15_DET_LA,2025-12-14,00-0039075,Puka Nacua,WR,LA,DET,27.900000000000002
2025,15,2025_15_DET_LA,2025-12-14,00-0037240,Jameson Williams,WR,DET,LA,26.4
2025,15,2025_15_DET_LA,2025-12-14,00-0033106,Jared Goff,QB,DET,LA,25.52
2025,15,2025_15_DET_LA,2025-12-14,00-0036244,Colby Parkinson,TE,LA,DET,24.5
2025,15,2025_15_DET_LA,2025-12-14,00-0037840,Kyren Williams,RB,LA,DET,21.8
2025,15,2025_15_DET_LA,2025-12-14,00-0026498,Matthew Stafford,QB,LA,DET,20.919999999999998
2025,15,2025_15_DET_LA,2025-12-14,00-0039738,Blake Corum,RB,LA,DET,13.100000000000001
2025,15,2025_15_DET_LA,2025-12-14,00-0031381,Davante Adams,WR,LA,DET,11.100000000000001
2025,15,2025_15_DET_LA,2025-12-14,00-0039139,Jahmyr Gibbs,RB,DET,LA,9.8
2025,15,2025_15_DET_LA,2025-12-14,00-0035685,David Montgomery,RB,DET,LA,9.2
2025,15,2025_15_DET_LA,2025-12-14,00-0039074,Davis Allen,TE,LA,DET,4.6
2025,15,2025_15_DET_LA,2025-12-14,00-0032464,Kalif Raymond,WR,DET,LA,3.0
2025,15,2025_15_DET_LA,2025-12-14,00-0036849,Tutu Atwell,WR,LA,DET,1.9
2025,15,2025_15_DET_LA,2025-12-14,00-0040737,Terrance Ferguson,TE,LA,DET,1.6
2025,15,2025_15_DET_LA,2025-12-14,00-0035956,Giovanni Ricci,TE,DET,LA,0.0
2025,15,2025_15_DET_LA,2025-12-14,00-0040669,Isaac TeSlaa,WR,DET,LA,0.0
2025,15,2025_15_DET_LA,2025-12-14,00-0039751,Jordan Whittington,WR,LA,DET,0.0
2025,15,2025_15_DET_LA,2025-12-14,00-0040590,Konata Mumpfield,WR,LA,DET,0.0
2025,15,2025_15_DET_LA,2025-12-14,00-0037557,Ronnie Rivers,RB,LA,DET,0.0
2025,15,2025_15_DET_LA,2025-12-14,00-0039364,Sione Vaki,RB,DET,LA,0.0
2025,15,2025_15_DET_LA,2025-12-14,00-0035544,Tom Kennedy,WR,DET,LA,0.0
2025,15,2025_15_DET_LA,2025-12-14,00-0038359,Xavier Smith,WR,LA,DET,0.0
2025,15,2025_15_GB_DEN,2025-12-14,00-0039732,Bo Nix,QB,DEN,GB,29.08
2025,15,2025_15_GB_DEN,2025-12-14,00-0034348,Courtland Sutton,WR,DEN,GB,24.3
2025,15,2025_15_GB_DEN,2025-12-14,00-0035700,Josh Jacobs,RB,GB,DEN,23.200000000000003
2025,15,2025_15_GB_DEN,2025-12-14,00-0039868,Troy Franklin,WR,DEN,GB,20.8
2025,15,2025_15_GB_DEN,2025-12-14,00-0036264,Jordan Love,QB,GB,DEN,13.940000000000001
2025,15,2025_15_GB_DEN,2025-12-14,00-0035406,Lil'Jordan Humphrey,WR,DEN,GB,13.2
2025,15,2025_15_GB_DEN,2025-12-14,00-0039146,Jayden Reed,WR,GB,DEN,10.5
2025,15,2025_15_GB_DEN,2025-12-14,00-0040730,RJ Harvey,RB,DEN,GB,10.5
2025,15,2025_15_GB_DEN,2025-12-14,00-0039144,Luke Musgrave,TE,GB,DEN,9.2
2025,15,2025_15_GB_DEN,2025-12-14,00-0036959,Michael Bandy,WR,DEN,GB,9.0
2025,15,2025_15_GB_DEN,2025-12-14,00-0040667,Matthew Golden,WR,GB,DEN,8.5
2025,15,2025_15_GB_DEN,2025-12-14,00-0038976,Marvin Mims Jr.,WR,DEN,GB,7.7
2025,15,2025_15_GB_DEN,2025-12-14,00-0038124,Christian Watson,WR,GB,DEN,5.9
2025,15,2025_15_GB_DEN,2025-12-14,00-0037816,Romeo Doubs,WR,GB,DEN,5.6
2025,15,2025_15_GB_DEN,2025-12-14,00-0037306,John FitzPatrick,TE,GB,DEN,4.8
2025,15,2025_15_GB_DEN,2025-12-14,00-0038685,Chris Brooks,RB,GB,DEN,2.6
2025,15,2025_15_GB_DEN,2025-12-14,00-0033881,Evan Engram,TE,DEN,GB,2.2
2025,15,2025_15_GB_DEN,2025-12-14,00-0038393,Dontayvion Wicks,WR,GB,DEN,1.6
2025,15,2025_15_GB_DEN,2025-12-14,00-0037085,Tyler Badie,RB,DEN,GB,1.1
2025,15,2025_15_GB_DEN,2025-12-14,00-0038794,Jaleel McLaughlin,RB,DEN,GB,0.4
2025,15,2025_15_GB_DEN,2025-12-14,00-0038797,Emanuel Wilson,RB,GB,DEN,0.30000000000000004
2025,15,2025_15_GB_DEN,2025-12-14,00-0037091,Bo Melton,WR,GB,DEN,0.0
2025,15,2025_15_IND_SEA,2025-12-14,00-0038543,Jaxon Smith-Njigba,WR,SEA,IND,18.3
2025,15,2025_15_IND_SEA,2025-12-14,00-0036223,Jonathan Taylor,RB,IND,SEA,13.100000000000001
2025,15,2025_15_IND_SEA,2025-12-14,00-0037545,Rashid Shaheed,WR,SEA,IND,12.100000000000001
2025,15,2025_15_IND_SEA,2025-12-14,00-0034869,Sam Darnold,QB,SEA,IND,11.34
2025,15,2025_15_IND_SEA,2025-12-14,00-0038997,Josh Downs,WR,IND,SEA,10.3
2025,15,2025_15_IND_SEA,2025-12-14,00-0032104,Ameer Abdullah,RB,IND,SEA,9.7
2025,15,2025_15_IND_SEA,2025-12-14,00-0033908,Cooper Kupp,WR,SEA,IND,9.600000000000001
2025,15,2025_15_IND_SEA,2025-12-14,00-0022942,Philip Rivers,QB,IND,SEA,6.800000000000001
2025,15,2025_15_IND_SEA,2025-12-14,00-0039793,AJ Barner,TE,SEA,IND,5.7
2025,15,2025_15_IND_SEA,2025-12-14,00-0036252,Michael Pittman,WR,IND,SEA,5.6
2025,15,2025_15_IND_SEA,2025-12-14,00-0040128,Tyler Warren,TE,IND,SEA,4.9
2025,15,2025_15_IND_SEA,2025-12-14,00-0039165,Zach Charbonnet,RB,SEA,IND,3.1
2025,15,2025_15_IND_SEA,2025-12-14,00-0038134,Kenneth Walker III,RB,SEA,IND,2.9000000000000004
2025,15,2025_15_IND_SEA,2025-12-14,00-0037664,Alec Pierce,WR,IND,SEA,2.6
2025,15,2025_15_IND_SEA,2025-12-14,00-0033576,Eric Saubert,TE,SEA,IND,1.9
2025,15,2025_15_IND_SEA,2025-12-14,00-0038488,Brady Russell,RB,SEA,IND,0.0
2025,15,2025_15_IND_SEA,2025-12-14,00-0040352,Coleman Owen,WR,IND,SEA,0.0
2025,15,2025_15_IND_SEA,2025-12-14,00-0040058,Nick Kallerup,TE,SEA,IND,0.0
2025,15,2025_15_IND_SEA,2025-12-14,00-0037120,Tyler Goodson,RB,IND,SEA,0.0
2025,15,2025_15_LAC_KC,2025-12-14,00-0030506,Travis Kelce,TE,KC,LAC,14.0
2025,15,2025_15_LAC_KC,2025-12-14,00-0033873,Patrick Mahomes,QB,KC,LAC,13.06
2025,15,2025_15_LAC_KC,2025-12-14,00-0039067,Rashee Rice,WR,KC,LAC,12.100000000000001
2025,15,2025_15_LAC_KC,2025-12-14,00-0036355,Justin Herbert,QB,LAC,KC,10.4
2025,15,2025_15_LAC_KC,2025-12-14,00-0040189,Oronde Gadsden II,TE,LAC,KC,10.100000000000001
2025,15,2025_15_LAC_KC,2025-12-14,00-0040184,KeAndre Lambert-Smith,WR,LAC,KC,8.6
2025,15,2025_15_LAC_KC,2025-12-14,00-0030279,Keenan Allen,WR,LAC,KC,8.6
2025,15,2025_15_LAC_KC,2025-12-14,00-0040727,Tre Harris,WR,LAC,KC,7.9
2025,15,2025_15_LAC_KC,2025-12-14,00-0040666,Omarion Hampton,RB,LAC,KC,7.5
2025,15,2025_15_LAC_KC,2025-12-14,00-0038104,Tyquan Thornton,WR,KC,LAC,6.7
2025,15,2025_15_LAC_KC,2025-12-14,00-0039391,Kimani Vidal,RB,LAC,KC,5.800000000000001
2025,15,2025_15_LAC_KC,2025-12-14,00-0039894,Xavier Worthy,WR,KC,LAC,5.5
2025,15,2025_15_LAC_KC,2025-12-14,00-0039915,Ladd McConkey,WR,LAC,KC,4.0
2025,15,2025_15_LAC_KC,2025-12-14,00-0033923,Kareem Hunt,RB,KC,LAC,3.0
2025,15,2025_15_LAC_KC,2025-12-14,00-0037197,Isiah Pacheco,RB,KC,LAC,2.1
2025,15,2025_15_LAC_KC,2025-12-14,00-0040078,Brashard Smith,RB,KC,LAC,0.1
2025,15,2025_15_LAC_KC,2025-12-14,00-0033857,JuJu Smith-Schuster,WR,KC,LAC,0.0
2025,15,2025_15_LAC_KC,2025-12-14,00-0038519,Nikko Remigio,WR,KC,LAC,0.0
2025,15,2025_15_LAC_KC,2025-12-14,00-0035289,Gardner Minshew,QB,KC,LAC,-1.12
2025,15,2025_15_LV_PHI,2025-12-14,00-0034351,Dallas Goedert,TE,PHI,LV,25.0
2025,15,2025_15_LV_PHI,2025-12-14,00-0036389,Jalen Hurts,QB,PHI,LV,22.9
2025,15,2025_15_LV_PHI,2025-12-14,00-0034844,Saquon Barkley,RB,PHI,LV,17.200000000000003
2025,15,2025_15_LV_PHI,2025-12-14,00-0035676,A.J. Brown,WR,PHI,LV,12.100000000000001
2025,15,2025_15_LV_PHI,2025-12-14,00-0039338,Brock Bowers,TE,LV,PHI,8.8
2025,15,2025_15_LV_PHI,2025-12-14,00-0040122,Ashton Jeanty,RB,LV,PHI,8.2
2025,15,2025_15_LV_PHI,2025-12-14,00-0036912,DeVonta Smith,WR,PHI,LV,7.0
2025,15,2025_15_LV_PHI,2025-12-14,00-0038555,Tank Bigsby,RB,PHI,LV,5.7
2025,15,2025_15_LV_PHI,2025-12-14,00-0040024,Darius Cooper,WR,PHI,LV,4.9
2025,15,2025_15_LV_PHI,2025-12-14,00-0040729,Jack Bech,WR,LV,PHI,3.7
2025,15,2025_15_LV_PHI,2025-12-14,00-0032211,Tyler Lockett,WR,LV,PHI,3.0
2025,15,2025_15_LV_PHI,2025-12-14,00-0038400,Tanner McKee,QB,PHI,LV,2.22
2025,15,2025_15_LV_PHI,2025-12-14,00-0037086,Grant Calcaterra,TE,PHI,LV,1.4
2025,15,2025_15_LV_PHI,2025-12-14,00-0038102,Kenny Pickett,QB,LV,PHI,1.2600000000000002
2025,15,2025_15_LV_PHI,2025-12-14,00-0031687,Raheem Mostert,RB,LV,PHI,1.2
2025,15,2025_15_LV_PHI,2025-12-14,00-0039407,Dylan Laube,RB,LV,PHI,0.4
2025,15,2025_15_LV_PHI,2025-12-14,00-0037132,Britain Covey,WR,PHI,LV,0.0
2025,15,2025_15_LV_PHI,2025-12-14,00-0036876,Kylen Granson,TE,PHI,LV,0.0
2025,15,2025_15_LV_PHI,2025-12-14,00-0039066,Michael Mayer,TE,LV,PHI,0.0
2025,15,2025_15_LV_PHI,2025-12-14,00-0038563,Tre Tucker,WR,LV,PHI,0.0
2025,15,2025_15_LV_PHI,2025-12-14,00-0039746,Will Shipley,RB,PHI,LV,0.0
2025,15,2025_15_MIA_PIT,2025-12-15,00-0031610,Darren Waller,TE,MIA,PIT,25.6
2025,15,2025_15_MIA_PIT,2025-12-15,00-0036919,Kenny Gainwell,RB,PIT,MIA,19.6
2025,15,2025_15_MIA_PIT,2025-12-15,00-0039040,De'Von Achane,RB,MIA,PIT,18.700000000000003
2025,15,2025_15_MIA_PIT,2025-12-15,00-0023459,Aaron Rodgers,QB,PIT,MIA,16.96
2025,15,2025_15_MIA_PIT,2025-12-15,00-0036212,Tua Tagovailoa,QB,MIA,PIT,16.220000000000002
2025,15,2025_15_MIA_PIT,2025-12-15,00-0035640,DK Metcalf,WR,PIT,MIA,14.5
2025,15,2025_15_MIA_PIT,2025-12-15,00-0033858,Jonnu Smith,TE,PIT,MIA,10.6
2025,15,2025_15_MIA_PIT,2025-12-15,00-0034272,Marquez Valdes-Scantling,WR,PIT,MIA,8.9
2025,15,2025_15_MIA_PIT,2025-12-15,00-0037228,Jaylen Warren,RB,PIT,MIA,7.800000000000001
2025,15,2025_15_MIA_PIT,2025-12-15,00-0036894,Pat Freiermuth,TE,PIT,MIA,7.5
2025,15,2025_15_MIA_PIT,2025-12-15,00-0037252,Greg Dulcich,TE,MIA,PIT,6.6000000000000005
2025,15,2025_15_MIA_PIT,2025-12-15,00-0038558,Darnell Washington,TE,PIT,MIA,5.5
2025,15,2025_15_MIA_PIT,2025-12-15,00-0036613,Jaylen Waddle,WR,MIA,PIT,4.6
2025,15,2025_15_MIA_PIT,2025-12-15,00-0038720,Julian Hill,TE,MIA,PIT,4.5
2025,15,2025_15_MIA_PIT,2025-12-15,00-0039874,Jaylen Wright,RB,MIA,PIT,2.1
2025,15,2025_15_MIA_PIT,2025-12-15,00-0039880,Malik Washington,WR,MIA,PIT,2.0
2025,15,2025_15_MIA_PIT,2025-12-15,00-0030035,Adam Thielen,WR,PIT,MIA,1.7000000000000002
2025,15,2025_15_MIA_PIT,2025-12-15,00-0040142,Kaleb Johnson,RB,PIT,MIA,0.4
2025,15,2025_15_MIA_PIT,2025-12-15,00-0036862,Ben Skowronek,WR,PIT,MIA,0.0
2025,15,2025_15_MIA_PIT,2025-12-15,00-0037837,Calvin Austin III,WR,PIT,MIA,0.0
2025,15,2025_15_MIA_PIT,2025-12-15,00-0036620,Dee Eskridge,WR,MIA,PIT,0.0
2025,15,2025_15_MIA_PIT,2025-12-15,00-0036182,Nick Westbrook-Ikhine,WR,MIA,PIT,0.0
2025,15,2025_15_MIA_PIT,2025-12-15,00-0040198,Ollie Gordon II,RB,MIA,PIT,0.0
2025,15,2025_15_MIN_DAL,2025-12-14,00-0039923,J.J. McCarthy,QB,MIN,DAL,23.5
2025,15,2025_15_MIN_DAL,2025-12-14,00-0037291,Jalen Nailor,WR,MIN,DAL,19.5
2025,15,2025_15_MIN_DAL,2025-12-14,00-0036358,CeeDee Lamb,WR,DAL,MIN,17.1
2025,15,2025_15_MIN_DAL,2025-12-14,00-0036997,Javonte Williams,RB,DAL,MIN,15.1
2025,15,2025_15_MIN_DAL,2025-12-14,00-0033077,Dak Prescott,QB,DAL,MIN,11.959999999999999
2025,15,2025_15_MIN_DAL,2025-12-14,00-0037563,Malik Davis,RB,DAL,MIN,11.7
2025,15,2025_15_MIN_DAL,2025-12-14,00-0035229,T.J. Hockenson,TE,MIN,DAL,10.600000000000001
2025,15,2025_15_MIN_DAL,2025-12-14,00-0033293,Aaron Jones,RB,MIN,DAL,9.5
2025,15,2025_15_MIN_DAL,2025-12-14,00-0038994,Jordan Addison,WR,MIN,DAL,8.600000000000001
2025,15,2025_15_MIN_DAL,2025-12-14,00-0039410,Ryan Flournoy,WR,DAL,MIN,8.0
2025,15,2025_15_MIN_DAL,2025-12-14,00-0037247,George Pickens,WR,DAL,MIN,6.300000000000001
2025,15,2025_15_MIN_DAL,2025-12-14,00-0038738,Hunter Luepke,RB,DAL,MIN,5.0
2025,15,2025_15_MIN_DAL,2025-12-14,00-0036322,Justin Jefferson,WR,MIN,DAL,4.2
2025,15,2025_15_MIN_DAL,2025-12-14,00-0038547,Luke Schoonmaker,TE,DAL,MIN,3.9000000000000004
2025,15,2025_15_MIN_DAL,2025-12-14,00-0038041,Jake Ferguson,TE,DAL,MIN,3.6
2025,15,2025_15_MIN_DAL,2025-12-14,00-0039062,Jonathan Mingo,WR,DAL,MIN,3.5
2025,15,2025_15_MIN_DAL,2025-12-14,00-0037801,KaVontae Turpin,WR,DAL,MIN,3.2
2025,15,2025_15_MIN_DAL,2025-12-14,00-0037525,Jordan Mason,RB,MIN,DAL,2.9000000000000004
2025,15,2025_15_MIN_DAL,2025-12-14,00-0035249,Josh Oliver,TE,MIN,DAL,2.8
2025,15,2025_15_MIN_DAL,2025-12-14,00-0039530,Brevyn Spann-Ford,TE,DAL,MIN,0.0
2025,15,2025_15_MIN_DAL,2025-12-14,00-0040506,Myles Price,WR,MIN,DAL,0.0
2025,15,2025_15_NYJ_JAX,2025-12-14,00-0036971,Trevor Lawrence,QB,JAX,NYJ,44.300000000000004
2025,15,2025_15_NYJ_JAX,2025-12-14,00-0036973,Travis Etienne,RB,JAX,NYJ,31.5
2025,15,2025_15_NYJ_JAX,2025-12-14,00-0039890,Adonai Mitchell,WR,NYJ,JAX,17.4
2025,15,2025_15_NYJ_JAX,2025-12-14,00-0039893,Brian Thomas Jr.,WR,JAX,NYJ,17.1
2025,15,2025_15_NYJ_JAX,2025-12-14,00-0039798,Isaiah Davis,RB,NYJ,JAX,13.5
2025,15,2025_15_NYJ_JAX,2025-12-14,00-0034960,Jakobi Meyers,WR,JAX,NYJ,12.100000000000001
2025,15,2025_15_NYJ_JAX,2025-12-14,00-0039451,Isaiah Williams,WR,NYJ,JAX,11.3
2025,15,2025_15_NYJ_JAX,2025-12-14,00-0040719,Bhayshul Tuten,RB,JAX,NYJ,9.3
2025,15,2025_15_NYJ_JAX,2025-12-14,00-0040398,Brady Cook,QB,NYJ,JAX,8.94
2025,15,2025_15_NYJ_JAX,2025-12-14,00-0038606,Parker Washington,WR,JAX,NYJ,8.3
2025,15,2025_15_NYJ_JAX,2025-12-14,00-0037614,John Metchie III,WR,NYJ,JAX,6.9
2025,15,2025_15_NYJ_JAX,2025-12-14,00-0038120,Breece Hall,RB,NYJ,JAX,5.7
2025,15,2025_15_NYJ_JAX,2025-12-14,00-0036590,Quintin Morris,TE,JAX,NYJ,4.0
2025,15,2025_15_NYJ_JAX,2025-12-14,00-0038935,Brenton Strange,TE,JAX,NYJ,3.6
2025,15,2025_15_NYJ_JAX,2025-12-14,00-0037805,Jeremy Ruckert,TE,NYJ,JAX,3.3
2025,15,2025_15_NYJ_JAX,2025-12-14,00-0040238,LeQuint Allen Jr.,RB,JAX,NYJ,2.6
2025,15,2025_15_NYJ_JAX,2025-12-14,00-0034521,Allen Lazard,WR,NYJ,JAX,1.6
2025,15,2025_15_NYJ_JAX,2025-12-14,00-0036906,Khalil Herbert,RB,NYJ,JAX,0.5
2025,15,2025_15_NYJ_JAX,2025-12-14,00-0040582,Arian Smith,WR,NYJ,JAX,0.0
2025,15,2025_15_NYJ_JAX,2025-12-14,00-0037475,Stone Smartt,TE,NYJ,JAX,0.0
2025,15,2025_15_NYJ_JAX,2025-12-14,00-0033319,Nick Mullens,QB,JAX,NYJ,-0.2
2025,15,2025_15_NYJ_JAX,2025-12-14,00-0036626,Dyami Brown,WR,JAX,NYJ,-1.6
2025,15,2025_15_TEN_SF,2025-12-14,00-0037834,Brock Purdy,QB,SF,TEN,26.200000000000003
2025,15,2025_15_TEN_SF,2025-12-14,00-0033288,George Kittle,TE,SF,TEN,22.8
2025,15,2025_15_TEN_SF,2025-12-14,00-0036259,Jauan Jennings,WR,SF,TEN,18.7
2025,15,2025_15_TEN_SF,2025-12-14,00-0035261,Tony Pollard,RB,TEN,SF,18.200000000000003
2025,15,2025_15_TEN_SF,2025-12-14,00-0033280,Christian McCaffrey,RB,SF,TEN,15.700000000000001
2025,15,2025_15_TEN_SF,2025-12-14,00-0039916,Ricky Pearsall,WR,SF,TEN,15.600000000000001
2025,15,2025_15_TEN_SF,2025-12-14,00-0040676,Cam Ward,QB,TEN,SF,15.0
2025,15,2025_15_TEN_SF,2025-12-14,00-0040584,Gunnar Helm,TE,TEN,SF,14.9
2025,15,2025_15_TEN_SF,2025-12-14,00-0037809,Chig Okonkwo,TE,TEN,SF,7.300000000000001
2025,15,2025_15_TEN_SF,2025-12-14,00-0032775,Demarcus Robinson,WR,SF,TEN,5.6
2025,15,2025_15_TEN_SF,2025-12-14,00-0039032,Tyjae Spears,RB,TEN,SF,5.6
2025,15,2025_15_TEN_SF,2025-12-14,00-0036415,Van Jefferson,WR,TEN,SF,5.3
2025,15,2025_15_TEN_SF,2025-12-14,00-0040705,Chimere Dike,WR,TEN,SF,5.0
2025,15,2025_15_TEN_SF,2025-12-14,00-0033307,Kendrick Bourne,WR,SF,TEN,3.7
2025,15,2025_15_TEN_SF,2025-12-14,00-0040170,Elic Ayomanor,WR,TEN,SF,2.7
2025,15,2025_15_TEN_SF,2025-12-14,00-0037746,Brian Robinson,RB,SF,TEN,2.1
2025,15,2025_15_TEN_SF,2025-12-14,00-0040205,Kalel Mullings,RB,TEN,SF,0.30000000000000004
2025,15,2025_15_TEN_SF,2025-12-14,00-0039648,David Martin-Robinson,TE,TEN,SF,0.0
2025,15,2025_15_TEN_SF,2025-12-14,00-0036133,James Proche,WR,TEN,SF,0.0
2025,15,2025_15_TEN_SF,2025-12-14,00-0037594,Julius Chestnut,RB,TEN,SF,0.0
2025,15,2025_15_TEN_SF,2025-12-14,00-0038090,Skyy Moore,WR,SF,TEN,0.0
2025,15,2025_15_WAS_NYG,2025-12-14,00-0039384,Tyrone Tracy Jr.,RB,NYG,WAS,24.700000000000003
2025,15,2025_15_WAS_NYG,2025-12-14,00-0040691,Jaxson Dart,QB,NYG,WAS,22.14
2025,15,2025_15_WAS_NYG,2025-12-14,00-0038117,Wan'Dale Robinson,WR,NYG,WAS,16.4
2025,15,2025_15_WAS_NYG,2025-12-14,00-0035659,Terry McLaurin,WR,WAS,NYG,15.9
2025,15,2025_15_WAS_NYG,2025-12-14,00-0040242,Jacory Croskey-Merritt,RB,WAS,NYG,15.600000000000001
2025,15,2025_15_WAS_NYG,2025-12-14,00-0032268,Marcus Mariota,QB,WAS,NYG,14.739999999999998
2025,15,2025_15_WAS_NYG,2025-12-14,00-0039847,Theo Johnson,TE,NYG,WAS,10.2
2025,15,2025_15_WAS_NYG,2025-12-14,00-0035535,Darius Slayton,WR,NYG,WAS,9.3
2025,15,2025_15_WAS_NYG,2025-12-14,00-0035719,Deebo Samuel Sr.,WR,WAS,NYG,7.3
2025,15,2025_15_WAS_NYG,2025-12-14,00-0038115,Daniel Bellinger,TE,NYG,WAS,6.5
2025,15,2025_15_WAS_NYG,2025-12-14,00-0040164,Jaylin Lane,WR,WAS,NYG,6.0
2025,15,2025_15_WAS_NYG,2025-12-14,00-0039912,Ben Sinnott,TE,WAS,NYG,4.6
2025,15,2025_15_WAS_NYG,2025-12-14,00-0033591,Noah Brown,WR,WAS,NYG,3.8000000000000003
2025,15,2025_15_WAS_NYG,2025-12-14,00-0036628,John Bates,TE,WAS,NYG,2.9000000000000004
2025,15,2025_15_WAS_NYG,2025-12-14,00-0035250,Devin Singletary,RB,NYG,WAS,2.4000000000000004
2025,15,2025_15_WAS_NYG,2025-12-14,00-0036165,Isaiah Hodgins,WR,NYG,WAS,1.4
2025,15,2025_15_WAS_NYG,2025-12-14,00-0033955,Jeremy McNichols,RB,WAS,NYG,1.2000000000000002
2025,15,2025_15_WAS_NYG,2025-12-14,00-0034681,Chase Edmonds,RB,WAS,NYG,0.0
2025,15,2025_15_WAS_NYG,2025-12-14,00-0039686,Colson Yankoff,TE,WAS,NYG,0.0
2025,15,2025_15_WAS_NYG,2025-12-14,00-0040431,Dalen Cambre,WR,NYG,WAS,0.0
2025,15,2025_15_WAS_NYG,2025-12-14,00-0038938,Jalin Hyatt,WR,NYG,WAS,0.0
2025,15,2025_15_WAS_NYG,2025-12-14,00-0031503,Jameis Winston,QB,NYG,WAS,0.0
2025,15,2025_15_WAS_NYG,2025-12-14,00-0037742,Treylon Burks,WR,WAS,NYG,0.0
2025,16,2025_16_ATL_ARI,2025-12-21,00-0038542,Bijan Robinson,RB,ATL,ARI,29.8
2025,16,2025_16_ATL_ARI,2025-12-21,00-0036970,Kyle Pitts,TE,ATL,ARI,18.7
2025,16,2025_16_ATL_ARI,2025-12-21,00-0029604,Kirk Cousins,QB,ATL,ARI,17.58
2025,16,2025_16_ATL_ARI,2025-12-21,00-0039041,Elijah Higgins,TE,ARI,ATL,16.1
2025,16,2025_16_ATL_ARI,2025-12-21,00-0038559,Michael Wilson,WR,ARI,ATL,13.2
2025,16,2025_16_ATL_ARI,2025-12-21,00-0033119,Jacoby Brissett,QB,ARI,ATL,10.620000000000001
2025,16,2025_16_ATL_ARI,2025-12-21,00-0037263,Tyler Allgeier,RB,ATL,ARI,8.3
2025,16,2025_16_ATL_ARI,2025-12-21,00-0037744,Trey McBride,TE,ARI,ATL,6.7
2025,16,2025_16_ATL_ARI,2025-12-21,00-0036924,Michael Carter,RB,ARI,ATL,6.5
2025,16,2025_16_ATL_ARI,2025-12-21,00-0037238,Drake London,WR,ATL,ARI,5.7
2025,16,2025_16_ATL_ARI,2025-12-21,00-0036309,Darnell Mooney,WR,ATL,ARI,4.4
2025,16,2025_16_ATL_ARI,2025-12-21,00-0039521,Xavier Weaver,WR,ARI,ATL,3.9000000000000004
2025,16,2025_16_ATL_ARI,2025-12-21,00-0040556,Corey Kiner,RB,ARI,ATL,3.2
2025,16,2025_16_ATL_ARI,2025-12-21,00-0038705,Emari Demercado,RB,ARI,ATL,3.0
2025,16,2025_16_ATL_ARI,2025-12-21,00-0039849,Marvin Harrison Jr.,WR,ARI,ATL,2.4000000000000004
2025,16,2025_16_ATL_ARI,2025-12-21,00-0036429,Charlie Woerner,TE,ATL,ARI,1.3
2025,16,2025_16_ATL_ARI,2025-12-21,00-0035359,David Sills,WR,ATL,ARI,0.0
2025,16,2025_16_ATL_ARI,2025-12-21,00-0037487,Deven Thompkins,WR,ATL,ARI,0.0
2025,16,2025_16_ATL_ARI,2025-12-21,00-0038640,Jalen Brooks,WR,ARI,ATL,0.0
2025,16,2025_16_ATL_ARI,2025-12-21,00-0036332,Josiah Deguara,TE,ARI,ATL,0.0
2025,16,2025_16_ATL_ARI,2025-12-21,00-0034928,Steven Sims,WR,ARI,ATL,0.0
2025,16,2025_16_BUF_CLE,2025-12-21,00-0037248,James Cook,RB,BUF,CLE,26.4
2025,16,2025_16_BUF_CLE,2025-12-21,00-0040663,Harold Fannin Jr.,TE,CLE,BUF,19.5
2025,16,2025_16_BUF_CLE,2025-12-21,00-0040668,Shedeur Sanders,QB,CLE,BUF,11.180000000000001
2025,16,2025_16_BUF_CLE,2025-12-21,00-0040784,Quinshon Judkins,RB,CLE,BUF,10.100000000000001
2025,16,2025_16_BUF_CLE,2025-12-21,00-0035291,Trayveon Williams,RB,CLE,BUF,9.5
2025,16,2025_16_BUF_CLE,2025-12-21,00-0035537,Ty Johnson,RB,BUF,CLE,7.6
2025,16,2025_16_BUF_CLE,2025-12-21,00-0037261,Khalil Shakir,WR,BUF,CLE,7.4
2025,16,2025_16_BUF_CLE,2025-12-21,00-0034857,Josh Allen,QB,BUF,CLE,6.9
2025,16,2025_16_BUF_CLE,2025-12-21,00-0039920,Malachi Corley,WR,CLE,BUF,6.1000000000000005
2025,16,2025_16_BUF_CLE,2025-12-21,00-0040466,Raheim Sanders,RB,CLE,BUF,5.6000000000000005
2025,16,2025_16_BUF_CLE,2025-12-21,00-0039875,Ray Davis,RB,BUF,CLE,5.4
2025,16,2025_16_BUF_CLE,2025-12-21,00-0040194,Jackson Hawes,TE,BUF,CLE,4.6
2025,16,2025_16_BUF_CLE,2025-12-21,00-0036407,Jerry Jeudy,WR,CLE,BUF,4.2
2025,16,2025_16_BUF_CLE,2025-12-21,00-0038679,Tyrell Shavers,WR,BUF,CLE,3.1
2025,16,2025_16_BUF_CLE,2025-12-21,00-0035689,Dawson Knox,TE,BUF,CLE,2.0
2025,16,2025_16_BUF_CLE,2025-12-21,00-0040782,Isaiah Bond,WR,CLE,BUF,2.0
2025,16,2025_16_BUF_CLE,2025-12-21,00-0038979,Cedric Tillman,WR,CLE,BUF,1.8
2025,16,2025_16_BUF_CLE,2025-12-21,00-0036988,Josh Palmer,WR,BUF,CLE,1.2
2025,16,2025_16_BUF_CLE,2025-12-21,00-0031236,Brandin Cooks,WR,BUF,CLE,0.0
2025,16,2025_16_BUF_CLE,2025-12-21,00-0039458,Brenden Bates,TE,CLE,BUF,0.0
2025,16,2025_16_BUF_CLE,2025-12-21,00-0038933,Dalton Kincaid,TE,BUF,CLE,0.0
2025,16,2025_16_BUF_CLE,2025-12-21,00-0040704,Dillon Gabriel,QB,CLE,BUF,0.0
2025,16,2025_16_BUF_CLE,2025-12-21,00-0040259,Gage Larvadain,WR,CLE,BUF,0.0
2025,16,2025_16_BUF_CLE,2025-12-21,00-0035140,Mecole Hardman,WR,BUF,CLE,0.0
2025,16,2025_16_CIN_MIA,2025-12-21,00-0038597,Chase Brown,RB,CIN,MIA,32.9
2025,16,2025_16_CIN_MIA,2025-12-21,00-0036442,Joe Burrow,QB,CIN,MIA,28.96
2025,16,2025_16_CIN_MIA,2025-12-21,00-0036900,Ja'Marr Chase,WR,CIN,MIA,19.9
2025,16,2025_16_CIN_MIA,2025-12-21,00-0039040,De'Von Achane,RB,MIA,CIN,18.0
2025,16,2025_16_CIN_MIA,2025-12-21,00-0036410,Tee Higgins,WR,CIN,MIA,14.3
2025,16,2025_16_CIN_MIA,2025-12-21,00-0034829,Mike Gesicki,TE,CIN,MIA,12.5
2025,16,2025_16_CIN_MIA,2025-12-21,00-0039874,Jaylen Wright,RB,MIA,CIN,12.3
2025,16,2025_16_CIN_MIA,2025-12-21,00-0036613,Jaylen Waddle,WR,MIA,CIN,12.2
2025,16,2025_16_CIN_MIA,2025-12-21,00-0033526,Samaje Perine,RB,CIN,MIA,12.100000000000001
2025,16,2025_16_CIN_MIA,2025-12-21,00-0039880,Malik Washington,WR,MIA,CIN,10.2
2025,16,2025_16_CIN_MIA,2025-12-21,00-0031610,Darren Waller,TE,MIA,CIN,7.0
2025,16,2025_16_CIN_MIA,2025-12-21,00-0040234,Quinn Ewers,QB,MIA,CIN,6.9
2025,16,2025_16_CIN_MIA,2025-12-21,00-0037252,Greg Dulcich,TE,MIA,CIN,5.6000000000000005
2025,16,2025_16_CIN_MIA,2025-12-21,00-0040311,Theo Wease Jr.,WR,MIA,CIN,5.2
2025,16,2025_16_CIN_MIA,2025-12-21,00-0035631,Drew Sample,TE,CIN,MIA,5.1
2025,16,2025_16_CIN_MIA,2025-12-21,00-0038619,Andrei Iosivas,WR,CIN,MIA,3.1
2025,16,2025_16_CIN_MIA,2025-12-21,00-0034418,Cedrick Wilson Jr.,WR,MIA,CIN,2.1
2025,16,2025_16_CIN_MIA,2025-12-21,00-0034613,Tanner Hudson,TE,CIN,MIA,1.4
2025,16,2025_16_CIN_MIA,2025-12-21,00-0039631,Cam Grandy,TE,CIN,MIA,1.1
2025,16,2025_16_CIN_MIA,2025-12-21,00-0040208,Tahj Brooks,RB,CIN,MIA,0.7000000000000001
2025,16,2025_16_CIN_MIA,2025-12-21,00-0026158,Joe Flacco,QB,CIN,MIA,0.16
2025,16,2025_16_CIN_MIA,2025-12-21,00-0040534,Ke'Shawn Williams,WR,CIN,MIA,0.1
2025,16,2025_16_CIN_MIA,2025-12-21,00-0036620,Dee Eskridge,WR,MIA,CIN,0.0
2025,16,2025_16_CIN_MIA,2025-12-21,00-0038839,Mitchell Tinsley,WR,CIN,MIA,0.0
2025,16,2025_16_CIN_MIA,2025-12-21,00-0040198,Ollie Gordon II,RB,MIA,CIN,-0.1
2025,16,2025_16_GB_CHI,2025-12-20,00-0034827,DJ Moore,WR,CHI,GB,21.9
2025,16,2025_16_GB_CHI,2025-12-20,00-0039918,Caleb Williams,QB,CHI,GB,21.0
2025,16,2025_16_GB_CHI,2025-12-20,00-0037816,Romeo Doubs,WR,GB,CHI,19.4
2025,16,2025_16_GB_CHI,2025-12-20,00-0038128,Malik Willis,QB,GB,CHI,13.24
2025,16,2025_16_GB_CHI,2025-12-20,00-0040236,Kyle Monangai,RB,CHI,GB,12.3
2025,16,2025_16_GB_CHI,2025-12-20,00-0040277,Jahdae Walker,WR,CHI,GB,10.1
2025,16,2025_16_GB_CHI,2025-12-20,00-0036275,D'Andre Swift,RB,CHI,GB,9.0
2025,16,2025_16_GB_CHI,2025-12-20,00-0038797,Emanuel Wilson,RB,GB,CHI,8.200000000000001
2025,16,2025_16_GB_CHI,2025-12-20,00-0039146,Jayden Reed,WR,GB,CHI,7.1000000000000005
2025,16,2025_16_GB_CHI,2025-12-20,00-0039144,Luke Musgrave,TE,GB,CHI,6.800000000000001
2025,16,2025_16_GB_CHI,2025-12-20,00-0040126,Colston Loveland,TE,CHI,GB,6.0
2025,16,2025_16_GB_CHI,2025-12-20,00-0035208,Olamide Zaccheaus,WR,CHI,GB,5.300000000000001
2025,16,2025_16_GB_CHI,2025-12-20,00-0035700,Josh Jacobs,RB,GB,CHI,4.800000000000001
2025,16,2025_16_GB_CHI,2025-12-20,00-0036264,Jordan Love,QB,GB,CHI,3.7800000000000002
2025,16,2025_16_GB_CHI,2025-12-20,00-0038124,Christian Watson,WR,GB,CHI,3.7
2025,16,2025_16_GB_CHI,2025-12-20,00-0036290,Cole Kmet,TE,CHI,GB,3.4000000000000004
2025,16,2025_16_GB_CHI,2025-12-20,00-0038393,Dontayvion Wicks,WR,GB,CHI,3.2
2025,16,2025_16_GB_CHI,2025-12-20,00-0040009,Savion Williams,WR,GB,CHI,0.9
2025,16,2025_16_GB_CHI,2025-12-20,00-0038685,Chris Brooks,RB,GB,CHI,0.4
2025,16,2025_16_GB_CHI,2025-12-20,00-0040667,Matthew Golden,WR,GB,CHI,0.4
2025,16,2025_16_GB_CHI,2025-12-20,00-0037091,Bo Melton,WR,GB,CHI,0.0
2025,16,2025_16_GB_CHI,2025-12-20,00-0036331,Devin Duvernay,WR,CHI,GB,0.0
2025,16,2025_16_GB_CHI,2025-12-20,00-0037306,John FitzPatrick,TE,GB,CHI,0.0
2025,16,2025_16_JAX_DEN,2025-12-21,00-0036971,Trevor Lawrence,QB,JAX,DEN,31.16
2025,16,2025_16_JAX_DEN,2025-12-21,00-0038606,Parker Washington,WR,JAX,DEN,26.5
2025,16,2025_16_JAX_DEN,2025-12-21,00-0040730,RJ Harvey,RB,DEN,JAX,22.1
2025,16,2025_16_JAX_DEN,2025-12-21,00-0034348,Courtland Sutton,WR,DEN,JAX,20.6
2025,16,2025_16_JAX_DEN,2025-12-21,00-0036973,Travis Etienne,RB,JAX,DEN,16.6
2025,16,2025_16_JAX_DEN,2025-12-21,00-0039732,Bo Nix,QB,DEN,JAX,15.18
2025,16,2025_16_JAX_DEN,2025-12-21,00-0038935,Brenton Strange,TE,JAX,DEN,14.9
2025,16,2025_16_JAX_DEN,2025-12-21,00-0039868,Troy Franklin,WR,DEN,JAX,10.600000000000001
2025,16,2025_16_JAX_DEN,2025-12-21,00-0040134,Pat Bryant,WR,DEN,JAX,9.2
2025,16,2025_16_JAX_DEN,2025-12-21,00-0034960,Jakobi Meyers,WR,JAX,DEN,8.600000000000001
2025,16,2025_16_JAX_DEN,2025-12-21,00-0038976,Marvin Mims Jr.,WR,DEN,JAX,5.9
2025,16,2025_16_JAX_DEN,2025-12-21,00-0033881,Evan Engram,TE,DEN,JAX,5.6
2025,16,2025_16_JAX_DEN,2025-12-21,00-0039893,Brian Thomas Jr.,WR,JAX,DEN,3.8
2025,16,2025_16_JAX_DEN,2025-12-21,00-0038794,Jaleel McLaughlin,RB,DEN,JAX,3.7
2025,16,2025_16_JAX_DEN,2025-12-21,00-0036422,Adam Trautman,TE,DEN,JAX,3.4000000000000004
2025,16,2025_16_JAX_DEN,2025-12-21,00-0033375,Tim Patrick,WR,JAX,DEN,2.1
2025,16,2025_16_JAX_DEN,2025-12-21,00-0035406,Lil'Jordan Humphrey,WR,DEN,JAX,1.9
2025,16,2025_16_JAX_DEN,2025-12-21,00-0036590,Quintin Morris,TE,JAX,DEN,1.5
2025,16,2025_16_JAX_DEN,2025-12-21,00-0037085,Tyler Badie,RB,DEN,JAX,1.2
2025,16,2025_16_JAX_DEN,2025-12-21,00-0040238,LeQuint Allen Jr.,RB,JAX,DEN,1.0
2025,16,2025_16_JAX_DEN,2025-12-21,00-0036425,DeeJay Dallas,RB,JAX,DEN,0.0
2025,16,2025_16_JAX_DEN,2025-12-21,00-0038783,Nate Adkins,TE,DEN,JAX,0.0
2025,16,2025_16_KC_TEN,2025-12-21,00-0039032,Tyjae Spears,RB,TEN,KC,21.5
2025,16,2025_16_KC_TEN,2025-12-21,00-0040676,Cam Ward,QB,TEN,KC,18.02
2025,16,2025_16_KC_TEN,2025-12-21,00-0037809,Chig Okonkwo,TE,TEN,KC,16.4
2025,16,2025_16_KC_TEN,2025-12-21,00-0037197,Isiah Pacheco,RB,KC,TEN,13.5
2025,16,2025_16_KC_TEN,2025-12-21,00-0040705,Chimere Dike,WR,TEN,KC,13.0
2025,16,2025_16_KC_TEN,2025-12-21,00-0035261,Tony Pollard,RB,TEN,KC,10.200000000000001
2025,16,2025_16_KC_TEN,2025-12-21,00-0040170,Elic Ayomanor,WR,TEN,KC,8.8
2025,16,2025_16_KC_TEN,2025-12-21,00-0039894,Xavier Worthy,WR,KC,TEN,6.1000000000000005
2025,16,2025_16_KC_TEN,2025-12-21,00-0035662,Marquise Brown,WR,KC,TEN,5.2
2025,16,2025_16_KC_TEN,2025-12-21,00-0037324,Chris Oladokun,QB,KC,TEN,5.140000000000001
2025,16,2025_16_KC_TEN,2025-12-21,00-0036415,Van Jefferson,WR,TEN,KC,4.4
2025,16,2025_16_KC_TEN,2025-12-21,00-0040584,Gunnar Helm,TE,TEN,KC,2.9
2025,16,2025_16_KC_TEN,2025-12-21,00-0033857,JuJu Smith-Schuster,WR,KC,TEN,2.2
2025,16,2025_16_KC_TEN,2025-12-21,00-0030506,Travis Kelce,TE,KC,TEN,1.6
2025,16,2025_16_KC_TEN,2025-12-21,00-0040078,Brashard Smith,RB,KC,TEN,1.4
2025,16,2025_16_KC_TEN,2025-12-21,00-0035289,Gardner Minshew,QB,KC,TEN,1.4
2025,16,2025_16_KC_TEN,2025-12-21,00-0033923,Kareem Hunt,RB,KC,TEN,0.2
2025,16,2025_16_KC_TEN,2025-12-21,00-0037594,Julius Chestnut,RB,TEN,KC,0.1
2025,16,2025_16_KC_TEN,2025-12-21,00-0039648,David Martin-Robinson,TE,TEN,KC,0.0
2025,16,2025_16_KC_TEN,2025-12-21,00-0040205,Kalel Mullings,RB,TEN,KC,0.0
2025,16,2025_16_KC_TEN,2025-12-21,00-0038519,Nikko Remigio,WR,KC,TEN,0.0
2025,16,2025_16_KC_TEN,2025-12-21,00-0036637,Noah Gray,TE,KC,TEN,0.0
2025,16,2025_16_LAC_DAL,2025-12-21,00-0036355,Justin Herbert,QB,LAC,DAL,30.2
2025,16,2025_16_LAC_DAL,2025-12-21,00-0037247,George Pickens,WR,DAL,LAC,26.0
2025,16,2025_16_LAC_DAL,2025-12-21,00-0038544,Quentin Johnston,WR,LAC,DAL,20.4
2025,16,2025_16_LAC_DAL,2025-12-21,00-0033077,Dak Prescott,QB,DAL,LAC,19.159999999999997
2025,16,2025_16_LAC_DAL,2025-12-21,00-0040666,Omarion Hampton,RB,LAC,DAL,16.5
2025,16,2025_16_LAC_DAL,2025-12-21,00-0039915,Ladd McConkey,WR,LAC,DAL,14.3
2025,16,2025_16_LAC_DAL,2025-12-21,00-0036358,CeeDee Lamb,WR,DAL,LAC,11.100000000000001
2025,16,2025_16_LAC_DAL,2025-12-21,00-0039410,Ryan Flournoy,WR,DAL,LAC,9.8
2025,16,2025_16_LAC_DAL,2025-12-21,00-0030279,Keenan Allen,WR,LAC,DAL,9.4
2025,16,2025_16_LAC_DAL,2025-12-21,00-0040727,Tre Harris,WR,LAC,DAL,9.4
2025,16,2025_16_LAC_DAL,2025-12-21,00-0036997,Javonte Williams,RB,DAL,LAC,6.3
2025,16,2025_16_LAC_DAL,2025-12-21,00-0034159,Will Dissly,TE,LAC,DAL,5.800000000000001
2025,16,2025_16_LAC_DAL,2025-12-21,00-0038041,Jake Ferguson,TE,DAL,LAC,4.9
2025,16,2025_16_LAC_DAL,2025-12-21,00-0037801,KaVontae Turpin,WR,DAL,LAC,4.7
2025,16,2025_16_LAC_DAL,2025-12-21,00-0038738,Hunter Luepke,RB,DAL,LAC,2.4000000000000004
2025,16,2025_16_LAC_DAL,2025-12-21,00-0037563,Malik Davis,RB,DAL,LAC,2.3000000000000003
2025,16,2025_16_LAC_DAL,2025-12-21,00-0040184,KeAndre Lambert-Smith,WR,LAC,DAL,2.0
2025,16,2025_16_LAC_DAL,2025-12-21,00-0040189,Oronde Gadsden II,TE,LAC,DAL,1.7000000000000002
2025,16,2025_16_LAC_DAL,2025-12-21,00-0037617,Hassan Haskins,RB,LAC,DAL,1.4000000000000001
2025,16,2025_16_LAC_DAL,2025-12-21,00-0039391,Kimani Vidal,RB,LAC,DAL,1.1
2025,16,2025_16_LAC_DAL,2025-12-21,00-0039530,Brevyn Spann-Ford,TE,DAL,LAC,0.0
2025,16,2025_16_LAC_DAL,2025-12-21,00-0039062,Jonathan Mingo,WR,DAL,LAC,0.0
2025,16,2025_16_LAC_DAL,2025-12-21,00-0039398,Joe Milton III,QB,DAL,LAC,-0.8599999999999999
2025,16,2025_16_LA_SEA,2025-12-18,00-0039075,Puka Nacua,WR,LA,SEA,46.5
2025,16,2025_16_LA_SEA,2025-12-18,00-0026498,Matthew Stafford,QB,LA,SEA,30.880000000000003
2025,16,2025_16_LA_SEA,2025-12-18,00-0038134,Kenneth Walker III,RB,SEA,LA,25.400000000000002
2025,16,2025_16_LA_SEA,2025-12-18,00-0038543,Jaxon Smith-Njigba,WR,SEA,LA,23.6
2025,16,2025_16_LA_SEA,2025-12-18,00-0034869,Sam Darnold,QB,SEA,LA,19.5
2025,16,2025_16_LA_SEA,2025-12-18,00-0039165,Zach Charbonnet,RB,SEA,LA,17.4
2025,16,2025_16_LA_SEA,2025-12-18,00-0039793,AJ Barner,TE,SEA,LA,15.0
2025,16,2025_16_LA_SEA,2025-12-18,00-0039738,Blake Corum,RB,LA,SEA,13.100000000000001
2025,16,2025_16_LA_SEA,2025-12-18,00-0040737,Terrance Ferguson,TE,LA,SEA,12.3
2025,16,2025_16_LA_SEA,2025-12-18,00-0037840,Kyren Williams,RB,LA,SEA,11.5
2025,16,2025_16_LA_SEA,2025-12-18,00-0037545,Rashid Shaheed,WR,SEA,LA,9.1
2025,16,2025_16_LA_SEA,2025-12-18,00-0038359,Xavier Smith,WR,LA,SEA,7.7
2025,16,2025_16_LA_SEA,2025-12-18,00-0040590,Konata Mumpfield,WR,LA,SEA,7.0
2025,16,2025_16_LA_SEA,2025-12-18,00-0033908,Cooper Kupp,WR,SEA,LA,6.9
2025,16,2025_16_LA_SEA,2025-12-18,00-0039074,Davis Allen,TE,LA,SEA,5.4
2025,16,2025_16_LA_SEA,2025-12-18,00-0036244,Colby Parkinson,TE,LA,SEA,4.1
2025,16,2025_16_LA_SEA,2025-12-18,00-0039751,Jordan Whittington,WR,LA,SEA,2.9000000000000004
2025,16,2025_16_LA_SEA,2025-12-18,00-0033576,Eric Saubert,TE,SEA,LA,2.0
2025,16,2025_16_LA_SEA,2025-12-18,00-0038488,Brady Russell,RB,SEA,LA,0.0
2025,16,2025_16_LA_SEA,2025-12-18,00-0035891,Cody White,WR,SEA,LA,0.0
2025,16,2025_16_LA_SEA,2025-12-18,00-0037093,Dareke Young,WR,SEA,LA,0.0
2025,16,2025_16_LA_SEA,2025-12-18,00-0037557,Ronnie Rivers,RB,LA,SEA,0.0
2025,16,2025_16_LV_HOU,2025-12-21,00-0040122,Ashton Jeanty,RB,LV,HOU,31.8
2025,16,2025_16_LV_HOU,2025-12-21,00-0034383,Dalton Schultz,TE,HOU,LV,14.5
2025,16,2025_16_LV_HOU,2025-12-21,00-0039338,Brock Bowers,TE,LV,HOU,14.3
2025,16,2025_16_LV_HOU,2025-12-21,00-0030565,Geno Smith,QB,LV,HOU,14.04
2025,16,2025_16_LV_HOU,2025-12-21,00-0039405,Jawhar Jordan,RB,HOU,LV,12.0
2025,16,2025_16_LV_HOU,2025-12-21,00-0039163,C.J. Stroud,QB,HOU,LV,11.48
2025,16,2025_16_LV_HOU,2025-12-21,00-0036554,Nico Collins,WR,HOU,LV,9.9
2025,16,2025_16_LV_HOU,2025-12-21,00-0038563,Tre Tucker,WR,LV,HOU,9.4
2025,16,2025_16_LV_HOU,2025-12-21,00-0034775,Christian Kirk,WR,HOU,LV,6.7
2025,16,2025_16_LV_HOU,2025-12-21,00-0040729,Jack Bech,WR,LV,HOU,6.3
2025,16,2025_16_LV_HOU,2025-12-21,00-0034791,Nick Chubb,RB,HOU,LV,5.2
2025,16,2025_16_LV_HOU,2025-12-21,00-0039359,Cade Stover,TE,HOU,LV,2.7
2025,16,2025_16_LV_HOU,2025-12-21,00-0040130,Jayden Higgins,WR,HOU,LV,2.7
2025,16,2025_16_LV_HOU,2025-12-21,00-0039066,Michael Mayer,TE,LV,HOU,2.0
2025,16,2025_16_LV_HOU,2025-12-21,00-0031687,Raheem Mostert,RB,LV,HOU,1.9
2025,16,2025_16_LV_HOU,2025-12-21,00-0032211,Tyler Lockett,WR,LV,HOU,1.6
2025,16,2025_16_LV_HOU,2025-12-21,00-0038618,Xavier Hutchinson,WR,HOU,LV,1.4
2025,16,2025_16_LV_HOU,2025-12-21,00-0035602,Alex Bachman,WR,LV,HOU,1.3
2025,16,2025_16_LV_HOU,2025-12-21,00-0033854,Dare Ogunbowale,RB,HOU,LV,0.9
2025,16,2025_16_LV_HOU,2025-12-21,00-0039603,British Brooks,RB,HOU,LV,0.0
2025,16,2025_16_LV_HOU,2025-12-21,00-0040488,Carter Runyon,TE,LV,HOU,0.0
2025,16,2025_16_LV_HOU,2025-12-21,00-0039407,Dylan Laube,RB,LV,HOU,0.0
2025,16,2025_16_LV_HOU,2025-12-21,00-0040138,Jaylin Noel,WR,HOU,LV,0.0
2025,16,2025_16_MIN_NYG,2025-12-21,00-0036322,Justin Jefferson,WR,MIN,NYG,14.5
2025,16,2025_16_MIN_NYG,2025-12-21,00-0033293,Aaron Jones,RB,MIN,NYG,11.3
2025,16,2025_16_MIN_NYG,2025-12-21,00-0039384,Tyrone Tracy Jr.,RB,NYG,MIN,9.8
2025,16,2025_16_MIN_NYG,2025-12-21,00-0039923,J.J. McCarthy,QB,MIN,NYG,8.32
2025,16,2025_16_MIN_NYG,2025-12-21,00-0035250,Devin Singletary,RB,NYG,MIN,5.6000000000000005
2025,16,2025_16_MIN_NYG,2025-12-21,00-0038117,Wan'Dale Robinson,WR,NYG,MIN,5.2
2025,16,2025_16_MIN_NYG,2025-12-21,00-0038994,Jordan Addison,WR,MIN,NYG,4.6
2025,16,2025_16_MIN_NYG,2025-12-21,00-0035249,Josh Oliver,TE,MIN,NYG,3.9000000000000004
2025,16,2025_16_MIN_NYG,2025-12-21,00-0038440,Zavier Scott,RB,MIN,NYG,2.2
2025,16,2025_16_MIN_NYG,2025-12-21,00-0037525,Jordan Mason,RB,MIN,NYG,2.1
2025,16,2025_16_MIN_NYG,2025-12-21,00-0035535,Darius Slayton,WR,NYG,MIN,1.8
2025,16,2025_16_MIN_NYG,2025-12-21,00-0040494,Max Brosmer,QB,MIN,NYG,1.78
2025,16,2025_16_MIN_NYG,2025-12-21,00-0040154,Tai Felton,WR,MIN,NYG,1.6
2025,16,2025_16_MIN_NYG,2025-12-21,00-0035229,T.J. Hockenson,TE,MIN,NYG,1.2
2025,16,2025_16_MIN_NYG,2025-12-21,00-0040691,Jaxson Dart,QB,NYG,MIN,0.02000000000000013
2025,16,2025_16_MIN_NYG,2025-12-21,00-0031484,Chris Manhertz,TE,NYG,MIN,0.0
2025,16,2025_16_MIN_NYG,2025-12-21,00-0035645,Gunner Olszewski,WR,NYG,MIN,0.0
2025,16,2025_16_MIN_NYG,2025-12-21,00-0037291,Jalen Nailor,WR,MIN,NYG,0.0
2025,16,2025_16_MIN_NYG,2025-12-21,00-0040506,Myles Price,WR,MIN,NYG,0.0
2025,16,2025_16_MIN_NYG,2025-12-21,00-0039847,Theo Johnson,TE,NYG,MIN,0.0
2025,16,2025_16_NE_BAL,2025-12-21,00-0039851,Drake Maye,QB,NE,BAL,23.700000000000003
2025,16,2025_16_NE_BAL,2025-12-21,00-0032764,Derrick Henry,RB,BAL,NE,22.8
2025,16,2025_16_NE_BAL,2025-12-21,00-0031588,Stefon Diggs,WR,NE,BAL,22.8
2025,16,2025_16_NE_BAL,2025-12-21,00-0039064,Zay Flowers,WR,BAL,NE,21.200000000000003
2025,16,2025_16_NE_BAL,2025-12-21,00-0036875,Rhamondre Stevenson,RB,NE,BAL,17.8
2025,16,2025_16_NE_BAL,2025-12-21,00-0033090,Hunter Henry,TE,NE,BAL,15.5
2025,16,2025_16_NE_BAL,2025-12-21,00-0033555,Mack Hollins,WR,NE,BAL,13.9
2025,16,2025_16_NE_BAL,2025-12-21,00-0040131,Kyle Williams,WR,NE,BAL,12.600000000000001
2025,16,2025_16_NE_BAL,2025-12-21,00-0030564,DeAndre Hopkins,WR,BAL,NE,8.100000000000001
2025,16,2025_16_NE_BAL,2025-12-21,00-0032392,Austin Hooper,TE,NE,BAL,5.4
2025,16,2025_16_NE_BAL,2025-12-21,00-0034796,Lamar Jackson,QB,BAL,NE,4.74
2025,16,2025_16_NE_BAL,2025-12-21,00-0034753,Mark Andrews,TE,BAL,NE,4.4
2025,16,2025_16_NE_BAL,2025-12-21,00-0035993,Tyler Huntley,QB,BAL,NE,2.8000000000000003
2025,16,2025_16_NE_BAL,2025-12-21,00-0038046,Charlie Kolar,TE,BAL,NE,2.8
2025,16,2025_16_NE_BAL,2025-12-21,00-0038608,Kayshon Boutte,WR,NE,BAL,2.6
2025,16,2025_16_NE_BAL,2025-12-21,00-0039796,Rasheen Ali,RB,BAL,NE,2.2
2025,16,2025_16_NE_BAL,2025-12-21,00-0040734,TreVeyon Henderson,RB,NE,BAL,2.2
2025,16,2025_16_NE_BAL,2025-12-21,00-0038621,DeMario Douglas,WR,NE,BAL,1.6
2025,16,2025_16_NE_BAL,2025-12-21,00-0038454,Keaton Mitchell,RB,BAL,NE,1.3
2025,16,2025_16_NE_BAL,2025-12-21,00-0039792,Devontez Walker,WR,BAL,NE,0.0
2025,16,2025_16_NE_BAL,2025-12-21,00-0037838,Isaiah Likely,TE,BAL,NE,0.0
2025,16,2025_16_NE_BAL,2025-12-21,00-0040075,LaJohntay Wester,WR,BAL,NE,0.0
2025,16,2025_16_NE_BAL,2025-12-21,00-0036550,Rashod Bateman,WR,BAL,NE,0.0
2025,16,2025_16_NYJ_NO,2025-12-21,00-0037239,Chris Olave,WR,NO,NYJ,36.8
2025,16,2025_16_NYJ_NO,2025-12-21,00-0040743,Tyler Shough,QB,NO,NYJ,17.12
2025,16,2025_16_NYJ_NO,2025-12-21,00-0036040,Juwan Johnson,TE,NO,NYJ,16.9
2025,16,2025_16_NYJ_NO,2025-12-21,00-0033357,Taysom Hill,TE,NO,NYJ,15.32
2025,16,2025_16_NYJ_NO,2025-12-21,00-0039798,Isaiah Davis,RB,NYJ,NO,10.0
2025,16,2025_16_NYJ_NO,2025-12-21,00-0037475,Stone Smartt,TE,NYJ,NO,8.4
2025,16,2025_16_NYJ_NO,2025-12-21,00-0038120,Breece Hall,RB,NYJ,NO,8.3
2025,16,2025_16_NYJ_NO,2025-12-21,00-0039623,Mason Tipton,WR,NO,NYJ,8.100000000000001
2025,16,2025_16_NYJ_NO,2025-12-21,00-0039890,Adonai Mitchell,WR,NYJ,NO,7.3
2025,16,2025_16_NYJ_NO,2025-12-21,00-0039373,Audric Estimé,RB,NO,NYJ,6.6
2025,16,2025_16_NYJ_NO,2025-12-21,00-0039451,Isaiah Williams,WR,NYJ,NO,6.5
2025,16,2025_16_NYJ_NO,2025-12-21,00-0037231,Kevin Austin Jr.,WR,NO,NYJ,3.8
2025,16,2025_16_NYJ_NO,2025-12-21,00-0040398,Brady Cook,QB,NYJ,NO,3.7200000000000006
2025,16,2025_16_NYJ_NO,2025-12-21,00-0037805,Jeremy Ruckert,TE,NYJ,NO,3.4000000000000004
2025,16,2025_16_NYJ_NO,2025-12-21,00-0036427,Tyler Johnson,WR,NYJ,NO,1.7000000000000002
2025,16,2025_16_NYJ_NO,2025-12-21,00-0034981,Foster Moreau,TE,NO,NYJ,1.5
2025,16,2025_16_NYJ_NO,2025-12-21,00-0036741,Jack Stoll,TE,NO,NYJ,1.4
2025,16,2025_16_NYJ_NO,2025-12-21,00-0037614,John Metchie III,WR,NYJ,NO,1.4
2025,16,2025_16_NYJ_NO,2025-12-21,00-0038397,Evan Hull,RB,NO,NYJ,0.30000000000000004
2025,16,2025_16_NYJ_NO,2025-12-21,00-0040582,Arian Smith,WR,NYJ,NO,0.0
2025,16,2025_16_NYJ_NO,2025-12-21,00-0034860,Dante Pettis,WR,NO,NYJ,0.0
2025,16,2025_16_NYJ_NO,2025-12-21,00-0037755,Jelani Woods,TE,NYJ,NO,0.0
2025,16,2025_16_NYJ_NO,2025-12-21,00-0036842,Kene Nwangwu,RB,NYJ,NO,0.0
2025,16,2025_16_PHI_WAS,2025-12-20,00-0034844,Saquon Barkley,RB,PHI,WAS,21.200000000000003
2025,16,2025_16_PHI_WAS,2025-12-20,00-0036389,Jalen Hurts,QB,PHI,WAS,19.4
2025,16,2025_16_PHI_WAS,2025-12-20,00-0035676,A.J. Brown,WR,PHI,WAS,18.5
2025,16,2025_16_PHI_WAS,2025-12-20,00-0036912,DeVonta Smith,WR,PHI,WAS,16.2
2025,16,2025_16_PHI_WAS,2025-12-20,00-0038611,Chris Rodriguez Jr.,RB,WAS,PHI,13.9
2025,16,2025_16_PHI_WAS,2025-12-20,00-0034351,Dallas Goedert,TE,PHI,WAS,12.2
2025,16,2025_16_PHI_WAS,2025-12-20,00-0038555,Tank Bigsby,RB,PHI,WAS,9.7
2025,16,2025_16_PHI_WAS,2025-12-20,00-0040242,Jacory Croskey-Merritt,RB,WAS,PHI,8.5
2025,16,2025_16_PHI_WAS,2025-12-20,00-0035659,Terry McLaurin,WR,WAS,PHI,8.3
2025,16,2025_16_PHI_WAS,2025-12-20,00-0035719,Deebo Samuel Sr.,WR,WAS,PHI,6.5
2025,16,2025_16_PHI_WAS,2025-12-20,00-0033955,Jeremy McNichols,RB,WAS,PHI,5.2
2025,16,2025_16_PHI_WAS,2025-12-20,00-0037742,Treylon Burks,WR,WAS,PHI,5.0
2025,16,2025_16_PHI_WAS,2025-12-20,00-0037741,Jahan Dotson,WR,PHI,WAS,4.3
2025,16,2025_16_PHI_WAS,2025-12-20,00-0032268,Marcus Mariota,QB,WAS,PHI,3.7
2025,16,2025_16_PHI_WAS,2025-12-20,00-0039912,Ben Sinnott,TE,WAS,PHI,1.5
2025,16,2025_16_PHI_WAS,2025-12-20,00-0039746,Will Shipley,RB,PHI,WAS,1.3
2025,16,2025_16_PHI_WAS,2025-12-20,00-0037132,Britain Covey,WR,PHI,WAS,0.0
2025,16,2025_16_PHI_WAS,2025-12-20,00-0032398,Chris Moore,WR,WAS,PHI,0.0
2025,16,2025_16_PHI_WAS,2025-12-20,00-0040164,Jaylin Lane,WR,WAS,PHI,0.0
2025,16,2025_16_PHI_WAS,2025-12-20,00-0036628,John Bates,TE,WAS,PHI,0.0
2025,16,2025_16_PHI_WAS,2025-12-20,00-0036876,Kylen Granson,TE,PHI,WAS,0.0
2025,16,2025_16_PHI_WAS,2025-12-20,00-0038400,Tanner McKee,QB,PHI,WAS,-0.2
2025,16,2025_16_PHI_WAS,2025-12-20,00-0026300,Josh Johnson,QB,WAS,PHI,-0.28
2025,16,2025_16_PIT_DET,2025-12-21,00-0037228,Jaylen Warren,RB,PIT,DET,29.1
2025,16,2025_16_PIT_DET,2025-12-21,00-0033106,Jared Goff,QB,DET,PIT,26.46
2025,16,2025_16_PIT_DET,2025-12-21,00-0036919,Kenny Gainwell,RB,PIT,DET,23.8
2025,16,2025_16_PIT_DET,2025-12-21,00-0039139,Jahmyr Gibbs,RB,DET,PIT,22.8
2025,16,2025_16_PIT_DET,2025-12-21,00-0032464,Kalif Raymond,WR,DET,PIT,16.2
2025,16,2025_16_PIT_DET,2025-12-21,00-0023459,Aaron Rodgers,QB,PIT,DET,15.540000000000001
2025,16,2025_16_PIT_DET,2025-12-21,00-0040669,Isaac TeSlaa,WR,DET,PIT,15.2
2025,16,2025_16_PIT_DET,2025-12-21,00-0037240,Jameson Williams,WR,DET,PIT,12.0
2025,16,2025_16_PIT_DET,2025-12-21,00-0036963,Amon-Ra St. Brown,WR,DET,PIT,9.4
2025,16,2025_16_PIT_DET,2025-12-21,00-0030035,Adam Thielen,WR,PIT,DET,8.9
2025,16,2025_16_PIT_DET,2025-12-21,00-0035640,DK Metcalf,WR,PIT,DET,8.2
2025,16,2025_16_PIT_DET,2025-12-21,00-0033455,Anthony Firkser,TE,DET,PIT,8.0
2025,16,2025_16_PIT_DET,2025-12-21,00-0036894,Pat Freiermuth,TE,PIT,DET,6.0
2025,16,2025_16_PIT_DET,2025-12-21,00-0036534,Shane Zylstra,TE,DET,PIT,5.0
2025,16,2025_16_PIT_DET,2025-12-21,00-0035298,Scott Miller,WR,PIT,DET,4.9
2025,16,2025_16_PIT_DET,2025-12-21,00-0038558,Darnell Washington,TE,PIT,DET,4.6
2025,16,2025_16_PIT_DET,2025-12-21,00-0033858,Jonnu Smith,TE,PIT,DET,2.8000000000000003
2025,16,2025_16_PIT_DET,2025-12-21,00-0037837,Calvin Austin III,WR,PIT,DET,1.8
2025,16,2025_16_PIT_DET,2025-12-21,00-0034272,Marquez Valdes-Scantling,WR,PIT,DET,1.6
2025,16,2025_16_PIT_DET,2025-12-21,00-0035685,David Montgomery,RB,DET,PIT,1.4000000000000001
2025,16,2025_16_PIT_DET,2025-12-21,00-0036862,Ben Skowronek,WR,PIT,DET,0.0
2025,16,2025_16_PIT_DET,2025-12-21,00-0038896,Jacob Saylors,RB,DET,PIT,0.0
2025,16,2025_16_PIT_DET,2025-12-21,00-0035544,Tom Kennedy,WR,DET,PIT,0.0
2025,16,2025_16_SF_IND,2025-12-22,00-0033280,Christian McCaffrey,RB,SF,IND,32.6
2025,16,2025_16_SF_IND,2025-12-22,00-0037834,Brock Purdy,QB,SF,IND,30.900000000000002
2025,16,2025_16_SF_IND,2025-12-22,00-0037664,Alec Pierce,WR,IND,SF,24.6
2025,16,2025_16_SF_IND,2025-12-22,00-0033288,George Kittle,TE,SF,IND,24.5
2025,16,2025_16_SF_IND,2025-12-22,00-0036259,Jauan Jennings,WR,SF,IND,18.1
2025,16,2025_16_SF_IND,2025-12-22,00-0022942,Philip Rivers,QB,IND,SF,17.08
2025,16,2025_16_SF_IND,2025-12-22,00-0036223,Jonathan Taylor,RB,IND,SF,16.9
2025,16,2025_16_SF_IND,2025-12-22,00-0038997,Josh Downs,WR,IND,SF,11.8
2025,16,2025_16_SF_IND,2025-12-22,00-0032775,Demarcus Robinson,WR,SF,IND,10.3
2025,16,2025_16_SF_IND,2025-12-22,00-0036252,Michael Pittman,WR,IND,SF,7.2
2025,16,2025_16_SF_IND,2025-12-22,00-0040128,Tyler Warren,TE,IND,SF,6.0
2025,16,2025_16_SF_IND,2025-12-22,00-0033307,Kendrick Bourne,WR,SF,IND,5.7
2025,16,2025_16_SF_IND,2025-12-22,00-0033217,Mo Alie-Cox,TE,IND,SF,3.6
2025,16,2025_16_SF_IND,2025-12-22,00-0038090,Skyy Moore,WR,SF,IND,3.3000000000000003
2025,16,2025_16_SF_IND,2025-12-22,00-0037292,Andrew Ogletree,TE,IND,SF,2.1
2025,16,2025_16_SF_IND,2025-12-22,00-0037746,Brian Robinson,RB,SF,IND,2.0
2025,16,2025_16_SF_IND,2025-12-22,00-0037112,Jake Tonges,TE,SF,IND,1.7000000000000002
2025,16,2025_16_SF_IND,2025-12-22,00-0032104,Ameer Abdullah,RB,IND,SF,1.4
2025,16,2025_16_SF_IND,2025-12-22,00-0037120,Tyler Goodson,RB,IND,SF,0.9
2025,16,2025_16_SF_IND,2025-12-22,00-0040352,Coleman Owen,WR,IND,SF,0.0
2025,16,2025_16_SF_IND,2025-12-22,00-0036887,Luke Farrell,TE,SF,IND,0.0
2025,16,2025_16_SF_IND,2025-12-22,00-0040206,Riley Leonard,QB,IND,SF,0.0
2025,16,2025_16_SF_IND,2025-12-22,00-0036972,Mac Jones,QB,SF,IND,-0.30000000000000004
2025,16,2025_16_TB_CAR,2025-12-21,00-0040124,Tetairoa McMillan,WR,CAR,TB,19.3
2025,16,2025_16_TB_CAR,2025-12-21,00-0039150,Bryce Young,QB,CAR,TB,17.64
2025,16,2025_16_TB_CAR,2025-12-21,00-0031408,Mike Evans,WR,TB,CAR,14.1
2025,16,2025_16_TB_CAR,2025-12-21,00-0034855,Baker Mayfield,QB,TB,CAR,12.700000000000001
2025,16,2025_16_TB_CAR,2025-12-21,00-0039356,Ja'Tavion Sanders,TE,CAR,TB,8.9
2025,16,2025_16_TB_CAR,2025-12-21,00-0036139,Rico Dowdle,RB,CAR,TB,8.3
2025,16,2025_16_TB_CAR,2025-12-21,00-0033921,Chris Godwin Jr.,WR,TB,CAR,8.0
2025,16,2025_16_TB_CAR,2025-12-21,00-0037256,Rachaad White,RB,TB,CAR,8.0
2025,16,2025_16_TB_CAR,2025-12-21,00-0039491,Jalen Coker,WR,CAR,TB,7.7
2025,16,2025_16_TB_CAR,2025-12-21,00-0039361,Bucky Irving,RB,TB,CAR,7.1000000000000005
2025,16,2025_16_TB_CAR,2025-12-21,00-0038951,Sean Tucker,RB,TB,CAR,6.3
2025,16,2025_16_TB_CAR,2025-12-21,00-0040187,Mitchell Evans,TE,CAR,TB,5.300000000000001
2025,16,2025_16_TB_CAR,2025-12-21,00-0040129,Emeka Egbuka,WR,TB,CAR,5.0
2025,16,2025_16_TB_CAR,2025-12-21,00-0036555,Chuba Hubbard,RB,CAR,TB,4.4
2025,16,2025_16_TB_CAR,2025-12-21,00-0039855,Jalen McMillan,WR,TB,CAR,3.6
2025,16,2025_16_TB_CAR,2025-12-21,00-0038129,Cade Otton,TE,TB,CAR,3.5
2025,16,2025_16_TB_CAR,2025-12-21,00-0040218,Jimmy Horn Jr.,WR,CAR,TB,2.5
2025,16,2025_16_TB_CAR,2025-12-21,00-0039342,Xavier Legette,WR,CAR,TB,2.2
2025,16,2025_16_TB_CAR,2025-12-21,00-0037005,Tommy Tremble,TE,CAR,TB,1.6
2025,16,2025_16_TB_CAR,2025-12-21,00-0040237,Tez Johnson,WR,TB,CAR,0.9
2025,16,2025_16_TB_CAR,2025-12-21,00-0038840,Brycen Tremayne,WR,CAR,TB,0.0
2025,16,2025_16_TB_CAR,2025-12-21,00-0039589,Kameron Johnson,WR,TB,CAR,0.0
2025,16,2025_16_TB_CAR,2025-12-21,00-0040644,Trevor Etienne,RB,CAR,TB,0.0
2025,17,2025_17_ARI_CIN,2025-12-28,00-0038597,Chase Brown,RB,CIN,ARI,29.1
2025,17,2025_17_ARI_CIN,2025-12-28,00-0036900,Ja'Marr Chase,WR,CIN,ARI,25.0
2025,17,2025_17_ARI_CIN,2025-12-28,00-0037744,Trey McBride,TE,ARI,CIN,23.6
2025,17,2025_17_ARI_CIN,2025-12-28,00-0036442,Joe Burrow,QB,CIN,ARI,20.400000000000002
2025,17,2025_17_ARI_CIN,2025-12-28,00-0038559,Michael Wilson,WR,ARI,CIN,19.9
2025,17,2025_17_ARI_CIN,2025-12-28,00-0033119,Jacoby Brissett,QB,ARI,CIN,16.48
2025,17,2025_17_ARI_CIN,2025-12-28,00-0036410,Tee Higgins,WR,CIN,ARI,9.9
2025,17,2025_17_ARI_CIN,2025-12-28,00-0033526,Samaje Perine,RB,CIN,ARI,8.3
2025,17,2025_17_ARI_CIN,2025-12-28,00-0038619,Andrei Iosivas,WR,CIN,ARI,8.100000000000001
2025,17,2025_17_ARI_CIN,2025-12-28,00-0034829,Mike Gesicki,TE,CIN,ARI,6.7
2025,17,2025_17_ARI_CIN,2025-12-28,00-0036924,Michael Carter,RB,ARI,CIN,6.3
2025,17,2025_17_ARI_CIN,2025-12-28,00-0034613,Tanner Hudson,TE,CIN,ARI,5.1
2025,17,2025_17_ARI_CIN,2025-12-28,00-0039521,Xavier Weaver,WR,ARI,CIN,4.4
2025,17,2025_17_ARI_CIN,2025-12-28,00-0038705,Emari Demercado,RB,ARI,CIN,4.0
2025,17,2025_17_ARI_CIN,2025-12-28,00-0040208,Tahj Brooks,RB,CIN,ARI,2.9000000000000004
2025,17,2025_17_ARI_CIN,2025-12-28,00-0035631,Drew Sample,TE,CIN,ARI,1.8
2025,17,2025_17_ARI_CIN,2025-12-28,00-0040534,Ke'Shawn Williams,WR,CIN,ARI,1.5
2025,17,2025_17_ARI_CIN,2025-12-28,00-0026158,Joe Flacco,QB,CIN,ARI,1.16
2025,17,2025_17_ARI_CIN,2025-12-28,00-0040556,Corey Kiner,RB,ARI,CIN,0.2
2025,17,2025_17_ARI_CIN,2025-12-28,00-0039041,Elijah Higgins,TE,ARI,CIN,0.0
2025,17,2025_17_ARI_CIN,2025-12-28,00-0036332,Josiah Deguara,TE,ARI,CIN,0.0
2025,17,2025_17_ARI_CIN,2025-12-28,00-0039849,Marvin Harrison Jr.,WR,ARI,CIN,0.0
2025,17,2025_17_ARI_CIN,2025-12-28,00-0035644,Noah Fant,TE,CIN,ARI,0.0
2025,17,2025_17_ARI_CIN,2025-12-28,00-0034928,Steven Sims,WR,ARI,CIN,0.0
2025,17,2025_17_BAL_GB,2025-12-27,00-0032764,Derrick Henry,RB,BAL,GB,45.6
2025,17,2025_17_BAL_GB,2025-12-27,00-0038128,Malik Willis,QB,GB,BAL,31.519999999999996
2025,17,2025_17_BAL_GB,2025-12-27,00-0038124,Christian Watson,WR,GB,BAL,22.3
2025,17,2025_17_BAL_GB,2025-12-27,00-0035993,Tyler Huntley,QB,BAL,GB,14.280000000000001
2025,17,2025_17_BAL_GB,2025-12-27,00-0039064,Zay Flowers,WR,BAL,GB,13.0
2025,17,2025_17_BAL_GB,2025-12-27,00-0037816,Romeo Doubs,WR,GB,BAL,9.2
2025,17,2025_17_BAL_GB,2025-12-27,00-0039146,Jayden Reed,WR,GB,BAL,8.100000000000001
2025,17,2025_17_BAL_GB,2025-12-27,00-0034753,Mark Andrews,TE,BAL,GB,6.800000000000001
2025,17,2025_17_BAL_GB,2025-12-27,00-0038454,Keaton Mitchell,RB,BAL,GB,5.800000000000001
2025,17,2025_17_BAL_GB,2025-12-27,00-0037838,Isaiah Likely,TE,BAL,GB,5.7
2025,17,2025_17_BAL_GB,2025-12-27,00-0037091,Bo Melton,WR,GB,BAL,4.4
2025,17,2025_17_BAL_GB,2025-12-27,00-0038797,Emanuel Wilson,RB,GB,BAL,3.4000000000000004
2025,17,2025_17_BAL_GB,2025-12-27,00-0039796,Rasheen Ali,RB,BAL,GB,2.8
2025,17,2025_17_BAL_GB,2025-12-27,00-0040667,Matthew Golden,WR,GB,BAL,2.2
2025,17,2025_17_BAL_GB,2025-12-27,00-0038685,Chris Brooks,RB,GB,BAL,2.1
2025,17,2025_17_BAL_GB,2025-12-27,00-0038589,Josh Whyle,TE,GB,BAL,1.8
2025,17,2025_17_BAL_GB,2025-12-27,00-0038393,Dontayvion Wicks,WR,GB,BAL,1.7000000000000002
2025,17,2025_17_BAL_GB,2025-12-27,00-0036550,Rashod Bateman,WR,BAL,GB,1.7000000000000002
2025,17,2025_17_BAL_GB,2025-12-27,00-0035700,Josh Jacobs,RB,GB,BAL,1.3
2025,17,2025_17_BAL_GB,2025-12-27,00-0038046,Charlie Kolar,TE,BAL,GB,0.0
2025,17,2025_17_BAL_GB,2025-12-27,00-0030564,DeAndre Hopkins,WR,BAL,GB,0.0
2025,17,2025_17_BAL_GB,2025-12-27,00-0040075,LaJohntay Wester,WR,BAL,GB,0.0
2025,17,2025_17_BAL_GB,2025-12-27,00-0033376,Patrick Ricard,RB,BAL,GB,0.0
2025,17,2025_17_BAL_GB,2025-12-27,00-0038582,Clayton Tune,QB,GB,BAL,-1.68
2025,17,2025_17_CHI_SF,2025-12-28,00-0037834,Brock Purdy,QB,SF,CHI,36.92
2025,17,2025_17_CHI_SF,2025-12-28,00-0033280,Christian McCaffrey,RB,SF,CHI,28.1
2025,17,2025_17_CHI_SF,2025-12-28,00-0040735,Luther Burden III,WR,CHI,SF,27.8
2025,17,2025_17_CHI_SF,2025-12-28,00-0039918,Caleb Williams,QB,CHI,SF,23.000000000000004
2025,17,2025_17_CHI_SF,2025-12-28,00-0036275,D'Andre Swift,RB,CHI,SF,21.9
2025,17,2025_17_CHI_SF,2025-12-28,00-0040126,Colston Loveland,TE,CHI,SF,21.4
2025,17,2025_17_CHI_SF,2025-12-28,00-0037112,Jake Tonges,TE,SF,CHI,19.0
2025,17,2025_17_CHI_SF,2025-12-28,00-0039916,Ricky Pearsall,WR,SF,CHI,13.5
2025,17,2025_17_CHI_SF,2025-12-28,00-0036259,Jauan Jennings,WR,SF,CHI,12.2
2025,17,2025_17_CHI_SF,2025-12-28,00-0040236,Kyle Monangai,RB,CHI,SF,7.7
2025,17,2025_17_CHI_SF,2025-12-28,00-0032775,Demarcus Robinson,WR,SF,CHI,5.0
2025,17,2025_17_CHI_SF,2025-12-28,00-0040277,Jahdae Walker,WR,CHI,SF,5.0
2025,17,2025_17_CHI_SF,2025-12-28,00-0037746,Brian Robinson,RB,SF,CHI,3.8000000000000003
2025,17,2025_17_CHI_SF,2025-12-28,00-0036290,Cole Kmet,TE,CHI,SF,3.6
2025,17,2025_17_CHI_SF,2025-12-28,00-0033307,Kendrick Bourne,WR,SF,CHI,3.5
2025,17,2025_17_CHI_SF,2025-12-28,00-0034798,Durham Smythe,TE,CHI,SF,2.1
2025,17,2025_17_CHI_SF,2025-12-28,00-0034827,DJ Moore,WR,CHI,SF,1.7000000000000002
2025,17,2025_17_CHI_SF,2025-12-28,00-0038090,Skyy Moore,WR,SF,CHI,1.0
2025,17,2025_17_CHI_SF,2025-12-28,00-0038643,Brayden Willis,TE,SF,CHI,0.0
2025,17,2025_17_CHI_SF,2025-12-28,00-0036331,Devin Duvernay,WR,CHI,SF,0.0
2025,17,2025_17_CHI_SF,2025-12-28,00-0035594,Travis Homer,RB,CHI,SF,0.0
2025,17,2025_17_DAL_WAS,2025-12-25,00-0033077,Dak Prescott,QB,DAL,WAS,22.68
2025,17,2025_17_DAL_WAS,2025-12-25,00-0040242,Jacory Croskey-Merritt,RB,WAS,DAL,22.5
2025,17,2025_17_DAL_WAS,2025-12-25,00-0037801,KaVontae Turpin,WR,DAL,WAS,15.6
2025,17,2025_17_DAL_WAS,2025-12-25,00-0037247,George Pickens,WR,DAL,WAS,11.8
2025,17,2025_17_DAL_WAS,2025-12-25,00-0036997,Javonte Williams,RB,DAL,WAS,11.4
2025,17,2025_17_DAL_WAS,2025-12-25,00-0035719,Deebo Samuel Sr.,WR,WAS,DAL,11.3
2025,17,2025_17_DAL_WAS,2025-12-25,00-0035659,Terry McLaurin,WR,WAS,DAL,11.3
2025,17,2025_17_DAL_WAS,2025-12-25,00-0037563,Malik Davis,RB,DAL,WAS,10.3
2025,17,2025_17_DAL_WAS,2025-12-25,00-0036358,CeeDee Lamb,WR,DAL,WAS,9.600000000000001
2025,17,2025_17_DAL_WAS,2025-12-25,00-0026300,Josh Johnson,QB,WAS,DAL,8.92
2025,17,2025_17_DAL_WAS,2025-12-25,00-0038041,Jake Ferguson,TE,DAL,WAS,7.6
2025,17,2025_17_DAL_WAS,2025-12-25,00-0037666,Jalen Tolbert,WR,DAL,WAS,7.1
2025,17,2025_17_DAL_WAS,2025-12-25,00-0039912,Ben Sinnott,TE,WAS,DAL,5.9
2025,17,2025_17_DAL_WAS,2025-12-25,00-0038738,Hunter Luepke,RB,DAL,WAS,5.4
2025,17,2025_17_DAL_WAS,2025-12-25,00-0039530,Brevyn Spann-Ford,TE,DAL,WAS,4.1
2025,17,2025_17_DAL_WAS,2025-12-25,00-0033955,Jeremy McNichols,RB,WAS,DAL,4.0
2025,17,2025_17_DAL_WAS,2025-12-25,00-0038547,Luke Schoonmaker,TE,DAL,WAS,3.5
2025,17,2025_17_DAL_WAS,2025-12-25,00-0032398,Chris Moore,WR,WAS,DAL,2.5
2025,17,2025_17_DAL_WAS,2025-12-25,00-0037742,Treylon Burks,WR,WAS,DAL,2.1
2025,17,2025_17_DAL_WAS,2025-12-25,00-0034681,Chase Edmonds,RB,WAS,DAL,0.0
2025,17,2025_17_DAL_WAS,2025-12-25,00-0039062,Jonathan Mingo,WR,DAL,WAS,0.0
2025,17,2025_17_DAL_WAS,2025-12-25,00-0034054,River Cracraft,WR,WAS,DAL,0.0
2025,17,2025_17_DEN_KC,2025-12-25,00-0039732,Bo Nix,QB,DEN,KC,19.48
2025,17,2025_17_DEN_KC,2025-12-25,00-0040730,RJ Harvey,RB,DEN,KC,18.6
2025,17,2025_17_DEN_KC,2025-12-25,00-0040078,Brashard Smith,RB,KC,DEN,9.5
2025,17,2025_17_DEN_KC,2025-12-25,00-0030506,Travis Kelce,TE,KC,DEN,8.6
2025,17,2025_17_DEN_KC,2025-12-25,00-0034348,Courtland Sutton,WR,DEN,KC,8.0
2025,17,2025_17_DEN_KC,2025-12-25,00-0037324,Chris Oladokun,QB,KC,DEN,7.74
2025,17,2025_17_DEN_KC,2025-12-25,00-0033881,Evan Engram,TE,DEN,KC,6.1
2025,17,2025_17_DEN_KC,2025-12-25,00-0039868,Troy Franklin,WR,DEN,KC,5.7
2025,17,2025_17_DEN_KC,2025-12-25,00-0033857,JuJu Smith-Schuster,WR,KC,DEN,4.6
2025,17,2025_17_DEN_KC,2025-12-25,00-0036422,Adam Trautman,TE,DEN,KC,4.4
2025,17,2025_17_DEN_KC,2025-12-25,00-0035406,Lil'Jordan Humphrey,WR,DEN,KC,4.300000000000001
2025,17,2025_17_DEN_KC,2025-12-25,00-0038794,Jaleel McLaughlin,RB,DEN,KC,4.0
2025,17,2025_17_DEN_KC,2025-12-25,00-0038976,Marvin Mims Jr.,WR,DEN,KC,4.0
2025,17,2025_17_DEN_KC,2025-12-25,00-0033923,Kareem Hunt,RB,KC,DEN,3.8000000000000003
2025,17,2025_17_DEN_KC,2025-12-25,00-0036959,Michael Bandy,WR,DEN,KC,3.4000000000000004
2025,17,2025_17_DEN_KC,2025-12-25,00-0037197,Isiah Pacheco,RB,KC,DEN,3.2
2025,17,2025_17_DEN_KC,2025-12-25,00-0035662,Marquise Brown,WR,KC,DEN,1.7000000000000002
2025,17,2025_17_DEN_KC,2025-12-25,00-0036637,Noah Gray,TE,KC,DEN,1.2
2025,17,2025_17_DEN_KC,2025-12-25,00-0039894,Xavier Worthy,WR,KC,DEN,0.1
2025,17,2025_17_DEN_KC,2025-12-25,00-0037085,Tyler Badie,RB,DEN,KC,0.0
2025,17,2025_17_DET_MIN,2025-12-25,00-0033293,Aaron Jones,RB,MIN,DET,15.3
2025,17,2025_17_DET_MIN,2025-12-25,00-0036963,Amon-Ra St. Brown,WR,DET,MIN,14.8
2025,17,2025_17_DET_MIN,2025-12-25,00-0040669,Isaac TeSlaa,WR,DET,MIN,13.9
2025,17,2025_17_DET_MIN,2025-12-25,00-0038994,Jordan Addison,WR,MIN,DET,12.5
2025,17,2025_17_DET_MIN,2025-12-25,00-0036322,Justin Jefferson,WR,MIN,DET,7.0
2025,17,2025_17_DET_MIN,2025-12-25,00-0039139,Jahmyr Gibbs,RB,DET,MIN,6.4
2025,17,2025_17_DET_MIN,2025-12-25,00-0035685,David Montgomery,RB,DET,MIN,6.0
2025,17,2025_17_DET_MIN,2025-12-25,00-0037240,Jameson Williams,WR,DET,MIN,5.7
2025,17,2025_17_DET_MIN,2025-12-25,00-0040494,Max Brosmer,QB,MIN,DET,3.64
2025,17,2025_17_DET_MIN,2025-12-25,00-0037276,Ty Chandler,RB,MIN,DET,2.4000000000000004
2025,17,2025_17_DET_MIN,2025-12-25,00-0033106,Jared Goff,QB,DET,MIN,2.0799999999999983
2025,17,2025_17_DET_MIN,2025-12-25,00-0035249,Josh Oliver,TE,MIN,DET,1.8
2025,17,2025_17_DET_MIN,2025-12-25,00-0032464,Kalif Raymond,WR,DET,MIN,1.5
2025,17,2025_17_DET_MIN,2025-12-25,00-0038809,Ben Sims,TE,MIN,DET,1.3
2025,17,2025_17_DET_MIN,2025-12-25,00-0033455,Anthony Firkser,TE,DET,MIN,0.0
2025,17,2025_17_DET_MIN,2025-12-25,00-0035956,Giovanni Ricci,TE,DET,MIN,0.0
2025,17,2025_17_DET_MIN,2025-12-25,00-0037291,Jalen Nailor,WR,MIN,DET,0.0
2025,17,2025_17_DET_MIN,2025-12-25,00-0040506,Myles Price,WR,MIN,DET,0.0
2025,17,2025_17_DET_MIN,2025-12-25,00-0039364,Sione Vaki,RB,DET,MIN,0.0
2025,17,2025_17_DET_MIN,2025-12-25,00-0035544,Tom Kennedy,WR,DET,MIN,0.0
2025,17,2025_17_DET_MIN,2025-12-25,00-0038440,Zavier Scott,RB,MIN,DET,0.0
2025,17,2025_17_HOU_LAC,2025-12-27,00-0040666,Omarion Hampton,RB,LAC,HOU,20.0
2025,17,2025_17_HOU_LAC,2025-12-27,00-0040130,Jayden Higgins,WR,HOU,LAC,16.8
2025,17,2025_17_HOU_LAC,2025-12-27,00-0036355,Justin Herbert,QB,LAC,HOU,15.14
2025,17,2025_17_HOU_LAC,2025-12-27,00-0038544,Quentin Johnston,WR,LAC,HOU,14.8
2025,17,2025_17_HOU_LAC,2025-12-27,00-0040138,Jaylin Noel,WR,HOU,LAC,14.600000000000001
2025,17,2025_17_HOU_LAC,2025-12-27,00-0039163,C.J. Stroud,QB,HOU,LAC,13.759999999999998
2025,17,2025_17_HOU_LAC,2025-12-27,00-0040189,Oronde Gadsden II,TE,LAC,HOU,12.2
2025,17,2025_17_HOU_LAC,2025-12-27,00-0036554,Nico Collins,WR,HOU,LAC,8.7
2025,17,2025_17_HOU_LAC,2025-12-27,00-0040583,Woody Marks,RB,HOU,LAC,8.5
2025,17,2025_17_HOU_LAC,2025-12-27,00-0034383,Dalton Schultz,TE,HOU,LAC,4.9
2025,17,2025_17_HOU_LAC,2025-12-27,00-0038618,Xavier Hutchinson,WR,HOU,LAC,4.9
2025,17,2025_17_HOU_LAC,2025-12-27,00-0039915,Ladd McConkey,WR,LAC,HOU,4.1
2025,17,2025_17_HOU_LAC,2025-12-27,00-0034159,Will Dissly,TE,LAC,HOU,3.9000000000000004
2025,17,2025_17_HOU_LAC,2025-12-27,00-0039405,Jawhar Jordan,RB,HOU,LAC,3.6
2025,17,2025_17_HOU_LAC,2025-12-27,00-0030279,Keenan Allen,WR,LAC,HOU,2.7
2025,17,2025_17_HOU_LAC,2025-12-27,00-0040727,Tre Harris,WR,LAC,HOU,2.5
2025,17,2025_17_HOU_LAC,2025-12-27,00-0034775,Christian Kirk,WR,HOU,LAC,2.1
2025,17,2025_17_HOU_LAC,2025-12-27,00-0036755,Jaret Patterson,RB,LAC,HOU,0.1
2025,17,2025_17_HOU_LAC,2025-12-27,00-0034791,Nick Chubb,RB,HOU,LAC,0.1
2025,17,2025_17_HOU_LAC,2025-12-27,00-0037617,Hassan Haskins,RB,LAC,HOU,0.0
2025,17,2025_17_HOU_LAC,2025-12-27,00-0040184,KeAndre Lambert-Smith,WR,LAC,HOU,0.0
2025,17,2025_17_JAX_IND,2025-12-28,00-0036971,Trevor Lawrence,QB,JAX,IND,23.119999999999997
2025,17,2025_17_JAX_IND,2025-12-28,00-0038606,Parker Washington,WR,JAX,IND,19.0
2025,17,2025_17_JAX_IND,2025-12-28,00-0036223,Jonathan Taylor,RB,IND,JAX,17.4
2025,17,2025_17_JAX_IND,2025-12-28,00-0036973,Travis Etienne,RB,JAX,IND,11.200000000000001
2025,17,2025_17_JAX_IND,2025-12-28,00-0033217,Mo Alie-Cox,TE,IND,JAX,11.0
2025,17,2025_17_JAX_IND,2025-12-28,00-0040128,Tyler Warren,TE,IND,JAX,9.3
2025,17,2025_17_JAX_IND,2025-12-28,00-0038935,Brenton Strange,TE,JAX,IND,8.4
2025,17,2025_17_JAX_IND,2025-12-28,00-0039893,Brian Thomas Jr.,WR,JAX,IND,7.9
2025,17,2025_17_JAX_IND,2025-12-28,00-0034960,Jakobi Meyers,WR,JAX,IND,7.9
2025,17,2025_17_JAX_IND,2025-12-28,00-0022942,Philip Rivers,QB,IND,JAX,7.779999999999999
2025,17,2025_17_JAX_IND,2025-12-28,00-0038997,Josh Downs,WR,IND,JAX,5.4
2025,17,2025_17_JAX_IND,2025-12-28,00-0036252,Michael Pittman,WR,IND,JAX,3.6
2025,17,2025_17_JAX_IND,2025-12-28,00-0038394,Will Mallory,TE,IND,JAX,2.6
2025,17,2025_17_JAX_IND,2025-12-28,00-0036425,DeeJay Dallas,RB,JAX,IND,2.1
2025,17,2025_17_JAX_IND,2025-12-28,00-0032104,Ameer Abdullah,RB,IND,JAX,1.4
2025,17,2025_17_JAX_IND,2025-12-28,00-0040238,LeQuint Allen Jr.,RB,JAX,IND,0.30000000000000004
2025,17,2025_17_JAX_IND,2025-12-28,00-0037664,Alec Pierce,WR,IND,JAX,0.0
2025,17,2025_17_JAX_IND,2025-12-28,00-0035021,Ashton Dulin,WR,IND,JAX,0.0
2025,17,2025_17_JAX_IND,2025-12-28,00-0033246,Johnny Mundt,TE,JAX,IND,0.0
2025,17,2025_17_JAX_IND,2025-12-28,00-0032951,Laquon Treadwell,WR,IND,JAX,0.0
2025,17,2025_17_JAX_IND,2025-12-28,00-0036590,Quintin Morris,TE,JAX,IND,0.0
2025,17,2025_17_JAX_IND,2025-12-28,00-0033375,Tim Patrick,WR,JAX,IND,0.0
2025,17,2025_17_JAX_IND,2025-12-28,00-0040206,Riley Leonard,QB,IND,JAX,-2.0
2025,17,2025_17_LA_ATL,2025-12-29,00-0038542,Bijan Robinson,RB,ATL,LA,39.900000000000006
2025,17,2025_17_LA_ATL,2025-12-29,00-0037840,Kyren Williams,RB,LA,ATL,16.0
2025,17,2025_17_LA_ATL,2025-12-29,00-0039075,Puka Nacua,WR,LA,ATL,15.7
2025,17,2025_17_LA_ATL,2025-12-29,00-0040737,Terrance Ferguson,TE,LA,ATL,13.4
2025,17,2025_17_LA_ATL,2025-12-29,00-0026498,Matthew Stafford,QB,LA,ATL,12.759999999999998
2025,17,2025_17_LA_ATL,2025-12-29,00-0036244,Colby Parkinson,TE,LA,ATL,11.3
2025,17,2025_17_LA_ATL,2025-12-29,00-0038359,Xavier Smith,WR,LA,ATL,10.7
2025,17,2025_17_LA_ATL,2025-12-29,00-0029604,Kirk Cousins,QB,ATL,LA,9.139999999999999
2025,17,2025_17_LA_ATL,2025-12-29,00-0035359,David Sills,WR,ATL,LA,6.7
2025,17,2025_17_LA_ATL,2025-12-29,00-0036309,Darnell Mooney,WR,ATL,LA,5.5
2025,17,2025_17_LA_ATL,2025-12-29,00-0036970,Kyle Pitts,TE,ATL,LA,3.6
2025,17,2025_17_LA_ATL,2025-12-29,00-0040590,Konata Mumpfield,WR,LA,ATL,3.0
2025,17,2025_17_LA_ATL,2025-12-29,00-0037263,Tyler Allgeier,RB,ATL,LA,2.3000000000000003
2025,17,2025_17_LA_ATL,2025-12-29,00-0039738,Blake Corum,RB,LA,ATL,1.8
2025,17,2025_17_LA_ATL,2025-12-29,00-0037238,Drake London,WR,ATL,LA,1.4
2025,17,2025_17_LA_ATL,2025-12-29,00-0037557,Ronnie Rivers,RB,LA,ATL,0.5
2025,17,2025_17_LA_ATL,2025-12-29,00-0036429,Charlie Woerner,TE,ATL,LA,0.0
2025,17,2025_17_LA_ATL,2025-12-29,00-0036463,Chris Blair,WR,ATL,LA,0.0
2025,17,2025_17_LA_ATL,2025-12-29,00-0037487,Deven Thompkins,WR,ATL,LA,0.0
2025,17,2025_17_LA_ATL,2025-12-29,00-0038953,Dylan Drummond,WR,ATL,LA,0.0
2025,17,2025_17_LA_ATL,2025-12-29,00-0039751,Jordan Whittington,WR,LA,ATL,0.0
2025,17,2025_17_LA_ATL,2025-12-29,00-0037277,Teagan Quitoriano,TE,ATL,LA,0.0
2025,17,2025_17_LA_ATL,2025-12-29,00-0036849,Tutu Atwell,WR,LA,ATL,0.0
2025,17,2025_17_NE_NYJ,2025-12-28,00-0039851,Drake Maye,QB,NE,NYJ,32.440000000000005
2025,17,2025_17_NE_NYJ,2025-12-28,00-0036875,Rhamondre Stevenson,RB,NE,NYJ,27.200000000000003
2025,17,2025_17_NE_NYJ,2025-12-28,00-0031588,Stefon Diggs,WR,NE,NYJ,22.1
2025,17,2025_17_NE_NYJ,2025-12-28,00-0038120,Breece Hall,RB,NYJ,NE,20.9
2025,17,2025_17_NE_NYJ,2025-12-28,00-0033090,Hunter Henry,TE,NE,NYJ,13.9
2025,17,2025_17_NE_NYJ,2025-12-28,00-0040563,Efton Chism III,WR,NE,NYJ,12.0
2025,17,2025_17_NE_NYJ,2025-12-28,00-0032392,Austin Hooper,TE,NE,NYJ,9.1
2025,17,2025_17_NE_NYJ,2025-12-28,00-0040734,TreVeyon Henderson,RB,NE,NYJ,8.200000000000001
2025,17,2025_17_NE_NYJ,2025-12-28,00-0039451,Isaiah Williams,WR,NYJ,NE,7.5
2025,17,2025_17_NE_NYJ,2025-12-28,00-0037614,John Metchie III,WR,NYJ,NE,7.1000000000000005
2025,17,2025_17_NE_NYJ,2025-12-28,00-0039890,Adonai Mitchell,WR,NYJ,NE,5.2
2025,17,2025_17_NE_NYJ,2025-12-28,00-0040131,Kyle Williams,WR,NE,NYJ,5.0
2025,17,2025_17_NE_NYJ,2025-12-28,00-0040398,Brady Cook,QB,NYJ,NE,4.18
2025,17,2025_17_NE_NYJ,2025-12-28,00-0037475,Stone Smartt,TE,NYJ,NE,3.8
2025,17,2025_17_NE_NYJ,2025-12-28,00-0036842,Kene Nwangwu,RB,NYJ,NE,3.1
2025,17,2025_17_NE_NYJ,2025-12-28,00-0039798,Isaiah Davis,RB,NYJ,NE,3.0
2025,17,2025_17_NE_NYJ,2025-12-28,00-0038621,DeMario Douglas,WR,NE,NYJ,2.0
2025,17,2025_17_NE_NYJ,2025-12-28,00-0040582,Arian Smith,WR,NYJ,NE,1.5
2025,17,2025_17_NE_NYJ,2025-12-28,00-0037755,Jelani Woods,TE,NYJ,NE,1.4
2025,17,2025_17_NE_NYJ,2025-12-28,00-0036427,Tyler Johnson,WR,NYJ,NE,1.3
2025,17,2025_17_NE_NYJ,2025-12-28,00-0037805,Jeremy Ruckert,TE,NYJ,NE,1.2
2025,17,2025_17_NE_NYJ,2025-12-28,00-0033949,Joshua Dobbs,QB,NE,NYJ,1.0999999999999999
2025,17,2025_17_NE_NYJ,2025-12-28,00-0035628,D'Ernest Johnson,RB,NE,NYJ,0.5
2025,17,2025_17_NE_NYJ,2025-12-28,00-0036906,Khalil Herbert,RB,NYJ,NE,0.5
2025,17,2025_17_NO_TEN,2025-12-28,00-0037239,Chris Olave,WR,NO,TEN,25.9
2025,17,2025_17_NO_TEN,2025-12-28,00-0040743,Tyler Shough,QB,NO,TEN,21.92
2025,17,2025_17_NO_TEN,2025-12-28,00-0040676,Cam Ward,QB,TEN,NO,17.04
2025,17,2025_17_NO_TEN,2025-12-28,00-0039373,Audric Estimé,RB,NO,TEN,16.8
2025,17,2025_17_NO_TEN,2025-12-28,00-0037231,Kevin Austin Jr.,WR,NO,TEN,15.2
2025,17,2025_17_NO_TEN,2025-12-28,00-0037809,Chig Okonkwo,TE,TEN,NO,14.5
2025,17,2025_17_NO_TEN,2025-12-28,00-0040170,Elic Ayomanor,WR,TEN,NO,13.7
2025,17,2025_17_NO_TEN,2025-12-28,00-0036040,Juwan Johnson,TE,NO,TEN,13.5
2025,17,2025_17_NO_TEN,2025-12-28,00-0035261,Tony Pollard,RB,TEN,NO,11.5
2025,17,2025_17_NO_TEN,2025-12-28,00-0040705,Chimere Dike,WR,TEN,NO,10.2
2025,17,2025_17_NO_TEN,2025-12-28,00-0036415,Van Jefferson,WR,TEN,NO,7.6000000000000005
2025,17,2025_17_NO_TEN,2025-12-28,00-0034860,Dante Pettis,WR,NO,TEN,6.300000000000001
2025,17,2025_17_NO_TEN,2025-12-28,00-0036176,Mason Kinsey,WR,TEN,NO,4.4
2025,17,2025_17_NO_TEN,2025-12-28,00-0040244,Moliki Matavao,TE,NO,TEN,3.0
2025,17,2025_17_NO_TEN,2025-12-28,00-0039648,David Martin-Robinson,TE,TEN,NO,1.9
2025,17,2025_17_NO_TEN,2025-12-28,00-0036133,James Proche,WR,TEN,NO,1.5
2025,17,2025_17_NO_TEN,2025-12-28,00-0040584,Gunnar Helm,TE,TEN,NO,1.1
2025,17,2025_17_NO_TEN,2025-12-28,00-0039032,Tyjae Spears,RB,TEN,NO,1.1
2025,17,2025_17_NO_TEN,2025-12-28,00-0040205,Kalel Mullings,RB,TEN,NO,0.4
2025,17,2025_17_NO_TEN,2025-12-28,00-0038397,Evan Hull,RB,NO,TEN,0.30000000000000004
2025,17,2025_17_NO_TEN,2025-12-28,00-0037594,Julius Chestnut,RB,TEN,NO,0.0
2025,17,2025_17_NO_TEN,2025-12-28,00-0038647,Ronnie Bell,WR,NO,TEN,0.0
2025,17,2025_17_NO_TEN,2025-12-28,00-0033357,Taysom Hill,TE,NO,TEN,0.0
2025,17,2025_17_NYG_LV,2025-12-28,00-0040691,Jaxson Dart,QB,NYG,LV,25.08
2025,17,2025_17_NYG_LV,2025-12-28,00-0038117,Wan'Dale Robinson,WR,NYG,LV,22.3
2025,17,2025_17_NYG_LV,2025-12-28,00-0039066,Michael Mayer,TE,LV,NYG,17.9
2025,17,2025_17_NYG_LV,2025-12-28,00-0035250,Devin Singletary,RB,NYG,LV,17.0
2025,17,2025_17_NYG_LV,2025-12-28,00-0038563,Tre Tucker,WR,LV,NYG,9.9
2025,17,2025_17_NYG_LV,2025-12-28,00-0040122,Ashton Jeanty,RB,LV,NYG,9.3
2025,17,2025_17_NYG_LV,2025-12-28,00-0032211,Tyler Lockett,WR,LV,NYG,8.9
2025,17,2025_17_NYG_LV,2025-12-28,00-0030565,Geno Smith,QB,LV,NYG,7.139999999999999
2025,17,2025_17_NYG_LV,2025-12-28,00-0039384,Tyrone Tracy Jr.,RB,NYG,LV,6.7
2025,17,2025_17_NYG_LV,2025-12-28,00-0035535,Darius Slayton,WR,NYG,LV,5.6
2025,17,2025_17_NYG_LV,2025-12-28,00-0038891,Shedrick Jackson,WR,LV,NYG,4.0
2025,17,2025_17_NYG_LV,2025-12-28,00-0040581,Dont'e Thornton Jr.,WR,LV,NYG,3.2
2025,17,2025_17_NYG_LV,2025-12-28,00-0038115,Daniel Bellinger,TE,NYG,LV,3.1
2025,17,2025_17_NYG_LV,2025-12-28,00-0035645,Gunner Olszewski,WR,NYG,LV,2.9000000000000004
2025,17,2025_17_NYG_LV,2025-12-28,00-0036165,Isaiah Hodgins,WR,NYG,LV,1.8
2025,17,2025_17_NYG_LV,2025-12-28,00-0038102,Kenny Pickett,QB,LV,NYG,0.64
2025,17,2025_17_NYG_LV,2025-12-28,00-0038040,Zamir White,RB,LV,NYG,0.2
2025,17,2025_17_NYG_LV,2025-12-28,00-0035602,Alex Bachman,WR,LV,NYG,0.0
2025,17,2025_17_NYG_LV,2025-12-28,00-0039407,Dylan Laube,RB,LV,NYG,0.0
2025,17,2025_17_PHI_BUF,2025-12-28,00-0034857,Josh Allen,QB,BUF,PHI,23.18
2025,17,2025_17_PHI_BUF,2025-12-28,00-0031236,Brandin Cooks,WR,BUF,PHI,14.100000000000001
2025,17,2025_17_PHI_BUF,2025-12-28,00-0035676,A.J. Brown,WR,PHI,BUF,11.8
2025,17,2025_17_PHI_BUF,2025-12-28,00-0034351,Dallas Goedert,TE,PHI,BUF,9.8
2025,17,2025_17_PHI_BUF,2025-12-28,00-0037261,Khalil Shakir,WR,BUF,PHI,9.5
2025,17,2025_17_PHI_BUF,2025-12-28,00-0036389,Jalen Hurts,QB,PHI,BUF,8.9
2025,17,2025_17_PHI_BUF,2025-12-28,00-0037248,James Cook,RB,BUF,PHI,8.7
2025,17,2025_17_PHI_BUF,2025-12-28,00-0035689,Dawson Knox,TE,BUF,PHI,8.0
2025,17,2025_17_PHI_BUF,2025-12-28,00-0035537,Ty Johnson,RB,BUF,PHI,7.800000000000001
2025,17,2025_17_PHI_BUF,2025-12-28,00-0034844,Saquon Barkley,RB,PHI,BUF,6.800000000000001
2025,17,2025_17_PHI_BUF,2025-12-28,00-0038679,Tyrell Shavers,WR,BUF,PHI,5.6
2025,17,2025_17_PHI_BUF,2025-12-28,00-0036912,DeVonta Smith,WR,PHI,BUF,4.5
2025,17,2025_17_PHI_BUF,2025-12-28,00-0039875,Ray Davis,RB,BUF,PHI,2.6
2025,17,2025_17_PHI_BUF,2025-12-28,00-0036988,Josh Palmer,WR,BUF,PHI,2.2
2025,17,2025_17_PHI_BUF,2025-12-28,00-0038555,Tank Bigsby,RB,PHI,BUF,1.9
2025,17,2025_17_PHI_BUF,2025-12-28,00-0040024,Darius Cooper,WR,PHI,BUF,1.4
2025,17,2025_17_PHI_BUF,2025-12-28,00-0037086,Grant Calcaterra,TE,PHI,BUF,1.3
2025,17,2025_17_PHI_BUF,2025-12-28,00-0039746,Will Shipley,RB,PHI,BUF,0.2
2025,17,2025_17_PHI_BUF,2025-12-28,00-0037132,Britain Covey,WR,PHI,BUF,0.0
2025,17,2025_17_PHI_BUF,2025-12-28,00-0036196,Gabe Davis,WR,BUF,PHI,0.0
2025,17,2025_17_PHI_BUF,2025-12-28,00-0037741,Jahan Dotson,WR,PHI,BUF,0.0
2025,17,2025_17_PHI_BUF,2025-12-28,00-0040363,Keleki Latu,TE,BUF,PHI,0.0
2025,17,2025_17_PHI_BUF,2025-12-28,00-0036876,Kylen Granson,TE,PHI,BUF,0.0
2025,17,2025_17_PHI_BUF,2025-12-28,00-0036187,Reggie Gilliam,RB,BUF,PHI,0.0
2025,17,2025_17_PIT_CLE,2025-12-28,00-0040663,Harold Fannin Jr.,TE,CLE,PIT,11.0
2025,17,2025_17_PIT_CLE,2025-12-28,00-0036407,Jerry Jeudy,WR,CLE,PIT,10.4
2025,17,2025_17_PIT_CLE,2025-12-28,00-0040668,Shedeur Sanders,QB,CLE,PIT,9.440000000000001
2025,17,2025_17_PIT_CLE,2025-12-28,00-0036894,Pat Freiermuth,TE,PIT,CLE,9.3
2025,17,2025_17_PIT_CLE,2025-12-28,00-0033858,Jonnu Smith,TE,PIT,CLE,7.7
2025,17,2025_17_PIT_CLE,2025-12-28,00-0023459,Aaron Rodgers,QB,PIT,CLE,7.32
2025,17,2025_17_PIT_CLE,2025-12-28,00-0036919,Kenny Gainwell,RB,PIT,CLE,6.800000000000001
2025,17,2025_17_PIT_CLE,2025-12-28,00-0037228,Jaylen Warren,RB,PIT,CLE,6.4
2025,17,2025_17_PIT_CLE,2025-12-28,00-0040162,Dylan Sampson,RB,CLE,PIT,5.7
2025,17,2025_17_PIT_CLE,2025-12-28,00-0035298,Scott Miller,WR,PIT,CLE,5.5
2025,17,2025_17_PIT_CLE,2025-12-28,00-0038979,Cedric Tillman,WR,CLE,PIT,5.2
2025,17,2025_17_PIT_CLE,2025-12-28,00-0034272,Marquez Valdes-Scantling,WR,PIT,CLE,5.1
2025,17,2025_17_PIT_CLE,2025-12-28,00-0040466,Raheim Sanders,RB,CLE,PIT,4.1
2025,17,2025_17_PIT_CLE,2025-12-28,00-0038558,Darnell Washington,TE,PIT,CLE,3.5
2025,17,2025_17_PIT_CLE,2025-12-28,00-0030035,Adam Thielen,WR,PIT,CLE,3.4000000000000004
2025,17,2025_17_PIT_CLE,2025-12-28,00-0037015,Sal Cannella,TE,CLE,PIT,3.1
2025,17,2025_17_PIT_CLE,2025-12-28,00-0039458,Brenden Bates,TE,CLE,PIT,2.9000000000000004
2025,17,2025_17_PIT_CLE,2025-12-28,00-0040782,Isaiah Bond,WR,CLE,PIT,2.6
2025,17,2025_17_PIT_CLE,2025-12-28,00-0039920,Malachi Corley,WR,CLE,PIT,1.4
2025,17,2025_17_PIT_CLE,2025-12-28,00-0035291,Trayveon Williams,RB,CLE,PIT,1.0
2025,17,2025_17_PIT_CLE,2025-12-28,00-0038710,Blake Whiteheart,TE,CLE,PIT,0.0
2025,17,2025_17_PIT_CLE,2025-12-28,00-0040259,Gage Larvadain,WR,CLE,PIT,0.0
2025,17,2025_17_SEA_CAR,2025-12-28,00-0039165,Zach Charbonnet,RB,SEA,CAR,26.200000000000003
2025,17,2025_17_SEA_CAR,2025-12-28,00-0038543,Jaxon Smith-Njigba,WR,SEA,CAR,16.2
2025,17,2025_17_SEA_CAR,2025-12-28,00-0039793,AJ Barner,TE,SEA,CAR,13.3
2025,17,2025_17_SEA_CAR,2025-12-28,00-0036139,Rico Dowdle,RB,CAR,SEA,9.3
2025,17,2025_17_SEA_CAR,2025-12-28,00-0039150,Bryce Young,QB,CAR,SEA,8.86
2025,17,2025_17_SEA_CAR,2025-12-28,00-0038134,Kenneth Walker III,RB,SEA,CAR,7.7
2025,17,2025_17_SEA_CAR,2025-12-28,00-0034869,Sam Darnold,QB,SEA,CAR,6.079999999999998
2025,17,2025_17_SEA_CAR,2025-12-28,00-0039491,Jalen Coker,WR,CAR,SEA,3.6
2025,17,2025_17_SEA_CAR,2025-12-28,00-0040218,Jimmy Horn Jr.,WR,CAR,SEA,2.9
2025,17,2025_17_SEA_CAR,2025-12-28,00-0036555,Chuba Hubbard,RB,CAR,SEA,2.8
2025,17,2025_17_SEA_CAR,2025-12-28,00-0037545,Rashid Shaheed,WR,SEA,CAR,1.8
2025,17,2025_17_SEA_CAR,2025-12-28,00-0033908,Cooper Kupp,WR,SEA,CAR,1.6
2025,17,2025_17_SEA_CAR,2025-12-28,00-0040187,Mitchell Evans,TE,CAR,SEA,1.6
2025,17,2025_17_SEA_CAR,2025-12-28,00-0037005,Tommy Tremble,TE,CAR,SEA,1.6
2025,17,2025_17_SEA_CAR,2025-12-28,00-0040124,Tetairoa McMillan,WR,CAR,SEA,1.5
2025,17,2025_17_SEA_CAR,2025-12-28,00-0039342,Xavier Legette,WR,CAR,SEA,1.3
2025,17,2025_17_SEA_CAR,2025-12-28,00-0038840,Brycen Tremayne,WR,CAR,SEA,0.0
2025,17,2025_17_SEA_CAR,2025-12-28,00-0036414,Cam Akers,RB,SEA,CAR,0.0
2025,17,2025_17_SEA_CAR,2025-12-28,00-0037093,Dareke Young,WR,SEA,CAR,0.0
2025,17,2025_17_SEA_CAR,2025-12-28,00-0033576,Eric Saubert,TE,SEA,CAR,0.0
2025,17,2025_17_SEA_CAR,2025-12-28,00-0038752,Jake Bobo,WR,SEA,CAR,0.0
2025,17,2025_17_SEA_CAR,2025-12-28,00-0040644,Trevor Etienne,RB,CAR,SEA,0.0
2025,17,2025_17_TB_MIA,2025-12-28,00-0033921,Chris Godwin Jr.,WR,TB,MIA,23.8
2025,17,2025_17_TB_MIA,2025-12-28,00-0039855,Jalen McMillan,WR,TB,MIA,18.4
2025,17,2025_17_TB_MIA,2025-12-28,00-0034855,Baker Mayfield,QB,TB,MIA,17.44
2025,17,2025_17_TB_MIA,2025-12-28,00-0037252,Greg Dulcich,TE,MIA,TB,16.1
2025,17,2025_17_TB_MIA,2025-12-28,00-0040234,Quinn Ewers,QB,MIA,TB,15.78
2025,17,2025_17_TB_MIA,2025-12-28,00-0039040,De'Von Achane,RB,MIA,TB,14.200000000000001
2025,17,2025_17_TB_MIA,2025-12-28,00-0040311,Theo Wease Jr.,WR,MIA,TB,13.3
2025,17,2025_17_TB_MIA,2025-12-28,00-0031408,Mike Evans,WR,TB,MIA,12.1
2025,17,2025_17_TB_MIA,2025-12-28,00-0039361,Bucky Irving,RB,TB,MIA,8.3
2025,17,2025_17_TB_MIA,2025-12-28,00-0038129,Cade Otton,TE,TB,MIA,7.300000000000001
2025,17,2025_17_TB_MIA,2025-12-28,00-0039874,Jaylen Wright,RB,MIA,TB,5.6000000000000005
2025,17,2025_17_TB_MIA,2025-12-28,00-0040129,Emeka Egbuka,WR,TB,MIA,5.0
2025,17,2025_17_TB_MIA,2025-12-28,00-0040237,Tez Johnson,WR,TB,MIA,3.9000000000000004
2025,17,2025_17_TB_MIA,2025-12-28,00-0037256,Rachaad White,RB,TB,MIA,3.7
2025,17,2025_17_TB_MIA,2025-12-28,00-0038720,Julian Hill,TE,MIA,TB,2.6
2025,17,2025_17_TB_MIA,2025-12-28,00-0034418,Cedrick Wilson Jr.,WR,MIA,TB,1.8
2025,17,2025_17_TB_MIA,2025-12-28,00-0039880,Malik Washington,WR,MIA,TB,1.5
2025,17,2025_17_TB_MIA,2025-12-28,00-0031610,Darren Waller,TE,MIA,TB,1.0
2025,17,2025_17_TB_MIA,2025-12-28,00-0038951,Sean Tucker,RB,TB,MIA,0.8
2025,17,2025_17_TB_MIA,2025-12-28,00-0036613,Jaylen Waddle,WR,MIA,TB,0.7000000000000001
2025,17,2025_17_TB_MIA,2025-12-28,00-0039589,Kameron Johnson,WR,TB,MIA,0.0
2025,17,2025_17_TB_MIA,2025-12-28,00-0040198,Ollie Gordon II,RB,MIA,TB,0.0
2025,18,2025_18_ARI_LA,2026-01-04,00-0026498,Matthew Stafford,QB,LA,ARI,26.66
2025,18,2025_18_ARI_LA,2026-01-04,00-0039075,Puka Nacua,WR,LA,ARI,26.0
2025,18,2025_18_ARI_LA,2026-01-04,00-0038559,Michael Wilson,WR,ARI,LA,20.9
2025,18,2025_18_ARI_LA,2026-01-04,00-0033110,Tyler Higbee,TE,LA,ARI,20.1
2025,18,2025_18_ARI_LA,2026-01-04,00-0036244,Colby Parkinson,TE,LA,ARI,19.6
2025,18,2025_18_ARI_LA,2026-01-04,00-0033119,Jacoby Brissett,QB,ARI,LA,15.619999999999997
2025,18,2025_18_ARI_LA,2026-01-04,00-0037744,Trey McBride,TE,ARI,LA,13.5
2025,18,2025_18_ARI_LA,2026-01-04,00-0037840,Kyren Williams,RB,LA,ARI,11.1
2025,18,2025_18_ARI_LA,2026-01-04,00-0036332,Josiah Deguara,TE,ARI,LA,9.5
2025,18,2025_18_ARI_LA,2026-01-04,00-0039738,Blake Corum,RB,LA,ARI,7.9
2025,18,2025_18_ARI_LA,2026-01-04,00-0036924,Michael Carter,RB,ARI,LA,6.9
2025,18,2025_18_ARI_LA,2026-01-04,00-0038705,Emari Demercado,RB,ARI,LA,6.7
2025,18,2025_18_ARI_LA,2026-01-04,00-0039041,Elijah Higgins,TE,ARI,LA,5.800000000000001
2025,18,2025_18_ARI_LA,2026-01-04,00-0040556,Corey Kiner,RB,ARI,LA,4.800000000000001
2025,18,2025_18_ARI_LA,2026-01-04,00-0036849,Tutu Atwell,WR,LA,ARI,2.9000000000000004
2025,18,2025_18_ARI_LA,2026-01-04,00-0038359,Xavier Smith,WR,LA,ARI,1.6
2025,18,2025_18_ARI_LA,2026-01-04,00-0039074,Davis Allen,TE,LA,ARI,0.0
2025,18,2025_18_ARI_LA,2026-01-04,00-0038640,Jalen Brooks,WR,ARI,LA,0.0
2025,18,2025_18_ARI_LA,2026-01-04,00-0039751,Jordan Whittington,WR,LA,ARI,0.0
2025,18,2025_18_ARI_LA,2026-01-04,00-0040590,Konata Mumpfield,WR,LA,ARI,0.0
2025,18,2025_18_ARI_LA,2026-01-04,00-0033439,Pharaoh Brown,TE,ARI,LA,0.0
2025,18,2025_18_ARI_LA,2026-01-04,00-0037557,Ronnie Rivers,RB,LA,ARI,0.0
2025,18,2025_18_ARI_LA,2026-01-04,00-0034928,Steven Sims,WR,ARI,LA,0.0
2025,18,2025_18_ARI_LA,2026-01-04,00-0031345,Jimmy Garoppolo,QB,LA,ARI,-0.30000000000000004
2025,18,2025_18_BAL_PIT,2026-01-04,00-0039064,Zay Flowers,WR,BAL,PIT,29.8
2025,18,2025_18_BAL_PIT,2026-01-04,00-0036919,Kenny Gainwell,RB,PIT,BAL,21.4
2025,18,2025_18_BAL_PIT,2026-01-04,00-0034796,Lamar Jackson,QB,BAL,PIT,20.419999999999998
2025,18,2025_18_BAL_PIT,2026-01-04,00-0023459,Aaron Rodgers,QB,PIT,BAL,17.759999999999998
2025,18,2025_18_BAL_PIT,2026-01-04,00-0037228,Jaylen Warren,RB,PIT,BAL,14.9
2025,18,2025_18_BAL_PIT,2026-01-04,00-0037837,Calvin Austin III,WR,PIT,BAL,14.5
2025,18,2025_18_BAL_PIT,2026-01-04,00-0032764,Derrick Henry,RB,BAL,PIT,12.600000000000001
2025,18,2025_18_BAL_PIT,2026-01-04,00-0039792,Devontez Walker,WR,BAL,PIT,12.600000000000001
2025,18,2025_18_BAL_PIT,2026-01-04,00-0034272,Marquez Valdes-Scantling,WR,PIT,BAL,8.4
2025,18,2025_18_BAL_PIT,2026-01-04,00-0036894,Pat Freiermuth,TE,PIT,BAL,8.100000000000001
2025,18,2025_18_BAL_PIT,2026-01-04,00-0030035,Adam Thielen,WR,PIT,BAL,7.3
2025,18,2025_18_BAL_PIT,2026-01-04,00-0037838,Isaiah Likely,TE,BAL,PIT,5.2
2025,18,2025_18_BAL_PIT,2026-01-04,00-0034753,Mark Andrews,TE,BAL,PIT,3.4000000000000004
2025,18,2025_18_BAL_PIT,2026-01-04,00-0035298,Scott Miller,WR,PIT,BAL,2.9
2025,18,2025_18_BAL_PIT,2026-01-04,00-0033376,Patrick Ricard,RB,BAL,PIT,1.8
2025,18,2025_18_BAL_PIT,2026-01-04,00-0033858,Jonnu Smith,TE,PIT,BAL,1.4
2025,18,2025_18_BAL_PIT,2026-01-04,00-0038454,Keaton Mitchell,RB,BAL,PIT,0.2
2025,18,2025_18_BAL_PIT,2026-01-04,00-0036862,Ben Skowronek,WR,PIT,BAL,0.0
2025,18,2025_18_BAL_PIT,2026-01-04,00-0030564,DeAndre Hopkins,WR,BAL,PIT,0.0
2025,18,2025_18_BAL_PIT,2026-01-04,00-0040075,LaJohntay Wester,WR,BAL,PIT,0.0
2025,18,2025_18_BAL_PIT,2026-01-04,00-0039796,Rasheen Ali,RB,BAL,PIT,0.0
2025,18,2025_18_CAR_TB,2026-01-03,00-0038129,Cade Otton,TE,TB,CAR,22.4
2025,18,2025_18_CAR_TB,2026-01-03,00-0039491,Jalen Coker,WR,CAR,TB,16.7
2025,18,2025_18_CAR_TB,2026-01-03,00-0039150,Bryce Young,QB,CAR,TB,16.54
2025,18,2025_18_CAR_TB,2026-01-03,00-0034855,Baker Mayfield,QB,TB,CAR,13.22
2025,18,2025_18_CAR_TB,2026-01-03,00-0037005,Tommy Tremble,TE,CAR,TB,12.8
2025,18,2025_18_CAR_TB,2026-01-03,00-0040124,Tetairoa McMillan,WR,CAR,TB,12.5
2025,18,2025_18_CAR_TB,2026-01-03,00-0039361,Bucky Irving,RB,TB,CAR,10.8
2025,18,2025_18_CAR_TB,2026-01-03,00-0037256,Rachaad White,RB,TB,CAR,6.1000000000000005
2025,18,2025_18_CAR_TB,2026-01-03,00-0031408,Mike Evans,WR,TB,CAR,5.4
2025,18,2025_18_CAR_TB,2026-01-03,00-0039342,Xavier Legette,WR,CAR,TB,5.2
2025,18,2025_18_CAR_TB,2026-01-03,00-0038840,Brycen Tremayne,WR,CAR,TB,4.7
2025,18,2025_18_CAR_TB,2026-01-03,00-0036555,Chuba Hubbard,RB,CAR,TB,3.7
2025,18,2025_18_CAR_TB,2026-01-03,00-0040237,Tez Johnson,WR,TB,CAR,3.2
2025,18,2025_18_CAR_TB,2026-01-03,00-0036139,Rico Dowdle,RB,CAR,TB,3.0
2025,18,2025_18_CAR_TB,2026-01-03,00-0040218,Jimmy Horn Jr.,WR,CAR,TB,2.5
2025,18,2025_18_CAR_TB,2026-01-03,00-0039855,Jalen McMillan,WR,TB,CAR,2.1
2025,18,2025_18_CAR_TB,2026-01-03,00-0033921,Chris Godwin Jr.,WR,TB,CAR,1.8
2025,18,2025_18_CAR_TB,2026-01-03,00-0040129,Emeka Egbuka,WR,TB,CAR,1.8
2025,18,2025_18_CAR_TB,2026-01-03,00-0040187,Mitchell Evans,TE,CAR,TB,1.5
2025,18,2025_18_CAR_TB,2026-01-03,00-0039589,Kameron Johnson,WR,TB,CAR,0.0
2025,18,2025_18_CAR_TB,2026-01-03,00-0039050,Payne Durham,TE,TB,CAR,0.0
2025,18,2025_18_CAR_TB,2026-01-03,00-0040644,Trevor Etienne,RB,CAR,TB,0.0
2025,18,2025_18_CAR_TB,2026-01-03,00-0038951,Sean Tucker,RB,TB,CAR,-0.4
2025,18,2025_18_CLE_CIN,2026-01-04,00-0036900,Ja'Marr Chase,WR,CIN,CLE,23.6
2025,18,2025_18_CLE_CIN,2026-01-04,00-0036442,Joe Burrow,QB,CIN,CLE,21.139999999999997
2025,18,2025_18_CLE_CIN,2026-01-04,00-0038597,Chase Brown,RB,CIN,CLE,19.0
2025,18,2025_18_CLE_CIN,2026-01-04,00-0036410,Tee Higgins,WR,CIN,CLE,18.7
2025,18,2025_18_CLE_CIN,2026-01-04,00-0033526,Samaje Perine,RB,CIN,CLE,8.2
2025,18,2025_18_CLE_CIN,2026-01-04,00-0040162,Dylan Sampson,RB,CLE,CIN,6.4
2025,18,2025_18_CLE_CIN,2026-01-04,00-0039920,Malachi Corley,WR,CLE,CIN,5.800000000000001
2025,18,2025_18_CLE_CIN,2026-01-04,00-0040668,Shedeur Sanders,QB,CLE,CIN,5.040000000000001
2025,18,2025_18_CLE_CIN,2026-01-04,00-0035631,Drew Sample,TE,CIN,CLE,4.7
2025,18,2025_18_CLE_CIN,2026-01-04,00-0040466,Raheim Sanders,RB,CLE,CIN,4.300000000000001
2025,18,2025_18_CLE_CIN,2026-01-04,00-0036407,Jerry Jeudy,WR,CLE,CIN,4.2
2025,18,2025_18_CLE_CIN,2026-01-04,00-0038979,Cedric Tillman,WR,CLE,CIN,3.3000000000000003
2025,18,2025_18_CLE_CIN,2026-01-04,00-0034829,Mike Gesicki,TE,CIN,CLE,3.3
2025,18,2025_18_CLE_CIN,2026-01-04,00-0038619,Andrei Iosivas,WR,CIN,CLE,3.0
2025,18,2025_18_CLE_CIN,2026-01-04,00-0035291,Trayveon Williams,RB,CLE,CIN,3.0
2025,18,2025_18_CLE_CIN,2026-01-04,00-0040782,Isaiah Bond,WR,CLE,CIN,2.7
2025,18,2025_18_CLE_CIN,2026-01-04,00-0039458,Brenden Bates,TE,CLE,CIN,1.6
2025,18,2025_18_CLE_CIN,2026-01-04,00-0040534,Ke'Shawn Williams,WR,CIN,CLE,0.9
2025,18,2025_18_CLE_CIN,2026-01-04,00-0026158,Joe Flacco,QB,CIN,CLE,0.2
2025,18,2025_18_CLE_CIN,2026-01-04,00-0038710,Blake Whiteheart,TE,CLE,CIN,0.0
2025,18,2025_18_CLE_CIN,2026-01-04,00-0040259,Gage Larvadain,WR,CLE,CIN,0.0
2025,18,2025_18_CLE_CIN,2026-01-04,00-0037015,Sal Cannella,TE,CLE,CIN,0.0
2025,18,2025_18_CLE_CIN,2026-01-04,00-0035644,Noah Fant,TE,CIN,CLE,-0.5
2025,18,2025_18_DAL_NYG,2026-01-04,00-0039384,Tyrone Tracy Jr.,RB,NYG,DAL,27.9
2025,18,2025_18_DAL_NYG,2026-01-04,00-0040691,Jaxson Dart,QB,NYG,DAL,20.400000000000002
2025,18,2025_18_DAL_NYG,2026-01-04,00-0035645,Gunner Olszewski,WR,NYG,DAL,18.200000000000003
2025,18,2025_18_DAL_NYG,2026-01-04,00-0040586,Jaydon Blue,RB,DAL,NYG,12.4
2025,18,2025_18_DAL_NYG,2026-01-04,00-0038115,Daniel Bellinger,TE,NYG,DAL,11.8
2025,18,2025_18_DAL_NYG,2026-01-04,00-0039410,Ryan Flournoy,WR,DAL,NYG,11.8
2025,18,2025_18_DAL_NYG,2026-01-04,00-0040021,Phil Mafah,RB,DAL,NYG,10.9
2025,18,2025_18_DAL_NYG,2026-01-04,00-0035250,Devin Singletary,RB,NYG,DAL,10.6
2025,18,2025_18_DAL_NYG,2026-01-04,00-0035535,Darius Slayton,WR,NYG,DAL,9.4
2025,18,2025_18_DAL_NYG,2026-01-04,00-0039398,Joe Milton III,QB,DAL,NYG,5.22
2025,18,2025_18_DAL_NYG,2026-01-04,00-0039530,Brevyn Spann-Ford,TE,DAL,NYG,5.0
2025,18,2025_18_DAL_NYG,2026-01-04,00-0038738,Hunter Luepke,RB,DAL,NYG,2.6
2025,18,2025_18_DAL_NYG,2026-01-04,00-0038547,Luke Schoonmaker,TE,DAL,NYG,2.2
2025,18,2025_18_DAL_NYG,2026-01-04,00-0037247,George Pickens,WR,DAL,NYG,1.9
2025,18,2025_18_DAL_NYG,2026-01-04,00-0038041,Jake Ferguson,TE,DAL,NYG,1.5
2025,18,2025_18_DAL_NYG,2026-01-04,00-0036358,CeeDee Lamb,WR,DAL,NYG,1.4
2025,18,2025_18_DAL_NYG,2026-01-04,00-0033077,Dak Prescott,QB,DAL,NYG,0.7000000000000002
2025,18,2025_18_DAL_NYG,2026-01-04,00-0037801,KaVontae Turpin,WR,DAL,NYG,0.7000000000000001
2025,18,2025_18_DAL_NYG,2026-01-04,00-0031484,Chris Manhertz,TE,NYG,DAL,0.0
2025,18,2025_18_DAL_NYG,2026-01-04,00-0040431,Dalen Cambre,WR,NYG,DAL,0.0
2025,18,2025_18_DAL_NYG,2026-01-04,00-0036165,Isaiah Hodgins,WR,NYG,DAL,0.0
2025,18,2025_18_DAL_NYG,2026-01-04,00-0037666,Jalen Tolbert,WR,DAL,NYG,0.0
2025,18,2025_18_DAL_NYG,2026-01-04,00-0039062,Jonathan Mingo,WR,DAL,NYG,0.0
2025,18,2025_18_DET_CHI,2026-01-04,00-0040126,Colston Loveland,TE,CHI,DET,25.1
2025,18,2025_18_DET_CHI,2026-01-04,00-0036963,Amon-Ra St. Brown,WR,DET,CHI,24.9
2025,18,2025_18_DET_CHI,2026-01-04,00-0039139,Jahmyr Gibbs,RB,DET,CHI,20.3
2025,18,2025_18_DET_CHI,2026-01-04,00-0039918,Caleb Williams,QB,CHI,DET,16.58
2025,18,2025_18_DET_CHI,2026-01-04,00-0033106,Jared Goff,QB,DET,CHI,15.240000000000002
2025,18,2025_18_DET_CHI,2026-01-04,00-0037240,Jameson Williams,WR,DET,CHI,13.4
2025,18,2025_18_DET_CHI,2026-01-04,00-0040277,Jahdae Walker,WR,CHI,DET,11.6
2025,18,2025_18_DET_CHI,2026-01-04,00-0032464,Kalif Raymond,WR,DET,CHI,8.2
2025,18,2025_18_DET_CHI,2026-01-04,00-0040735,Luther Burden III,WR,CHI,DET,7.5
2025,18,2025_18_DET_CHI,2026-01-04,00-0035685,David Montgomery,RB,DET,CHI,6.5
2025,18,2025_18_DET_CHI,2026-01-04,00-0040236,Kyle Monangai,RB,CHI,DET,5.9
2025,18,2025_18_DET_CHI,2026-01-04,00-0036275,D'Andre Swift,RB,CHI,DET,5.800000000000001
2025,18,2025_18_DET_CHI,2026-01-04,00-0036290,Cole Kmet,TE,CHI,DET,5.6
2025,18,2025_18_DET_CHI,2026-01-04,00-0040669,Isaac TeSlaa,WR,DET,CHI,2.8
2025,18,2025_18_DET_CHI,2026-01-04,00-0033455,Anthony Firkser,TE,DET,CHI,2.2
2025,18,2025_18_DET_CHI,2026-01-04,00-0034827,DJ Moore,WR,CHI,DET,2.1
2025,18,2025_18_DET_CHI,2026-01-04,00-0036331,Devin Duvernay,WR,CHI,DET,0.0
2025,18,2025_18_DET_CHI,2026-01-04,00-0034798,Durham Smythe,TE,CHI,DET,0.0
2025,18,2025_18_DET_CHI,2026-01-04,00-0037031,Nikola Kalinic,TE,CHI,DET,0.0
2025,18,2025_18_DET_CHI,2026-01-04,00-0039364,Sione Vaki,RB,DET,CHI,0.0
2025,18,2025_18_DET_CHI,2026-01-04,00-0035544,Tom Kennedy,WR,DET,CHI,0.0
2025,18,2025_18_DET_CHI,2026-01-04,00-0035594,Travis Homer,RB,CHI,DET,0.0
2025,18,2025_18_GB_MIN,2026-01-04,00-0036322,Justin Jefferson,WR,MIN,GB,18.4
2025,18,2025_18_GB_MIN,2026-01-04,00-0037525,Jordan Mason,RB,MIN,GB,9.4
2025,18,2025_18_GB_MIN,2026-01-04,00-0039923,J.J. McCarthy,QB,MIN,GB,7.98
2025,18,2025_18_GB_MIN,2026-01-04,00-0037291,Jalen Nailor,WR,MIN,GB,7.9
2025,18,2025_18_GB_MIN,2026-01-04,00-0037276,Ty Chandler,RB,MIN,GB,6.4
2025,18,2025_18_GB_MIN,2026-01-04,00-0038685,Chris Brooks,RB,GB,MIN,6.1000000000000005
2025,18,2025_18_GB_MIN,2026-01-04,00-0038797,Emanuel Wilson,RB,GB,MIN,5.800000000000001
2025,18,2025_18_GB_MIN,2026-01-04,00-0035249,Josh Oliver,TE,MIN,GB,4.9
2025,18,2025_18_GB_MIN,2026-01-04,00-0038582,Clayton Tune,QB,GB,MIN,3.66
2025,18,2025_18_GB_MIN,2026-01-04,00-0040388,Jakobie Keeney-James,WR,GB,MIN,3.5
2025,18,2025_18_GB_MIN,2026-01-04,00-0038809,Ben Sims,TE,MIN,GB,2.8
2025,18,2025_18_GB_MIN,2026-01-04,00-0038440,Zavier Scott,RB,MIN,GB,2.7
2025,18,2025_18_GB_MIN,2026-01-04,00-0040509,Ben Yurosek,TE,MIN,GB,1.9
2025,18,2025_18_GB_MIN,2026-01-04,00-0038994,Jordan Addison,WR,MIN,GB,1.8
2025,18,2025_18_GB_MIN,2026-01-04,00-0040667,Matthew Golden,WR,GB,MIN,1.8
2025,18,2025_18_GB_MIN,2026-01-04,00-0038589,Josh Whyle,TE,GB,MIN,1.4
2025,18,2025_18_GB_MIN,2026-01-04,00-0040628,Drake Dabney,TE,GB,MIN,1.3
2025,18,2025_18_GB_MIN,2026-01-04,00-0040494,Max Brosmer,QB,MIN,GB,0.28000000000000025
2025,18,2025_18_GB_MIN,2026-01-04,00-0037091,Bo Melton,WR,GB,MIN,0.0
2025,18,2025_18_GB_MIN,2026-01-04,00-0039710,Jeshaun Jones,WR,MIN,GB,0.0
2025,18,2025_18_GB_MIN,2026-01-04,00-0040154,Tai Felton,WR,MIN,GB,0.0
2025,18,2025_18_IND_HOU,2026-01-04,00-0037664,Alec Pierce,WR,IND,HOU,29.200000000000003
2025,18,2025_18_IND_HOU,2026-01-04,00-0040206,Riley Leonard,QB,IND,HOU,22.6
2025,18,2025_18_IND_HOU,2026-01-04,00-0039163,C.J. Stroud,QB,HOU,IND,17.259999999999998
2025,18,2025_18_IND_HOU,2026-01-04,00-0038618,Xavier Hutchinson,WR,HOU,IND,13.4
2025,18,2025_18_IND_HOU,2026-01-04,00-0034383,Dalton Schultz,TE,HOU,IND,11.3
2025,18,2025_18_IND_HOU,2026-01-04,00-0040130,Jayden Higgins,WR,HOU,IND,10.3
2025,18,2025_18_IND_HOU,2026-01-04,00-0038997,Josh Downs,WR,IND,HOU,9.600000000000001
2025,18,2025_18_IND_HOU,2026-01-04,00-0040128,Tyler Warren,TE,IND,HOU,7.6
2025,18,2025_18_IND_HOU,2026-01-04,00-0040583,Woody Marks,RB,HOU,IND,6.800000000000001
2025,18,2025_18_IND_HOU,2026-01-04,00-0039603,British Brooks,RB,HOU,IND,6.300000000000001
2025,18,2025_18_IND_HOU,2026-01-04,00-0036223,Jonathan Taylor,RB,IND,HOU,5.9
2025,18,2025_18_IND_HOU,2026-01-04,00-0033217,Mo Alie-Cox,TE,IND,HOU,5.2
2025,18,2025_18_IND_HOU,2026-01-04,00-0032104,Ameer Abdullah,RB,IND,HOU,4.5
2025,18,2025_18_IND_HOU,2026-01-04,00-0036252,Michael Pittman,WR,IND,HOU,3.1
2025,18,2025_18_IND_HOU,2026-01-04,00-0040179,DJ Giddens,RB,IND,HOU,3.0
2025,18,2025_18_IND_HOU,2026-01-04,00-0036898,Davis Mills,QB,HOU,IND,2.64
2025,18,2025_18_IND_HOU,2026-01-04,00-0040138,Jaylin Noel,WR,HOU,IND,2.3
2025,18,2025_18_IND_HOU,2026-01-04,00-0039359,Cade Stover,TE,HOU,IND,1.9
2025,18,2025_18_IND_HOU,2026-01-04,00-0033854,Dare Ogunbowale,RB,HOU,IND,1.9
2025,18,2025_18_IND_HOU,2026-01-04,00-0034775,Christian Kirk,WR,HOU,IND,0.7
2025,18,2025_18_IND_HOU,2026-01-04,00-0039405,Jawhar Jordan,RB,HOU,IND,0.30000000000000004
2025,18,2025_18_IND_HOU,2026-01-04,00-0037120,Tyler Goodson,RB,IND,HOU,0.30000000000000004
2025,18,2025_18_IND_HOU,2026-01-04,00-0035021,Ashton Dulin,WR,IND,HOU,0.0
2025,18,2025_18_IND_HOU,2026-01-04,00-0034386,Justin Watson,WR,HOU,IND,0.0
2025,18,2025_18_KC_LV,2026-01-04,00-0040122,Ashton Jeanty,RB,LV,KC,12.4
2025,18,2025_18_KC_LV,2026-01-04,00-0035662,Marquise Brown,WR,KC,LV,9.4
2025,18,2025_18_KC_LV,2026-01-04,00-0040078,Brashard Smith,RB,KC,LV,7.800000000000001
2025,18,2025_18_KC_LV,2026-01-04,00-0039066,Michael Mayer,TE,LV,KC,7.7
2025,18,2025_18_KC_LV,2026-01-04,00-0033923,Kareem Hunt,RB,KC,LV,6.5
2025,18,2025_18_KC_LV,2026-01-04,00-0036637,Noah Gray,TE,KC,LV,6.0
2025,18,2025_18_KC_LV,2026-01-04,00-0038563,Tre Tucker,WR,LV,KC,5.4
2025,18,2025_18_KC_LV,2026-01-04,00-0038579,Aidan O'Connell,QB,LV,KC,4.78
2025,18,2025_18_KC_LV,2026-01-04,00-0030506,Travis Kelce,TE,KC,LV,4.2
2025,18,2025_18_KC_LV,2026-01-04,00-0036679,Shane Buechele,QB,KC,LV,3.92
2025,18,2025_18_KC_LV,2026-01-04,00-0033857,JuJu Smith-Schuster,WR,KC,LV,3.3
2025,18,2025_18_KC_LV,2026-01-04,00-0038891,Shedrick Jackson,WR,LV,KC,2.4000000000000004
2025,18,2025_18_KC_LV,2026-01-04,00-0040646,Jalen Royals,WR,KC,LV,2.4
2025,18,2025_18_KC_LV,2026-01-04,00-0038040,Zamir White,RB,LV,KC,2.0
2025,18,2025_18_KC_LV,2026-01-04,00-0032211,Tyler Lockett,WR,LV,KC,1.5
2025,18,2025_18_KC_LV,2026-01-04,00-0037258,Dameon Pierce,RB,KC,LV,1.0
2025,18,2025_18_KC_LV,2026-01-04,00-0035602,Alex Bachman,WR,LV,KC,0.0
2025,18,2025_18_KC_LV,2026-01-04,00-0040581,Dont'e Thornton Jr.,WR,LV,KC,0.0
2025,18,2025_18_KC_LV,2026-01-04,00-0039407,Dylan Laube,RB,LV,KC,0.0
2025,18,2025_18_KC_LV,2026-01-04,00-0040729,Jack Bech,WR,LV,KC,0.0
2025,18,2025_18_KC_LV,2026-01-04,00-0039824,Jared Wiley,TE,KC,LV,0.0
2025,18,2025_18_KC_LV,2026-01-04,00-0038102,Kenny Pickett,QB,LV,KC,-0.9799999999999999
2025,18,2025_18_KC_LV,2026-01-04,00-0037324,Chris Oladokun,QB,KC,LV,-1.6800000000000002
2025,18,2025_18_LAC_DEN,2026-01-04,00-0030279,Keenan Allen,WR,LAC,DEN,10.6
2025,18,2025_18_LAC_DEN,2026-01-04,00-0039732,Bo Nix,QB,DEN,LAC,10.54
2025,18,2025_18_LAC_DEN,2026-01-04,00-0037012,Trey Lance,QB,LAC,DEN,8.34
2025,18,2025_18_LAC_DEN,2026-01-04,00-0033881,Evan Engram,TE,DEN,LAC,7.5
2025,18,2025_18_LAC_DEN,2026-01-04,00-0040134,Pat Bryant,WR,DEN,LAC,7.1
2025,18,2025_18_LAC_DEN,2026-01-04,00-0038794,Jaleel McLaughlin,RB,DEN,LAC,6.800000000000001
2025,18,2025_18_LAC_DEN,2026-01-04,00-0036755,Jaret Patterson,RB,LAC,DEN,6.7
2025,18,2025_18_LAC_DEN,2026-01-04,00-0040727,Tre Harris,WR,LAC,DEN,4.800000000000001
2025,18,2025_18_LAC_DEN,2026-01-04,00-0037085,Tyler Badie,RB,DEN,LAC,4.6
2025,18,2025_18_LAC_DEN,2026-01-04,00-0040184,KeAndre Lambert-Smith,WR,LAC,DEN,4.4
2025,18,2025_18_LAC_DEN,2026-01-04,00-0040189,Oronde Gadsden II,TE,LAC,DEN,4.300000000000001
2025,18,2025_18_LAC_DEN,2026-01-04,00-0040730,RJ Harvey,RB,DEN,LAC,4.300000000000001
2025,18,2025_18_LAC_DEN,2026-01-04,00-0038976,Marvin Mims Jr.,WR,DEN,LAC,3.0
2025,18,2025_18_LAC_DEN,2026-01-04,00-0039391,Kimani Vidal,RB,LAC,DEN,2.0
2025,18,2025_18_LAC_DEN,2026-01-04,00-0038573,Derius Davis,WR,LAC,DEN,1.7000000000000002
2025,18,2025_18_LAC_DEN,2026-01-04,00-0034270,Tyler Conklin,TE,LAC,DEN,1.6
2025,18,2025_18_LAC_DEN,2026-01-04,00-0034159,Will Dissly,TE,LAC,DEN,1.6
2025,18,2025_18_LAC_DEN,2026-01-04,00-0034348,Courtland Sutton,WR,DEN,LAC,1.5
2025,18,2025_18_LAC_DEN,2026-01-04,00-0037617,Hassan Haskins,RB,LAC,DEN,0.30000000000000004
2025,18,2025_18_LAC_DEN,2026-01-04,00-0039868,Troy Franklin,WR,DEN,LAC,0.0
2025,18,2025_18_MIA_NE,2026-01-04,00-0036875,Rhamondre Stevenson,RB,NE,MIA,35.3
2025,18,2025_18_MIA_NE,2026-01-04,00-0040734,TreVeyon Henderson,RB,NE,MIA,17.3
2025,18,2025_18_MIA_NE,2026-01-04,00-0039851,Drake Maye,QB,NE,MIA,15.740000000000002
2025,18,2025_18_MIA_NE,2026-01-04,00-0039880,Malik Washington,WR,MIA,NE,11.8
2025,18,2025_18_MIA_NE,2026-01-04,00-0033090,Hunter Henry,TE,NE,MIA,10.600000000000001
2025,18,2025_18_MIA_NE,2026-01-04,00-0040234,Quinn Ewers,QB,MIA,NE,8.38
2025,18,2025_18_MIA_NE,2026-01-04,00-0040311,Theo Wease Jr.,WR,MIA,NE,7.4
2025,18,2025_18_MIA_NE,2026-01-04,00-0031588,Stefon Diggs,WR,NE,MIA,7.3
2025,18,2025_18_MIA_NE,2026-01-04,00-0037252,Greg Dulcich,TE,MIA,NE,6.1
2025,18,2025_18_MIA_NE,2026-01-04,00-0038621,DeMario Douglas,WR,NE,MIA,4.9
2025,18,2025_18_MIA_NE,2026-01-04,00-0039884,Tahj Washington,WR,MIA,NE,4.6
2025,18,2025_18_MIA_NE,2026-01-04,00-0040563,Efton Chism III,WR,NE,MIA,4.5
2025,18,2025_18_MIA_NE,2026-01-04,00-0038608,Kayshon Boutte,WR,NE,MIA,4.4
2025,18,2025_18_MIA_NE,2026-01-04,00-0039874,Jaylen Wright,RB,MIA,NE,4.0
2025,18,2025_18_MIA_NE,2026-01-04,00-0040198,Ollie Gordon II,RB,MIA,NE,2.1
2025,18,2025_18_MIA_NE,2026-01-04,00-0038720,Julian Hill,TE,MIA,NE,1.8
2025,18,2025_18_MIA_NE,2026-01-04,00-0032392,Austin Hooper,TE,NE,MIA,1.5
2025,18,2025_18_MIA_NE,2026-01-04,00-0035628,D'Ernest Johnson,RB,NE,MIA,1.3
2025,18,2025_18_MIA_NE,2026-01-04,00-0039305,Jack Westover,TE,NE,MIA,1.0
2025,18,2025_18_MIA_NE,2026-01-04,00-0033949,Joshua Dobbs,QB,NE,MIA,0.92
2025,18,2025_18_MIA_NE,2026-01-04,00-0040131,Kyle Williams,WR,NE,MIA,0.5
2025,18,2025_18_MIA_NE,2026-01-04,00-0034418,Cedrick Wilson Jr.,WR,MIA,NE,0.0
2025,18,2025_18_MIA_NE,2026-01-04,00-0036182,Nick Westbrook-Ikhine,WR,MIA,NE,0.0
2025,18,2025_18_MIA_NE,2026-01-04,00-0037013,Zach Wilson,QB,MIA,NE,0.0
2025,18,2025_18_NO_ATL,2026-01-04,00-0040743,Tyler Shough,QB,NO,ATL,21.759999999999998
2025,18,2025_18_NO_ATL,2026-01-04,00-0037238,Drake London,WR,ATL,NO,17.8
2025,18,2025_18_NO_ATL,2026-01-04,00-0039373,Audric Estimé,RB,NO,ATL,15.600000000000001
2025,18,2025_18_NO_ATL,2026-01-04,00-0036970,Kyle Pitts,TE,ATL,NO,11.8
2025,18,2025_18_NO_ATL,2026-01-04,00-0034860,Dante Pettis,WR,NO,ATL,11.0
2025,18,2025_18_NO_ATL,2026-01-04,00-0038647,Ronnie Bell,WR,NO,ATL,10.3
2025,18,2025_18_NO_ATL,2026-01-04,00-0029604,Kirk Cousins,QB,ATL,NO,9.2
2025,18,2025_18_NO_ATL,2026-01-04,00-0037231,Kevin Austin Jr.,WR,NO,ATL,7.7
2025,18,2025_18_NO_ATL,2026-01-04,00-0038542,Bijan Robinson,RB,ATL,NO,7.3
2025,18,2025_18_NO_ATL,2026-01-04,00-0036040,Juwan Johnson,TE,NO,ATL,7.1000000000000005
2025,18,2025_18_NO_ATL,2026-01-04,00-0033357,Taysom Hill,TE,NO,ATL,6.2
2025,18,2025_18_NO_ATL,2026-01-04,00-0036309,Darnell Mooney,WR,ATL,NO,5.0
2025,18,2025_18_NO_ATL,2026-01-04,00-0037263,Tyler Allgeier,RB,ATL,NO,2.9000000000000004
2025,18,2025_18_NO_ATL,2026-01-04,00-0035359,David Sills,WR,ATL,NO,2.1
2025,18,2025_18_NO_ATL,2026-01-04,00-0037098,Samori Toure,WR,NO,ATL,1.3
2025,18,2025_18_NO_ATL,2026-01-04,00-0038397,Evan Hull,RB,NO,ATL,1.1
2025,18,2025_18_NO_ATL,2026-01-04,00-0037487,Deven Thompkins,WR,ATL,NO,0.0
2025,18,2025_18_NO_ATL,2026-01-04,00-0038953,Dylan Drummond,WR,ATL,NO,0.0
2025,18,2025_18_NO_ATL,2026-01-04,00-0036825,Feleipe Franks,TE,ATL,NO,0.0
2025,18,2025_18_NO_ATL,2026-01-04,00-0034367,Nyheim Hines,RB,NO,ATL,0.0
2025,18,2025_18_NYJ_BUF,2026-01-04,00-0033869,Mitchell Trubisky,QB,BUF,NYJ,28.86
2025,18,2025_18_NYJ_BUF,2026-01-04,00-0039875,Ray Davis,RB,BUF,NYJ,25.400000000000002
2025,18,2025_18_NYJ_BUF,2026-01-04,00-0035537,Ty Johnson,RB,BUF,NYJ,19.6
2025,18,2025_18_NYJ_BUF,2026-01-04,00-0036196,Gabe Davis,WR,BUF,NYJ,15.100000000000001
2025,18,2025_18_NYJ_BUF,2026-01-04,00-0035689,Dawson Knox,TE,BUF,NYJ,10.4
2025,18,2025_18_NYJ_BUF,2026-01-04,00-0040398,Brady Cook,QB,NYJ,BUF,9.100000000000001
2025,18,2025_18_NYJ_BUF,2026-01-04,00-0039901,Keon Coleman,WR,BUF,NYJ,8.9
2025,18,2025_18_NYJ_BUF,2026-01-04,00-0038933,Dalton Kincaid,TE,BUF,NYJ,7.800000000000001
2025,18,2025_18_NYJ_BUF,2026-01-04,00-0039451,Isaiah Williams,WR,NYJ,BUF,7.4
2025,18,2025_18_NYJ_BUF,2026-01-04,00-0040363,Keleki Latu,TE,BUF,NYJ,6.1
2025,18,2025_18_NYJ_BUF,2026-01-04,00-0036906,Khalil Herbert,RB,NYJ,BUF,5.6000000000000005
2025,18,2025_18_NYJ_BUF,2026-01-04,00-0037614,John Metchie III,WR,NYJ,BUF,5.0
2025,18,2025_18_NYJ_BUF,2026-01-04,00-0040406,Quentin Skinner,WR,NYJ,BUF,4.0
2025,18,2025_18_NYJ_BUF,2026-01-04,00-0036187,Reggie Gilliam,RB,BUF,NYJ,3.6
2025,18,2025_18_NYJ_BUF,2026-01-04,00-0036842,Kene Nwangwu,RB,NYJ,BUF,1.8
2025,18,2025_18_NYJ_BUF,2026-01-04,00-0037248,James Cook,RB,BUF,NYJ,1.5
2025,18,2025_18_NYJ_BUF,2026-01-04,00-0036988,Josh Palmer,WR,BUF,NYJ,1.1
2025,18,2025_18_NYJ_BUF,2026-01-04,00-0040194,Jackson Hawes,TE,BUF,NYJ,1.0
2025,18,2025_18_NYJ_BUF,2026-01-04,00-0040582,Arian Smith,WR,NYJ,BUF,0.2
2025,18,2025_18_NYJ_BUF,2026-01-04,00-0039890,Adonai Mitchell,WR,NYJ,BUF,0.0
2025,18,2025_18_SEA_SF,2026-01-03,00-0039165,Zach Charbonnet,RB,SEA,SF,18.700000000000003
2025,18,2025_18_SEA_SF,2026-01-03,00-0038134,Kenneth Walker III,RB,SEA,SF,17.3
2025,18,2025_18_SEA_SF,2026-01-03,00-0038543,Jaxon Smith-Njigba,WR,SEA,SF,14.4
2025,18,2025_18_SEA_SF,2026-01-03,00-0033280,Christian McCaffrey,RB,SF,SEA,11.7
2025,18,2025_18_SEA_SF,2026-01-03,00-0034869,Sam Darnold,QB,SEA,SF,8.82
2025,18,2025_18_SEA_SF,2026-01-03,00-0033288,George Kittle,TE,SF,SEA,7.9
2025,18,2025_18_SEA_SF,2026-01-03,00-0036259,Jauan Jennings,WR,SF,SEA,7.5
2025,18,2025_18_SEA_SF,2026-01-03,00-0032775,Demarcus Robinson,WR,SF,SEA,5.4
2025,18,2025_18_SEA_SF,2026-01-03,00-0037834,Brock Purdy,QB,SF,SEA,5.18
2025,18,2025_18_SEA_SF,2026-01-03,00-0033908,Cooper Kupp,WR,SEA,SF,4.9
2025,18,2025_18_SEA_SF,2026-01-03,00-0039793,AJ Barner,TE,SEA,SF,3.4000000000000004
2025,18,2025_18_SEA_SF,2026-01-03,00-0033576,Eric Saubert,TE,SEA,SF,3.0
2025,18,2025_18_SEA_SF,2026-01-03,00-0037545,Rashid Shaheed,WR,SEA,SF,1.2
2025,18,2025_18_SEA_SF,2026-01-03,00-0037746,Brian Robinson,RB,SF,SEA,0.9
2025,18,2025_18_SEA_SF,2026-01-03,00-0036414,Cam Akers,RB,SEA,SF,0.0
2025,18,2025_18_SEA_SF,2026-01-03,00-0033307,Kendrick Bourne,WR,SF,SEA,0.0
2025,18,2025_18_SEA_SF,2026-01-03,00-0038090,Skyy Moore,WR,SF,SEA,0.0
2025,18,2025_18_TEN_JAX,2026-01-04,00-0036971,Trevor Lawrence,QB,JAX,TEN,23.300000000000004
2025,18,2025_18_TEN_JAX,2026-01-04,00-0038606,Parker Washington,WR,JAX,TEN,19.700000000000003
2025,18,2025_18_TEN_JAX,2026-01-04,00-0038935,Brenton Strange,TE,JAX,TEN,17.2
2025,18,2025_18_TEN_JAX,2026-01-04,00-0039032,Tyjae Spears,RB,TEN,JAX,9.7
2025,18,2025_18_TEN_JAX,2026-01-04,00-0035261,Tony Pollard,RB,TEN,JAX,9.5
2025,18,2025_18_TEN_JAX,2026-01-04,00-0034960,Jakobi Meyers,WR,JAX,TEN,9.4
2025,18,2025_18_TEN_JAX,2026-01-04,00-0040676,Cam Ward,QB,TEN,JAX,9.18
2025,18,2025_18_TEN_JAX,2026-01-04,00-0040719,Bhayshul Tuten,RB,JAX,TEN,8.3
2025,18,2025_18_TEN_JAX,2026-01-04,00-0040170,Elic Ayomanor,WR,TEN,JAX,8.0
2025,18,2025_18_TEN_JAX,2026-01-04,00-0039893,Brian Thomas Jr.,WR,JAX,TEN,7.9
2025,18,2025_18_TEN_JAX,2026-01-04,00-0036590,Quintin Morris,TE,JAX,TEN,7.5
2025,18,2025_18_TEN_JAX,2026-01-04,00-0040705,Chimere Dike,WR,TEN,JAX,5.7
2025,18,2025_18_TEN_JAX,2026-01-04,00-0036973,Travis Etienne,RB,JAX,TEN,4.800000000000001
2025,18,2025_18_TEN_JAX,2026-01-04,00-0033246,Johnny Mundt,TE,JAX,TEN,2.6
2025,18,2025_18_TEN_JAX,2026-01-04,00-0039648,David Martin-Robinson,TE,TEN,JAX,2.4000000000000004
2025,18,2025_18_TEN_JAX,2026-01-04,00-0037809,Chig Okonkwo,TE,TEN,JAX,2.2
2025,18,2025_18_TEN_JAX,2026-01-04,00-0036626,Dyami Brown,WR,JAX,TEN,1.8
2025,18,2025_18_TEN_JAX,2026-01-04,00-0036133,James Proche,WR,TEN,JAX,1.5
2025,18,2025_18_TEN_JAX,2026-01-04,00-0033375,Tim Patrick,WR,JAX,TEN,1.4
2025,18,2025_18_TEN_JAX,2026-01-04,00-0032434,Brandon Allen,QB,TEN,JAX,0.8799999999999999
2025,18,2025_18_TEN_JAX,2026-01-04,00-0033319,Nick Mullens,QB,JAX,TEN,0.44
2025,18,2025_18_TEN_JAX,2026-01-04,00-0036425,DeeJay Dallas,RB,JAX,TEN,0.0
2025,18,2025_18_TEN_JAX,2026-01-04,00-0037594,Julius Chestnut,RB,TEN,JAX,0.0
2025,18,2025_18_TEN_JAX,2026-01-04,00-0036176,Mason Kinsey,WR,TEN,JAX,0.0
2025,18,2025_18_WAS_PHI,2026-01-04,00-0038555,Tank Bigsby,RB,PHI,WAS,17.6
2025,18,2025_18_WAS_PHI,2026-01-04,00-0026300,Josh Johnson,QB,WAS,PHI,15.740000000000002
2025,18,2025_18_WAS_PHI,2026-01-04,00-0038611,Chris Rodriguez Jr.,RB,WAS,PHI,15.3
2025,18,2025_18_WAS_PHI,2026-01-04,00-0038400,Tanner McKee,QB,PHI,WAS,11.940000000000001
2025,18,2025_18_WAS_PHI,2026-01-04,00-0037086,Grant Calcaterra,TE,PHI,WAS,10.1
2025,18,2025_18_WAS_PHI,2026-01-04,00-0035659,Terry McLaurin,WR,WAS,PHI,9.7
2025,18,2025_18_WAS_PHI,2026-01-04,00-0036628,John Bates,TE,WAS,PHI,9.3
2025,18,2025_18_WAS_PHI,2026-01-04,00-0036912,DeVonta Smith,WR,PHI,WAS,8.2
2025,18,2025_18_WAS_PHI,2026-01-04,00-0037741,Jahan Dotson,WR,PHI,WAS,7.0
2025,18,2025_18_WAS_PHI,2026-01-04,00-0036876,Kylen Granson,TE,PHI,WAS,7.0
2025,18,2025_18_WAS_PHI,2026-01-04,00-0040024,Darius Cooper,WR,PHI,WAS,6.300000000000001
2025,18,2025_18_WAS_PHI,2026-01-04,00-0035719,Deebo Samuel Sr.,WR,WAS,PHI,4.1
2025,18,2025_18_WAS_PHI,2026-01-04,00-0037132,Britain Covey,WR,PHI,WAS,4.0
2025,18,2025_18_WAS_PHI,2026-01-04,00-0039746,Will Shipley,RB,PHI,WAS,3.3
2025,18,2025_18_WAS_PHI,2026-01-04,00-0037742,Treylon Burks,WR,WAS,PHI,3.2
2025,18,2025_18_WAS_PHI,2026-01-04,00-0040242,Jacory Croskey-Merritt,RB,WAS,PHI,2.9000000000000004
2025,18,2025_18_WAS_PHI,2026-01-04,00-0039912,Ben Sinnott,TE,WAS,PHI,2.3
2025,18,2025_18_WAS_PHI,2026-01-04,00-0033955,Jeremy McNichols,RB,WAS,PHI,2.1
2025,18,2025_18_WAS_PHI,2026-01-04,00-0036265,AJ Dillon,RB,PHI,WAS,1.3
2025,18,2025_18_WAS_PHI,2026-01-04,00-0038564,Cameron Latu,TE,PHI,WAS,0.0
2025,18,2025_18_WAS_PHI,2026-01-04,00-0034054,River Cracraft,WR,WAS,PHI,0.0
