season,week,game_id,game_date,player_id,player_display_name,position,team,opponent,game_location,roof,surface,is_home,team_rest,opponent_rest,source_spread_line,total_line,div_game,prior_games_count,prior_games_current_season,days_since_previous_game,is_first_observed_game,is_first_observed_game_of_season,has_previous_game,has_3_prior_games,has_5_prior_games,team_changed_since_previous_game,fantasy_points_ppr_prev_game,fantasy_points_ppr_avg_last_3_games,fantasy_points_ppr_avg_last_5_games,fantasy_points_ppr_stddev_last_5_games,fantasy_points_ppr_min_last_5_games,fantasy_points_ppr_max_last_5_games,fantasy_points_ppr_season_to_date,fantasy_points_ppr_stddev_season_to_date,attempts_prev_game,attempts_avg_last_3_games,attempts_avg_last_5_games,attempts_season_to_date,carries_prev_game,carries_avg_last_3_games,carries_avg_last_5_games,carries_season_to_date,targets_prev_game,targets_avg_last_3_games,targets_avg_last_5_games,targets_season_to_date,receptions_prev_game,receptions_avg_last_3_games,receptions_avg_last_5_games,touches_prev_game,touches_avg_last_3_games,touches_avg_last_5_games,opportunities_prev_game,opportunities_avg_last_3_games,opportunities_avg_last_5_games,opportunities_season_to_date,passing_yards_prev_game,passing_yards_avg_last_3_games,rushing_yards_prev_game,rushing_yards_avg_last_3_games,receiving_yards_prev_game,receiving_yards_avg_last_3_games,yards_from_scrimmage_prev_game,yards_from_scrimmage_avg_last_3_games,total_offensive_tds_prev_game,total_offensive_tds_avg_last_3_games,target_share_prev_game,target_share_avg_last_3_games,target_share_avg_last_5_games,target_share_season_to_date,air_yards_share_prev_game,air_yards_share_avg_last_3_games,air_yards_share_avg_last_5_games,wopr_prev_game,wopr_avg_last_3_games,wopr_avg_last_5_games,has_previous_snap_record,snap_records_last_3_games,snap_records_last_5_games,offense_snaps_prev_game,offense_snaps_avg_last_3_games,offense_snaps_avg_last_5_games,offense_pct_prev_game,offense_pct_avg_last_3_games,offense_pct_avg_last_5_games,completion_pct_avg_last_3_games,passing_yards_per_attempt_avg_last_3_games,rushing_yards_per_carry_avg_last_3_games,receiving_yards_per_target_avg_last_3_games,receiving_yards_per_reception_avg_last_3_games,fantasy_points_per_opportunity_avg_last_3_games,total_yards_per_opportunity_avg_last_3_games,opponent_prior_position_games,opponent_prior_position_games_current_season,has_opponent_history,opp_ppr_allowed_prev_game,opp_ppr_allowed_avg_last_3_games,opp_ppr_allowed_avg_last_5_games,opp_ppr_allowed_season_to_date,opp_opportunities_allowed_prev_game,opp_opportunities_allowed_avg_last_3_games,opp_opportunities_allowed_season_to_date,opp_passing_yards_allowed_season_to_date,opp_rushing_yards_allowed_season_to_date,opp_receiving_yards_allowed_season_to_date,opp_offensive_tds_allowed_season_to_date
2025,18,2025_18_BAL_PIT,2026-01-04,00-0023459,Aaron Rodgers,QB,PIT,BAL,HOME,outdoors,grass,1,7,8,-4.5,41.5,1,114,15,7.0,0,0,1,1,1,0,7.32,13.273333333333333,12.792,7.6199291335287365,2.6799999999999997,21.46,13.954666666666666,6.379818477787891,39.0,35.6667,32.4,30.0667,1.0,1.0,1.2,1.3333,0.0,0.0,0.2,0.0667,0.0,0.0,0.2,1.0,1.0,1.4,40.0,36.6667,33.6,31.4,168.0,219.3333,6.0,5.0,0.0,0.0,6.0,5.0,0.0,1.0,0.0,0.0,0.006060606060606061,0.00202020202020202,0.0,0.0,-0.008490566037735849,0.0,0.0,0.0031475128644939975,1,3,5,66.0,68.66666666666667,58.8,1.0,1.0,0.968,0.6635514018691588,6.149532710280374,5.0,,,0.362,6.118181818181818,132,16,1,29.839999999999996,19.68,19.948,17.70375,35,43.333333333333336,41.0625,256.8125,18.0,-0.5625,1.6875
2025,18,2025_18_CLE_CIN,2026-01-04,00-0026158,Joe Flacco,QB,CIN,CLE,HOME,outdoors,fieldturf,1,7,7,9.5,47.5,1,53,12,7.0,0,0,1,1,1,0,1.16,3.646666666666667,10.299999999999997,12.279812702154702,0.16,30.699999999999996,12.205,10.46704308336843,5.0,14.3333,26.0,34.6667,4.0,1.6667,1.4,1.6667,0.0,0.0,0.0,0.0,0.0,0.0,0.0,4.0,1.6667,1.4,9.0,16.0,27.4,36.3333,24.0,70.3333,2.0,1.6667,0.0,0.0,2.0,1.6667,0.0,0.3333,0.0,0.0,0.0,0.0,0.0,0.0,0.0,0.0,0.0,0.0,1,3,5,13.0,27.666666666666668,43.4,0.17,0.4166666666666667,0.65,0.5348837209302325,4.906976744186046,1.0,,,0.22791666666666668,4.5,132,16,1,7.32,11.066666666666668,12.319999999999999,12.811250000000001,40,32.333333333333336,31.8125,184.5,11.8125,0.0,1.375
2025,18,2025_18_WAS_PHI,2026-01-04,00-0026300,Josh Johnson,QB,WAS,PHI,AWAY,outdoors,grass,0,10,7,3.0,38.5,1,15,2,10.0,0,0,1,1,1,0,8.92,3.0933333333333333,1.876,3.953084871337827,-0.28,8.92,4.32,6.505382386916237,23.0,11.3333,6.8,16.0,2.0,1.0,1.4,1.5,0.0,0.0,0.0,0.0,0.0,0.0,0.0,2.0,1.0,1.4,25.0,12.3333,8.2,17.5,198.0,85.6667,10.0,3.3333,0.0,0.0,10.0,3.3333,0.0,0.0,0.0,0.0,0.0,0.0,0.0,0.0,0.0,0.0,0.0,0.0,1,3,5,43.0,25.333333333333332,18.4,0.98,0.52,0.368,0.6176470588235294,7.5588235294117645,3.3333333333333335,,,0.2508108108108108,7.216216216216216,131,16,1,23.18,9.286666666666667,9.896,14.45625,42,31.333333333333332,37.125,209.0625,22.1875,0.0,1.1875
2025,18,2025_18_ARI_LA,2026-01-04,00-0026498,Matthew Stafford,QB,LA,ARI,HOME,dome,matrixturf,1,6,7,14.5,49.5,1,113,16,6.0,0,0,1,1,1,0,12.759999999999998,21.52,19.883999999999997,7.941868797707503,11.62,30.880000000000003,20.2325,7.026232276263006,38.0,41.6667,36.8,34.8125,0.0,1.0,0.8,1.75,0.0,0.0,0.0,0.0,0.0,0.0,0.0,0.0,1.0,0.8,38.0,42.6667,37.6,36.5625,269.0,364.6667,0.0,2.6667,0.0,0.0,0.0,2.6667,2.0,2.3333,0.0,0.0,0.0,0.0,0.0,0.0,0.0,0.0,0.0,0.0,1,3,5,65.0,76.33333333333333,67.8,1.0,1.0,0.966,0.6,8.752,2.6666666666666665,,,0.504375,8.609375,132,16,1,21.560000000000002,20.846666666666668,19.968,16.36625,43,39.333333333333336,37.5625,241.8125,10.6875,0.0,1.8125
2025,18,2025_18_NO_ATL,2026-01-04,00-0029604,Kirk Cousins,QB,ATL,NO,HOME,closed,fieldturf,1,6,7,4.5,43.5,1,111,9,6.0,0,0,1,1,1,0,9.139999999999999,17.88,13.896,9.170991222327062,2.4800000000000004,26.92,10.482222222222223,8.504818895452416,20.0,33.0,32.4,26.3333,1.0,2.0,1.2,1.2222,0.0,0.0,0.0,0.0,0.0,0.0,0.0,1.0,2.0,1.2,21.0,35.0,33.6,27.5556,126.0,232.0,1.0,-0.6667,0.0,0.0,1.0,-0.6667,1.0,2.3333,0.0,0.0,0.0,0.0,0.0,0.0,0.0,0.0,0.0,0.0,1,3,5,53.0,67.0,66.8,1.0,1.0,1.0,0.6464646464646465,7.03030303030303,-0.3333333333333333,,,0.5108571428571429,6.609523809523809,131,16,1,17.04,12.06,10.388,14.302499999999998,42,36.333333333333336,33.0625,197.25,17.875,0.0,1.5625
2025,18,2025_18_ARI_LA,2026-01-04,00-0031345,Jimmy Garoppolo,QB,LA,ARI,HOME,dome,matrixturf,1,6,7,14.5,49.5,1,61,2,28.0,0,0,1,1,1,0,-0.4,6.386666666666667,4.680000000000001,8.705389135472348,-0.4,19.86,-0.35000000000000003,0.07071067811865474,0.0,13.6667,12.6,0.0,3.0,2.6667,2.0,3.0,0.0,0.0,0.0,0.0,0.0,0.0,0.0,3.0,2.6667,2.0,3.0,16.3333,14.6,3.0,0.0,111.3333,-4.0,-0.6667,0.0,0.0,-4.0,-0.6667,0.0,0.6667,0.0,0.0,0.0,0.0,0.0,0.0,0.0,0.0,0.0,0.0,1,3,5,12.0,27.0,26.0,0.17,0.4033333333333333,0.45199999999999996,0.6585365853658537,8.146341463414634,-0.25,,,0.39102040816326533,6.775510204081633,132,16,1,21.560000000000002,20.846666666666668,19.968,16.36625,43,39.333333333333336,37.5625,241.8125,10.6875,0.0,1.8125
2025,18,2025_18_TEN_JAX,2026-01-04,00-0032434,Brandon Allen,QB,TEN,JAX,AWAY,outdoors,grass,0,7,7,12.5,46.5,1,17,0,392.0,0,1,1,1,1,1,-2.0,2.1200000000000006,3.3760000000000003,5.340194753002928,-2.0,9.740000000000002,,,1.0,10.0,12.4,,0.0,1.0,1.4,,0.0,0.0,0.0,,0.0,0.0,0.0,0.0,1.0,1.4,1.0,11.0,13.8,,0.0,66.3333,0.0,1.3333,0.0,0.0,0.0,1.3333,0.0,0.3333,0.0,0.0,0.0,,0.0,0.0,0.0,0.0,0.0,0.0,1,3,5,4.0,18.0,24.8,0.07,0.36000000000000004,0.45999999999999996,0.5666666666666667,6.633333333333334,1.3333333333333333,,,0.19272727272727277,6.151515151515151,132,16,1,5.779999999999999,9.966666666666667,9.468,16.2225,32,40.666666666666664,41.3125,238.0625,17.0,0.0,1.8125
2025,18,2025_18_DAL_NYG,2026-01-04,00-0033077,Dak Prescott,QB,DAL,NYG,AWAY,outdoors,fieldturf,0,10,7,-3.0,50.5,1,106,16,10.0,0,0,1,1,1,0,22.68,17.933333333333334,18.568,4.033301377283875,11.959999999999999,22.68,19.5675,7.12786784389273,37.0,35.0,38.2,36.8125,4.0,2.3333,2.6,3.1875,0.0,0.0,0.0,0.0,0.0,0.0,0.0,4.0,2.3333,2.6,41.0,37.3333,40.8,40.0,307.0,281.6667,24.0,13.3333,0.0,0.0,24.0,13.3333,2.0,1.3333,0.0,0.0,0.0,0.0,0.0,0.0,0.0,0.0,0.0,0.0,1,3,5,92.0,71.66666666666667,73.8,1.0,0.9700000000000001,0.982,0.6,8.047619047619047,5.714285714285714,,,0.4803571428571428,7.901785714285714,132,16,1,7.7799999999999985,10.873333333333333,14.051999999999998,19.021250000000002,31,29.333333333333332,38.0,234.125,23.4375,0.0,1.875
2025,18,2025_18_DET_CHI,2026-01-04,00-0033106,Jared Goff,QB,DET,CHI,AWAY,outdoors,grass,0,10,7,3.5,51.5,1,128,16,10.0,0,0,1,1,1,0,2.0799999999999983,18.02,18.172,9.896662063544456,2.0799999999999983,26.46,17.613750000000003,7.741733548329686,29.0,41.3333,36.8,33.5,3.0,1.3333,1.4,1.1875,0.0,0.0,0.0,0.0,0.0,0.0,0.0,3.0,1.3333,1.4,32.0,42.6667,38.2,34.6875,197.0,299.6667,2.0,0.3333,0.0,0.0,2.0,0.3333,1.0,2.3333,0.0,0.0,0.0,0.0,0.0,0.0,0.0,0.0,0.0,0.0,1,3,5,64.0,67.33333333333333,65.4,1.0,1.0,1.0,0.6209677419354839,7.25,0.25,,,0.42234375,7.03125,132,16,1,36.92,19.14,18.596,18.315,39,37.333333333333336,34.6875,233.5,24.75,0.0,2.25
2025,18,2025_18_ARI_LA,2026-01-04,00-0033119,Jacoby Brissett,QB,ARI,LA,AWAY,dome,matrixturf,0,7,6,14.5,49.5,1,76,13,7.0,0,0,1,1,1,0,16.48,15.886666666666668,17.268,4.013118488158554,10.620000000000001,20.560000000000002,16.293846153846154,7.878258625759819,37.0,36.0,38.4,34.9231,0.0,1.3333,2.2,2.6923,0.0,0.0,0.0,0.0,0.0,0.0,0.0,0.0,1.3333,2.2,37.0,37.3333,40.6,37.6154,212.0,221.3333,0.0,3.6667,0.0,0.0,0.0,3.6667,2.0,2.0,0.0,0.0,0.0,0.0,0.0,0.0,0.0,0.0,0.0,0.0,1,3,5,57.0,60.0,60.6,1.0,1.0,1.0,0.5925925925925926,6.148148148148148,2.75,,,0.4255357142857143,6.026785714285714,132,16,1,9.139999999999999,18.05333333333333,19.148,15.13625,21,33.0,37.9375,232.3125,14.6875,0.0,1.5625
2025,18,2025_18_TEN_JAX,2026-01-04,00-0033319,Nick Mullens,QB,JAX,TEN,HOME,outdoors,grass,1,7,7,12.5,46.5,1,36,3,21.0,0,0,1,1,1,0,-0.2,-0.16,-0.024000000000000004,0.3468140712254911,-0.30000000000000004,0.56,-0.16,0.163707055437449,0.0,0.3333,0.4,0.3333,3.0,3.0,2.2,3.0,0.0,0.0,0.0,0.0,0.0,0.0,0.0,3.0,3.0,2.2,3.0,3.3333,2.6,3.3333,0.0,1.0,-2.0,-2.0,0.0,0.0,-2.0,-2.0,0.0,0.0,0.0,0.0,0.0,0.0,0.0,0.0,0.0,0.0,0.0,0.0,1,3,5,8.0,5.666666666666667,4.2,0.13,0.09000000000000001,0.066,1.0,3.0,-0.6666666666666666,,,-0.048,-0.3,132,16,1,21.92,18.220000000000002,21.896000000000004,18.75625,31,31.666666666666668,34.9375,246.875,20.0625,0.0,1.875
2025,18,2025_18_NYJ_BUF,2026-01-04,00-0033869,Mitchell Trubisky,QB,BUF,NYJ,HOME,outdoors,a_turf,1,7,7,12.5,39.5,1,67,3,56.0,0,0,1,1,1,0,0.4,0.7533333333333333,3.6319999999999992,4.05187857666046,0.4,9.239999999999998,0.7533333333333333,0.3100537587795596,0.0,2.0,5.6,2.0,1.0,1.3333,2.0,1.3333,0.0,0.0,0.0,0.0,0.0,0.0,0.0,1.0,1.3333,2.0,1.0,3.3333,7.6,3.3333,0.0,18.0,4.0,0.3333,0.0,0.0,4.0,0.3333,0.0,0.0,0.0,0.0,0.0,0.0,0.0,0.0,0.0,0.0,0.0,0.0,1,3,5,3.0,8.0,16.4,0.04,0.11333333333333334,0.24,0.5,9.0,0.25,,,0.22599999999999998,5.5,131,16,1,33.540000000000006,31.58666666666667,23.400000000000002,19.3925,30,40.333333333333336,34.625,222.0,20.125,0.0,2.0625
2025,18,2025_18_MIA_NE,2026-01-04,00-0033949,Joshua Dobbs,QB,NE,MIA,HOME,outdoors,fieldturf,1,7,7,14.0,44.5,1,26,3,7.0,0,0,1,1,1,0,1.0999999999999999,0.39333333333333326,6.403999999999999,9.733831722399971,-0.2,22.74,0.39333333333333326,0.6573684912842517,4.0,2.0,10.6,2.0,2.0,2.3333,3.2,2.3333,0.0,0.0,0.0,0.0,0.0,0.0,0.0,2.0,2.3333,3.2,6.0,4.3333,13.8,4.3333,30.0,14.0,-1.0,-1.6667,0.0,0.0,-1.0,-1.6667,0.0,0.0,0.0,0.0,0.0,0.0,0.0,0.0,0.0,0.0,0.0,0.0,1,3,5,14.0,10.0,22.2,0.21,0.16,0.312,0.6666666666666666,7.0,-0.7142857142857143,,,0.09076923076923074,2.8461538461538463,132,16,1,17.44,21.173333333333332,16.328,18.2525,47,36.333333333333336,34.8125,231.625,19.875,0.0,2.0
2025,18,2025_18_BAL_PIT,2026-01-04,00-0034796,Lamar Jackson,QB,BAL,PIT,AWAY,outdoors,grass,0,8,7,-4.5,41.5,1,115,12,14.0,0,0,1,1,1,0,4.74,13.466666666666667,10.832,6.8445248191528965,4.74,21.06,16.203333333333333,9.408888769604404,10.0,19.0,22.4,23.6667,2.0,3.6667,4.8,5.25,0.0,0.0,0.0,0.0,0.0,0.0,0.0,2.0,3.6667,4.8,12.0,22.6667,27.2,28.9167,101.0,156.6667,7.0,25.3333,0.0,0.0,7.0,25.3333,0.0,1.3333,0.0,0.0,0.0,0.0,0.0,0.0,0.0,0.0,0.0,0.0,1,3,5,26.0,47.333333333333336,53.0,0.47,0.7833333333333332,0.8699999999999999,0.5964912280701754,8.24561403508772,6.909090909090909,,,0.5941176470588235,8.029411764705882,132,16,1,9.440000000000001,17.373333333333335,17.98,18.69125,27,37.0,41.0,262.4375,15.6875,0.0,2.0
2025,18,2025_18_CAR_TB,2026-01-03,00-0034855,Baker Mayfield,QB,TB,CAR,HOME,outdoors,grass,1,6,6,3.0,43.5,1,122,16,6.0,0,0,1,1,1,0,17.44,16.44,14.972,3.3305434991904854,11.079999999999998,19.18,16.168750000000003,6.4054100831510645,44.0,34.6667,32.4,32.5625,3.0,2.6667,4.0,3.1875,0.0,0.0,0.0,0.0,0.0,0.0,0.0,3.0,2.6667,4.0,47.0,37.3333,36.4,35.75,346.0,256.0,16.0,22.0,0.0,0.0,16.0,22.0,2.0,1.6667,0.0,0.0,0.0,0.0,0.0,0.0,0.0,0.0,0.0,0.0,1,3,5,67.0,66.66666666666667,67.0,1.0,1.0,1.0,0.6730769230769231,7.384615384615385,8.25,,,0.44035714285714295,7.446428571428571,131,16,1,6.079999999999998,12.286666666666667,11.16,13.85375,30,33.666666666666664,34.125,215.875,13.4375,0.0,1.375
2025,18,2025_18_SEA_SF,2026-01-03,00-0034869,Sam Darnold,QB,SEA,SF,AWAY,outdoors,grass,0,6,6,-2.5,47.5,1,99,16,6.0,0,0,1,1,1,0,6.079999999999998,12.306666666666667,12.459999999999999,8.288485989612338,3.12,22.26,14.162500000000001,8.128550096214372,27.0,32.3333,30.6,28.1875,3.0,3.3333,2.6,1.8125,0.0,0.0,0.0,0.0,0.0,0.0,0.0,3.0,3.3333,2.6,30.0,35.6667,33.2,30.0,147.0,229.3333,2.0,4.6667,0.0,0.0,2.0,4.6667,1.0,1.0,0.0,0.0,0.0,0.0,0.0,0.0,0.0,0.0,0.0,0.0,1,3,5,66.0,64.66666666666667,62.2,1.0,1.0,0.966,0.6391752577319587,7.092783505154639,1.4,,,0.34504672897196265,6.5607476635514015,132,16,1,23.000000000000004,18.36,14.780000000000001,17.62375,47,37.666666666666664,38.4375,244.5,13.4375,0.0,1.875
2025,18,2025_18_CLE_CIN,2026-01-04,00-0036442,Joe Burrow,QB,CIN,CLE,HOME,outdoors,fieldturf,1,7,7,9.5,47.5,1,76,7,7.0,0,0,1,1,1,0,20.400000000000002,18.286666666666665,19.492,8.67854365662811,5.5,28.96,16.18857142857143,9.072154151709556,31.0,34.0,36.8,31.4286,3.0,2.3333,2.0,1.7143,0.0,0.0,0.0,0.0,0.0,0.0,0.0,3.0,2.3333,2.0,34.0,36.3333,38.8,33.1429,305.0,279.6667,2.0,4.3333,0.0,0.0,2.0,4.3333,2.0,2.0,0.0,0.0,0.0,0.0,0.0,0.0,0.0,0.0,0.0,0.0,1,3,5,64.0,65.0,67.6,0.83,0.91,0.946,0.7254901960784313,8.22549019607843,1.8571428571428572,,,0.503302752293578,7.81651376146789,132,16,1,7.32,11.066666666666668,12.319999999999999,12.811250000000001,40,32.333333333333336,31.8125,184.5,11.8125,0.0,1.375
2025,18,2025_18_KC_LV,2026-01-04,00-0036679,Shane Buechele,QB,KC,LV,AWAY,dome,grass,0,10,7,-3.5,36.5,1,0,0,,1,1,0,0,0,0,,,,,,,,,,,,,,,,,,,,,,,,,,,,,,,,,,,,,,,,,,,,,,,,,,,0,0,0,,,,,,,,,,,,,,132,16,1,25.08,20.56,18.252,16.95125,39,34.666666666666664,36.0625,218.625,16.375,0.6875,1.8125
2025,18,2025_18_IND_HOU,2026-01-04,00-0036898,Davis Mills,QB,HOU,IND,HOME,closed,astroturf,1,8,7,9.5,37.5,1,42,5,45.0,0,0,1,1,1,0,14.520000000000001,19.52,13.191999999999998,10.175938285976384,1.2200000000000002,27.68,13.191999999999998,10.175938285976384,30.0,38.6667,30.0,30.0,2.0,2.3333,2.4,2.4,0.0,0.0,0.0,0.0,0.0,0.0,0.0,2.0,2.3333,2.4,32.0,41.0,32.4,32.4,153.0,239.6667,4.0,12.6667,0.0,0.0,4.0,12.6667,2.0,2.0,0.0,0.0,0.0,0.0,0.0,0.0,0.0,0.0,0.0,0.0,1,3,5,59.0,68.0,53.6,1.0,1.0,0.776,0.5948275862068966,6.198275862068965,5.428571428571429,,,0.4760975609756098,6.154471544715447,132,16,1,23.119999999999997,21.686666666666667,18.696000000000005,16.71125,45,41.333333333333336,40.8125,266.0625,11.9375,0.0,1.5625
2025,18,2025_18_TEN_JAX,2026-01-04,00-0036971,Trevor Lawrence,QB,JAX,TEN,HOME,outdoors,grass,1,7,7,12.5,46.5,1,76,16,7.0,0,0,1,1,1,0,23.119999999999997,32.86000000000001,27.919999999999998,10.177219659612348,19.36,44.300000000000004,19.68,9.028210601590255,37.0,35.0,32.4,33.125,8.0,6.3333,5.2,5.0,0.0,0.0,0.0,0.0,0.0,0.0,0.0,8.0,6.3333,5.2,45.0,41.3333,37.6,38.125,263.0,290.6667,26.0,32.3333,0.0,0.0,26.0,32.3333,2.0,4.0,0.0,0.0,0.0,0.0,0.0,0.0,0.0,0.0,0.0,0.0,1,3,5,69.0,64.33333333333333,62.2,1.0,0.9566666666666667,0.9460000000000001,0.6285714285714286,8.304761904761905,5.105263157894737,,,0.7950000000000002,7.814516129032258,132,16,1,21.92,18.220000000000002,21.896000000000004,18.75625,31,31.666666666666668,34.9375,246.875,20.0625,0.0,1.875
2025,18,2025_18_LAC_DEN,2026-01-04,00-0037012,Trey Lance,QB,LAC,DEN,AWAY,outdoors,grass,0,8,10,14.5,37.5,1,15,3,35.0,0,0,1,1,1,0,0.76,1.7333333333333334,3.54,5.0345009683185085,0.14,12.36,1.7333333333333334,1.058363516629959,1.0,4.3333,9.6,4.3333,4.0,2.6667,3.0,2.6667,0.0,0.0,0.0,0.0,0.0,0.0,0.0,4.0,2.6667,3.0,5.0,7.0,12.6,7.0,9.0,30.0,4.0,5.3333,0.0,0.0,4.0,5.3333,0.0,0.0,0.0,0.0,0.0,0.0,0.0,0.0,0.0,0.0,0.0,0.0,1,3,5,10.0,9.666666666666666,22.0,0.15,0.17,0.312,0.5384615384615384,6.923076923076923,2.0,,,0.24761904761904763,5.0476190476190474,131,16,1,7.74,17.613333333333333,18.723999999999997,14.5625,24,36.333333333333336,38.1875,216.875,15.125,0.0,1.3125
2025,18,2025_18_MIA_NE,2026-01-04,00-0037013,Zach Wilson,QB,MIA,NE,AWAY,outdoors,fieldturf,0,7,7,14.0,44.5,1,37,3,28.0,0,0,1,1,1,0,-0.2,0.46,3.932,8.607155163002464,-0.96,19.24,0.46,0.9750897394599125,0.0,3.0,11.2,3.0,2.0,1.0,1.2,1.0,0.0,0.0,0.0,0.0,0.0,0.0,0.0,2.0,1.0,1.2,2.0,4.0,12.4,4.0,0.0,10.6667,-2.0,0.3333,0.0,0.0,-2.0,0.3333,0.0,0.0,0.0,0.0,0.0,0.0,0.0,0.0,0.0,0.0,0.0,0.0,1,3,5,7.0,7.666666666666667,22.6,0.11,0.13333333333333333,0.356,0.6666666666666666,3.5555555555555554,0.3333333333333333,,,0.115,2.75,132,16,1,4.18,12.08,11.996,15.098750000000003,35,32.666666666666664,34.75,210.75,16.6875,0.0,1.5625
2025,18,2025_18_KC_LV,2026-01-04,00-0037324,Chris Oladokun,QB,KC,LV,AWAY,dome,grass,0,10,7,-3.5,36.5,1,3,2,10.0,0,0,1,1,0,0,7.74,4.46,4.46,3.6675877630944296,0.5,7.74,6.44,1.8384776310850233,22.0,12.6667,12.6667,19.0,2.0,1.6667,1.6667,2.0,0.0,0.0,0.0,0.0,0.0,0.0,0.0,2.0,1.6667,1.6667,24.0,14.3333,14.3333,21.0,66.0,59.0,11.0,7.6667,0.0,0.0,11.0,7.6667,1.0,0.3333,0.0,0.0,0.0,0.0,0.0,0.0,0.0,0.0,0.0,0.0,1,3,3,43.0,26.333333333333332,26.333333333333332,1.0,0.6133333333333333,0.6133333333333333,0.631578947368421,4.657894736842105,4.6,,,0.31116279069767444,4.651162790697675,132,16,1,25.08,20.56,18.252,16.95125,39,34.666666666666664,36.0625,218.625,16.375,0.6875,1.8125
2025,18,2025_18_SEA_SF,2026-01-03,00-0037834,Brock Purdy,QB,SF,SEA,HOME,outdoors,grass,1,6,6,-2.5,47.5,1,48,8,6.0,0,0,1,1,1,0,36.92,31.340000000000003,23.692,11.66682133230813,7.3199999999999985,36.92,21.525000000000002,9.337651892052031,33.0,32.3333,31.6,32.125,6.0,5.0,4.6,3.875,0.0,0.0,0.0,0.0,0.0,0.0,0.0,6.0,5.0,4.6,39.0,37.3333,36.2,36.0,303.0,297.6667,28.0,27.6667,0.0,0.0,28.0,27.6667,5.0,4.3333,0.0,0.0,0.0,0.0,0.0,0.0,0.0,0.0,0.0,0.0,1,3,5,72.0,69.66666666666667,68.4,1.0,0.9833333333333334,0.978,0.7422680412371134,9.206185567010309,5.533333333333333,,,0.8394642857142858,8.714285714285714,132,16,1,8.86,15.513333333333335,9.192,14.54875,33,37.333333333333336,39.3125,218.25,16.9375,0.0,1.4375
2025,18,2025_18_KC_LV,2026-01-04,00-0038102,Kenny Pickett,QB,LV,KC,HOME,dome,grass,1,7,10,-3.5,36.5,1,35,5,7.0,0,0,1,1,1,0,0.64,3.4600000000000004,1.7400000000000002,3.9240285421999674,-1.68,8.48,1.7400000000000002,3.9240285421999674,2.0,12.6667,8.2,8.2,0.0,1.0,0.8,0.8,0.0,0.0,0.0,0.0,0.0,0.0,0.0,0.0,1.0,0.8,2.0,13.6667,9.0,9.0,16.0,59.0,0.0,4.3333,0.0,0.0,0.0,4.3333,0.0,0.3333,0.0,0.0,0.0,0.0,0.0,0.0,0.0,0.0,0.0,0.0,1,3,5,6.0,20.333333333333332,13.6,0.1,0.45333333333333337,0.30600000000000005,0.6578947368421053,4.657894736842105,4.333333333333333,,,0.2531707317073171,4.634146341463414,132,16,1,19.48,15.966666666666669,16.224,15.78,47,36.666666666666664,35.25,211.375,19.5,0.0,1.5
2025,18,2025_18_WAS_PHI,2026-01-04,00-0038400,Tanner McKee,QB,PHI,WAS,HOME,outdoors,grass,1,7,10,3.0,38.5,1,5,3,15.0,0,0,1,1,1,0,-0.2,0.6066666666666667,6.128,8.248449551279318,-0.2,18.86,0.6066666666666667,1.3971876514388943,0.0,1.0,9.6,1.0,2.0,2.0,2.2,2.0,0.0,0.0,0.0,0.0,0.0,0.0,0.0,2.0,2.0,2.2,2.0,3.0,11.8,3.0,0.0,11.0,-2.0,1.6667,0.0,0.0,-2.0,1.6667,0.0,0.0,0.0,0.0,0.0,0.0,0.0,0.0,0.0,0.0,0.0,0.0,1,3,5,4.0,8.333333333333334,22.8,0.06,0.12666666666666668,0.34,1.0,11.0,0.8333333333333334,,,0.20222222222222222,4.222222222222222,132,16,1,22.68,21.340000000000003,20.176,20.03125,41,42.0,35.375,258.125,20.8125,0.0,2.0625
2025,18,2025_18_KC_LV,2026-01-04,00-0038579,Aidan O'Connell,QB,LV,KC,HOME,dome,grass,1,7,10,-3.5,36.5,1,20,0,364.0,0,1,1,1,1,0,15.860000000000003,14.973333333333334,14.256,5.149667950460495,6.76,19.6,,,34.0,35.6667,32.2,,4.0,4.6667,4.2,,0.0,0.0,0.0,,0.0,0.0,0.0,4.0,4.6667,4.2,38.0,40.3333,36.4,,214.0,237.6667,13.0,8.0,0.0,0.0,13.0,8.0,2.0,1.3333,0.0,0.0,0.0,,0.0,0.0,0.0,0.0,0.0,0.0,1,3,5,48.0,66.33333333333333,62.2,0.94,0.98,0.9199999999999999,0.6355140186915887,6.663551401869159,1.7142857142857142,,,0.3712396694214876,6.090909090909091,132,16,1,19.48,15.966666666666669,16.224,15.78,47,36.666666666666664,35.25,211.375,19.5,0.0,1.5
2025,18,2025_18_GB_MIN,2026-01-04,00-0038582,Clayton Tune,QB,GB,MIN,AWAY,dome,sportturf,0,8,10,12.5,37.5,1,12,1,8.0,0,0,1,1,1,0,-1.68,-0.41999999999999993,-0.23199999999999998,0.8203170118923537,-1.68,0.22,-1.68,,4.0,2.0,1.2,4.0,1.0,1.0,1.4,1.0,0.0,0.0,0.0,0.0,0.0,0.0,0.0,1.0,1.0,1.4,5.0,3.0,2.6,5.0,8.0,5.3333,0.0,0.3333,0.0,0.0,0.0,0.3333,0.0,0.0,0.0,0.0,0.0,0.0,0.0,0.0,0.0,0.0,0.0,0.0,1,3,5,8.0,6.666666666666667,6.0,0.17,0.11666666666666665,0.10400000000000001,0.5,2.6666666666666665,0.3333333333333333,,,-0.13999999999999999,1.8888888888888888,132,16,1,2.0799999999999983,4.686666666666666,3.5599999999999996,11.58625,32,28.666666666666668,30.625,186.6875,14.9375,0.0,1.0
2025,18,2025_18_CAR_TB,2026-01-03,00-0039150,Bryce Young,QB,CAR,TB,AWAY,outdoors,grass,0,6,6,3.0,43.5,1,45,15,6.0,0,0,1,1,1,0,8.86,13.973333333333334,14.544,6.04328387551007,8.26,22.540000000000003,13.433333333333334,7.9253865761205855,24.0,26.6667,25.8,29.5333,9.0,6.6667,5.8,3.4667,0.0,0.0,0.0,0.0,0.0,0.0,0.0,9.0,6.6667,5.8,33.0,33.3333,31.6,33.0,54.0,136.0,27.0,32.0,0.0,0.0,27.0,32.0,1.0,1.3333,0.0,0.0,0.0,0.0,0.0,0.0,0.0,0.0,0.0,0.0,1,3,5,53.0,54.666666666666664,54.8,1.0,1.0,1.0,0.625,5.1,4.8,,,0.4192,5.04,131,16,1,15.78,20.113333333333333,20.247999999999998,19.63375,26,35.333333333333336,37.8125,254.125,21.9375,-0.375,2.125
2025,18,2025_18_IND_HOU,2026-01-04,00-0039163,C.J. Stroud,QB,HOU,IND,HOME,closed,astroturf,1,8,7,9.5,37.5,1,45,13,8.0,0,0,1,1,1,0,13.759999999999998,16.21333333333333,14.060000000000002,5.505815107683874,9.040000000000001,23.4,14.713846153846154,6.750157453054383,28.0,30.6667,31.6,30.7692,4.0,4.6667,3.4,3.5385,0.0,0.0,0.0,0.0,0.0,0.0,0.0,4.0,4.6667,3.4,32.0,35.3333,35.0,34.3077,244.0,230.3333,0.0,3.3333,0.0,0.0,0.0,3.3333,2.0,2.0,0.0,0.0,0.0,0.0,0.0,0.0,0.0,0.0,0.0,0.0,1,3,5,65.0,65.66666666666667,68.6,1.0,1.0,1.0,0.6630434782608695,7.510869565217392,0.7142857142857143,,,0.45886792452830183,6.613207547169812,132,16,1,23.119999999999997,21.686666666666667,18.696000000000005,16.71125,45,41.333333333333336,40.8125,266.0625,11.9375,0.0,1.5625
2025,18,2025_18_DAL_NYG,2026-01-04,00-0039398,Joe Milton III,QB,DAL,NYG,AWAY,outdoors,fieldturf,0,10,7,-3.0,50.5,1,4,3,14.0,0,0,1,1,0,0,-0.8599999999999999,1.7000000000000004,6.085000000000001,9.360916977874908,-0.8599999999999999,19.240000000000002,1.7000000000000004,4.008840231288845,2.0,3.6667,10.0,3.6667,1.0,0.3333,2.75,0.3333,0.0,0.0,0.0,0.0,0.0,0.0,0.0,1.0,0.3333,2.75,3.0,4.0,12.75,4.0,11.0,36.6667,7.0,2.3333,0.0,0.0,7.0,2.3333,0.0,0.3333,0.0,0.0,0.0,0.0,0.0,0.0,0.0,0.0,0.0,0.0,1,3,4,5.0,8.0,21.25,0.09,0.11666666666666665,0.325,0.7272727272727273,10.0,7.0,,,0.4250000000000001,9.75,132,16,1,7.7799999999999985,10.873333333333333,14.051999999999998,19.021250000000002,31,29.333333333333332,38.0,234.125,23.4375,0.0,1.875
2025,18,2025_18_LAC_DEN,2026-01-04,00-0039732,Bo Nix,QB,DEN,LAC,HOME,outdoors,grass,1,10,8,14.5,37.5,1,33,16,10.0,0,0,1,1,1,0,19.48,21.246666666666666,19.232000000000003,5.7409511407083045,15.18,29.08,18.39375,8.417656740447427,38.0,39.6667,40.4,36.8125,9.0,6.6667,5.0,4.6875,0.0,0.0,0.0,0.0625,0.0,0.0,0.0,9.0,6.6667,5.0,47.0,46.3333,45.4,41.5,182.0,278.6667,42.0,21.0,0.0,0.0,42.0,21.0,2.0,2.3333,0.0,0.0,0.0,0.001736111111111111,0.0,0.0,0.0,0.0,0.0,0.0,1,3,5,72.0,68.66666666666667,70.0,1.0,1.0,1.0,0.6470588235294118,7.025210084033613,3.15,,,0.45856115107913664,6.467625899280575,132,16,1,13.759999999999998,14.666666666666666,11.68,12.70625,32,34.0,34.125,197.8125,16.6875,0.0,1.25
2025,18,2025_18_MIA_NE,2026-01-04,00-0039851,Drake Maye,QB,NE,MIA,HOME,outdoors,fieldturf,1,7,7,14.0,44.5,1,29,16,7.0,0,0,1,1,1,0,32.440000000000005,25.54666666666667,22.616000000000003,6.144678998938839,15.96,32.440000000000005,21.01375,5.405970618985395,21.0,29.3333,30.8,29.625,3.0,5.6667,5.6,6.125,0.0,0.0,0.0,0.0625,0.0,0.0,0.0,3.0,5.6667,5.6,24.0,35.0,36.4,35.75,256.0,263.6667,22.0,30.0,0.0,0.0,22.0,30.0,5.0,3.0,0.0,0.0,0.0,0.001388888888888889,0.0,0.0,0.0,0.0,0.0,0.0,1,3,5,52.0,59.333333333333336,62.8,0.79,0.93,0.958,0.7272727272727273,8.988636363636363,5.294117647058823,,,0.7299047619047621,8.39047619047619,132,16,1,17.44,21.173333333333332,16.328,18.2525,47,36.333333333333336,34.8125,231.625,19.875,0.0,2.0
2025,18,2025_18_DET_CHI,2026-01-04,00-0039918,Caleb Williams,QB,CHI,DET,HOME,outdoors,grass,1,7,10,3.5,51.5,1,33,16,7.0,0,0,1,1,1,0,23.000000000000004,20.993333333333336,17.476,5.38244182504558,9.46,23.000000000000004,18.88125,8.483151831719152,42.0,34.6667,35.0,33.4375,5.0,3.6667,4.0,4.75,0.0,0.0,0.0,0.125,0.0,0.0,0.0,5.0,3.6667,4.0,47.0,38.3333,39.0,38.1875,330.0,274.0,18.0,20.3333,0.0,0.0,18.0,20.3333,2.0,2.0,0.0,0.0,0.0,0.003676470588235294,0.0,0.0,0.0,0.0,0.0,0.0,1,3,5,66.0,65.33333333333333,70.6,1.0,1.0,1.0,0.5865384615384616,7.903846153846154,5.545454545454546,,,0.5476521739130435,7.678260869565217,132,16,1,3.64,13.366666666666667,16.86,18.33,18,33.333333333333336,37.25,236.375,16.0625,2.0625,2.0
2025,18,2025_18_GB_MIN,2026-01-04,00-0039923,J.J. McCarthy,QB,MIN,GB,HOME,dome,sportturf,1,10,8,12.5,37.5,1,9,9,14.0,0,0,1,1,1,0,8.32,17.413333333333334,11.744,9.81161964203668,0.48,23.5,13.044444444444444,8.800475997227522,14.0,20.3333,22.4,24.4444,2.0,4.0,2.8,3.8889,0.0,0.0,0.0,0.0,0.0,0.0,0.0,2.0,4.0,2.8,16.0,24.3333,25.2,28.3333,108.0,173.6667,20.0,18.0,0.0,0.0,20.0,18.0,1.0,2.3333,0.0,0.0,0.0,0.0,0.0,0.0,0.0,0.0,0.0,0.0,1,3,5,32.0,50.333333333333336,50.0,0.52,0.84,0.9039999999999999,0.6557377049180327,8.540983606557377,4.5,,,0.7156164383561644,7.876712328767123,132,16,1,14.280000000000001,21.453333333333333,19.988,15.43625,28,35.333333333333336,35.4375,204.8125,14.9375,0.0,1.625
2025,18,2025_18_IND_HOU,2026-01-04,00-0040206,Riley Leonard,QB,IND,HOU,AWAY,closed,astroturf,0,7,8,9.5,37.5,1,4,4,7.0,0,0,1,1,0,0,-2.0,2.766666666666667,2.1,5.551576352712805,-2.0,10.3,2.1,5.551576352712805,1.0,10.3333,8.25,8.25,0.0,0.6667,0.75,0.75,0.0,0.0,0.0,0.0,0.0,0.0,0.0,0.0,0.6667,0.75,1.0,11.0,9.0,9.0,0.0,48.3333,0.0,1.6667,0.0,0.0,0.0,1.6667,0.0,0.3333,0.0,0.0,0.0,0.0,0.0,0.0,0.0,0.0,0.0,0.0,1,3,4,1.0,19.666666666666668,16.25,0.02,0.2866666666666667,0.2425,0.5806451612903226,4.67741935483871,2.5,,,0.2515151515151515,4.545454545454546,132,16,1,15.14,16.580000000000002,14.436000000000002,12.20625,38,34.666666666666664,34.4375,200.0,19.5625,-0.625,1.125
2025,18,2025_18_MIA_NE,2026-01-04,00-0040234,Quinn Ewers,QB,MIA,NE,AWAY,outdoors,fieldturf,0,7,7,14.0,44.5,1,3,3,7.0,0,0,1,1,0,0,15.78,8.266666666666666,8.266666666666666,6.931791495229305,2.12,15.78,8.266666666666666,6.931791495229305,22.0,20.0,20.0,20.0,4.0,2.3333,2.3333,2.3333,1.0,0.3333,0.3333,0.3333,1.0,0.3333,0.3333,5.0,2.6667,2.6667,26.0,22.3333,22.3333,22.3333,172.0,161.6667,5.0,3.3333,-6.0,-2.0,-1.0,1.3333,2.0,0.6667,0.045454545454545456,0.015151515151515152,0.015151515151515152,0.015151515151515152,-0.030612244897959183,-0.01020408163265306,-0.01020408163265306,0.046753246753246755,0.015584415584415584,0.015584415584415584,1,3,3,55.0,42.0,42.0,1.0,0.7366666666666667,0.7366666666666667,0.65,8.083333333333334,1.4285714285714286,-6.0,-6.0,0.3701492537313432,7.298507462686567,132,16,1,4.18,12.08,11.996,15.098750000000003,35,32.666666666666664,34.75,210.75,16.6875,0.0,1.5625
2025,18,2025_18_NYJ_BUF,2026-01-04,00-0040398,Brady Cook,QB,NYJ,BUF,AWAY,outdoors,a_turf,0,7,7,12.5,39.5,1,4,4,7.0,0,0,1,1,0,0,4.18,5.613333333333333,4.84,2.8214889686121403,2.5200000000000005,8.94,4.84,2.8214889686121403,33.0,33.6667,32.75,32.75,2.0,3.0,2.5,2.5,0.0,0.0,0.0,0.0,0.0,0.0,0.0,2.0,3.0,2.5,35.0,36.6667,35.25,35.25,152.0,172.0,1.0,14.0,0.0,0.0,1.0,14.0,0.0,0.3333,0.0,0.0,0.0,0.0,0.0,0.0,0.0,0.0,0.0,0.0,1,3,4,62.0,65.33333333333333,62.0,1.0,1.0,0.975,0.6237623762376238,5.108910891089109,4.666666666666667,,,0.15309090909090908,5.072727272727272,131,16,1,8.9,13.526666666666666,12.924000000000001,13.34125,30,30.0,30.75,177.125,22.5625,0.0,1.375
2025,18,2025_18_GB_MIN,2026-01-04,00-0040494,Max Brosmer,QB,MIN,GB,HOME,dome,sportturf,1,10,8,12.5,37.5,1,6,6,10.0,0,0,1,1,1,0,3.64,0.7866666666666667,0.556,2.475697881406372,-3.06,3.64,0.6566666666666666,2.2280185516881734,16.0,18.3333,11.8,10.5,2.0,2.0,1.4,1.1667,0.0,0.0,0.0,0.0,0.0,0.0,0.0,2.0,2.0,1.4,18.0,20.3333,13.2,11.6667,51.0,76.3333,16.0,4.0,0.0,0.0,16.0,4.0,0.0,0.0,0.0,0.0,0.0,0.0,0.0,0.0,0.0,0.0,0.0,0.0,1,3,5,54.0,45.0,28.4,1.0,0.8266666666666667,0.524,0.6363636363636364,4.163636363636364,2.0,,,0.03868852459016394,3.9508196721311477,132,16,1,14.280000000000001,21.453333333333333,19.988,15.43625,28,35.333333333333336,35.4375,204.8125,14.9375,0.0,1.625
2025,18,2025_18_CLE_CIN,2026-01-04,00-0040668,Shedeur Sanders,QB,CLE,CIN,AWAY,outdoors,fieldturf,0,7,7,9.5,47.5,1,7,7,7.0,0,0,1,1,1,0,9.440000000000001,8.033333333333333,13.624,11.502551021403903,3.4800000000000004,33.46,11.408571428571431,10.437680822499841,23.0,29.0,30.8,27.1429,4.0,3.3333,2.8,2.5714,0.0,0.0,0.0,0.0,0.0,0.0,0.0,4.0,3.3333,2.8,27.0,32.3333,33.6,29.7143,186.0,173.3333,20.0,31.0,0.0,0.0,20.0,31.0,1.0,0.6667,0.0,0.0,0.0,0.0,0.0,0.0,0.0,0.0,0.0,0.0,1,3,5,52.0,58.0,60.4,1.0,0.9933333333333333,0.984,0.632183908045977,5.977011494252873,9.3,,,0.24845360824742269,6.319587628865979,131,16,1,16.48,12.56,16.412,19.25625,37,28.666666666666668,35.9375,253.4375,18.5625,1.375,2.0625
2025,18,2025_18_TEN_JAX,2026-01-04,00-0040676,Cam Ward,QB,TEN,JAX,AWAY,outdoors,grass,0,7,7,12.5,46.5,1,16,16,7.0,0,0,1,1,1,0,17.04,16.686666666666664,13.495999999999999,4.804527031873168,6.34,18.02,11.0925,5.554869935471037,40.0,32.3333,32.6,33.5625,2.0,2.3333,2.0,2.3125,0.0,0.0,0.0,0.0,0.0,0.0,0.0,2.0,2.3333,2.0,42.0,34.6667,34.6,35.875,251.0,216.3333,10.0,7.0,0.0,0.0,10.0,7.0,2.0,2.0,0.0,0.0,0.0,0.0,0.0,0.0,0.0,0.0,0.0,0.0,1,3,5,74.0,66.66666666666667,65.0,1.0,1.0,1.0,0.6185567010309279,6.690721649484536,3.0,,,0.4813461538461538,6.4423076923076925,132,16,1,5.779999999999999,9.966666666666667,9.468,16.2225,32,40.666666666666664,41.3125,238.0625,17.0,0.0,1.8125
2025,18,2025_18_DAL_NYG,2026-01-04,00-0040691,Jaxson Dart,QB,NYG,DAL,HOME,outdoors,fieldturf,1,7,10,-3.0,50.5,1,13,13,7.0,0,0,1,1,1,0,25.08,15.746666666666664,17.416000000000004,10.921459609411189,0.02000000000000013,26.28,17.01384615384616,10.610247828131017,30.0,26.3333,26.4,23.6154,9.0,6.6667,6.0,6.2308,0.0,0.0,0.0,0.0,0.0,0.0,0.0,9.0,6.6667,6.0,39.0,33.0,32.4,29.8462,207.0,162.0,48.0,39.3333,0.0,0.0,48.0,39.3333,2.0,1.3333,0.0,0.0,0.0,0.0,0.0,0.0,0.0,0.0,0.0,0.0,1,3,5,64.0,62.0,58.6,1.0,0.9899999999999999,0.9359999999999999,0.620253164556962,6.151898734177215,5.9,,,0.47717171717171714,6.101010101010101,131,16,1,8.92,20.873333333333335,21.644,23.515,25,30.0,37.875,268.1875,22.875,0.0,2.5625
2025,18,2025_18_NO_ATL,2026-01-04,00-0040743,Tyler Shough,QB,NO,ATL,AWAY,closed,fieldturf,0,7,6,4.5,43.5,1,10,10,7.0,0,0,1,1,1,0,21.92,19.040000000000003,19.148000000000003,2.2690791083609216,17.12,21.92,13.62,7.643350050861206,27.0,36.0,33.2,29.2,4.0,4.6667,5.4,4.2,0.0,0.0,0.0,0.0,0.0,0.0,0.0,4.0,4.6667,5.4,31.0,40.6667,38.6,33.4,333.0,304.3333,6.0,15.3333,0.0,0.0,6.0,15.3333,2.0,1.3333,0.0,0.0,0.0,0.0,0.0,0.0,0.0,0.0,0.0,0.0,1,3,5,53.0,65.66666666666667,65.2,0.98,0.98,0.986,0.7222222222222222,8.453703703703704,3.2857142857142856,,,0.46819672131147544,7.860655737704918,130,16,1,12.759999999999998,14.186666666666667,17.22,15.978749999999998,38,35.0,34.6875,219.625,19.4375,0.0,1.75
2025,18,2025_18_IND_HOU,2026-01-04,00-0032104,Ameer Abdullah,RB,IND,HOU,AWAY,closed,astroturf,0,7,8,9.5,37.5,1,111,12,7.0,0,0,1,1,1,0,1.4,4.166666666666667,3.08,3.840182287340016,0.0,9.7,2.783333333333333,2.799296448406386,0.0,0.0,0.0,0.0,0.0,1.3333,1.0,1.0833,1.0,2.3333,1.8,1.25,1.0,2.3333,1.8,1.0,3.6667,2.8,1.0,3.6667,2.8,2.3333,0.0,0.0,0.0,5.0,4.0,13.3333,4.0,18.3333,0.0,0.0,0.034482758620689655,0.08485607623538659,0.062024756852343065,0.04183119496836127,0.003472222222222222,-0.01255792116143393,-0.011845097524446565,0.054154693486590036,0.11849356954007612,0.08474556701140198,1,3,5,5.0,7.666666666666667,8.2,0.09,0.13,0.13,,,3.75,5.714285714285714,5.714285714285714,1.1363636363636365,5.0,132,16,1,20.1,23.400000000000006,19.6,20.362499999999997,23,25.333333333333332,24.75,0.0,74.25,31.25,0.875
2025,18,2025_18_BAL_PIT,2026-01-04,00-0032764,Derrick Henry,RB,BAL,PIT,AWAY,outdoors,grass,0,8,7,-4.5,41.5,1,121,16,8.0,0,0,1,1,1,0,45.6,26.133333333333336,21.4,14.470659971127786,10.0,45.6,16.681250000000002,10.280027156254665,0.0,0.0,0.0,0.0625,36.0,21.6667,20.0,17.9375,0.0,0.0,0.6,1.25,0.0,0.0,0.4,36.0,21.6667,20.4,36.0,21.6667,20.6,19.1875,0.0,0.0,216.0,148.0,0.0,0.0,216.0,148.0,4.0,2.0,0.0,0.0,0.018787878787878787,0.04817880762925099,0.0,0.0,0.001828078883135717,0.0,0.0,0.029461473400013184,1,3,5,48.0,29.0,30.8,0.63,0.48,0.476,,,6.8307692307692305,,,1.2061538461538461,6.8307692307692305,132,16,1,10.8,18.599999999999998,21.660000000000004,19.76875,26,24.0,28.375,0.0,94.4375,32.625,0.4375
2025,18,2025_18_SEA_SF,2026-01-03,00-0033280,Christian McCaffrey,RB,SF,SEA,HOME,outdoors,grass,1,6,6,-2.5,47.5,1,95,16,6.0,0,0,1,1,1,0,28.1,25.46666666666667,24.2,7.301712127987519,15.700000000000001,32.6,25.30625,7.7804428965622945,0.0,0.0,0.2,0.0625,23.0,22.0,22.0,18.9375,6.0,5.0,5.2,7.625,4.0,3.6667,4.4,27.0,25.6667,26.4,29.0,27.0,27.2,26.5625,0.0,0.0,140.0,110.0,41.0,28.0,181.0,138.0,1.0,1.3333,0.18181818181818182,0.15331890331890333,0.17052395068699416,0.23192873903038222,0.03162055335968379,0.06802219058507912,0.038831436579696024,0.29486166007905135,0.2775938883879104,0.2829679316362784,1,3,5,61.0,58.666666666666664,57.4,0.85,0.8300000000000001,0.8219999999999998,,,5.0,5.6,7.636363636363637,0.94320987654321,5.111111111111111,132,16,1,12.100000000000001,19.833333333333336,18.2,18.85,24,35.666666666666664,28.5,0.0,75.4375,35.5625,0.4375
2025,18,2025_18_BAL_PIT,2026-01-04,00-0033376,Patrick Ricard,RB,BAL,PIT,AWAY,outdoors,grass,0,8,7,-4.5,41.5,1,68,4,8.0,0,0,1,1,1,0,0.0,0.0,0.54,1.047854951794379,0.0,2.4000000000000004,0.07500000000000001,0.15000000000000002,0.0,0.0,0.0,0.0,0.0,0.0,0.2,0.25,0.0,0.3333,0.4,0.25,0.0,0.0,0.2,0.0,0.0,0.4,0.0,0.3333,0.6,0.5,0.0,0.0,0.0,0.0,0.0,0.0,0.0,0.0,0.0,0.0,0.0,0.010101010101010102,0.012727272727272726,0.007575757575757576,0.0,0.0,0.0006993006993006993,0.0,0.015151515151515152,0.019580419580419582,1,3,5,43.0,30.333333333333332,32.0,0.57,0.4133333333333333,0.446,,,,0.0,,0.0,0.0,132,16,1,10.8,18.599999999999998,21.660000000000004,19.76875,26,24.0,28.375,0.0,94.4375,32.625,0.4375
2025,18,2025_18_CLE_CIN,2026-01-04,00-0033526,Samaje Perine,RB,CIN,CLE,HOME,outdoors,fieldturf,1,7,7,9.5,47.5,1,99,14,7.0,0,0,1,1,1,0,8.3,8.566666666666668,7.1800000000000015,3.0752235691084318,4.800000000000001,12.100000000000001,4.978571428571429,4.847073434467532,0.0,0.0,0.0,0.0,3.0,8.0,8.8,5.4286,1.0,1.6667,1.6,1.2143,1.0,1.3333,1.4,4.0,9.3333,10.2,4.0,9.6667,10.4,6.6429,0.0,0.0,5.0,24.0,8.0,8.3333,13.0,32.3333,1.0,0.6667,0.030303030303030304,0.051618333876398394,0.045617464972303685,0.036842958739873186,-0.018656716417910446,-0.0347665353378496,-0.01919938688820008,0.032394843962008146,0.05309092607810286,0.05498662663671546,1,3,5,24.0,27.333333333333332,27.4,0.31,0.38333333333333336,0.384,,,3.0,5.0,6.25,0.8862068965517242,3.3448275862068964,132,16,1,13.200000000000001,26.166666666666668,26.659999999999997,21.517500000000002,23,27.0,27.75,2.0,95.25,26.0,0.9375
2025,18,2025_18_IND_HOU,2026-01-04,00-0033854,Dare Ogunbowale,RB,HOU,IND,HOME,closed,astroturf,1,8,7,9.5,37.5,1,93,13,14.0,0,0,1,1,1,0,0.9,4.6000000000000005,2.7600000000000002,3.3886575513025803,0.0,6.5,1.7076923076923076,2.3311161627217474,0.0,0.0,0.0,0.0,1.0,2.3333,1.4,0.7692,1.0,1.6667,1.0,0.8462,1.0,1.3333,0.8,2.0,3.6667,2.2,2.0,4.0,2.4,1.6154,0.0,0.0,-3.0,1.3333,2.0,11.3333,-1.0,12.6667,0.0,0.3333,0.029411764705882353,0.06108597285067874,0.03665158371040724,0.027386764475046364,0.006557377049180328,0.05061884078277521,0.030371304469665128,0.04870781099324976,0.12706214782396077,0.07623728869437646,1,3,5,12.0,11.333333333333334,8.6,0.18,0.16666666666666666,0.128,,,0.5714285714285714,6.8,8.5,1.1500000000000001,3.1666666666666665,132,16,1,13.600000000000001,18.066666666666666,18.76,20.225,24,26.333333333333332,26.8125,0.0,84.875,25.5,0.9375
2025,18,2025_18_KC_LV,2026-01-04,00-0033923,Kareem Hunt,RB,KC,LV,AWAY,dome,grass,0,10,7,-3.5,36.5,1,104,16,10.0,0,0,1,1,1,0,3.8000000000000003,2.3333333333333335,5.0,3.888444419044716,0.2,9.0,8.68125,6.22491967819666,0.0,0.0,0.0,0.0,7.0,5.3333,8.4,9.875,0.0,0.6667,1.0,1.3125,0.0,0.3333,0.4,7.0,5.6667,8.8,7.0,6.0,9.4,11.1875,0.0,0.0,38.0,17.3333,0.0,2.6667,38.0,20.0,0.0,0.0,0.0,0.022222222222222223,0.032729885057471264,0.03821445513719141,0.0,0.014666666666666666,0.008799999999999999,0.0,0.0436,0.0552548275862069,1,3,5,24.0,21.666666666666668,29.0,0.56,0.43,0.504,,,3.25,4.0,8.0,0.3888888888888889,3.3333333333333335,132,16,1,23.7,21.566666666666666,25.200000000000003,23.425000000000004,28,33.333333333333336,29.6875,0.0,98.8125,26.6875,1.0625
2025,18,2025_18_WAS_PHI,2026-01-04,00-0033955,Jeremy McNichols,RB,WAS,PHI,AWAY,outdoors,grass,0,10,7,3.0,38.5,1,61,15,10.0,0,0,1,1,1,0,4.0,3.466666666666667,3.3200000000000003,1.9879637823662681,1.2,5.2,4.706666666666667,3.8527293973913883,0.0,0.0,0.0,0.0,1.0,3.6667,3.4,2.8667,3.0,2.3333,2.0,2.0,3.0,2.0,1.8,4.0,5.6667,5.2,4.0,6.0,5.4,4.8667,0.0,0.0,-2.0,2.3333,12.0,12.3333,10.0,14.6667,0.0,0.0,0.14285714285714285,0.11845238095238093,0.08996031746031746,0.07986349101900196,-0.011976047904191617,-0.023447561739399117,-0.027513353097151177,0.20590248075278014,0.16126527821099204,0.11568112902247037,1,3,5,18.0,21.0,25.0,0.41,0.3933333333333333,0.404,,,0.6363636363636364,5.285714285714286,6.166666666666667,0.5777777777777778,2.4444444444444446,132,16,1,19.1,18.833333333333332,24.48,22.90625,35,27.0,27.875,0.0,96.0625,38.0,1.0
2025,18,2025_18_NO_ATL,2026-01-04,00-0034367,Nyheim Hines,RB,NO,ATL,AWAY,closed,fieldturf,0,7,6,4.5,43.5,1,84,3,73.0,0,0,1,1,1,1,-0.2,-0.06666666666666667,2.7800000000000002,5.239465621606845,-0.2,12.0,-0.06666666666666667,0.11547005383792516,0.0,0.0,0.0,0.0,2.0,0.6667,0.6,0.6667,0.0,0.0,0.4,0.0,0.0,0.0,0.2,2.0,0.6667,0.8,2.0,0.6667,1.0,0.6667,0.0,0.0,-2.0,-0.6667,0.0,0.0,-2.0,-0.6667,0.0,0.0,0.0,0.0,0.016,0.0,0.0,0.0,0.016216216216216217,0.0,0.0,0.035351351351351354,1,1,3,4.0,4.0,3.3333333333333335,0.05,0.05,0.05000000000000001,,,-1.0,,,-0.1,-1.0,132,16,1,18.3,16.46666666666667,15.48,21.8125,23,24.333333333333332,27.5,0.0,101.4375,29.1875,0.8125
2025,18,2025_18_DAL_NYG,2026-01-04,00-0035250,Devin Singletary,RB,NYG,DAL,HOME,outdoors,fieldturf,1,7,10,-3.0,50.5,1,109,16,7.0,0,0,1,1,1,0,17.0,8.333333333333334,9.780000000000001,7.723470722414892,2.4000000000000004,19.200000000000003,6.1375,6.438620452653917,0.0,0.0,0.0,0.0,8.0,8.0,10.0,6.875,4.0,2.0,1.8,1.1875,4.0,2.0,1.8,12.0,10.0,11.8,12.0,10.0,11.8,8.0625,0.0,0.0,45.0,35.0,25.0,8.3333,70.0,43.3333,1.0,0.3333,0.13793103448275862,0.08087729639453778,0.07352637783672267,0.04250632778380623,-0.08280254777070063,-0.04821731289661966,-0.03001734425971093,0.1489347682846475,0.0875638255641729,0.08927742577328635,1,3,5,19.0,18.666666666666668,21.8,0.3,0.30666666666666664,0.34600000000000003,,,4.375,4.166666666666667,4.166666666666667,0.8333333333333334,4.333333333333333,132,16,1,26.5,19.3,24.7,24.043750000000003,15,22.333333333333332,25.375,0.0,93.0625,42.375,1.0
2025,18,2025_18_TEN_JAX,2026-01-04,00-0035261,Tony Pollard,RB,TEN,JAX,AWAY,outdoors,grass,0,7,7,12.5,46.5,1,110,16,7.0,0,0,1,1,1,0,11.5,13.300000000000002,14.660000000000002,8.812661346040707,5.300000000000001,28.1,11.01875,5.79128296091059,0.0,0.0,0.0,0.0,18.0,17.6667,17.6,14.25,2.0,1.3333,1.2,2.375,2.0,1.0,0.8,20.0,18.6667,18.4,20.0,19.0,18.8,16.625,0.0,0.0,85.0,97.0,10.0,6.0,95.0,103.0,0.0,0.3333,0.05714285714285714,0.0437389770723104,0.03767195767195767,0.07501929592468075,-0.005361930294906166,0.00211132537928079,0.0077184081307942794,0.0819609345078514,0.06708639337396216,0.06191082219949251,1,3,5,37.0,35.0,34.2,0.5,0.5266666666666667,0.526,,,5.490566037735849,4.5,6.0,0.7000000000000001,5.421052631578948,132,16,1,18.799999999999997,21.833333333333332,18.7,18.268749999999997,28,25.0,23.3125,0.0,67.8125,33.0,0.6875
2025,18,2025_18_CLE_CIN,2026-01-04,00-0035291,Trayveon Williams,RB,CLE,CIN,AWAY,outdoors,fieldturf,0,7,7,9.5,47.5,1,43,5,7.0,0,0,1,1,1,0,1.0,4.3999999999999995,2.82,3.8596631977414817,0.0,9.5,2.82,3.8596631977414817,0.0,0.0,0.0,0.0,2.0,2.0,1.8,1.8,0.0,2.0,1.4,1.4,0.0,2.0,1.4,2.0,4.0,3.2,2.0,4.0,3.2,3.2,0.0,0.0,10.0,10.0,0.0,14.0,10.0,24.0,0.0,0.0,0.0,0.07088809239346873,0.05086618876941458,0.05086618876941458,0.0,-0.09355718180513704,-0.057221265604821346,0.0,0.040842111326607186,0.03624439723074692,1,3,5,12.0,17.0,13.8,0.23,0.2866666666666667,0.248,,,5.0,7.0,7.0,1.0999999999999999,6.0,131,16,1,10.5,22.833333333333332,23.14,29.21125,20,24.0,29.1875,0.4375,122.625,42.4375,1.375
2025,18,2025_18_NYJ_BUF,2026-01-04,00-0035537,Ty Johnson,RB,BUF,NYJ,HOME,outdoors,a_turf,1,7,7,12.5,39.5,1,96,16,7.0,0,0,1,1,1,0,7.800000000000001,7.066666666666667,6.520000000000001,1.0894952959971878,5.5,7.800000000000001,5.043749999999999,4.0621781923823415,0.0,0.0,0.0,0.0,5.0,4.0,3.2,2.3125,4.0,2.3333,3.0,1.9375,3.0,2.0,2.2,8.0,6.0,5.4,9.0,6.3333,6.2,4.25,0.0,0.0,15.0,14.6667,33.0,16.0,48.0,30.6667,0.0,0.3333,0.12121212121212122,0.07886557886557886,0.11301983041113477,0.0682649665903742,-0.027888446215139442,-0.029049235158132902,-0.07705983328331145,0.16229626946758421,0.09796390368767527,0.11558786231838411,1,3,5,29.0,21.0,19.8,0.38,0.32,0.296,,,3.6666666666666665,6.857142857142857,8.0,1.1157894736842107,4.842105263157895,132,16,1,35.900000000000006,28.733333333333338,34.38000000000001,26.6,36,24.333333333333332,29.125,0.0,104.0,32.625,1.5625
2025,18,2025_18_DET_CHI,2026-01-04,00-0035594,Travis Homer,RB,CHI,DET,HOME,outdoors,grass,1,7,10,3.5,51.5,1,62,7,7.0,0,0,1,1,1,0,0.0,0.0,-0.04,0.08944271909999159,-0.2,0.0,-0.028571428571428574,0.07559289460184546,0.0,0.0,0.0,0.0,0.0,0.0,0.2,0.1429,0.0,0.0,0.0,0.0,0.0,0.0,0.0,0.0,0.0,0.2,0.0,0.0,0.2,0.1429,0.0,0.0,0.0,0.0,0.0,0.0,0.0,0.0,0.0,0.0,0.0,0.0,0.0,0.0,0.0,0.0,0.0,0.0,0.0,0.0,1,3,5,0.0,0.0,1.2,0.0,0.0,0.013999999999999999,,,,,,,,132,16,1,17.700000000000003,35.16666666666667,27.040000000000003,19.85,29,29.333333333333332,25.75,0.0,91.3125,24.6875,0.8125
2025,18,2025_18_MIA_NE,2026-01-04,00-0035628,D'Ernest Johnson,RB,NE,MIA,HOME,outdoors,fieldturf,1,7,7,14.0,44.5,1,78,4,7.0,0,0,1,1,1,0,0.5,0.4000000000000001,0.9600000000000002,1.4976648490233053,0.0,3.6,0.30000000000000004,0.2943920288775949,0.0,0.0,0.0,0.0,4.0,2.6667,2.2,2.25,0.0,0.0,0.4,0.0,0.0,0.0,0.2,4.0,2.6667,2.4,4.0,2.6667,2.6,2.25,0.0,0.0,5.0,4.0,0.0,0.0,5.0,4.0,0.0,0.0,0.0,0.0,0.012903225806451613,0.0,0.0,0.0,0.0022222222222222222,0.0,0.0,0.020910394265232973,1,3,5,8.0,7.333333333333333,9.8,0.12,0.11333333333333333,0.142,,,1.5,,,0.15000000000000002,1.5,132,16,1,12.8,28.766666666666666,20.84,23.043750000000003,22,29.666666666666668,27.75,0.0,101.5625,36.375,0.6875
2025,18,2025_18_DET_CHI,2026-01-04,00-0035685,David Montgomery,RB,DET,CHI,AWAY,outdoors,grass,0,10,7,3.5,51.5,1,104,16,10.0,0,0,1,1,1,0,6.0,5.533333333333334,8.739999999999998,5.219961685683144,1.4000000000000001,14.3,10.026250000000001,6.8857213371827175,0.0,0.0,0.2,0.125,10.0,7.0,7.0,9.375,2.0,1.0,1.2,1.75,2.0,0.6667,1.0,12.0,7.6667,8.0,12.0,8.0,8.2,11.125,0.0,0.0,25.0,23.6667,15.0,5.0,40.0,28.6667,0.0,0.3333,0.06896551724137931,0.03176043557168784,0.040322689061053324,0.0559271172982666,-0.035175879396984924,-0.006922219164989211,0.0034757463330126388,0.07882516028417952,0.04279509994203931,0.06291705602468883,1,3,5,22.0,17.666666666666668,19.2,0.34,0.26666666666666666,0.298,,,3.380952380952381,5.0,7.5,0.6916666666666668,3.5833333333333335,132,16,1,31.900000000000002,17.566666666666666,16.040000000000003,20.8125,34,27.333333333333332,26.1875,0.0,103.125,25.625,0.75
2025,18,2025_18_CAR_TB,2026-01-03,00-0036139,Rico Dowdle,RB,CAR,TB,AWAY,outdoors,grass,0,6,6,3.0,43.5,1,55,16,6.0,0,0,1,1,1,0,9.3,10.000000000000002,10.26,1.641036257978476,8.3,12.4,13.33125,9.786910901811666,0.0,0.0,0.0,0.0,12.0,12.3333,12.2,14.3125,5.0,4.0,3.6,3.0,3.0,2.6667,2.8,15.0,15.0,15.0,17.0,16.3333,15.8,17.3125,0.0,0.0,59.0,45.6667,4.0,7.6667,63.0,53.3333,0.0,0.3333,0.23809523809523808,0.1605478750640041,0.1459583546680321,0.11299947515438315,-0.3488372093023256,-0.0925176368406126,-0.07438249306456375,0.1129568106312292,0.1760594668075773,0.1668697868568535,1,3,5,34.0,33.0,31.2,0.64,0.6033333333333334,0.576,,,3.7027027027027026,1.9166666666666667,2.875,0.6122448979591838,3.2653061224489797,132,16,1,19.8,21.266666666666666,22.1,23.025,26,26.666666666666668,24.125,0.0,82.5,51.5,0.875
2025,18,2025_18_NYJ_BUF,2026-01-04,00-0036187,Reggie Gilliam,RB,BUF,NYJ,HOME,outdoors,a_turf,1,7,7,12.5,39.5,1,41,10,7.0,0,0,1,1,1,0,0.0,0.0,0.24,0.5366563145999496,0.0,1.2,0.12,0.37947331922020555,0.0,0.0,0.0,0.0,0.0,0.0,0.0,0.0,0.0,0.0,0.2,0.1,0.0,0.0,0.2,0.0,0.0,0.2,0.0,0.0,0.2,0.1,0.0,0.0,0.0,0.0,0.0,0.0,0.0,0.0,0.0,0.0,0.0,0.0,0.00625,0.003125,0.0,0.0,0.0012422360248447203,0.0,0.0,0.010244565217391305,1,3,5,7.0,10.0,10.0,0.09,0.14333333333333334,0.144,,,,,,,,132,16,1,35.900000000000006,28.733333333333338,34.38000000000001,26.6,36,24.333333333333332,29.125,0.0,104.0,32.625,1.5625
2025,18,2025_18_IND_HOU,2026-01-04,00-0036223,Jonathan Taylor,RB,IND,HOU,AWAY,closed,astroturf,0,7,8,9.5,37.5,1,83,16,7.0,0,0,1,1,1,0,17.4,15.799999999999999,14.780000000000001,2.5351528553521177,11.4,17.4,22.275,12.177273914961427,0.0,0.0,0.0,0.0,21.0,20.6667,20.8,19.3125,6.0,4.3333,3.6,3.3125,3.0,3.0,2.4,24.0,23.6667,23.2,27.0,25.0,24.4,22.625,0.0,0.0,70.0,67.6667,14.0,20.3333,84.0,88.0,1.0,0.6667,0.20689655172413793,0.14802534630120837,0.12881520778072503,0.1128593758623653,-0.04513888888888889,0.008058703634047386,-0.0012253838801776287,0.2787476053639847,0.22767911199564572,0.1923650429549632,1,3,5,51.0,51.666666666666664,52.0,0.89,0.8733333333333334,0.868,,,3.274193548387097,4.6923076923076925,6.777777777777778,0.632,3.52,132,16,1,20.1,23.400000000000006,19.6,20.362499999999997,23,25.333333333333332,24.75,0.0,74.25,31.25,0.875
2025,18,2025_18_WAS_PHI,2026-01-04,00-0036265,AJ Dillon,RB,PHI,WAS,HOME,outdoors,grass,1,7,10,3.0,38.5,1,63,5,87.0,0,0,1,1,1,0,2.0,1.6333333333333335,1.56,0.4393176527297759,1.0,2.0,1.56,0.4393176527297759,0.0,0.0,0.0,0.0,1.0,2.0,2.4,2.4,2.0,0.6667,0.4,0.4,2.0,0.6667,0.4,3.0,2.6667,2.8,3.0,2.6667,2.8,2.8,0.0,0.0,2.0,10.3333,18.0,6.0,20.0,16.3333,0.0,0.0,0.0625,0.020833333333333332,0.0125,0.0125,0.028481012658227847,0.00949367088607595,0.00569620253164557,0.11368670886075949,0.037895569620253165,0.0227373417721519,1,3,5,8.0,8.333333333333334,8.6,0.14,0.14333333333333334,0.14600000000000002,,,5.166666666666667,9.0,9.0,0.6125,6.125,132,16,1,27.1,28.8,27.640000000000004,25.656250000000004,45,32.666666666666664,29.9375,0.0,117.875,31.8125,1.1875
2025,18,2025_18_DET_CHI,2026-01-04,00-0036275,D'Andre Swift,RB,CHI,DET,HOME,outdoors,grass,1,7,10,3.5,51.5,1,88,15,7.0,0,0,1,1,1,0,21.9,17.833333333333332,17.1,6.469157595854347,9.0,22.6,14.853333333333333,6.496028090485828,0.0,0.0,0.0,0.0,9.0,13.3333,14.2,14.2,3.0,2.0,2.4,3.0667,2.0,1.6667,1.8,11.0,15.0,16.0,12.0,15.3333,16.6,17.2667,0.0,0.0,54.0,70.0,25.0,11.6667,79.0,81.6667,2.0,1.3333,0.07692307692307693,0.060975210400497755,0.07765655481172723,0.0951756981530477,-0.013201320132013201,-0.014489243486282161,-0.01564997519584941,0.10614369129220615,0.08132034516034913,0.10552984958049624,1,3,5,39.0,37.0,39.4,0.59,0.5666666666666668,0.5599999999999999,,,5.25,5.833333333333333,7.0,1.1630434782608696,5.326086956521739,132,16,1,17.700000000000003,35.16666666666667,27.040000000000003,19.85,29,29.333333333333332,25.75,0.0,91.3125,24.6875,0.8125
2025,18,2025_18_SEA_SF,2026-01-03,00-0036414,Cam Akers,RB,SEA,SF,AWAY,outdoors,grass,0,6,6,-2.5,47.5,1,53,3,6.0,0,0,1,1,1,0,0.0,2.3933333333333335,5.476000000000001,4.702539739332354,0.0,11.3,2.3933333333333335,2.674347272388785,0.0,0.3333,0.2,0.3333,0.0,1.6667,3.4,1.6667,0.0,0.3333,1.2,0.3333,0.0,0.0,0.8,0.0,1.6667,4.2,0.0,2.0,4.6,2.0,0.0,10.6667,0.0,6.3333,0.0,0.0,0.0,6.3333,0.0,0.3333,0.0,0.013888888888888888,0.033493795464270434,0.013888888888888888,0.0,-0.010638297872340425,-0.01808920353307734,0.0,0.013386524822695036,0.03757825072325151,1,3,5,0.0,2.6666666666666665,10.2,0.0,0.04666666666666666,0.154,1.0,32.0,3.8,0.0,,1.1966666666666668,8.5,132,16,1,29.599999999999998,24.299999999999997,23.1,22.806250000000002,24,23.0,26.5,0.0,88.1875,34.25,0.875
2025,18,2025_18_TEN_JAX,2026-01-04,00-0036425,DeeJay Dallas,RB,JAX,TEN,HOME,outdoors,grass,1,7,7,12.5,46.5,1,78,4,7.0,0,0,1,1,1,0,2.1,0.7000000000000001,1.1600000000000001,1.6861198059449989,0.0,3.7,0.525,1.05,0.0,0.0,0.0,0.0,2.0,1.0,0.8,0.75,1.0,0.3333,0.4,0.25,0.0,0.0,0.2,2.0,1.0,1.0,3.0,1.3333,1.2,1.0,0.0,0.0,21.0,7.0,0.0,0.0,21.0,7.0,0.0,0.0,0.02702702702702703,0.009009009009009009,0.011655405405405406,0.006756756756756757,-0.0027624309392265192,-0.0009208103130755064,-0.004139930134033644,0.03860683888308198,0.01286894629436066,0.014585157014284556,1,3,5,10.0,4.666666666666667,7.2,0.14,0.06666666666666667,0.10400000000000001,,,7.0,0.0,,0.525,5.25,132,16,1,17.1,16.666666666666668,17.24,21.93125,17,22.666666666666668,25.6875,0.0,93.625,27.5625,1.125
2025,18,2025_18_CAR_TB,2026-01-03,00-0036555,Chuba Hubbard,RB,CAR,TB,AWAY,outdoors,grass,0,6,6,3.0,43.5,1,76,14,6.0,0,0,1,1,1,0,2.8,4.0,8.139999999999999,7.141288399161596,2.8,20.4,8.692857142857141,6.237783665288902,0.0,0.0,0.0,0.0,4.0,6.0,7.6,9.2143,3.0,1.6667,2.2,2.6429,3.0,1.6667,2.2,7.0,7.6667,9.8,7.0,7.6667,9.8,11.8571,0.0,0.0,12.0,22.6667,6.0,7.3333,18.0,30.0,0.0,0.0,0.14285714285714285,0.0750384024577573,0.094652671104284,0.0897731313312391,-0.4186046511627907,-0.1424566316884099,-0.1082998609221197,-0.07873754152823922,0.012837961504749007,0.0661691040109422,1,3,5,20.0,22.0,24.0,0.38,0.4033333333333333,0.43,,,3.7777777777777777,4.4,4.4,0.5217391304347826,3.9130434782608696,132,16,1,19.8,21.266666666666666,22.1,23.025,26,26.666666666666668,24.125,0.0,82.5,51.5,0.875
2025,18,2025_18_LAC_DEN,2026-01-04,00-0036755,Jaret Patterson,RB,LAC,DEN,AWAY,outdoors,grass,0,8,10,14.5,37.5,1,22,5,8.0,0,0,1,1,1,0,0.1,3.8666666666666667,3.8,4.640581860068843,0.1,11.4,3.8,4.640581860068843,0.0,0.0,0.0,0.0,1.0,4.3333,6.6,6.6,0.0,0.0,0.0,0.0,0.0,0.0,0.0,1.0,4.3333,6.6,1.0,4.3333,6.6,6.6,0.0,0.0,1.0,18.6667,0.0,0.0,1.0,18.6667,0.0,0.3333,0.0,0.0,0.0,0.0,0.0,0.0,0.0,0.0,0.0,0.0,1,3,5,8.0,9.0,12.0,0.13,0.13333333333333333,0.178,,,4.3076923076923075,,,0.8923076923076922,4.3076923076923075,132,16,1,16.5,20.066666666666666,16.860000000000003,17.44375,20,22.0,23.1875,0.0,73.5,22.1875,0.875
2025,18,2025_18_NYJ_BUF,2026-01-04,00-0036842,Kene Nwangwu,RB,NYJ,BUF,AWAY,outdoors,a_turf,0,7,7,12.5,39.5,1,42,9,7.0,0,0,1,1,1,0,3.1,1.0333333333333334,0.62,1.3863621460498696,0.0,3.1,1.011111111111111,2.1333333333333333,0.0,0.0,0.0,0.0,6.0,2.0,1.2,0.6667,0.0,0.0,0.0,0.0,0.0,0.0,0.0,6.0,2.0,1.2,6.0,2.0,1.2,0.6667,0.0,0.0,31.0,10.3333,0.0,0.0,31.0,10.3333,0.0,0.0,0.0,0.0,0.0,0.0,0.0,0.0,0.0,0.0,0.0,0.0,1,3,5,11.0,3.6666666666666665,2.2,0.18,0.06,0.036,,,5.166666666666667,,,0.5166666666666667,5.166666666666667,131,16,1,8.9,24.96666666666667,23.48,24.95625,24,27.666666666666668,27.0625,0.0,110.25,26.1875,1.25
2025,18,2025_18_MIA_NE,2026-01-04,00-0036875,Rhamondre Stevenson,RB,NE,MIA,HOME,outdoors,fieldturf,1,7,7,14.0,44.5,1,69,13,7.0,0,0,1,1,1,0,27.200000000000003,18.566666666666666,13.74,9.38392242082169,2.0,27.200000000000003,11.038461538461538,7.995992586033171,0.0,0.0,0.0,0.0,8.0,7.3333,8.0,9.4615,5.0,3.6667,3.2,2.6923,5.0,3.3333,2.8,13.0,10.6667,10.8,13.0,11.0,11.2,12.1538,0.0,0.0,47.0,49.3333,55.0,36.3333,102.0,85.6667,2.0,1.0,0.2,0.13593073593073593,0.11367965367965369,0.0983075534865816,0.13636363636363635,0.0650240734801847,0.05007470657694474,0.3954545454545455,0.2494129553322332,0.20557177512334185,1,3,5,32.0,43.0,37.8,0.48,0.6633333333333333,0.576,,,6.7272727272727275,9.909090909090908,10.9,1.687878787878788,7.787878787878788,132,16,1,12.8,28.766666666666666,20.84,23.043750000000003,22,29.666666666666668,27.75,0.0,101.5625,36.375,0.6875
2025,18,2025_18_NYJ_BUF,2026-01-04,00-0036906,Khalil Herbert,RB,NYJ,BUF,AWAY,outdoors,a_turf,0,7,7,12.5,39.5,1,56,4,7.0,0,0,1,1,1,0,0.5,0.3333333333333333,3.2600000000000002,6.735206010212309,0.0,15.3,0.25,0.28867513459481287,0.0,0.0,0.0,0.0,2.0,1.3333,4.8,1.0,1.0,0.6667,2.0,0.5,0.0,0.0,1.4,2.0,1.3333,6.2,3.0,2.0,6.8,1.5,0.0,0.0,5.0,3.3333,0.0,0.0,5.0,3.3333,0.0,0.0,0.03125,0.020833333333333332,0.04728260869565217,0.015625,-0.02,-0.012926447574334898,-0.02786168865042104,0.032875,0.02220148669796557,0.051420730988183526,1,3,5,13.0,6.0,17.6,0.21,0.09333333333333334,0.246,,,2.5,0.0,,0.16666666666666666,1.6666666666666667,131,16,1,8.9,24.96666666666667,23.48,24.95625,24,27.666666666666668,27.0625,0.0,110.25,26.1875,1.25
2025,18,2025_18_BAL_PIT,2026-01-04,00-0036919,Kenny Gainwell,RB,PIT,BAL,HOME,outdoors,grass,1,7,8,-4.5,41.5,1,82,16,7.0,0,0,1,1,1,0,6.800000000000001,16.733333333333334,14.579999999999998,7.724118072634571,6.5,23.8,12.49375,9.425035366865563,0.0,0.0,0.0,0.0,7.0,9.6667,7.6,6.8125,4.0,6.0,5.6,4.75,3.0,5.0,4.6,10.0,14.6667,12.2,11.0,15.6667,13.2,11.5625,0.0,0.0,26.0,52.0,12.0,45.3333,38.0,97.3333,0.0,0.3333,0.10810810810810811,0.1838592978943856,0.18001254843360107,0.16042993661285732,-0.04824561403508772,0.026066084527780628,-0.0034855636915648996,0.12839023233760077,0.2940352060110248,0.2675789280663061,1,3,5,45.0,39.666666666666664,32.4,0.68,0.5800000000000001,0.528,,,5.379310344827586,7.555555555555555,9.066666666666666,1.0680851063829788,6.212765957446808,132,16,1,6.800000000000001,16.03333333333333,20.72,22.3,11,21.0,26.0,0.0,82.5,39.25,0.875
2025,18,2025_18_ARI_LA,2026-01-04,00-0036924,Michael Carter,RB,ARI,LA,AWAY,dome,matrixturf,0,7,6,14.5,49.5,1,60,12,7.0,0,0,1,1,1,0,6.3,8.733333333333333,8.54,3.6335932628735432,5.1,13.4,7.675000000000001,5.097793640389929,0.0,0.0,0.0,0.0,7.0,10.6667,8.0,7.0833,4.0,3.3333,4.0,3.5,2.0,2.0,2.6,9.0,12.6667,10.6,11.0,14.0,12.0,10.5833,0.0,0.0,29.0,50.0,14.0,17.3333,43.0,67.3333,0.0,0.0,0.11428571428571428,0.09617146314061015,0.10831712849861672,0.09045819650674924,0.03508771929824561,0.01852613304093567,0.015806620371903335,0.19598997493734335,0.15722548783957022,0.1735403270082574,1,3,5,25.0,36.0,34.6,0.44,0.59,0.564,,,4.6875,5.2,8.666666666666666,0.6238095238095238,4.809523809523809,132,16,1,42.2,34.666666666666664,29.439999999999998,20.26875,40,31.666666666666668,27.5625,0.0,90.375,34.8125,0.5625
2025,18,2025_18_TEN_JAX,2026-01-04,00-0036973,Travis Etienne,RB,JAX,TEN,HOME,outdoors,grass,1,7,7,12.5,46.5,1,65,16,7.0,0,0,1,1,1,0,11.200000000000001,19.76666666666667,17.12,10.040268920701278,5.1000000000000005,31.5,15.568750000000001,6.645471515751661,0.0,0.0,0.0,0.0,17.0,15.0,15.4,15.375,3.0,4.0,2.8,3.1875,2.0,3.0,2.2,19.0,18.0,17.6,20.0,19.0,18.2,18.5625,0.0,0.0,76.0,52.6667,16.0,35.0,92.0,87.6667,0.0,1.3333,0.08108108108108109,0.12226512226512226,0.08781068626229917,0.10171991937577594,-0.022099447513812154,-0.004260317487016163,-0.008522156458175664,0.10615200836195313,0.1804154611567721,0.12575051987272579,1,3,5,48.0,45.0,42.4,0.7,0.6699999999999999,0.6439999999999999,,,3.511111111111111,8.75,11.666666666666666,1.0403508771929826,4.614035087719298,132,16,1,17.1,16.666666666666668,17.24,21.93125,17,22.666666666666668,25.6875,0.0,93.625,27.5625,1.125
2025,18,2025_18_LAC_DEN,2026-01-04,00-0037085,Tyler Badie,RB,DEN,LAC,HOME,outdoors,grass,1,10,8,14.5,37.5,1,19,15,10.0,0,0,1,1,1,0,0.0,0.7666666666666666,2.04,1.903417978269618,0.0,4.8,2.0533333333333337,1.629139416408319,0.0,0.0,0.0,0.0,0.0,0.0,0.8,0.4,0.0,1.3333,2.0,1.9333,0.0,0.6667,1.2,0.0,0.6667,2.0,0.0,1.3333,2.8,2.3333,0.0,0.0,0.0,0.0,0.0,1.0,0.0,1.0,0.0,0.0,0.0,0.03215579710144927,0.04810484776991349,0.05109294042107157,0.0,-0.007966332705863966,-0.020123714967433724,0.0,0.04265726275806914,0.058070671177666636,1,3,5,8.0,10.0,12.0,0.11,0.14666666666666667,0.172,,,,0.75,1.5,0.575,0.75,132,16,1,12.2,9.466666666666667,12.2,18.700000000000003,30,24.666666666666668,24.25,0.0,85.875,22.375,0.75
2025,18,2025_18_IND_HOU,2026-01-04,00-0037120,Tyler Goodson,RB,IND,HOU,AWAY,closed,astroturf,0,7,8,9.5,37.5,1,29,9,13.0,0,0,1,1,1,0,0.9,0.3,0.26,0.39749213828703583,0.0,0.9,0.5444444444444445,0.6064468466220084,0.0,0.0,0.0,0.0,3.0,1.0,0.8,0.8889,0.0,0.0,0.0,0.3333,0.0,0.0,0.0,3.0,1.0,0.8,3.0,1.0,0.8,1.2222,0.0,0.0,9.0,3.0,0.0,0.0,9.0,3.0,0.0,0.0,0.0,0.0,0.0,0.008101851851851851,0.0,0.0,0.0,0.0,0.0,0.0,1,3,5,5.0,1.6666666666666667,1.6,0.08,0.02666666666666667,0.026000000000000002,,,3.0,,,0.3,3.0,132,16,1,20.1,23.400000000000006,19.6,20.362499999999997,23,25.333333333333332,24.75,0.0,74.25,31.25,0.875
2025,18,2025_18_BAL_PIT,2026-01-04,00-0037228,Jaylen Warren,RB,PIT,BAL,HOME,outdoors,grass,1,7,8,-4.5,41.5,1,63,15,7.0,0,0,1,1,1,0,6.4,14.433333333333335,14.180000000000001,9.056047703054574,6.4,29.1,13.48,5.800886631738782,0.0,0.0,0.0,0.0,12.0,12.6667,11.2,13.1333,0.0,1.6667,2.4,2.6667,0.0,1.6667,2.0,12.0,14.3333,13.2,12.0,14.3333,13.6,15.8,0.0,0.0,64.0,80.0,0.0,7.6667,64.0,87.6667,0.0,0.6667,0.0,0.05458089668615984,0.08729399255715045,0.09459750835921726,0.0,-0.05605667315595933,-0.05700060298916269,0.0,0.04263167382006824,0.0910405667433118,1,3,5,21.0,29.0,27.4,0.32,0.42,0.46399999999999997,,,6.315789473684211,4.6,4.6,1.0069767441860467,6.116279069767442,132,16,1,6.800000000000001,16.03333333333333,20.72,22.3,11,21.0,26.0,0.0,82.5,39.25,0.875
2025,18,2025_18_NYJ_BUF,2026-01-04,00-0037248,James Cook,RB,BUF,NYJ,HOME,outdoors,a_turf,1,7,7,12.5,39.5,1,65,16,7.0,0,0,1,1,1,0,8.7,22.066666666666666,19.200000000000003,9.611971701997462,8.7,31.1,18.79375,8.458642030491655,0.0,0.0,0.0,0.0,20.0,19.3333,21.6,19.1875,4.0,3.0,2.8,2.5,1.0,1.3333,1.8,21.0,20.6667,23.4,24.0,22.3333,24.4,21.6875,0.0,0.0,74.0,99.3333,3.0,8.0,77.0,107.3333,0.0,1.6667,0.12121212121212122,0.1159026159026159,0.11044334087812349,0.08697159812309269,0.13545816733067728,0.03992876570445084,-0.0043074990746461315,0.27663889894965593,0.20180405984703942,0.16264976196493292,1,3,5,39.0,38.0,41.4,0.51,0.58,0.6199999999999999,,,5.137931034482759,2.6666666666666665,6.0,0.9880597014925373,4.8059701492537314,132,16,1,35.900000000000006,28.733333333333338,34.38000000000001,26.6,36,24.333333333333332,29.125,0.0,104.0,32.625,1.5625
2025,18,2025_18_CAR_TB,2026-01-03,00-0037256,Rachaad White,RB,TB,CAR,HOME,outdoors,grass,1,6,6,3.0,43.5,1,65,16,6.0,0,0,1,1,1,0,3.7,5.1000000000000005,5.54,1.887591057406238,3.6,8.0,8.55625,5.64493504538951,0.0,0.0,0.0,0.0,2.0,2.6667,4.2,7.8125,2.0,1.6667,2.0,2.6875,2.0,1.6667,1.8,4.0,4.3333,6.0,4.0,4.3333,6.2,10.5,0.0,0.0,10.0,25.0,7.0,9.3333,17.0,34.3333,0.0,0.0,0.045454545454545456,0.05223484848484849,0.06870354645354645,0.08209442933244687,-0.025,-0.016462364797973278,-0.0293339406179144,0.050681818181818175,0.06682861736869143,0.08252156124777958,1,3,5,32.0,28.666666666666668,29.0,0.48,0.43,0.43200000000000005,,,9.375,5.6,5.6,1.176923076923077,7.923076923076923,132,16,1,33.900000000000006,24.900000000000002,26.920000000000005,24.625000000000004,37,28.333333333333332,27.875,0.0,106.5,28.5,1.125
2025,18,2025_18_KC_LV,2026-01-04,00-0037258,Dameon Pierce,RB,KC,LV,AWAY,dome,grass,0,10,7,-3.5,36.5,1,41,4,56.0,0,0,1,1,1,1,0.0,0.7000000000000001,5.24,10.29966018856933,0.0,23.6,0.65,0.99498743710662,0.0,0.0,0.0,0.0,0.0,2.3333,5.8,2.5,0.0,0.0,0.6,0.25,0.0,0.0,0.0,0.0,2.3333,5.8,0.0,2.3333,6.4,2.75,0.0,0.0,0.0,7.0,0.0,0.0,0.0,7.0,0.0,0.0,0.0,0.0,0.02169312169312169,0.009259259259259259,0.0,0.0,-0.0068611075420788896,0.0,0.0,0.027736907260227317,1,3,5,0.0,5.333333333333333,12.0,0.0,0.07666666666666667,0.192,,,3.0,,,0.3,3.0,132,16,1,23.7,21.566666666666666,25.200000000000003,23.425000000000004,28,33.333333333333336,29.6875,0.0,98.8125,26.6875,1.0625
2025,18,2025_18_NO_ATL,2026-01-04,00-0037263,Tyler Allgeier,RB,ATL,NO,HOME,closed,fieldturf,1,6,7,4.5,43.5,1,66,16,6.0,0,0,1,1,1,0,2.3000000000000003,4.133333333333334,6.919999999999999,4.897142023670541,1.8,13.5,7.5062500000000005,5.403513517456335,0.0,0.0,0.0,0.0,10.0,9.3333,9.4,8.5,0.0,0.3333,1.0,0.875,0.0,0.3333,1.0,10.0,9.6667,10.4,10.0,9.6667,10.4,9.375,0.0,0.0,23.0,40.0,0.0,-2.0,23.0,38.0,0.0,0.0,0.0,0.00980392156862745,0.03307129303334237,0.029977890563425782,0.0,-0.010152284263959392,-0.0171685286943573,0.0,0.007599283368169602,0.03758896946396344,1,3,5,19.0,20.666666666666668,20.8,0.36,0.31,0.31399999999999995,,,4.285714285714286,-6.0,-6.0,0.4275862068965518,3.9310344827586206,132,16,1,13.0,16.166666666666668,20.4,21.375,29,27.0,29.8125,0.0,106.0625,23.9375,0.875
2025,18,2025_18_GB_MIN,2026-01-04,00-0037276,Ty Chandler,RB,MIN,GB,HOME,dome,sportturf,1,10,8,12.5,37.5,1,34,2,10.0,0,0,1,1,1,0,2.4000000000000004,1.0333333333333334,0.7000000000000001,0.9949874371066201,0.0,2.4000000000000004,1.2000000000000002,1.6970562748477143,0.0,0.0,0.0,0.0,7.0,4.0,2.6,3.5,0.0,0.0,0.0,0.0,0.0,0.0,0.0,7.0,4.0,2.6,7.0,4.0,2.6,3.5,0.0,0.0,24.0,10.3333,0.0,0.0,24.0,10.3333,0.0,0.0,0.0,0.0,0.0,0.0,0.0,0.0,0.0,0.0,0.0,0.0,1,3,5,13.0,6.666666666666667,4.2,0.24,0.11333333333333333,0.06999999999999999,,,2.5833333333333335,,,0.25833333333333336,2.5833333333333335,132,16,1,54.2,29.166666666666668,26.360000000000003,21.65,50,33.666666666666664,29.5625,0.0,98.875,27.0,0.75
2025,18,2025_18_GB_MIN,2026-01-04,00-0037525,Jordan Mason,RB,MIN,GB,HOME,dome,sportturf,1,10,8,12.5,37.5,1,55,15,14.0,0,0,1,1,1,0,2.1,5.3999999999999995,5.24,3.6142772444847115,2.1,11.2,7.966666666666666,5.680627061295594,0.0,0.0,0.0,0.0,2.0,7.6667,7.4,9.6667,1.0,0.3333,0.4,1.0667,1.0,0.3333,0.4,3.0,8.0,7.8,3.0,8.0,7.8,10.7333,0.0,0.0,5.0,28.6667,6.0,2.0,11.0,30.6667,0.0,0.3333,0.043478260869565216,0.014492753623188406,0.015592203898050975,0.037406375380322404,-0.032,-0.010666666666666666,-0.012388023952095808,0.04281739130434782,0.01427246376811594,0.014716689080609396,1,3,5,4.0,14.333333333333334,14.0,0.07,0.24333333333333332,0.25800000000000006,,,3.739130434782609,6.0,6.0,0.6749999999999999,3.8333333333333335,132,16,1,54.2,29.166666666666668,26.360000000000003,21.65,50,33.666666666666664,29.5625,0.0,98.875,27.0,0.75
2025,18,2025_18_ARI_LA,2026-01-04,00-0037557,Ronnie Rivers,RB,LA,ARI,HOME,dome,matrixturf,1,6,7,14.5,49.5,1,22,5,6.0,0,0,1,1,1,0,0.5,0.16666666666666666,0.9200000000000002,1.7908098726553867,0.0,4.1000000000000005,0.9200000000000002,1.7908098726553867,0.0,0.0,0.0,0.0,1.0,0.3333,1.8,1.8,0.0,0.0,0.0,0.0,0.0,0.0,0.0,1.0,0.3333,1.8,1.0,0.3333,1.8,1.8,0.0,0.0,5.0,1.6667,0.0,0.0,5.0,1.6667,0.0,0.0,0.0,0.0,0.0,0.0,0.0,0.0,0.0,0.0,0.0,0.0,1,3,5,3.0,1.0,3.0,0.05,0.016666666666666666,0.044000000000000004,,,5.0,,,0.5,5.0,132,16,1,40.300000000000004,34.46666666666667,34.660000000000004,26.675,33,37.0,29.1875,0.0,112.9375,34.4375,1.3125
2025,18,2025_18_TEN_JAX,2026-01-04,00-0037594,Julius Chestnut,RB,TEN,JAX,AWAY,outdoors,grass,0,7,7,12.5,46.5,1,34,15,7.0,0,0,1,1,1,0,0.0,0.03333333333333333,0.02,0.044721359549995794,0.0,0.1,0.26666666666666666,0.6640424541792346,0.0,0.0,0.0,0.0,0.0,0.3333,0.2,0.7333,0.0,0.0,0.0,0.1333,0.0,0.0,0.0,0.0,0.3333,0.2,0.0,0.3333,0.2,0.8667,0.0,0.0,0.0,0.3333,0.0,0.0,0.0,0.3333,0.0,0.0,0.0,0.0,0.0,0.004700352526439483,0.0,0.0,0.0,0.0,0.0,0.0,1,3,5,0.0,1.0,0.6,0.0,0.016666666666666666,0.01,,,1.0,,,0.1,1.0,132,16,1,18.799999999999997,21.833333333333332,18.7,18.268749999999997,28,25.0,23.3125,0.0,67.8125,33.0,0.6875
2025,18,2025_18_LAC_DEN,2026-01-04,00-0037617,Hassan Haskins,RB,LAC,DEN,AWAY,outdoors,grass,0,8,10,14.5,37.5,1,36,10,8.0,0,0,1,1,1,0,0.0,0.46666666666666673,1.4400000000000002,1.4774978849392646,0.0,3.3000000000000003,0.9700000000000001,1.3308727295358571,0.0,0.0,0.0,0.0,0.0,1.3333,2.2,1.6,0.0,0.0,0.6,0.4,0.0,0.0,0.6,0.0,1.3333,2.8,0.0,1.3333,2.8,2.0,0.0,0.0,0.0,4.6667,0.0,0.0,0.0,4.6667,0.0,0.0,0.0,0.0,0.012670565302144249,0.009460282651072124,0.0,0.0,-0.0012860310421286033,0.0,0.0,0.01810562622372635,1,3,5,1.0,2.3333333333333335,10.4,0.02,0.03666666666666667,0.15,,,3.5,,,0.35000000000000003,3.5,132,16,1,16.5,20.066666666666666,16.860000000000003,17.44375,20,22.0,23.1875,0.0,73.5,22.1875,0.875
2025,18,2025_18_SEA_SF,2026-01-03,00-0037746,Brian Robinson,RB,SF,SEA,HOME,outdoors,grass,1,6,6,-2.5,47.5,1,57,16,6.0,0,0,1,1,1,0,3.8000000000000003,2.6333333333333333,3.18,1.432480366357599,2.0,5.4,3.85,3.2238693108333867,0.0,0.0,0.0,0.0,4.0,6.0,6.6,5.625,1.0,0.6667,0.8,0.75,1.0,0.3333,0.4,5.0,6.3333,7.0,5.0,6.6667,7.4,6.375,0.0,0.0,22.0,21.0,6.0,2.0,28.0,23.0,0.0,0.0,0.030303030303030304,0.020202020202020204,0.02462121212121212,0.022185467888351018,-0.023715415019762844,-0.005847525171196668,-0.0014572330514359502,0.028853754940711466,0.026209762683192635,0.03591175504581302,1,3,5,11.0,11.0,11.8,0.15,0.15333333333333332,0.168,,,3.5,3.0,6.0,0.395,3.45,132,16,1,12.100000000000001,19.833333333333336,18.2,18.85,24,35.666666666666664,28.5,0.0,75.4375,35.5625,0.4375
2025,18,2025_18_ARI_LA,2026-01-04,00-0037840,Kyren Williams,RB,LA,ARI,HOME,dome,matrixturf,1,6,7,14.5,49.5,1,52,16,6.0,0,0,1,1,1,0,16.0,16.433333333333334,16.04,4.019079496601181,11.5,21.8,15.762500000000001,6.206434832762955,0.0,0.0,0.0,0.0,13.0,17.0,15.4,15.4375,3.0,3.3333,2.6,2.8125,3.0,2.3333,1.8,16.0,19.3333,17.2,16.0,20.3333,18.0,18.25,0.0,0.0,92.0,80.0,38.0,21.0,130.0,101.0,0.0,0.6667,0.08333333333333333,0.07821637426900585,0.06724045777526252,0.07737403476822328,0.017543859649122806,0.01355268955949542,0.00719417080405754,0.13728070175438598,0.12681144409515557,0.10589660622573407,1,3,5,46.0,50.0,44.2,0.71,0.6533333333333333,0.628,,,4.705882352941177,6.3,9.0,0.8081967213114754,4.967213114754099,132,16,1,40.300000000000004,34.46666666666667,34.660000000000004,26.675,33,37.0,29.1875,0.0,112.9375,34.4375,1.3125
2025,18,2025_18_KC_LV,2026-01-04,00-0038040,Zamir White,RB,LV,KC,HOME,dome,grass,1,7,10,-3.5,36.5,1,36,4,7.0,0,0,1,1,1,0,0.2,2.2666666666666666,1.7,1.4849242404917498,0.2,3.3000000000000003,1.9000000000000001,1.6350331291240963,0.0,0.0,0.0,0.0,1.0,2.6667,3.2,2.75,0.0,1.6667,1.0,1.25,0.0,1.0,0.6,1.0,3.6667,3.8,1.0,4.3333,4.2,4.0,0.0,0.0,2.0,6.3333,0.0,6.3333,2.0,12.6667,0.0,0.0,0.0,0.047947171978179735,0.02876830318690784,0.0359603789836348,0.0,-0.00015773759224832368,-9.464255534899421e-05,0.0,0.07181034165269577,0.04308620499161746,1,3,5,11.0,17.0,16.4,0.19,0.26,0.252,,,2.375,3.8,6.333333333333333,0.5230769230769231,2.923076923076923,132,16,1,22.6,22.566666666666666,23.560000000000002,19.5,27,32.333333333333336,24.875,0.0,82.5,28.75,0.75
2025,18,2025_18_SEA_SF,2026-01-03,00-0038134,Kenneth Walker III,RB,SEA,SF,AWAY,outdoors,grass,0,6,6,-2.5,47.5,1,57,16,6.0,0,0,1,1,1,0,7.7,12.000000000000002,10.040000000000001,9.102911622113005,2.9000000000000004,25.400000000000002,10.912500000000001,6.551221260192637,0.0,0.0,0.0,0.0,15.0,11.6667,11.6,12.8125,2.0,2.0,2.6,2.0,2.0,2.0,2.0,17.0,13.6667,13.6,17.0,13.6667,14.2,14.8125,0.0,0.0,51.0,56.0,6.0,24.0,57.0,80.0,0.0,0.3333,0.07692307692307693,0.06800010025816478,0.09558266885055103,0.07813233229692784,-0.05673758865248227,-0.03706434473234557,-0.039417607471918414,0.0756683033278778,0.07605510907460525,0.11578167804548367,1,3,5,31.0,28.666666666666668,31.0,0.47,0.44333333333333336,0.48,,,4.8,12.0,12.0,0.8780487804878051,5.853658536585366,132,16,1,29.599999999999998,24.299999999999997,23.1,22.806250000000002,24,23.0,26.5,0.0,88.1875,34.25,0.875
2025,18,2025_18_NO_ATL,2026-01-04,00-0038397,Evan Hull,RB,NO,ATL,AWAY,closed,fieldturf,0,7,6,4.5,43.5,1,6,5,7.0,0,0,1,1,1,0,0.30000000000000004,0.6000000000000001,1.06,0.7503332592921628,0.30000000000000004,2.0,1.06,0.7503332592921628,0.0,0.0,0.0,0.0,2.0,3.6667,3.4,3.4,0.0,0.0,0.2,0.2,0.0,0.0,0.2,2.0,3.6667,3.6,2.0,3.6667,3.6,3.6,0.0,0.0,3.0,6.0,0.0,0.0,3.0,6.0,0.0,0.0,0.0,0.0,0.01,0.01,0.0,0.0,-0.005063291139240506,0.0,0.0,0.011455696202531649,1,3,5,11.0,16.333333333333332,13.8,0.2,0.24333333333333332,0.20600000000000002,,,1.6363636363636365,,,0.16363636363636366,1.6363636363636365,132,16,1,18.3,16.46666666666667,15.48,21.8125,23,24.333333333333332,27.5,0.0,101.4375,29.1875,0.8125
2025,18,2025_18_GB_MIN,2026-01-04,00-0038440,Zavier Scott,RB,MIN,GB,HOME,dome,sportturf,1,10,8,12.5,37.5,1,10,10,10.0,0,0,1,1,1,0,0.0,1.7333333333333334,1.6600000000000001,1.554991961394013,0.0,3.1,3.65,4.911946887154035,0.0,0.0,0.0,0.0,0.0,1.6667,1.6,2.9,0.0,0.6667,0.6,1.5,0.0,0.6667,0.6,0.0,2.3333,2.2,0.0,2.3333,2.2,4.4,0.0,0.0,0.0,6.3333,0.0,4.3333,0.0,10.6667,0.0,0.0,0.0,0.028985507246376812,0.024287856071964018,0.044524880416934386,0.0,-0.026405228758169936,-0.01823834683574028,0.0,0.024994600738846264,0.023664941322927825,1,3,5,0.0,4.666666666666667,4.8,0.0,0.07333333333333333,0.082,,,3.8,6.5,6.5,0.7428571428571429,4.571428571428571,132,16,1,54.2,29.166666666666668,26.360000000000003,21.65,50,33.666666666666664,29.5625,0.0,98.875,27.0,0.75
2025,18,2025_18_BAL_PIT,2026-01-04,00-0038454,Keaton Mitchell,RB,BAL,PIT,AWAY,outdoors,grass,0,8,7,-4.5,41.5,1,23,12,8.0,0,0,1,1,1,0,5.800000000000001,4.566666666666667,6.480000000000001,3.5322797171232065,1.3,11.1,4.6000000000000005,3.1671610459383164,0.0,0.0,0.0,0.0,9.0,8.6667,6.8,4.75,2.0,1.0,1.2,1.0,2.0,0.6667,0.8,11.0,9.3333,7.6,11.0,9.6667,8.0,5.75,0.0,0.0,31.0,36.6667,7.0,2.3333,38.0,39.0,0.0,0.0,0.1,0.061111111111111116,0.056666666666666664,0.04556763285024155,-0.0875,-0.03950258397932816,-0.0273760910700116,0.08875000000000002,0.06401485788113696,0.06583673625099189,1,3,5,14.0,16.333333333333332,13.8,0.18,0.30666666666666664,0.24,,,4.230769230769231,2.3333333333333335,3.5,0.47241379310344833,4.0344827586206895,132,16,1,10.8,18.599999999999998,21.660000000000004,19.76875,26,24.0,28.375,0.0,94.4375,32.625,0.4375
2025,18,2025_18_NO_ATL,2026-01-04,00-0038542,Bijan Robinson,RB,ATL,NO,HOME,closed,fieldturf,1,6,7,4.5,43.5,1,50,16,6.0,0,0,1,1,1,0,39.900000000000006,33.06666666666667,27.78,11.159166635551243,9.4,39.900000000000006,22.71875,9.865780506376574,0.0,0.0,0.0,0.0,22.0,19.0,20.0,17.0,8.0,10.0,7.8,6.25,5.0,6.6667,5.4,27.0,25.6667,25.4,30.0,29.0,27.8,23.25,0.0,0.0,195.0,121.3333,34.0,69.3333,229.0,190.6667,2.0,1.3333,0.4,0.3306073648971784,0.2578114235466019,0.20370539729567294,0.0718562874251497,0.05729597305712424,0.027565768198929495,0.6502994011976049,0.5360182284857546,0.4060131730591536,1,3,5,42.0,53.333333333333336,52.6,0.79,0.7966666666666667,0.7859999999999999,,,6.385964912280702,6.933333333333334,10.4,1.1402298850574712,6.574712643678161,132,16,1,13.0,16.166666666666668,20.4,21.375,29,27.0,29.8125,0.0,106.0625,23.9375,0.875
2025,18,2025_18_WAS_PHI,2026-01-04,00-0038555,Tank Bigsby,RB,PHI,WAS,HOME,outdoors,grass,1,7,10,3.0,38.5,1,43,14,7.0,0,0,1,1,1,0,1.9,5.766666666666666,3.7,3.954111783953509,0.4,9.7,2.5857142857142854,3.5413724290617448,0.0,0.0,0.0,0.0,2.0,7.6667,5.0,3.3571,1.0,0.6667,0.4,0.2143,1.0,0.3333,0.2,3.0,8.0,5.2,3.0,8.3333,5.4,3.5714,0.0,0.0,7.0,33.6667,2.0,0.6667,9.0,34.3333,0.0,0.3333,0.045454545454545456,0.03367003367003367,0.0202020202020202,0.010320597277119018,-0.003875968992248062,0.001233262861169838,0.0007399577167019028,0.06546863988724454,0.051368334507869394,0.030821000704721636,1,3,5,5.0,13.333333333333334,10.0,0.09,0.19666666666666666,0.148,,,4.391304347826087,1.0,2.0,0.6919999999999998,4.12,132,16,1,27.1,28.8,27.640000000000004,25.656250000000004,45,32.666666666666664,29.9375,0.0,117.875,31.8125,1.1875
2025,18,2025_18_CLE_CIN,2026-01-04,00-0038597,Chase Brown,RB,CIN,CLE,HOME,outdoors,fieldturf,1,7,7,9.5,47.5,1,44,16,7.0,0,0,1,1,1,0,29.1,26.0,22.959999999999997,7.525822214216863,16.0,32.9,16.475,7.560643711572007,0.0,0.0,0.0,0.0,22.0,15.6667,14.8,13.6875,3.0,4.6667,5.0,5.125,3.0,4.6667,4.8,25.0,20.3333,19.6,25.0,20.3333,19.8,18.8125,0.0,0.0,101.0,73.3333,40.0,40.0,141.0,113.3333,2.0,1.6667,0.09090909090909091,0.13812859780601716,0.13691756272401434,0.14232160760133666,-0.022388059701492536,0.018056017052402687,0.025104926820787316,0.12069199457259158,0.2198321086457076,0.22294979286057265,1,3,5,47.0,43.666666666666664,44.2,0.61,0.6133333333333333,0.622,,,4.680851063829787,8.571428571428571,8.571428571428571,1.278688524590164,5.573770491803279,132,16,1,13.200000000000001,26.166666666666668,26.659999999999997,21.517500000000002,23,27.0,27.75,2.0,95.25,26.0,0.9375
2025,18,2025_18_WAS_PHI,2026-01-04,00-0038611,Chris Rodriguez Jr.,RB,WAS,PHI,AWAY,outdoors,grass,0,10,7,3.0,38.5,1,27,11,15.0,0,0,1,1,1,0,13.9,9.733333333333334,9.260000000000002,3.222266283223657,5.2,13.9,6.972727272727273,4.405698788862196,0.0,0.0,0.0,0.0,15.0,12.0,11.4,8.7273,1.0,0.6667,0.6,0.2727,1.0,0.3333,0.4,16.0,12.3333,11.8,16.0,12.6667,12.0,9.0,0.0,0.0,63.0,52.0,6.0,2.0,69.0,54.0,1.0,0.6667,0.05,0.024074074074074078,0.021340996168582378,0.009700452803901081,0.0,0.006688963210702341,0.006728310053118238,0.07500000000000001,0.04079338535860275,0.03672131129005633,1,3,5,28.0,29.0,27.0,0.52,0.45,0.426,,,4.333333333333333,3.0,6.0,0.768421052631579,4.2631578947368425,132,16,1,19.1,18.833333333333332,24.48,22.90625,35,27.0,27.875,0.0,96.0625,38.0,1.0
2025,18,2025_18_GB_MIN,2026-01-04,00-0038685,Chris Brooks,RB,GB,MIN,AWAY,dome,sportturf,0,8,10,12.5,37.5,1,30,16,8.0,0,0,1,1,1,0,2.1,1.7,1.92,0.9833615815151617,0.4,2.9,1.6625,1.7594980344783944,0.0,0.0,0.0,0.0,0.0,1.0,0.6,0.875,2.0,1.3333,1.4,1.0625,1.0,0.6667,1.0,1.0,1.6667,1.6,2.0,2.3333,2.0,1.9375,0.0,0.0,0.0,4.6667,11.0,5.6667,11.0,10.3333,0.0,0.0,0.08,0.04518518518518518,0.04959986673330001,0.03811599972019762,-0.006872852233676976,0.006558606777564902,0.0036351818779813867,0.11518900343642612,0.07236880252207321,0.076944427414537,1,3,5,21.0,17.666666666666668,15.8,0.45,0.30666666666666664,0.27199999999999996,,,4.666666666666667,4.25,8.5,0.7285714285714285,4.428571428571429,132,16,1,12.4,19.866666666666667,18.28,20.05625,32,31.0,31.0,0.0,105.125,20.4375,0.75
2025,18,2025_18_ARI_LA,2026-01-04,00-0038705,Emari Demercado,RB,ARI,LA,AWAY,dome,matrixturf,0,7,6,14.5,49.5,1,35,11,7.0,0,0,1,1,1,0,4.0,3.033333333333333,5.3,4.596737973824482,2.1,13.4,4.690909090909091,4.467539489574669,0.0,0.0,0.0,0.0,5.0,3.6667,4.0,3.8182,3.0,2.3333,2.8,1.7273,2.0,1.3333,1.8,7.0,5.0,5.8,8.0,6.0,6.8,5.5455,0.0,0.0,11.0,14.0,9.0,3.0,20.0,17.0,0.0,0.0,0.08571428571428572,0.06638147091867601,0.06872498644730948,0.04392368010946774,0.021052631578947368,0.010124269005847954,0.001712702599886424,0.14330827067669172,0.10665919468210756,0.10428637149088474,1,3,5,30.0,18.333333333333332,20.2,0.53,0.32,0.312,,,3.8181818181818183,1.2857142857142858,2.25,0.5055555555555555,2.8333333333333335,132,16,1,42.2,34.666666666666664,29.439999999999998,20.26875,40,31.666666666666668,27.5625,0.0,90.375,34.8125,0.5625
2025,18,2025_18_DAL_NYG,2026-01-04,00-0038738,Hunter Luepke,RB,DAL,NYG,AWAY,outdoors,fieldturf,0,10,7,-3.0,50.5,1,37,13,10.0,0,0,1,1,1,0,5.4,4.266666666666667,2.9000000000000004,2.2781571499789033,0.0,5.4,2.646153846153846,2.9435283206313767,0.0,0.0,0.0,0.0,7.0,3.6667,2.2,1.0769,1.0,1.6667,1.2,1.0769,1.0,1.3333,1.0,8.0,5.0,3.2,8.0,5.3333,3.4,2.1538,0.0,0.0,30.0,15.3333,14.0,14.0,44.0,29.3333,0.0,0.0,0.027777777777777776,0.04914021164021163,0.035198412698412694,0.032609923186548574,0.015706806282722512,0.008440730299369042,0.0017857496550312615,0.052661431064572425,0.0796188286698758,0.05404764380614093,1,3,5,31.0,18.0,18.0,0.34,0.22999999999999998,0.23000000000000004,,,4.181818181818182,8.4,10.5,0.8,5.5,132,16,1,9.5,13.966666666666669,25.320000000000004,25.6875,19,25.666666666666668,26.625,0.0,117.9375,30.8125,1.0625
2025,18,2025_18_LAC_DEN,2026-01-04,00-0038794,Jaleel McLaughlin,RB,DEN,LAC,HOME,outdoors,grass,1,10,8,14.5,37.5,1,40,7,10.0,0,0,1,1,1,0,4.0,2.7000000000000006,3.2399999999999998,1.5946786510140532,0.4,4.1,3.514285714285714,2.791910081783062,0.0,0.0,0.0,0.0,7.0,4.6667,4.8,4.4286,0.0,0.0,0.4,0.5714,0.0,0.0,0.4,7.0,4.6667,5.2,7.0,4.6667,5.2,5.0,0.0,0.0,40.0,27.0,0.0,0.0,40.0,27.0,0.0,0.0,0.0,0.0,0.01020671834625323,0.016753272567226054,0.0,0.0,-0.0011904761904761904,0.0,0.0,0.014476744186046511,1,3,5,16.0,11.666666666666666,11.6,0.22,0.16666666666666666,0.16599999999999998,,,5.785714285714286,,,0.5785714285714286,5.785714285714286,132,16,1,12.2,9.466666666666667,12.2,18.700000000000003,30,24.666666666666668,24.25,0.0,85.875,22.375,0.75
2025,18,2025_18_GB_MIN,2026-01-04,00-0038797,Emanuel Wilson,RB,GB,MIN,AWAY,dome,sportturf,0,8,10,12.5,37.5,1,38,16,8.0,0,0,1,1,1,0,3.4000000000000004,3.9666666666666672,2.8600000000000003,3.199687484739721,0.30000000000000004,8.200000000000001,5.54375,7.166958327398498,0.0,0.0,0.0,0.0,3.0,6.3333,5.2,6.6875,1.0,0.3333,0.2,1.0,1.0,0.3333,0.2,4.0,6.6667,5.4,4.0,6.6667,5.4,7.6875,0.0,0.0,16.0,33.6667,8.0,2.6667,24.0,36.3333,0.0,0.0,0.04,0.013333333333333334,0.008,0.033404928404928404,0.010309278350515464,0.003436426116838488,0.002061855670103093,0.06721649484536082,0.02240549828178694,0.013443298969072166,1,3,5,17.0,21.0,16.6,0.36,0.34,0.27199999999999996,,,5.315789473684211,8.0,8.0,0.5950000000000001,5.45,132,16,1,12.4,19.866666666666667,18.28,20.05625,32,31.0,31.0,0.0,105.125,20.4375,0.75
2025,18,2025_18_CAR_TB,2026-01-03,00-0038951,Sean Tucker,RB,TB,CAR,HOME,outdoors,grass,1,6,6,3.0,43.5,1,36,16,6.0,0,0,1,1,1,0,0.8,4.6000000000000005,4.540000000000001,3.9170141689812663,0.0,8.9,5.7375,8.364996513248924,0.0,0.0,0.0,0.0,2.0,3.3333,3.8,5.125,1.0,0.3333,0.2,0.6875,0.0,0.0,0.0,2.0,3.3333,3.8,3.0,3.6667,4.0,5.8125,0.0,0.0,8.0,6.0,0.0,0.0,8.0,6.0,0.0,0.6667,0.022727272727272728,0.007575757575757576,0.004545454545454545,0.020098693983786352,0.011111111111111112,0.003703703703703704,0.0022222222222222222,0.04186868686868687,0.013956228956228956,0.008373737373737374,1,3,5,4.0,5.666666666666667,7.6,0.06,0.08666666666666667,0.11400000000000002,,,1.8,0.0,,1.2545454545454546,1.6363636363636365,132,16,1,33.900000000000006,24.900000000000002,26.920000000000005,24.625000000000004,37,28.333333333333332,27.875,0.0,106.5,28.5,1.125
2025,18,2025_18_TEN_JAX,2026-01-04,00-0039032,Tyjae Spears,RB,TEN,JAX,AWAY,outdoors,grass,0,7,7,12.5,46.5,1,41,12,7.0,0,0,1,1,1,0,1.1,9.4,8.66,7.669615374971551,1.1,21.5,8.499999999999998,5.788075516250474,0.0,0.0,0.0,0.0,6.0,7.3333,6.4,5.75,2.0,3.0,3.8,3.5833,1.0,2.6667,3.2,7.0,10.0,9.6,8.0,10.3333,10.2,9.3333,0.0,0.0,2.0,29.3333,-1.0,18.0,1.0,47.3333,0.0,0.3333,0.05714285714285714,0.1054673721340388,0.12956613756613758,0.11540698390414593,-0.064343163538874,-0.06030252690559603,-0.030656859117032077,0.04067407123707392,0.115989289367141,0.1728894049672839,1,3,5,39.0,31.666666666666668,30.2,0.53,0.47333333333333333,0.4619999999999999,,,4.0,6.0,6.75,0.9096774193548388,4.580645161290323,132,16,1,18.799999999999997,21.833333333333332,18.7,18.268749999999997,28,25.0,23.3125,0.0,67.8125,33.0,0.6875
2025,18,2025_18_DET_CHI,2026-01-04,00-0039139,Jahmyr Gibbs,RB,DET,CHI,AWAY,outdoors,grass,0,10,7,3.5,51.5,1,48,16,10.0,0,0,1,1,1,0,6.4,13.0,17.520000000000003,12.50647832125415,6.4,37.0,21.6625,13.966668655528897,0.0,0.0,0.0,0.0,17.0,12.3333,13.8,14.0,3.0,7.6667,6.8,5.5625,2.0,5.3333,5.2,19.0,17.6667,19.0,20.0,20.0,20.6,19.5625,0.0,0.0,41.0,27.0,23.0,36.3333,64.0,63.3333,0.0,0.3333,0.10344827586206896,0.1792196007259528,0.18232268038778196,0.16295011667397924,0.06030150753768844,0.05500588957933317,0.0569953138657607,0.19738346906948537,0.3073335237944624,0.3133807402877054,1,3,5,44.0,53.333333333333336,49.4,0.69,0.7866666666666666,0.75,,,2.189189189189189,4.739130434782608,6.8125,0.65,3.1666666666666665,132,16,1,31.900000000000002,17.566666666666666,16.040000000000003,20.8125,34,27.333333333333332,26.1875,0.0,103.125,25.625,0.75
2025,18,2025_18_SEA_SF,2026-01-03,00-0039165,Zach Charbonnet,RB,SEA,SF,AWAY,outdoors,grass,0,6,6,-2.5,47.5,1,48,15,6.0,0,0,1,1,1,0,26.200000000000003,15.566666666666668,13.3,8.856635930193812,3.1,26.200000000000003,10.846666666666666,6.629357506755912,0.0,0.0,0.0,0.0,18.0,11.6667,11.2,11.1333,2.0,2.3333,2.0,1.3333,2.0,2.0,1.6,20.0,13.6667,12.8,20.0,14.0,13.2,12.4667,0.0,0.0,110.0,57.6667,12.0,11.3333,122.0,69.0,2.0,1.0,0.07692307692307693,0.07875278843020779,0.06725167305812467,0.045222208415298774,0.02127659574468085,0.016726149528522197,0.016310199521034886,0.13027823240589198,0.1298374873152772,0.11229464925191143,1,3,5,35.0,35.333333333333336,31.4,0.53,0.5466666666666667,0.4880000000000001,,,4.942857142857143,4.857142857142857,5.666666666666667,1.111904761904762,4.928571428571429,132,16,1,29.599999999999998,24.299999999999997,23.1,22.806250000000002,24,23.0,26.5,0.0,88.1875,34.25,0.875
2025,18,2025_18_CAR_TB,2026-01-03,00-0039361,Bucky Irving,RB,TB,CAR,HOME,outdoors,grass,1,6,6,3.0,43.5,1,26,9,6.0,0,0,1,1,1,0,8.3,7.833333333333335,11.14,4.550604355467525,7.1000000000000005,16.1,14.18888888888889,5.83875938116233,0.0,0.0,0.0,0.0,9.0,14.6667,15.2,16.3333,6.0,3.0,2.8,3.6667,5.0,2.0,2.0,14.0,16.6667,17.2,15.0,17.6667,18.0,20.0,0.0,0.0,19.0,50.0,14.0,8.3333,33.0,58.3333,0.0,0.0,0.13636363636363635,0.07670454545454546,0.08283591408591409,0.10892397034638414,-0.03333333333333333,-0.0046115753636645,-0.014991025485757231,0.1812121212121212,0.11182871542725303,0.11376015328884108,1,3,5,36.0,37.666666666666664,36.2,0.54,0.5666666666666668,0.542,,,3.409090909090909,2.7777777777777777,4.166666666666667,0.4433962264150944,3.30188679245283,132,16,1,33.900000000000006,24.900000000000002,26.920000000000005,24.625000000000004,37,28.333333333333332,27.875,0.0,106.5,28.5,1.125
2025,18,2025_18_DET_CHI,2026-01-04,00-0039364,Sione Vaki,RB,DET,CHI,AWAY,outdoors,grass,0,10,7,3.5,51.5,1,16,7,10.0,0,0,1,1,1,0,0.0,0.0,0.08,0.17888543819998318,0.0,0.4,0.05714285714285715,0.1511857892036909,0.0,0.0,0.0,0.0,0.0,0.0,0.2,0.1429,0.0,0.0,0.0,0.0,0.0,0.0,0.0,0.0,0.0,0.2,0.0,0.0,0.2,0.1429,0.0,0.0,0.0,0.0,0.0,0.0,0.0,0.0,0.0,0.0,0.0,0.0,0.0,0.0,0.0,0.0,0.0,0.0,0.0,0.0,1,3,5,0.0,0.0,0.2,0.0,0.0,0.002,,,,,,,,132,16,1,31.900000000000002,17.566666666666666,16.040000000000003,20.8125,34,27.333333333333332,26.1875,0.0,103.125,25.625,0.75
2025,18,2025_18_NO_ATL,2026-01-04,00-0039373,Audric Estimé,RB,NO,ATL,AWAY,closed,fieldturf,0,7,6,4.5,43.5,1,17,4,7.0,0,0,1,1,1,0,16.8,10.466666666666667,8.38,5.662331675202363,1.1,16.8,8.125,6.50506213139685,0.0,0.0,0.0,0.0,14.0,7.3333,7.4,6.25,1.0,2.6667,1.6,2.0,1.0,2.3333,1.4,15.0,9.6667,8.8,15.0,10.0,9.0,8.25,0.0,0.0,94.0,41.3333,4.0,20.0,98.0,61.3333,1.0,0.3333,0.037037037037037035,0.07297253785471584,0.0437835227128295,0.05472940339103688,0.0,-0.012732195187840988,-0.007639317112704593,0.05555555555555555,0.10054627015058508,0.060327762090351046,1,3,5,41.0,37.0,27.8,0.76,0.5666666666666667,0.42200000000000004,,,5.636363636363637,7.5,8.571428571428571,1.0466666666666666,6.133333333333334,132,16,1,18.3,16.46666666666667,15.48,21.8125,23,24.333333333333332,27.5,0.0,101.4375,29.1875,0.8125
2025,18,2025_18_DAL_NYG,2026-01-04,00-0039384,Tyrone Tracy Jr.,RB,NYG,DAL,HOME,outdoors,fieldturf,1,7,10,-3.0,50.5,1,31,14,7.0,0,0,1,1,1,0,6.7,13.733333333333334,12.3,8.201524248577213,4.300000000000001,24.700000000000003,9.492857142857144,6.234206418649424,0.0,0.0,0.0,0.0,14.0,15.0,15.0,11.2857,2.0,2.6667,2.6,2.7857,1.0,2.0,2.0,15.0,17.0,17.0,16.0,17.6667,17.6,14.0714,0.0,0.0,62.0,67.6667,-5.0,9.6667,57.0,77.3333,0.0,0.6667,0.06896551724137931,0.11130759406621475,0.09864730153776806,0.09544865560965966,0.09554140127388536,0.03690435044308545,0.0187727792889192,0.1703272567537887,0.19279443640948193,0.1611118978088955,1,3,5,42.0,43.0,42.8,0.66,0.68,0.648,,,4.511111111111111,3.625,4.833333333333333,0.7773584905660378,4.377358490566038,132,16,1,26.5,19.3,24.7,24.043750000000003,15,22.333333333333332,25.375,0.0,93.0625,42.375,1.0
2025,18,2025_18_LAC_DEN,2026-01-04,00-0039391,Kimani Vidal,RB,LAC,DEN,AWAY,outdoors,grass,0,8,10,14.5,37.5,1,21,12,14.0,0,0,1,1,1,0,1.1,6.100000000000001,8.440000000000001,7.864032044695648,1.1,20.700000000000003,9.658333333333333,8.434610335703216,0.0,0.0,0.0,0.0,5.0,10.3333,12.2,12.6667,0.0,1.3333,1.4,1.75,0.0,0.6667,1.0,5.0,11.0,13.2,5.0,11.6667,13.6,14.4167,0.0,0.0,11.0,29.3333,0.0,25.0,11.0,54.3333,0.0,0.0,0.0,0.05629877369007804,0.059969740404523006,0.05652542515504949,0.0,0.016722783389450057,-0.0029278768310885403,0.0,0.09615410890773209,0.08790509682502254,1,3,5,21.0,38.0,38.0,0.33,0.5533333333333333,0.588,,,2.838709677419355,18.75,37.5,0.522857142857143,4.6571428571428575,132,16,1,16.5,20.066666666666666,16.860000000000003,17.44375,20,22.0,23.1875,0.0,73.5,22.1875,0.875
2025,18,2025_18_IND_HOU,2026-01-04,00-0039405,Jawhar Jordan,RB,HOU,IND,HOME,closed,astroturf,1,8,7,9.5,37.5,1,3,3,8.0,0,0,1,1,0,0,3.6,9.8,9.8,5.44426303552648,3.6,13.8,9.8,5.44426303552648,0.0,0.0,0.0,0.0,8.0,12.6667,12.6667,12.6667,0.0,2.3333,2.3333,2.3333,0.0,2.3333,2.3333,8.0,15.0,15.0,8.0,15.0,15.0,15.0,0.0,0.0,36.0,63.3333,0.0,11.3333,36.0,74.6667,0.0,0.0,0.0,0.0746606334841629,0.0746606334841629,0.0746606334841629,0.0,-0.02236233711643548,-0.02236233711643548,0.0,0.09633731424473951,0.09633731424473951,1,3,3,11.0,23.0,23.0,0.17,0.35000000000000003,0.35000000000000003,,,5.0,4.857142857142857,4.857142857142857,0.6533333333333334,4.977777777777778,132,16,1,13.600000000000001,18.066666666666666,18.76,20.225,24,26.333333333333332,26.8125,0.0,84.875,25.5,0.9375
2025,18,2025_18_KC_LV,2026-01-04,00-0039407,Dylan Laube,RB,LV,KC,HOME,dome,grass,1,7,10,-3.5,36.5,1,22,16,7.0,0,0,1,1,1,0,0.0,0.13333333333333333,0.08,0.17888543819998318,0.0,0.4,0.35625,0.9598393962880803,0.0,0.0,0.0,0.0,0.0,0.6667,0.4,0.4375,0.0,0.0,0.0,0.25,0.0,0.0,0.0,0.0,0.6667,0.4,0.0,0.6667,0.4,0.6875,0.0,0.0,0.0,1.3333,0.0,0.0,0.0,1.3333,0.0,0.0,0.0,0.0,0.0,0.008898262147236154,0.0,0.0,0.0,0.0,0.0,0.0,1,3,5,0.0,0.6666666666666666,0.4,0.0,0.016666666666666666,0.01,,,2.0,,,0.2,2.0,132,16,1,22.6,22.566666666666666,23.560000000000002,19.5,27,32.333333333333336,24.875,0.0,82.5,28.75,0.75
2025,18,2025_18_IND_HOU,2026-01-04,00-0039603,British Brooks,RB,HOU,IND,HOME,closed,astroturf,1,8,7,9.5,37.5,1,9,7,14.0,0,0,1,1,1,0,0.0,0.0,0.0,0.0,0.0,0.0,0.21428571428571427,0.5669467095138409,0.0,0.0,0.0,0.0,0.0,0.0,0.4,0.5714,0.0,0.0,0.0,0.0,0.0,0.0,0.0,0.0,0.0,0.4,0.0,0.0,0.4,0.5714,0.0,0.0,0.0,0.0,0.0,0.0,0.0,0.0,0.0,0.0,0.0,0.0,0.0,0.0,0.0,0.0,0.0,0.0,0.0,0.0,1,3,5,2.0,1.6666666666666667,3.4,0.03,0.023333333333333334,0.048,,,,,,,,132,16,1,13.600000000000001,18.066666666666666,18.76,20.225,24,26.333333333333332,26.8125,0.0,84.875,25.5,0.9375
2025,18,2025_18_ARI_LA,2026-01-04,00-0039738,Blake Corum,RB,LA,ARI,HOME,dome,matrixturf,1,6,7,14.5,49.5,1,31,16,6.0,0,0,1,1,1,0,1.8,9.333333333333334,13.64,8.60569578825559,1.8,26.1,7.143750000000001,6.703229942845962,0.0,0.0,0.0,0.0,6.0,10.3333,10.0,8.25,0.0,0.6667,0.6,0.8125,0.0,0.3333,0.4,6.0,10.6667,10.4,6.0,11.0,10.6,9.0625,0.0,0.0,18.0,45.6667,0.0,4.3333,18.0,50.0,0.0,0.6667,0.0,0.013888888888888888,0.014784946236559137,0.022343398883984438,0.0,0.007686932215234102,0.006405881302234631,0.0,0.026214185883997206,0.02666153626640295,1,3,5,16.0,25.333333333333332,23.0,0.25,0.3333333333333333,0.328,,,4.419354838709677,6.5,13.0,0.8484848484848486,4.545454545454546,132,16,1,40.300000000000004,34.46666666666667,34.660000000000004,26.675,33,37.0,29.1875,0.0,112.9375,34.4375,1.3125
2025,18,2025_18_WAS_PHI,2026-01-04,00-0039746,Will Shipley,RB,PHI,WAS,HOME,outdoors,grass,1,7,10,3.0,38.5,1,26,13,7.0,0,0,1,1,1,0,0.2,0.5,0.9800000000000001,0.8700574693662483,0.0,2.1,1.2461538461538462,1.5398135085216134,0.0,0.0,0.0,0.0,2.0,0.6667,0.4,1.0,0.0,0.3333,0.6,0.6923,0.0,0.3333,0.6,2.0,1.0,1.0,2.0,1.0,1.0,1.6923,0.0,0.0,2.0,0.6667,0.0,1.0,2.0,1.6667,0.0,0.0,0.0,0.011494252873563218,0.01882637628554144,0.02463749113516335,0.0,-0.008291873963515755,0.0015030956524177276,0.0,0.0114370675358838,0.02929173138500457,1,3,5,5.0,5.666666666666667,5.6,0.09,0.08666666666666667,0.08600000000000001,,,1.0,3.0,3.0,0.5,1.6666666666666667,132,16,1,27.1,28.8,27.640000000000004,25.656250000000004,45,32.666666666666664,29.9375,0.0,117.875,31.8125,1.1875
2025,18,2025_18_BAL_PIT,2026-01-04,00-0039796,Rasheen Ali,RB,BAL,PIT,AWAY,outdoors,grass,0,8,7,-4.5,41.5,1,19,14,8.0,0,0,1,1,1,0,2.8,5.3999999999999995,4.24,3.937384918953187,1.7000000000000002,11.2,1.7285714285714284,2.9944637561361778,0.0,0.0,0.0,0.0,0.0,0.0,1.0,0.4286,3.0,2.3333,2.0,0.7857,2.0,2.0,1.6,2.0,2.0,2.6,3.0,2.3333,3.0,1.2143,0.0,0.0,0.0,0.0,8.0,14.0,8.0,14.0,0.0,0.3333,0.15,0.13888888888888887,0.10151515151515152,0.03911255411255411,0.075,-0.015845006573280748,-0.0009466926599217551,0.27749999999999997,0.1972418287320368,0.15161004241078205,1,3,5,15.0,12.666666666666666,18.8,0.2,0.22999999999999998,0.302,,,,6.0,7.0,2.314285714285714,6.0,132,16,1,10.8,18.599999999999998,21.660000000000004,19.76875,26,24.0,28.375,0.0,94.4375,32.625,0.4375
2025,18,2025_18_MIA_NE,2026-01-04,00-0039874,Jaylen Wright,RB,MIA,NE,AWAY,outdoors,fieldturf,0,7,7,14.0,44.5,1,21,8,7.0,0,0,1,1,1,0,5.6000000000000005,6.666666666666667,7.660000000000001,6.61687237295688,1.6,16.700000000000003,5.525,5.877256405598012,0.0,0.0,0.0,0.0,5.0,5.0,8.4,7.125,0.0,1.0,1.2,0.875,0.0,0.6667,0.4,5.0,5.6667,8.8,5.0,6.0,9.6,8.0,0.0,0.0,56.0,31.0,0.0,9.0,56.0,40.0,0.0,0.3333,0.0,0.03580901856763926,0.05005683971201212,0.03591515444963721,0.0,-0.008939974457215836,-0.03904819520064529,0.0,0.047455545731407804,0.047751522927566493,1,3,5,8.0,10.0,14.0,0.15,0.18000000000000002,0.23199999999999998,,,6.2,9.0,13.5,1.1111111111111112,6.666666666666667,132,16,1,27.5,31.0,26.4,19.55,30,30.666666666666668,25.4375,0.0,79.9375,30.5625,0.625
2025,18,2025_18_NYJ_BUF,2026-01-04,00-0039875,Ray Davis,RB,BUF,NYJ,HOME,outdoors,a_turf,1,7,7,12.5,39.5,1,33,16,7.0,0,0,1,1,1,0,2.6,3.4333333333333336,3.3,2.5099800796022267,0.0,6.2,2.41875,2.947590824159057,0.0,0.0,0.0,0.0,1.0,1.3333,2.6,2.3125,1.0,1.3333,0.8,0.6875,1.0,1.3333,0.8,2.0,2.6667,3.4,2.0,2.6667,3.4,3.0,0.0,0.0,4.0,6.0,12.0,15.0,16.0,21.0,0.0,0.0,0.030303030303030304,0.059958559958559955,0.03597513597513598,0.025676145513102037,0.0,0.009784715845321907,0.005870829507193144,0.045454545454545456,0.09678714102956527,0.05807228461773917,1,3,5,10.0,8.0,8.2,0.13,0.12666666666666668,0.124,,,4.5,11.25,11.25,1.2875,7.875,132,16,1,35.900000000000006,28.733333333333338,34.38000000000001,26.6,36,24.333333333333332,29.125,0.0,104.0,32.625,1.5625
2025,18,2025_18_DAL_NYG,2026-01-04,00-0040021,Phil Mafah,RB,DAL,NYG,AWAY,outdoors,fieldturf,0,10,7,-3.0,50.5,1,0,0,,1,1,0,0,0,0,,,,,,,,,,,,,,,,,,,,,,,,,,,,,,,,,,,,,,,,,,,,,,,,,,,0,0,0,,,,,,,,,,,,,,132,16,1,9.5,13.966666666666669,25.320000000000004,25.6875,19,25.666666666666668,26.625,0.0,117.9375,30.8125,1.0625
2025,18,2025_18_KC_LV,2026-01-04,00-0040078,Brashard Smith,RB,KC,LV,AWAY,dome,grass,0,10,7,-3.5,36.5,1,16,16,10.0,0,0,1,1,1,0,9.5,3.6666666666666665,2.34,4.041410644812031,0.0,9.5,3.46875,3.993280814902286,0.0,0.0,0.0,0.0,0.0,0.6667,0.6,2.0,4.0,1.6667,1.0,1.9375,3.0,1.3333,0.8,3.0,2.0,1.4,4.0,2.3333,1.6,3.9375,0.0,0.0,0.0,0.3333,5.0,3.0,5.0,3.3333,1.0,0.3333,0.2,0.08181818181818183,0.049090909090909095,0.061561491850877545,-0.14285714285714285,-0.05357142857142857,-0.03214285714285714,0.20000000000000007,0.08522727272727275,0.051136363636363646,1,3,5,6.0,5.666666666666667,5.2,0.14,0.12333333333333334,0.10200000000000001,,,0.5,1.8,2.25,1.5714285714285714,1.4285714285714286,132,16,1,23.7,21.566666666666666,25.200000000000003,23.425000000000004,28,33.333333333333336,29.6875,0.0,98.8125,26.6875,1.0625
2025,18,2025_18_KC_LV,2026-01-04,00-0040122,Ashton Jeanty,RB,LV,KC,HOME,dome,grass,1,7,10,-3.5,36.5,1,16,16,7.0,0,0,1,1,1,0,9.3,16.433333333333334,13.440000000000001,10.510137962938451,5.800000000000001,31.8,14.543750000000001,8.954028423006038,0.0,0.0,0.0,0.0,16.0,16.3333,14.8,15.0,2.0,3.3333,4.4,4.25,2.0,2.3333,3.0,18.0,18.6667,17.8,18.0,19.6667,19.2,19.25,0.0,0.0,60.0,74.3333,13.0,26.6667,73.0,101.0,0.0,0.6667,0.07142857142857142,0.1341125541125541,0.18176623376623377,0.14480155284740434,0.05389221556886228,0.07791110926112026,-0.009679563951524557,0.14486740804106074,0.2557066076516154,0.26587365588328343,1,3,5,48.0,42.666666666666664,41.8,0.81,0.8166666666666668,0.8220000000000001,,,4.551020408163265,8.0,11.428571428571429,0.835593220338983,5.135593220338983,132,16,1,22.6,22.566666666666666,23.560000000000002,19.5,27,32.333333333333336,24.875,0.0,82.5,28.75,0.75
2025,18,2025_18_CLE_CIN,2026-01-04,00-0040162,Dylan Sampson,RB,CLE,CIN,AWAY,outdoors,fieldturf,0,7,7,9.5,47.5,1,14,14,7.0,0,0,1,1,1,0,5.7,5.933333333333334,7.1800000000000015,5.960453002918488,1.9000000000000001,16.200000000000003,5.8,5.807157387489762,0.0,0.0,0.0,0.0,11.0,5.6667,5.0,3.9286,3.0,3.0,2.6,2.6429,3.0,2.6667,2.0,14.0,8.3333,7.0,14.0,8.6667,7.6,6.5714,0.0,0.0,27.0,18.0,0.0,21.3333,27.0,39.3333,0.0,0.0,0.13043478260869565,0.09610983981693362,0.0989992372234935,0.0827424497610789,-0.06878306878306878,-0.026206378118946425,-0.02816126894736415,0.14750402576489532,0.12582029504213796,0.12878596757208535,1,3,5,18.0,18.666666666666668,16.2,0.35,0.3066666666666667,0.27999999999999997,,,3.176470588235294,7.111111111111111,8.0,0.6846153846153846,4.538461538461538,131,16,1,10.5,22.833333333333332,23.14,29.21125,20,24.0,29.1875,0.4375,122.625,42.4375,1.375
2025,18,2025_18_IND_HOU,2026-01-04,00-0040179,DJ Giddens,RB,IND,HOU,AWAY,closed,astroturf,0,7,8,9.5,37.5,1,4,4,91.0,0,0,1,1,0,0,2.2,0.8333333333333334,1.6500000000000001,1.9017535767461218,0.0,4.1000000000000005,1.6500000000000001,1.9017535767461218,0.0,0.0,0.0,0.0,5.0,2.0,4.5,4.5,1.0,0.6667,0.5,0.5,0.0,0.0,0.0,5.0,2.0,4.5,6.0,2.6667,5.0,5.0,0.0,0.0,22.0,8.3333,0.0,0.0,22.0,8.3333,0.0,0.0,0.03225806451612903,0.020853698273053112,0.015640273704789834,0.015640273704789834,0.0,-0.0060790273556231,-0.004559270516717325,0.04838709677419355,0.0270252282606435,0.020268921195482625,1,3,4,9.0,7.333333333333333,10.0,0.14,0.11666666666666668,0.15000000000000002,,,4.166666666666667,0.0,,0.3125,3.125,132,16,1,20.1,23.400000000000006,19.6,20.362499999999997,23,25.333333333333332,24.75,0.0,74.25,31.25,0.875
2025,18,2025_18_MIA_NE,2026-01-04,00-0040198,Ollie Gordon II,RB,MIA,NE,AWAY,outdoors,fieldturf,0,7,7,14.0,44.5,1,16,16,7.0,0,0,1,1,1,0,0.0,-0.03333333333333333,1.72,3.372980877502865,-0.1,7.7,3.25,4.479583313955291,0.0,0.0,0.0,0.0,0.0,1.0,2.2,3.8125,0.0,0.0,0.0,0.5,0.0,0.0,0.0,0.0,1.0,2.2,0.0,1.0,2.2,4.3125,0.0,0.0,0.0,-0.3333,0.0,0.0,0.0,-0.3333,0.0,0.0,0.0,0.0,0.0,0.016723258036262068,0.0,0.0,0.0,0.0,0.0,0.0,1,3,5,8.0,5.666666666666667,9.8,0.15,0.10666666666666665,0.168,,,-0.3333333333333333,,,-0.03333333333333333,-0.3333333333333333,132,16,1,27.5,31.0,26.4,19.55,30,30.666666666666668,25.4375,0.0,79.9375,30.5625,0.625
2025,18,2025_18_DET_CHI,2026-01-04,00-0040236,Kyle Monangai,RB,CHI,DET,HOME,outdoors,grass,1,7,10,3.5,51.5,1,16,16,7.0,0,0,1,1,1,0,7.7,7.766666666666667,10.2,5.8728187440104085,3.3000000000000003,19.0,8.8,6.444739456849025,0.0,0.0,0.0,0.0,8.0,9.3333,12.8,10.1875,4.0,3.3333,2.6,1.8125,3.0,2.0,1.4,11.0,11.3333,14.2,12.0,12.6667,15.4,12.0,0.0,0.0,38.0,40.3333,9.0,17.3333,47.0,57.6667,0.0,0.0,0.10256410256410256,0.10485640370697842,0.08344955650990134,0.05864478559505816,-0.013201320132013201,-0.00544410936561934,-0.008273390089383322,0.14460522975374462,0.1534737290045341,0.11938296170228369,1,3,5,27.0,28.0,30.4,0.41,0.4266666666666667,0.42800000000000005,,,4.321428571428571,5.2,8.666666666666666,0.6131578947368421,4.552631578947368,132,16,1,17.700000000000003,35.16666666666667,27.040000000000003,19.85,29,29.333333333333332,25.75,0.0,91.3125,24.6875,0.8125
2025,18,2025_18_WAS_PHI,2026-01-04,00-0040242,Jacory Croskey-Merritt,RB,WAS,PHI,AWAY,outdoors,grass,0,10,7,3.0,38.5,1,16,16,10.0,0,0,1,1,1,0,22.5,15.533333333333333,10.36,8.652340723757936,2.0,22.5,8.5875,7.580842081633588,0.0,0.0,0.0,0.0,11.0,12.3333,9.6,10.125,0.0,0.0,0.0,0.8125,0.0,0.0,0.0,11.0,12.3333,9.6,11.0,12.3333,9.6,10.9375,0.0,0.0,105.0,75.3333,0.0,0.0,105.0,75.3333,2.0,1.3333,0.0,0.0,0.0,0.03168413153254402,0.0,0.0,0.0,0.0,0.0,0.0,1,3,5,28.0,23.666666666666668,18.8,0.64,0.4533333333333333,0.33799999999999997,,,6.108108108108108,,,1.2594594594594595,6.108108108108108,132,16,1,19.1,18.833333333333332,24.48,22.90625,35,27.0,27.875,0.0,96.0625,38.0,1.0
2025,18,2025_18_CLE_CIN,2026-01-04,00-0040466,Raheim Sanders,RB,CLE,CIN,AWAY,outdoors,fieldturf,0,7,7,9.5,47.5,1,3,3,7.0,0,0,1,1,0,0,4.1,5.333333333333333,5.333333333333333,1.1239810200058244,4.1,6.3,5.333333333333333,1.1239810200058244,0.0,0.0,0.0,0.0,8.0,7.3333,7.3333,7.3333,2.0,1.0,1.0,1.0,1.0,0.6667,0.6667,9.0,8.0,8.0,10.0,8.3333,8.3333,8.3333,0.0,0.0,21.0,22.0,10.0,4.6667,31.0,26.6667,0.0,0.3333,0.08695652173913043,0.04133118625872249,0.04133118625872249,0.04133118625872249,0.06878306878306878,0.03742044321754467,0.03742044321754467,0.17858293075684378,0.088191089640365,0.088191089640365,1,3,3,22.0,15.0,15.0,0.42,0.25333333333333335,0.25333333333333335,,,3.0,4.666666666666667,7.0,0.64,3.2,131,16,1,10.5,22.833333333333332,23.14,29.21125,20,24.0,29.1875,0.4375,122.625,42.4375,1.375
2025,18,2025_18_ARI_LA,2026-01-04,00-0040556,Corey Kiner,RB,ARI,LA,AWAY,dome,matrixturf,0,7,6,14.5,49.5,1,3,3,7.0,0,0,1,1,0,0,0.2,1.5000000000000002,1.5000000000000002,1.5394804318340654,0.2,3.2,1.5000000000000002,1.5394804318340654,0.0,0.0,0.0,0.0,1.0,3.0,3.0,3.0,0.0,0.0,0.0,0.0,0.0,0.0,0.0,1.0,3.0,3.0,1.0,3.0,3.0,3.0,0.0,0.0,2.0,15.0,0.0,0.0,2.0,15.0,0.0,0.0,0.0,0.0,0.0,0.0,0.0,0.0,0.0,0.0,0.0,0.0,1,3,3,2.0,5.333333333333333,5.333333333333333,0.04,0.09333333333333332,0.09333333333333332,,,5.0,,,0.5000000000000001,5.0,132,16,1,42.2,34.666666666666664,29.439999999999998,20.26875,40,31.666666666666668,27.5625,0.0,90.375,34.8125,0.5625
2025,18,2025_18_IND_HOU,2026-01-04,00-0040583,Woody Marks,RB,HOU,IND,HOME,closed,astroturf,1,8,7,9.5,37.5,1,15,15,8.0,0,0,1,1,1,0,8.5,9.633333333333335,8.9,4.009364039345892,4.800000000000001,15.600000000000001,9.22,7.150544434816534,0.0,0.0,0.0,0.0,19.0,17.3333,17.4,12.4,2.0,2.0,1.6,2.2,1.0,1.3333,1.2,20.0,18.6667,18.6,21.0,19.3333,19.0,14.6,0.0,0.0,71.0,56.3333,4.0,6.6667,75.0,63.0,0.0,0.3333,0.07692307692307693,0.0754985754985755,0.058692002442002435,0.06582580179308238,0.06640625,0.03919206978889356,0.017655625299433847,0.16186899038461539,0.14068231210008875,0.10039694137260735,1,3,5,44.0,40.0,40.4,0.68,0.59,0.6000000000000001,,,3.25,3.3333333333333335,5.0,0.49827586206896557,3.2586206896551726,132,16,1,13.600000000000001,18.066666666666666,18.76,20.225,24,26.333333333333332,26.8125,0.0,84.875,25.5,0.9375
2025,18,2025_18_DAL_NYG,2026-01-04,00-0040586,Jaydon Blue,RB,DAL,NYG,AWAY,outdoors,fieldturf,0,10,7,-3.0,50.5,1,4,4,70.0,0,0,1,1,0,0,2.9000000000000004,2.4333333333333336,2.0,2.0215505600075074,0.0,4.4,2.0,2.0215505600075074,0.0,0.0,0.0,0.0,8.0,6.0,5.5,5.5,0.0,0.3333,0.25,0.25,0.0,0.3333,0.25,8.0,6.3333,5.75,8.0,6.3333,5.75,5.75,0.0,0.0,29.0,19.3333,0.0,1.6667,29.0,21.0,0.0,0.0,0.0,0.011111111111111112,0.008333333333333333,0.008333333333333333,0.0,-0.007861635220125786,-0.00589622641509434,0.0,0.011163522012578619,0.008372641509433964,1,3,4,14.0,11.333333333333334,11.25,0.19,0.16666666666666666,0.16999999999999998,,,3.2222222222222223,5.0,5.0,0.3842105263157895,3.3157894736842106,132,16,1,9.5,13.966666666666669,25.320000000000004,25.6875,19,25.666666666666668,26.625,0.0,117.9375,30.8125,1.0625
2025,18,2025_18_CAR_TB,2026-01-03,00-0040644,Trevor Etienne,RB,CAR,TB,AWAY,outdoors,grass,0,6,6,3.0,43.5,1,16,16,6.0,0,0,1,1,1,0,0.0,0.0,0.27999999999999997,0.6260990336999411,0.0,1.4,0.8562500000000002,1.249516573186073,0.0,0.0,0.0,0.0,0.0,0.0,0.0,1.25,0.0,0.0,0.2,0.1875,0.0,0.0,0.2,0.0,0.0,0.2,0.0,0.0,0.2,1.4375,0.0,0.0,0.0,0.0,0.0,0.0,0.0,0.0,0.0,0.0,0.0,0.0,0.01,0.0066190600978336825,0.0,0.0,0.0012903225806451613,0.0,0.0,0.015903225806451614,1,3,5,3.0,1.3333333333333333,1.8,0.06,0.02666666666666667,0.032,,,,,,,,132,16,1,19.8,21.266666666666666,22.1,23.025,26,26.666666666666668,24.125,0.0,82.5,51.5,0.875
2025,18,2025_18_TEN_JAX,2026-01-04,00-0040719,Bhayshul Tuten,RB,JAX,TEN,HOME,outdoors,grass,1,7,7,12.5,46.5,1,14,14,21.0,0,0,1,1,1,0,9.3,5.566666666666667,6.36,6.08588530946813,-1.5,13.4,5.735714285714286,5.05730349903174,0.0,0.0,0.0,0.0,1.0,3.6667,6.6,5.5714,1.0,0.6667,0.6,1.0,1.0,0.6667,0.4,2.0,4.3333,7.0,2.0,4.3333,7.2,6.5714,0.0,0.0,7.0,9.6667,16.0,6.0,23.0,15.6667,1.0,0.6667,0.03571428571428571,0.025238095238095237,0.02180952380952381,0.03186895379501763,0.03757225433526012,0.014993220580889177,0.009733939728607307,0.07987200660611066,0.04835239726376528,0.03952804352431083,1,3,5,11.0,10.333333333333334,13.4,0.18,0.16666666666666666,0.20600000000000002,,,2.6363636363636362,9.0,9.0,1.284615384615385,3.6153846153846154,132,16,1,17.1,16.666666666666668,17.24,21.93125,17,22.666666666666668,25.6875,0.0,93.625,27.5625,1.125
2025,18,2025_18_LAC_DEN,2026-01-04,00-0040730,RJ Harvey,RB,DEN,LAC,HOME,outdoors,grass,1,10,8,14.5,37.5,1,16,16,10.0,0,0,1,1,1,0,18.6,17.066666666666666,18.880000000000003,4.893567206036922,10.5,22.1,12.64375,7.625830555858599,0.0,0.0,0.0,0.0625,14.0,13.3333,14.0,8.1875,6.0,4.0,4.4,3.375,5.0,3.0,3.6,19.0,16.3333,17.6,20.0,17.3333,18.4,11.5625,0.0,0.0,43.0,52.6667,33.0,34.6667,76.0,87.3333,1.0,1.0,0.16216216216216217,0.10070260477869174,0.11235954736333906,0.09759437193048104,-0.009708737864077669,0.012317179729260547,-0.004117628670380179,0.23644712673838889,0.15967593297852,0.1656569809757425,1,3,5,47.0,44.0,43.0,0.65,0.64,0.614,,,3.95,8.666666666666666,11.555555555555555,0.9846153846153847,5.038461538461538,132,16,1,12.2,9.466666666666667,12.2,18.700000000000003,30,24.666666666666668,24.25,0.0,85.875,22.375,0.75
2025,18,2025_18_MIA_NE,2026-01-04,00-0040734,TreVeyon Henderson,RB,NE,MIA,HOME,outdoors,fieldturf,1,7,7,14.0,44.5,1,16,16,7.0,0,0,1,1,1,0,8.200000000000001,13.500000000000002,12.64,10.45241598866023,2.2,30.1,11.80625,9.81580146158903,0.0,0.0,0.0,0.0,19.0,12.6667,13.4,10.4375,0.0,1.3333,2.4,2.625,0.0,1.0,1.8,19.0,13.6667,15.2,19.0,14.0,15.8,13.0625,0.0,0.0,82.0,77.6667,0.0,7.3333,82.0,85.0,0.0,0.6667,0.0,0.053391053391053385,0.08294372294372294,0.08917179230285545,0.0,0.02872887413248484,0.01868582307084664,0.0,0.10019679197931947,0.1374956605651771,1,3,5,34.0,24.333333333333332,30.2,0.52,0.39666666666666667,0.466,,,6.131578947368421,5.5,7.333333333333333,0.9642857142857144,6.071428571428571,132,16,1,12.8,28.766666666666666,20.84,23.043750000000003,22,29.666666666666668,27.75,0.0,101.5625,36.375,0.6875
2025,18,2025_18_KC_LV,2026-01-04,00-0030506,Travis Kelce,TE,KC,LV,AWAY,dome,grass,0,10,7,-3.5,36.5,1,127,16,10.0,0,0,1,1,1,0,8.6,8.066666666666666,8.3,6.549045732013177,1.6,15.5,11.8125,6.334548129109131,0.0,0.0,0.0,0.0,0.0,0.0,0.0,0.0625,6.0,6.3333,6.0,6.375,5.0,4.3333,3.8,5.0,4.3333,3.8,6.0,6.3333,6.0,6.375,0.0,0.0,0.0,0.0,36.0,37.3333,36.0,37.3333,0.0,0.0,0.3,0.26060606060606056,0.22834639498432602,0.1999536487334389,0.36607142857142855,0.2808333333333333,0.24298961937716262,0.7062499999999999,0.5874924242424241,0.5126123260405028,1,3,5,42.0,45.666666666666664,51.0,0.98,0.9133333333333334,0.9120000000000001,,,,5.894736842105263,8.615384615384615,1.2736842105263158,5.894736842105263,131,16,1,3.1,15.566666666666665,11.379999999999999,10.05,3,6.333333333333333,5.375,0.0,0.25,38.375,0.375
2025,18,2025_18_DAL_NYG,2026-01-04,00-0031484,Chris Manhertz,TE,NYG,DAL,HOME,outdoors,fieldturf,1,7,10,-3.0,50.5,1,52,3,14.0,0,0,1,1,1,0,0.0,0.5666666666666668,1.3000000000000003,1.2288205727444508,0.0,2.6,0.5666666666666668,0.9814954576223638,0.0,0.0,0.0,0.0,0.0,0.0,0.0,0.0,0.0,0.3333,0.6,0.3333,0.0,0.3333,0.6,0.0,0.3333,0.6,0.0,0.3333,0.6,0.3333,0.0,0.0,0.0,0.0,0.0,2.3333,0.0,2.3333,0.0,0.0,0.0,0.011111111111111112,0.0229004329004329,0.011111111111111112,0.0,0.0011737089201877935,0.012299039308052383,0.0,0.017488262910798122,0.04295997686628602,1,3,5,26.0,17.0,20.4,0.46,0.2733333333333334,0.352,,,,7.0,7.0,1.7000000000000002,7.0,132,16,1,5.9,8.933333333333335,9.360000000000001,12.381250000000001,4,4.666666666666667,7.0625,0.0,0.0,52.5625,0.25
2025,18,2025_18_MIA_NE,2026-01-04,00-0032392,Austin Hooper,TE,NE,MIA,HOME,outdoors,fieldturf,1,7,7,14.0,44.5,1,119,12,7.0,0,0,1,1,1,0,9.1,7.133333333333333,4.88,3.518096076004747,0.0,9.1,4.816666666666666,2.9188519951681293,0.0,0.0,0.0,0.0,0.0,0.0,0.0,0.0,2.0,3.3333,2.4,2.0833,2.0,2.3333,1.6,2.0,2.3333,1.6,2.0,3.3333,2.4,2.0833,0.0,0.0,0.0,0.0,11.0,28.0,11.0,28.0,1.0,0.3333,0.08,0.09881673881673882,0.07332945215703837,0.07278480417502818,0.03636363636363636,0.0938669394365597,0.07521417287852568,0.14545454545454545,0.21393196583069998,0.1626440992505255,1,3,5,27.0,30.0,32.0,0.41,0.4266666666666667,0.47400000000000003,,,,8.4,12.0,2.1399999999999997,8.4,132,16,1,7.300000000000001,17.0,15.779999999999998,16.475,4,7.666666666666667,8.375,0.0,1.4375,67.0625,0.5625
2025,18,2025_18_MIA_NE,2026-01-04,00-0033090,Hunter Henry,TE,NE,MIA,HOME,outdoors,fieldturf,1,7,7,14.0,44.5,1,103,16,7.0,0,0,1,1,1,0,13.9,10.733333333333334,13.6,7.81728853247723,2.8,24.5,10.512500000000001,7.51406459026449,0.0,0.0,0.0,0.0,0.0,0.0,0.0,0.0,3.0,4.3333,5.8,5.125,3.0,3.3333,4.2,3.0,3.3333,4.2,3.0,4.3333,5.8,5.125,0.0,0.0,0.0,0.0,49.0,34.0,49.0,34.0,1.0,0.6667,0.12,0.141010101010101,0.18521212121212122,0.16944871552955376,0.09090909090909091,0.11050639199632765,0.1589720135802607,0.24363636363636362,0.28886962591258086,0.3890985913243643,1,3,5,43.0,49.333333333333336,50.6,0.65,0.7766666666666667,0.774,,,,7.846153846153846,10.2,2.476923076923077,7.846153846153846,132,16,1,7.300000000000001,17.0,15.779999999999998,16.475,4,7.666666666666667,8.375,0.0,1.4375,67.0625,0.5625
2025,18,2025_18_ARI_LA,2026-01-04,00-0033110,Tyler Higbee,TE,LA,ARI,HOME,dome,matrixturf,1,6,7,14.5,49.5,1,101,9,49.0,0,0,1,1,1,0,3.3000000000000003,6.633333333333334,7.76,4.347182995918161,3.3000000000000003,14.0,5.666666666666667,4.5719251962384515,0.0,0.0,0.0,0.0,0.0,0.0,0.0,0.0,2.0,3.0,3.8,3.3333,1.0,2.3333,2.8,1.0,2.3333,2.8,2.0,3.0,3.8,3.3333,0.0,0.0,0.0,0.0,23.0,23.0,23.0,23.0,0.0,0.3333,0.07407407407407407,0.09711387541874576,0.12540119238411457,0.10417911361407038,0.00684931506849315,0.019596874206147388,0.057834609901483855,0.1159056316590563,0.1593886250724218,0.22858601550721058,1,3,5,20.0,33.0,32.0,0.39,0.4833333333333334,0.496,,,,7.666666666666667,9.857142857142858,2.2111111111111112,7.666666666666667,131,16,1,13.600000000000001,20.133333333333333,16.339999999999996,15.512500000000003,6,9.333333333333334,8.0625,0.0,0.1875,64.9375,0.5
2025,18,2025_18_IND_HOU,2026-01-04,00-0033217,Mo Alie-Cox,TE,IND,HOU,AWAY,closed,astroturf,0,7,8,9.5,37.5,1,99,10,7.0,0,0,1,1,1,0,11.0,4.866666666666666,3.3,4.558508528016593,0.0,11.0,2.55,3.2335910550208897,0.0,0.0,0.0,0.0,0.0,0.0,0.0,0.0,3.0,2.3333,1.8,1.6,3.0,1.6667,1.2,3.0,1.6667,1.2,3.0,2.3333,1.8,1.6,0.0,0.0,0.0,0.0,20.0,12.0,20.0,12.0,1.0,0.3333,0.10344827586206896,0.07151979565772669,0.05705579799016951,0.05000647788745675,0.052083333333333336,0.04906410234546427,0.05098677299724104,0.1916307471264368,0.141624565128415,0.12127443808332301,1,3,5,24.0,18.666666666666668,23.2,0.42,0.3033333333333333,0.37,,,,5.142857142857143,7.2,2.085714285714286,5.142857142857143,132,16,1,16.1,24.399999999999995,18.080000000000002,12.243749999999999,8,11.0,6.9375,0.0,0.125,45.4375,0.5
2025,18,2025_18_TEN_JAX,2026-01-04,00-0033246,Johnny Mundt,TE,JAX,TEN,HOME,outdoors,grass,1,7,7,12.5,46.5,1,63,11,7.0,0,0,1,1,1,0,0.0,2.2333333333333334,1.9600000000000002,1.9679939024295783,0.0,4.5,1.5909090909090908,1.4835461202500888,0.0,0.0,0.0,0.0,0.0,0.0,0.0,0.0,1.0,2.0,1.6,1.6364,0.0,1.0,0.8,0.0,1.0,0.8,1.0,2.0,1.6,1.6364,0.0,0.0,0.0,0.0,0.0,12.3333,0.0,12.3333,0.0,0.0,0.02702702702702703,0.07668577668577668,0.0634027703592921,0.05307919671108534,0.055248618784530384,0.034152755379578625,0.041039598433226625,0.07921457368971181,0.13893559379437007,0.12383187444219682,1,3,5,17.0,29.333333333333332,29.0,0.25,0.4366666666666667,0.426,,,,6.166666666666667,12.333333333333334,1.1166666666666667,6.166666666666667,132,16,1,16.5,13.633333333333335,17.86,13.337500000000002,6,6.333333333333333,7.0,0.0,0.0,54.625,0.4375
2025,18,2025_18_SEA_SF,2026-01-03,00-0033288,George Kittle,TE,SF,SEA,HOME,outdoors,grass,1,6,6,-2.5,47.5,1,108,10,12.0,0,0,1,1,1,0,24.5,19.333333333333332,19.3,6.570007610345669,10.7,24.7,15.36,8.378040078416642,0.0,0.0,0.0,0.0,0.0,0.0,0.0,0.1,8.0,7.3333,7.6,6.2,7.0,6.3333,6.2,7.0,6.3333,6.2,8.0,7.3333,7.6,6.2,0.0,0.0,0.0,0.0,115.0,90.0,115.0,90.0,1.0,0.6667,0.24242424242424243,0.26041470606688,0.266748823640128,0.21006971071856392,0.30246913580246915,0.20633083865534182,0.23826113276221764,0.575364758698092,0.5350536461590591,0.5669060283937443,1,3,5,41.0,56.666666666666664,56.4,0.62,0.8166666666666668,0.8459999999999999,,,,12.272727272727273,14.210526315789474,2.6363636363636362,12.272727272727273,131,16,1,3.2,9.966666666666667,11.36,15.100000000000001,3,7.333333333333333,8.5,0.0,0.0625,65.3125,0.375
2025,18,2025_18_NO_ATL,2026-01-04,00-0033357,Taysom Hill,TE,NO,ATL,AWAY,closed,fieldturf,0,7,6,4.5,43.5,1,111,12,7.0,0,0,1,1,1,0,0.0,5.173333333333333,3.4240000000000004,6.689983557528375,-0.1,15.32,2.965,4.246531204727839,0.0,0.3333,0.2,0.5,3.0,5.6667,4.0,4.3333,0.0,2.0,1.8,1.0833,0.0,1.3333,1.0,3.0,7.0,5.0,0.0,2.0,1.8,1.0833,0.0,12.6667,0.0,14.6667,0.0,12.0,0.0,26.6667,0.0,0.3333,0.0,0.0425531914893617,0.05141426783479349,0.031670750555647,0.0,0.023696682464454975,0.021732949952062475,0.0,0.08041746495916104,0.09233446671863396,1,3,5,7.0,18.666666666666668,18.4,0.13,0.26333333333333336,0.274,1.0,38.0,2.588235294117647,6.0,9.0,2.5866666666666664,19.666666666666668,132,16,1,24.700000000000003,18.366666666666667,13.620000000000001,10.0,11,9.666666666666666,6.0625,0.0,1.0625,45.1875,0.1875
2025,18,2025_18_ARI_LA,2026-01-04,00-0033439,Pharaoh Brown,TE,ARI,LA,AWAY,dome,matrixturf,0,7,6,14.5,49.5,1,63,4,21.0,0,0,1,1,1,0,2.1,0.7000000000000001,0.3,1.0392304845413265,-0.6000000000000001,2.1,0.525,1.05,0.0,0.0,0.0,0.0,0.0,0.0,0.0,0.0,2.0,0.6667,0.6,0.5,2.0,0.6667,0.6,2.0,0.6667,0.6,2.0,0.6667,0.6,0.5,0.0,0.0,0.0,0.0,1.0,0.3333,1.0,0.3333,0.0,0.0,0.05263157894736842,0.017543859649122806,0.019617224880382776,0.013157894736842105,0.00390625,0.0013020833333333333,-0.0019214527027027028,0.08168174342105262,0.027227247807017543,0.02808082042868227,1,3,5,11.0,7.333333333333333,10.2,0.17,0.10666666666666669,0.162,,,,0.5,0.5,1.05,0.5,131,16,1,3.6,6.866666666666667,7.720000000000001,12.150000000000002,3,3.0,7.125,0.0,2.3125,41.6875,0.4375
2025,18,2025_18_DET_CHI,2026-01-04,00-0033455,Anthony Firkser,TE,DET,CHI,AWAY,outdoors,grass,0,10,7,3.5,51.5,1,62,4,10.0,0,0,1,1,1,0,0.0,3.233333333333333,2.2199999999999998,3.3244548425268166,0.0,8.0,2.775,3.561249780624774,0.0,0.0,0.0,0.0,0.0,0.0,0.0,0.0,1.0,2.0,1.4,1.75,0.0,1.6667,1.2,0.0,1.6667,1.2,1.0,2.0,1.4,1.75,0.0,0.0,0.0,0.0,0.0,15.6667,0.0,15.6667,0.0,0.0,0.034482758620689655,0.047887966686631867,0.03614018741938653,0.04517523427423316,0.010050251256281407,0.0422401278823126,0.030049959082328735,0.058759313810431466,0.10140003954756664,0.07524525248670991,1,3,5,35.0,32.0,23.8,0.55,0.48666666666666664,0.362,,,,7.833333333333333,9.4,1.6166666666666665,7.833333333333333,131,16,1,19.0,12.6,10.64,13.74375,9,9.0,7.6875,0.0,0.3125,54.625,0.375
2025,18,2025_18_SEA_SF,2026-01-03,00-0033576,Eric Saubert,TE,SEA,SF,AWAY,outdoors,grass,0,6,6,-2.5,47.5,1,62,8,6.0,0,0,1,1,1,0,0.0,1.3,0.78,1.0686440005914037,0.0,2.0,0.7625,1.0555127393154207,0.0,0.0,0.0,0.0,0.0,0.0,0.0,0.0,2.0,1.0,0.6,0.5,0.0,0.3333,0.2,0.0,0.3333,0.2,2.0,1.0,0.6,0.5,0.0,0.0,0.0,0.0,0.0,3.0,0.0,3.0,0.0,0.0,0.07692307692307693,0.035742035742035744,0.021445221445221447,0.019653263403263406,0.1276595744680851,0.048085694947176356,0.028851416968305815,0.20474631751227496,0.08727304007607706,0.05236382404564623,1,3,5,34.0,27.333333333333332,26.0,0.52,0.42333333333333334,0.41200000000000003,,,,3.0,9.0,1.3,3.0,132,16,1,27.099999999999998,20.333333333333332,15.26,15.350000000000001,14,12.333333333333334,8.75,0.0,0.125,59.0,0.625
2025,18,2025_18_BAL_PIT,2026-01-04,00-0033858,Jonnu Smith,TE,PIT,BAL,HOME,outdoors,grass,1,7,8,-4.5,41.5,1,119,16,7.0,0,0,1,1,1,0,7.7,7.033333333333334,4.54,4.443872185380673,0.0,10.6,5.237500000000001,3.9290159921622445,0.0,0.0,0.0,0.0,2.0,1.6667,1.0,0.5,5.0,2.6667,2.2,3.25,5.0,2.3333,1.6,7.0,4.0,2.6,5.0,2.6667,2.2,3.25,0.0,0.0,9.0,17.0,18.0,10.0,27.0,27.0,0.0,0.3333,0.13513513513513514,0.0785083328942978,0.07134742397900293,0.10993236523671016,0.03508771929824561,0.01041967887488568,0.028916706747978343,0.22726410621147464,0.12505627455386667,0.12726283069208924,1,3,5,27.0,24.666666666666668,24.8,0.41,0.35999999999999993,0.42600000000000005,,,10.2,3.75,4.285714285714286,2.6375,10.125,132,16,1,1.8,10.866666666666665,10.799999999999999,11.006250000000001,1,7.0,6.5,0.0,0.1875,46.125,0.25
2025,18,2025_18_LAC_DEN,2026-01-04,00-0033881,Evan Engram,TE,DEN,LAC,HOME,outdoors,grass,1,10,8,14.5,37.5,1,108,15,10.0,0,0,1,1,1,0,6.1,4.633333333333333,6.12,4.668725736215397,2.2,13.9,6.3533333333333335,4.0380098822964525,0.0,0.0,0.0,0.0,0.0,0.0,0.0,0.0667,4.0,3.6667,4.4,4.8,4.0,2.3333,3.0,4.0,2.3333,3.0,4.0,3.6667,4.4,4.8,0.0,0.0,0.0,0.0,21.0,23.0,21.0,23.0,0.0,0.0,0.10810810810810811,0.09627154328241284,0.11073450219683789,0.13441817815492307,0.03398058252427184,0.036984152242335505,0.06531218446709441,0.18594856992915246,0.1702962214932541,0.21182028242222298,1,3,5,22.0,23.333333333333332,27.0,0.31,0.3433333333333333,0.386,,,,6.2727272727272725,9.857142857142858,1.2636363636363634,6.2727272727272725,132,16,1,4.9,7.933333333333333,12.74,10.6375,4,5.666666666666667,5.6875,0.0,0.0,42.0,0.375
2025,18,2025_18_LAC_DEN,2026-01-04,00-0034159,Will Dissly,TE,LAC,DEN,AWAY,outdoors,grass,0,8,10,14.5,37.5,1,88,7,8.0,0,0,1,1,1,0,3.9000000000000004,3.6,2.9200000000000004,2.338161671056987,0.0,5.800000000000001,2.7285714285714286,1.9627483161070227,0.0,0.0,0.0,0.0,0.0,0.0,0.0,0.0,2.0,2.0,1.8,1.5714,2.0,2.0,1.6,2.0,2.0,1.6,2.0,2.0,1.8,1.5714,0.0,0.0,0.0,0.0,19.0,16.0,19.0,16.0,0.0,0.0,0.06451612903225806,0.07171241568156013,0.05725746890211347,0.050390878036212394,0.0035714285714285713,0.021012404686506295,0.01659857363230289,0.0992741935483871,0.12227730680289461,0.09750520489578222,1,3,5,7.0,16.0,15.4,0.11,0.22999999999999998,0.22800000000000004,,,,8.0,8.0,1.8,8.0,132,16,1,9.799999999999999,13.399999999999999,16.88,14.037500000000001,7,8.333333333333334,8.4375,0.0,-0.25,61.25,0.375
2025,18,2025_18_LAC_DEN,2026-01-04,00-0034270,Tyler Conklin,TE,LAC,DEN,AWAY,outdoors,grass,0,8,10,14.5,37.5,1,94,5,56.0,0,0,1,1,1,0,2.2,2.8333333333333335,3.1399999999999997,2.9185612894027084,0.0,7.2,3.1399999999999997,2.9185612894027084,0.0,0.0,0.0,0.0,0.0,0.0,0.2,0.2,1.0,1.6667,1.8,1.8,1.0,1.3333,1.2,1.0,1.3333,1.4,1.0,1.6667,1.8,1.8,0.0,0.0,0.0,0.0,12.0,15.0,12.0,15.0,0.0,0.0,0.030303030303030304,0.05012293992557151,0.05072735872658474,0.05072735872658474,0.03205128205128205,0.03977304905101666,0.039771897970257486,0.06789044289044288,0.10302554422406891,0.10393136666905733,1,3,5,23.0,18.333333333333332,21.0,0.32,0.27,0.3,,,,9.0,11.25,1.7,9.0,132,16,1,9.799999999999999,13.399999999999999,16.88,14.037500000000001,7,8.333333333333334,8.4375,0.0,-0.25,61.25,0.375
2025,18,2025_18_IND_HOU,2026-01-04,00-0034383,Dalton Schultz,TE,HOU,IND,HOME,closed,astroturf,1,8,7,9.5,37.5,1,110,16,8.0,0,0,1,1,1,0,4.9,13.666666666666666,11.739999999999998,6.98161872347667,4.9,21.6,10.400000000000002,5.819736534700977,0.0,0.0,0.0,0.0,0.0,0.0,0.0,0.0,4.0,6.0,6.0,6.375,3.0,5.3333,5.2,3.0,5.3333,5.2,4.0,6.0,6.0,6.375,0.0,0.0,0.0,0.0,19.0,43.3333,19.0,43.3333,0.0,0.6667,0.15384615384615385,0.21568627450980393,0.209041394335512,0.19363312432152424,0.0,0.16056232777544252,0.12337486739126083,0.23076923076923078,0.4359230412075156,0.3999244986771505,1,3,5,51.0,50.0,51.4,0.78,0.7600000000000001,0.748,,,,7.222222222222222,8.125,2.2777777777777777,7.222222222222222,132,16,1,8.4,14.066666666666665,12.86,15.362499999999999,6,7.666666666666667,8.5,0.0,0.25,69.0,0.375
2025,18,2025_18_BAL_PIT,2026-01-04,00-0034753,Mark Andrews,TE,BAL,PIT,AWAY,outdoors,grass,0,8,7,-4.5,41.5,1,120,16,8.0,0,0,1,1,1,0,6.800000000000001,5.0,5.119999999999999,2.6583829671437487,1.9,8.7,7.9750000000000005,6.914381148495263,0.0,0.0,0.0,0.0,0.0,0.3333,0.2,0.625,4.0,3.3333,4.2,4.1875,4.0,2.6667,2.6,4.0,3.0,2.8,4.0,3.3333,4.2,4.1875,0.0,0.0,0.0,1.0,28.0,22.3333,28.0,23.3333,0.0,0.0,0.2,0.20000000000000004,0.19030303030303033,0.1703194885063449,0.2625,0.2584052994242713,0.19862703128400402,0.48375,0.48088370959698984,0.4244934673533483,1,3,5,31.0,24.0,33.4,0.41,0.42,0.524,,,3.0,6.7,8.375,1.5,7.0,132,16,1,17.0,22.233333333333334,18.360000000000003,17.106250000000003,8,9.666666666666666,8.6875,0.0,0.125,67.1875,0.6875
2025,18,2025_18_DET_CHI,2026-01-04,00-0034798,Durham Smythe,TE,CHI,DET,HOME,outdoors,grass,1,7,10,3.5,51.5,1,95,6,7.0,0,0,1,1,1,0,2.1,1.0999999999999999,1.3,0.806225774829855,0.0,2.1,1.0833333333333333,0.8953584012375527,0.0,0.0,0.0,0.0,0.0,0.0,0.0,0.0,1.0,0.6667,1.2,1.0,1.0,0.6667,0.8,1.0,0.6667,0.8,1.0,0.6667,1.2,1.0,0.0,0.0,0.0,0.0,11.0,4.3333,11.0,4.3333,0.0,0.0,0.02564102564102564,0.020451770451770452,0.04036630036630036,0.03363858363858364,0.013201320132013201,0.002163303578680016,0.013087655888101263,0.04770246255394771,0.032191968182731685,0.06971080967112143,1,3,5,14.0,19.666666666666668,18.8,0.21,0.2933333333333333,0.27599999999999997,,,,6.5,6.5,1.65,6.5,132,16,1,3.1,15.733333333333334,13.040000000000001,12.60625,3,8.333333333333334,7.1875,0.0,2.0,51.5625,0.4375
2025,18,2025_18_CLE_CIN,2026-01-04,00-0034829,Mike Gesicki,TE,CIN,CLE,HOME,outdoors,fieldturf,1,7,7,9.5,47.5,1,120,11,7.0,0,0,1,1,1,0,6.7,7.1000000000000005,9.16,7.509860185116632,2.1,20.6,6.127272727272728,5.790007065469076,0.0,0.0,0.0,0.0,0.0,0.0,0.0,0.0,2.0,2.6667,3.6,3.6364,2.0,2.0,2.8,2.0,2.0,2.8,2.0,2.6667,3.6,3.6364,0.0,0.0,0.0,0.0,47.0,31.0,47.0,31.0,0.0,0.3333,0.06060606060606061,0.08173129140871076,0.100553926360378,0.10804885629990854,0.1417910447761194,0.1712729702991931,0.1577037917779801,0.19016282225237446,0.2424880163225013,0.261223543785153,1,3,5,18.0,30.0,27.6,0.23,0.4266666666666666,0.396,,,,11.625,15.5,2.6625,11.625,132,16,1,20.5,14.0,12.02,12.4,12,8.666666666666666,7.0625,0.0,3.375,52.5,0.3125
2025,18,2025_18_GB_MIN,2026-01-04,00-0035249,Josh Oliver,TE,MIN,GB,HOME,dome,sportturf,1,10,8,12.5,37.5,1,62,11,10.0,0,0,1,1,1,0,1.8,2.8333333333333335,5.26,6.302221830434089,1.4,16.4,4.554545454545454,5.242778583225432,0.0,0.0,0.0,0.0,0.0,0.0,0.0,0.0,2.0,2.0,1.8,1.5455,1.0,1.3333,1.4,1.0,1.3333,1.4,2.0,2.0,1.8,1.5455,0.0,0.0,0.0,0.0,8.0,15.0,8.0,15.0,0.0,0.0,0.14285714285714285,0.10498619737750171,0.09149413388543823,0.06522110491100261,0.14925373134328357,0.07646074846650282,0.07340586084460757,0.3187633262260128,0.21100181999280454,0.18862530341938263,1,3,5,50.0,38.666666666666664,36.0,0.93,0.6900000000000001,0.648,,,,7.5,11.25,1.4166666666666667,7.5,131,16,1,12.5,8.033333333333333,9.42,12.268749999999999,8,6.333333333333333,7.5625,0.0,0.0,43.9375,0.375
2025,18,2025_18_CLE_CIN,2026-01-04,00-0035631,Drew Sample,TE,CIN,CLE,HOME,outdoors,fieldturf,1,7,7,9.5,47.5,1,69,11,7.0,0,0,1,1,1,0,1.8,3.366666666666667,2.7600000000000002,1.5565988564816562,1.0,5.1,2.4727272727272727,2.9131051848812146,0.0,0.0,0.0,0.0,0.0,0.0,0.2,0.0909,1.0,1.6667,1.6,1.5455,1.0,1.6667,1.4,1.0,1.6667,1.6,1.0,1.6667,1.6,1.5455,0.0,0.0,0.0,0.0,8.0,17.0,8.0,17.0,0.0,0.0,0.030303030303030304,0.05012490496361464,0.04504820501025435,0.045965048110220834,-0.011194029850746268,-0.004412851688852421,-0.003311871414313959,0.03761872455902307,0.07209836126322526,0.06525399752536173,1,3,5,50.0,43.666666666666664,42.8,0.65,0.6166666666666667,0.592,,,,10.2,10.2,2.0200000000000005,10.2,132,16,1,20.5,14.0,12.02,12.4,12,8.666666666666666,7.0625,0.0,3.375,52.5,0.3125
2025,18,2025_18_CLE_CIN,2026-01-04,00-0035644,Noah Fant,TE,CIN,CLE,HOME,outdoors,fieldturf,1,7,7,9.5,47.5,1,104,12,7.0,0,0,1,1,1,0,0.0,1.2666666666666666,2.46,2.4925890154616344,0.0,6.6,6.2749999999999995,4.529323650090897,0.0,0.0,0.0,0.0,0.0,0.0,0.0,0.0,1.0,1.6667,2.4,3.3333,0.0,0.6667,1.6,0.0,0.6667,1.6,1.0,1.6667,2.4,3.3333,0.0,0.0,0.0,0.0,0.0,6.0,0.0,6.0,0.0,0.0,0.030303030303030304,0.04377104377104377,0.0629142099730335,0.09697982906660714,-0.011194029850746268,0.01963291843454301,0.01939253301561302,0.03761872455902307,0.07939960856074577,0.10794608807047938,1,3,5,17.0,25.666666666666668,25.4,0.22,0.35333333333333333,0.364,,,,3.6,9.0,0.76,3.6,132,16,1,20.5,14.0,12.02,12.4,12,8.666666666666666,7.0625,0.0,3.375,52.5,0.3125
2025,18,2025_18_NYJ_BUF,2026-01-04,00-0035689,Dawson Knox,TE,BUF,NYJ,HOME,outdoors,a_turf,1,7,7,12.5,39.5,1,95,15,7.0,0,0,1,1,1,0,8.0,9.566666666666666,10.36,7.313890893361754,2.0,18.7,6.22,5.298813883448689,0.0,0.0,0.0,0.0,0.0,0.0,0.0,0.0,5.0,3.6667,4.4,3.1333,5.0,3.0,3.6,5.0,3.0,3.6,5.0,3.6667,4.4,3.1333,0.0,0.0,0.0,0.0,30.0,25.6667,30.0,25.6667,0.0,0.6667,0.15151515151515152,0.13882413882413883,0.16992894384198734,0.11294505440882253,0.07569721115537849,0.09342952646103679,0.1959503813506829,0.2802607750814922,0.27363687675893394,0.392058682708459,1,3,5,48.0,42.333333333333336,43.0,0.63,0.65,0.644,,,,7.0,8.555555555555555,2.609090909090909,7.0,131,16,1,23.0,21.906666666666666,18.144,14.60125,5,9.333333333333334,7.5,2.375,3.4375,52.875,0.625
2025,18,2025_18_NO_ATL,2026-01-04,00-0036040,Juwan Johnson,TE,NO,ATL,AWAY,closed,fieldturf,0,7,6,4.5,43.5,1,78,16,7.0,0,0,1,1,1,0,13.5,12.466666666666667,10.82,4.229302542973249,7.0,16.9,10.8,4.895848581536538,0.0,0.0,0.0,0.0,0.0,0.0,0.0,0.0,4.0,5.6667,6.0,6.0625,4.0,5.3333,5.0,4.0,5.3333,5.0,4.0,5.6667,6.0,6.0625,0.0,0.0,0.0,0.0,95.0,71.3333,95.0,71.3333,0.0,0.0,0.14814814814814814,0.1562232559715973,0.1866751300535466,0.17853509197217193,0.20567375886524822,0.1341980236874776,0.14077950782690468,0.36619385342789595,0.3282735005386303,0.3785583505591532,1,3,5,39.0,44.0,43.0,0.72,0.66,0.6459999999999999,,,,12.588235294117647,13.375,2.1999999999999997,12.588235294117647,132,16,1,24.700000000000003,18.366666666666667,13.620000000000001,10.0,11,9.666666666666666,6.0625,0.0,1.0625,45.1875,0.1875
2025,18,2025_18_ARI_LA,2026-01-04,00-0036244,Colby Parkinson,TE,LA,ARI,HOME,dome,matrixturf,1,6,7,14.5,49.5,1,64,13,6.0,0,0,1,1,1,0,11.3,13.300000000000002,11.76,7.8579895647678235,4.1,24.5,8.476923076923077,6.907984974669271,0.0,0.0,0.0,0.0,0.0,0.0,0.0,0.0,7.0,6.0,5.6,3.7692,6.0,4.3333,4.0,6.0,4.3333,4.0,7.0,6.0,5.6,3.7692,0.0,0.0,0.0,0.0,53.0,49.6667,53.0,49.6667,0.0,0.6667,0.19444444444444445,0.15399610136452244,0.16169276237187952,0.11121820693008583,0.08382066276803118,0.08225616407409672,0.06645898830100086,0.3503411306042885,0.2885734668986513,0.2890604353685199,1,3,5,51.0,64.0,55.0,0.78,0.8333333333333334,0.7719999999999999,,,,8.277777777777779,11.461538461538462,2.216666666666667,8.277777777777779,131,16,1,13.600000000000001,20.133333333333333,16.339999999999996,15.512500000000003,6,9.333333333333334,8.0625,0.0,0.1875,64.9375,0.5
2025,18,2025_18_DET_CHI,2026-01-04,00-0036290,Cole Kmet,TE,CHI,DET,HOME,outdoors,grass,1,7,10,3.5,51.5,1,96,15,7.0,0,0,1,1,1,0,3.6,3.9333333333333336,6.12,3.7910420730981076,3.4000000000000004,12.6,4.873333333333334,3.349299855762324,0.0,0.0,0.0,0.0667,0.0,0.0,0.0,0.0,3.0,3.3333,3.2,3.0,2.0,2.0,2.2,2.0,2.0,2.2,3.0,3.3333,3.2,3.0,0.0,0.0,0.0,0.0,16.0,19.3333,16.0,19.3333,0.0,0.0,0.07692307692307693,0.109506500311098,0.10588247161523023,0.09524194182223256,0.08250825082508251,0.08523780474724212,0.1073480732819236,0.17314039096217315,0.22392621378971647,0.23396735872019186,1,3,5,40.0,45.666666666666664,49.6,0.61,0.7033333333333333,0.708,,,,5.8,9.666666666666666,1.1800000000000002,5.8,132,16,1,3.1,15.733333333333334,13.040000000000001,12.60625,3,8.333333333333334,7.1875,0.0,2.0,51.5625,0.4375
2025,18,2025_18_ARI_LA,2026-01-04,00-0036332,Josiah Deguara,TE,ARI,LA,AWAY,dome,matrixturf,0,7,6,14.5,49.5,1,46,6,7.0,0,0,1,1,1,0,0.0,0.0,0.32,0.7155417527999327,0.0,1.6,0.26666666666666666,0.6531972647421809,0.0,0.0,0.0,0.0,0.0,0.0,0.0,0.0,0.0,0.6667,0.6,0.5,0.0,0.0,0.2,0.0,0.0,0.2,0.0,0.6667,0.6,0.5,0.0,0.0,0.0,0.0,0.0,0.0,0.0,0.0,0.0,0.0,0.0,0.019070010449320794,0.015789832356549,0.013158193630457499,0.0,0.007658825093035619,0.007219966971831871,0.0,0.03396619323910612,0.028738725415105804,1,3,5,10.0,8.333333333333334,8.6,0.18,0.14333333333333334,0.13,,,,0.0,,0.0,0.0,131,16,1,3.6,6.866666666666667,7.720000000000001,12.150000000000002,3,3.0,7.125,0.0,2.3125,41.6875,0.4375
2025,18,2025_18_TEN_JAX,2026-01-04,00-0036590,Quintin Morris,TE,JAX,TEN,HOME,outdoors,grass,1,7,7,12.5,46.5,1,31,10,7.0,0,0,1,1,1,0,0.0,1.8333333333333333,1.58,1.6976454282328806,0.0,4.0,1.0,1.4306175822583291,0.0,0.0,0.0,0.0,0.0,0.0,0.0,0.0,0.0,1.0,1.0,0.8,0.0,1.0,0.8,0.0,1.0,0.8,0.0,1.0,1.0,0.8,0.0,0.0,0.0,0.0,0.0,8.3333,0.0,8.3333,0.0,0.0,0.0,0.03333333333333333,0.036,0.031636363636363636,0.0,0.011488696439224075,0.01355988453020111,0.0,0.058042087507456847,0.06349191917114076,1,3,5,10.0,15.333333333333334,15.6,0.14,0.22666666666666668,0.23600000000000004,,,,8.333333333333334,8.333333333333334,1.8333333333333333,8.333333333333334,132,16,1,16.5,13.633333333333335,17.86,13.337500000000002,6,6.333333333333333,7.0,0.0,0.0,54.625,0.4375
2025,18,2025_18_WAS_PHI,2026-01-04,00-0036628,John Bates,TE,WAS,PHI,AWAY,outdoors,grass,0,10,7,3.0,38.5,1,58,9,15.0,0,0,1,1,1,0,0.0,0.9666666666666668,1.48,1.4515508947329405,0.0,2.9000000000000004,2.0,1.3910427743243556,0.0,0.0,0.0,0.0,0.0,0.0,0.0,0.0,1.0,0.6667,1.2,1.5556,0.0,0.3333,0.8,0.0,0.3333,0.8,1.0,0.6667,1.2,1.5556,0.0,0.0,0.0,0.0,0.0,6.3333,0.0,6.3333,0.0,0.0,0.05,0.0375,0.04957070707070708,0.06440638322943139,0.05847953216374269,0.03622419411893096,0.022068964631893694,0.11593567251461989,0.08160693588325167,0.08980433584838618,1,3,5,27.0,33.666666666666664,37.0,0.5,0.6033333333333334,0.604,,,,9.5,19.0,1.4500000000000002,9.5,132,16,1,8.0,6.1000000000000005,7.9,8.1375,5,5.333333333333333,6.3125,0.0,0.0625,30.6875,0.1875
2025,18,2025_18_KC_LV,2026-01-04,00-0036637,Noah Gray,TE,KC,LV,AWAY,dome,grass,0,10,7,-3.5,36.5,1,69,13,10.0,0,0,1,1,1,0,1.2,1.2000000000000002,2.4,2.0651876428063383,0.0,5.5,2.5230769230769234,1.8815569112456871,0.0,0.0,0.0,0.0,0.0,0.0,0.0,0.0,1.0,1.3333,2.2,2.4615,1.0,0.6667,1.4,1.0,0.6667,1.4,1.0,1.3333,2.2,2.4615,0.0,0.0,0.0,0.0,2.0,5.3333,2.0,5.3333,0.0,0.0,0.05,0.051149425287356325,0.06324779470729751,0.07502243468221259,0.0,0.0196078431372549,0.040919501703815434,0.07500000000000001,0.09044962812711292,0.12351534325361709,1,3,5,21.0,24.333333333333332,28.0,0.49,0.48333333333333334,0.45600000000000007,,,,4.0,8.0,0.9000000000000001,4.0,131,16,1,3.1,15.566666666666665,11.379999999999999,10.05,3,6.333333333333333,5.375,0.0,0.25,38.375,0.375
2025,18,2025_18_NO_ATL,2026-01-04,00-0036825,Feleipe Franks,TE,ATL,NO,HOME,closed,fieldturf,1,6,7,4.5,43.5,1,27,9,28.0,0,0,1,1,1,0,0.0,0.06666666666666667,0.04,0.08944271909999159,0.0,0.2,0.044444444444444446,0.08819171036881969,0.0,0.0,0.0,0.0,0.0,0.3333,0.2,0.2222,0.0,0.0,0.0,0.0,0.0,0.0,0.0,0.0,0.3333,0.2,0.0,0.0,0.0,0.0,0.0,0.0,0.0,0.6667,0.0,0.0,0.0,0.6667,0.0,0.0,0.0,0.0,0.0,0.0,0.0,0.0,0.0,0.0,0.0,0.0,1,3,5,0.0,1.0,0.6,0.0,0.016666666666666666,0.01,,,2.0,,,,,132,16,1,17.5,11.700000000000001,10.22,12.518749999999999,10,8.666666666666666,7.25,0.0,0.125,50.6875,0.375
2025,18,2025_18_WAS_PHI,2026-01-04,00-0036876,Kylen Granson,TE,PHI,WAS,HOME,outdoors,grass,1,7,10,3.0,38.5,1,65,11,7.0,0,0,1,1,1,0,0.0,0.0,0.27999999999999997,0.6260990336999411,0.0,1.4,0.36363636363636365,0.6297185518511064,0.0,0.0,0.0,0.0,0.0,0.0,0.0,0.0,0.0,0.0,0.4,0.3636,0.0,0.0,0.2,0.0,0.0,0.2,0.0,0.0,0.4,0.3636,0.0,0.0,0.0,0.0,0.0,0.0,0.0,0.0,0.0,0.0,0.0,0.0,0.014814814814814814,0.015608465608465606,0.0,0.0,0.01878453038674033,0.0,0.0,0.03537139349294045,1,3,5,10.0,12.0,10.6,0.19,0.18666666666666668,0.16,,,,,,,,131,16,1,15.2,14.699999999999998,18.64,15.812499999999998,6,5.666666666666667,6.625,0.0,0.0625,61.8125,0.75
2025,18,2025_18_BAL_PIT,2026-01-04,00-0036894,Pat Freiermuth,TE,PIT,BAL,HOME,outdoors,grass,1,7,8,-4.5,41.5,1,73,14,7.0,0,0,1,1,1,0,9.3,7.6000000000000005,7.32,3.084153044192198,2.9,10.9,7.5357142857142865,6.690131324784077,0.0,0.0,0.0,0.0,0.0,0.0,0.0,0.0,5.0,4.6667,4.0,3.5,3.0,3.3333,3.0,3.0,3.3333,3.0,5.0,4.6667,4.0,3.5,0.0,0.0,0.0,0.0,63.0,42.6667,63.0,42.6667,0.0,0.0,0.13513513513513514,0.14186115940501906,0.12265335253450704,0.11280880024649208,0.18859649122807018,0.23088409971500243,0.1533745106568798,0.33472024656235183,0.3744106089080303,0.2913421862615763,1,3,5,46.0,35.333333333333336,34.2,0.7,0.5166666666666666,0.5239999999999999,,,,9.142857142857142,12.8,1.6285714285714286,9.142857142857142,132,16,1,1.8,10.866666666666665,10.799999999999999,11.006250000000001,1,7.0,6.5,0.0,0.1875,46.125,0.25
2025,18,2025_18_NO_ATL,2026-01-04,00-0036970,Kyle Pitts,TE,ATL,NO,HOME,closed,fieldturf,1,6,7,4.5,43.5,1,77,16,6.0,0,0,1,1,1,0,3.6,22.63333333333333,19.62,15.59910253828726,3.6,45.6,12.4375,10.265403060766783,0.0,0.0,0.0,0.0,0.0,0.0,0.0,0.0,3.0,8.0,8.4,6.8125,2.0,6.6667,6.6,2.0,6.6667,6.6,3.0,8.0,8.4,6.8125,0.0,0.0,0.0,0.0,16.0,79.6667,16.0,79.6667,0.0,1.3333,0.15,0.23579626972740317,0.26451923649081976,0.22224733946208708,0.17964071856287425,0.2718480855998768,0.310524181128197,0.35074850299401195,0.5439880645110184,0.6141457815259675,1,3,5,49.0,61.333333333333336,61.2,0.92,0.9166666666666666,0.916,,,,9.958333333333334,11.95,2.829166666666666,9.958333333333334,132,16,1,17.5,11.700000000000001,10.22,12.518749999999999,10,8.666666666666666,7.25,0.0,0.125,50.6875,0.375
2025,18,2025_18_CAR_TB,2026-01-03,00-0037005,Tommy Tremble,TE,CAR,TB,AWAY,outdoors,grass,0,6,6,3.0,43.5,1,69,14,6.0,0,0,1,1,1,0,1.6,2.1666666666666665,2.82,2.1591665058535896,1.2,6.4,3.65,4.024874579985739,0.0,0.0,0.0,0.0,0.0,0.0,0.0,0.0,1.0,2.0,2.0,2.3571,1.0,1.3333,1.2,1.0,1.3333,1.2,1.0,2.0,2.0,2.3571,0.0,0.0,0.0,0.0,6.0,8.3333,6.0,8.3333,0.0,0.0,0.047619047619047616,0.09329237071172554,0.08506633151794442,0.08839990700694077,0.11627906976744186,0.09567025902817168,0.06529261724099213,0.15282392026578073,0.2069077373873085,0.1733043293456111,1,3,5,41.0,30.666666666666668,34.8,0.77,0.5633333333333334,0.564,,,,4.166666666666667,6.25,1.0833333333333333,4.166666666666667,132,16,1,19.700000000000003,28.100000000000005,24.1,15.900000000000002,11,10.333333333333334,7.875,0.0,-0.125,57.875,0.6875
2025,18,2025_18_CLE_CIN,2026-01-04,00-0037015,Sal Cannella,TE,CLE,CIN,AWAY,outdoors,fieldturf,0,7,7,9.5,47.5,1,1,1,7.0,0,0,1,0,0,0,3.1,3.1,3.1,,3.1,3.1,3.1,,0.0,0.0,0.0,0.0,0.0,0.0,0.0,0.0,4.0,4.0,4.0,4.0,2.0,2.0,2.0,2.0,2.0,2.0,4.0,4.0,4.0,4.0,0.0,0.0,0.0,0.0,11.0,11.0,11.0,11.0,0.0,0.0,0.17391304347826086,0.17391304347826086,0.17391304347826086,0.17391304347826086,0.09523809523809523,0.09523809523809523,0.09523809523809523,0.32753623188405795,0.32753623188405795,0.32753623188405795,1,1,1,18.0,18.0,18.0,0.35,0.35,0.35,,,,2.75,5.5,0.775,2.75,131,16,1,23.6,13.333333333333334,20.52,22.06875,14,8.333333333333334,10.0625,0.0,0.1875,89.875,1.0
2025,18,2025_18_DET_CHI,2026-01-04,00-0037031,Nikola Kalinic,TE,CHI,DET,HOME,outdoors,grass,1,7,10,3.5,51.5,1,2,1,42.0,0,0,1,0,0,0,0.0,0.0,0.0,0.0,0.0,0.0,0.0,,0.0,0.0,0.0,0.0,0.0,0.0,0.0,0.0,0.0,0.0,0.0,0.0,0.0,0.0,0.0,0.0,0.0,0.0,0.0,0.0,0.0,0.0,0.0,0.0,0.0,0.0,0.0,0.0,0.0,0.0,0.0,0.0,0.0,0.0,0.0,0.0,0.0,0.0,0.0,0.0,0.0,0.0,1,2,2,0.0,0.5,0.5,0.0,0.01,0.01,,,,,,,,132,16,1,3.1,15.733333333333334,13.040000000000001,12.60625,3,8.333333333333334,7.1875,0.0,2.0,51.5625,0.4375
2025,18,2025_18_WAS_PHI,2026-01-04,00-0037086,Grant Calcaterra,TE,PHI,WAS,HOME,outdoors,grass,1,7,10,3.0,38.5,1,32,8,7.0,0,0,1,1,1,0,1.3,1.5,1.6600000000000001,1.3740451229854134,0.0,3.8,1.5625,1.2603145865786276,0.0,0.0,0.0,0.0,0.0,0.0,0.0,0.0,1.0,1.0,1.2,1.25,1.0,1.0,1.0,1.0,1.0,1.0,1.0,1.0,1.2,1.25,0.0,0.0,0.0,0.0,3.0,5.0,3.0,5.0,0.0,0.0,0.045454545454545456,0.04292929292929293,0.0452640387422996,0.05061145278536583,0.011627906976744186,0.01852760480429343,0.03845532673880716,0.07632135306553911,0.07736326275694479,0.09481478683061442,1,3,5,19.0,23.666666666666668,20.6,0.35,0.37666666666666665,0.328,,,,5.0,5.0,1.5,5.0,131,16,1,15.2,14.699999999999998,18.64,15.812499999999998,6,5.666666666666667,6.625,0.0,0.0625,61.8125,0.75
2025,18,2025_18_MIA_NE,2026-01-04,00-0037252,Greg Dulcich,TE,MIA,NE,AWAY,outdoors,fieldturf,0,7,7,14.0,44.5,1,24,8,7.0,0,0,1,1,1,0,16.1,9.433333333333335,7.960000000000001,4.666154733825273,4.4,16.1,7.0875,4.221183821766456,0.0,0.0,0.0,0.0,1.0,0.3333,0.2,0.125,6.0,3.6667,3.2,3.625,5.0,3.3333,3.0,6.0,3.6667,3.2,6.0,3.6667,3.2,3.625,0.0,0.0,-7.0,-2.3333,58.0,50.0,51.0,47.6667,1.0,0.3333,0.2727272727272727,0.15103287517080619,0.13919115367391227,0.15269588674761086,0.12244897959183673,0.10803417959238544,0.08789673280080332,0.49480519480519475,0.3021732384708791,0.27031444347143074,1,3,5,20.0,18.666666666666668,22.6,0.36,0.34333333333333327,0.388,,,-7.0,13.636363636363637,15.0,2.572727272727273,13.0,131,15,1,6.3999999999999995,13.533333333333333,11.760000000000002,15.120000000000001,7,6.666666666666667,8.6,0.0,0.4,62.13333333333333,0.4666666666666667
2025,18,2025_18_ARI_LA,2026-01-04,00-0037744,Trey McBride,TE,ARI,LA,AWAY,dome,matrixturf,0,7,6,14.5,49.5,1,61,16,7.0,0,0,1,1,1,0,23.6,22.566666666666666,20.140000000000004,12.0622551788627,6.7,37.4,18.9,8.534322859293916,0.0,0.0,0.0,0.0,0.0,0.0,0.0,0.0,13.0,11.3333,10.4,10.0625,10.0,8.6667,7.8,10.0,8.6667,7.8,13.0,11.3333,10.4,10.0625,0.0,0.0,0.0,0.0,76.0,79.0,76.0,79.0,1.0,1.0,0.37142857142857144,0.3297986345173278,0.2874369202681362,0.27844877199701146,0.34035087719298246,0.23995796783625734,0.25005963442934165,0.7953884711779449,0.6626685292613719,0.6061971245027434,1,3,5,55.0,57.0,57.0,0.96,0.9466666666666667,0.9399999999999998,,,,6.970588235294118,9.115384615384615,1.9911764705882353,6.970588235294118,131,16,1,3.6,6.866666666666667,7.720000000000001,12.150000000000002,3,3.0,7.125,0.0,2.3125,41.6875,0.4375
2025,18,2025_18_TEN_JAX,2026-01-04,00-0037809,Chig Okonkwo,TE,TEN,JAX,AWAY,outdoors,grass,0,7,7,12.5,46.5,1,65,16,7.0,0,0,1,1,1,0,14.5,12.733333333333334,9.82,5.337321425584185,4.0,16.4,7.612500000000001,4.4267181221909,0.0,0.0,0.0,0.0,0.0,0.0,0.0,0.0,7.0,7.0,5.6,4.625,3.0,4.3333,3.8,3.0,4.3333,3.8,7.0,7.0,5.6,4.625,0.0,0.0,0.0,0.0,55.0,44.0,55.0,44.0,1.0,0.6667,0.2,0.23950617283950618,0.1882751322751323,0.1496815540180097,0.1554959785522788,0.0600119519509641,0.06941466097406382,0.4088471849865952,0.4012676256249342,0.331002961094543,1,3,5,38.0,33.666666666666664,33.8,0.51,0.51,0.524,,,,6.285714285714286,10.153846153846153,1.8190476190476192,6.285714285714286,131,16,1,22.9,11.733333333333334,10.82,15.412499999999998,9,6.333333333333333,8.75,0.0,0.5,61.75,0.5
2025,18,2025_18_BAL_PIT,2026-01-04,00-0037838,Isaiah Likely,TE,BAL,PIT,AWAY,outdoors,grass,0,8,7,-4.5,41.5,1,54,11,8.0,0,0,1,1,1,0,5.7,6.066666666666666,6.540000000000001,5.812314513169431,0.0,12.5,5.136363636363637,4.303085573695398,0.0,0.0,0.0,0.0,0.0,0.0,0.0,0.0,3.0,3.0,3.6,3.0909,3.0,2.3333,2.6,3.0,2.3333,2.6,3.0,3.0,3.6,3.0909,0.0,0.0,0.0,0.0,27.0,17.3333,27.0,17.3333,0.0,0.3333,0.15,0.1106060606060606,0.13636363636363635,0.12018158718751604,0.2125,0.1110408560311284,0.1422877119688833,0.37374999999999997,0.24363769013088077,0.30414685292367283,1,3,5,53.0,41.0,38.0,0.7,0.5666666666666667,0.558,,,,5.777777777777778,7.428571428571429,2.022222222222222,5.777777777777778,132,16,1,17.0,22.233333333333334,18.360000000000003,17.106250000000003,8,9.666666666666666,8.6875,0.0,0.125,67.1875,0.6875
2025,18,2025_18_DAL_NYG,2026-01-04,00-0038041,Jake Ferguson,TE,DAL,NYG,AWAY,outdoors,fieldturf,0,10,7,-3.0,50.5,1,58,16,10.0,0,0,1,1,1,0,7.6,5.366666666666667,7.1,2.8844410203711917,3.6,10.8,11.662500000000001,6.865165693557585,0.0,0.0,0.0,0.0,0.0,0.0,0.0,0.0625,2.0,3.3333,4.6,6.25,1.0,2.0,3.2,1.0,2.0,3.2,2.0,3.3333,4.6,6.25,0.0,0.0,0.0,0.0,6.0,13.6667,6.0,13.6667,1.0,0.3333,0.05555555555555555,0.09828042328042326,0.1211879204432396,0.1696631876640759,0.028795811518324606,0.07843918354958647,0.08639678604986398,0.10349040139616056,0.2023280634053454,0.2422596308997642,1,3,5,27.0,39.0,46.8,0.29,0.5633333333333334,0.6399999999999999,,,,4.1,6.833333333333333,1.61,4.1,131,16,1,17.9,10.166666666666666,9.540000000000001,11.5225,10,5.333333333333333,6.75,1.1875,-0.25,47.5,0.3125
2025,18,2025_18_DAL_NYG,2026-01-04,00-0038115,Daniel Bellinger,TE,NYG,DAL,HOME,outdoors,fieldturf,1,7,10,-3.0,50.5,1,49,12,7.0,0,0,1,1,1,0,3.1,3.1999999999999997,2.2800000000000002,2.6975915183733803,0.0,6.5,3.983333333333334,5.129209283972324,0.0,0.0,0.0,0.0,0.0,0.0,0.0,0.0,3.0,3.0,2.4,2.0,2.0,1.6667,1.2,2.0,1.6667,1.2,3.0,3.0,2.4,2.0,0.0,0.0,0.0,0.0,11.0,15.3333,11.0,15.3333,0.0,0.0,0.10344827586206896,0.09112763879498159,0.07407313500112689,0.06284831479747809,0.07643312101910828,0.061972466393037606,0.05366891033057377,0.20867559850647924,0.1800721846675987,0.14867793973309196,1,3,5,62.0,43.666666666666664,43.6,0.97,0.6166666666666667,0.61,,,,5.111111111111111,9.2,1.0666666666666667,5.111111111111111,132,16,1,5.9,8.933333333333335,9.360000000000001,12.381250000000001,4,4.666666666666667,7.0625,0.0,0.0,52.5625,0.25
2025,18,2025_18_CAR_TB,2026-01-03,00-0038129,Cade Otton,TE,TB,CAR,HOME,outdoors,grass,1,6,6,3.0,43.5,1,61,14,6.0,0,0,1,1,1,0,7.300000000000001,5.233333333333333,4.9399999999999995,1.813284313062902,2.9,7.300000000000001,7.128571428571429,4.6636777450731,0.0,0.0,0.0,0.0,0.0,0.0,0.0,0.0,4.0,3.3333,3.8,5.1429,4.0,3.0,3.0,4.0,3.0,3.0,4.0,3.3333,3.8,5.1429,0.0,0.0,0.0,0.0,33.0,22.3333,33.0,22.3333,0.0,0.0,0.09090909090909091,0.1045887445887446,0.12329915246044279,0.15713420193965696,0.04722222222222222,0.06963266894882213,0.0657107996530812,0.1694191919191919,0.20562598514729236,0.23094628844782097,1,3,5,65.0,61.666666666666664,60.8,0.97,0.9066666666666666,0.9099999999999999,,,,6.7,7.444444444444445,1.57,6.7,132,16,1,13.3,8.566666666666668,9.780000000000001,13.168750000000001,5,4.0,6.625,0.0,1.375,57.8125,0.375
2025,18,2025_18_DAL_NYG,2026-01-04,00-0038547,Luke Schoonmaker,TE,DAL,NYG,AWAY,outdoors,fieldturf,0,10,7,-3.0,50.5,1,37,13,10.0,0,0,1,1,1,0,3.5,3.2000000000000006,2.14,1.6288032416470688,0.0,3.9000000000000004,1.9230769230769231,1.48501057580625,0.0,0.0,0.0,0.0,0.0,0.0,0.0,0.0,2.0,1.6667,1.4,1.6923,2.0,1.3333,1.0,2.0,1.3333,1.0,2.0,1.6667,1.4,1.6923,0.0,0.0,0.0,0.0,15.0,18.6667,15.0,18.6667,0.0,0.0,0.05555555555555555,0.0422267252054486,0.036455726242960285,0.04599415336647606,0.013089005235602094,0.023011122352904895,0.026143217393372074,0.09249563699825479,0.07944787345520633,0.07298384153980088,1,3,5,42.0,26.666666666666668,25.2,0.46,0.3233333333333333,0.31999999999999995,,,,11.2,14.0,1.9200000000000004,11.2,131,16,1,17.9,10.166666666666666,9.540000000000001,11.5225,10,5.333333333333333,6.75,1.1875,-0.25,47.5,0.3125
2025,18,2025_18_WAS_PHI,2026-01-04,00-0038564,Cameron Latu,TE,PHI,WAS,HOME,outdoors,grass,1,7,10,3.0,38.5,1,9,9,27.0,0,0,1,1,1,0,0.0,0.0,0.0,0.0,0.0,0.0,0.0,0.0,0.0,0.0,0.0,0.0,0.0,0.0,0.0,0.0,0.0,0.0,0.0,0.0,0.0,0.0,0.0,0.0,0.0,0.0,0.0,0.0,0.0,0.0,0.0,0.0,0.0,0.0,0.0,0.0,0.0,0.0,0.0,0.0,0.0,0.0,0.0,0.0,0.0,0.0,0.0,0.0,0.0,0.0,1,3,5,5.0,4.333333333333333,4.6,0.07,0.07,0.07400000000000001,,,,,,,,131,16,1,15.2,14.699999999999998,18.64,15.812499999999998,6,5.666666666666667,6.625,0.0,0.0625,61.8125,0.75
2025,18,2025_18_GB_MIN,2026-01-04,00-0038589,Josh Whyle,TE,GB,MIN,AWAY,dome,sportturf,0,8,10,12.5,37.5,1,29,5,8.0,0,0,1,1,1,0,1.8,1.6333333333333335,2.64,2.7862160720231306,0.0,7.2,2.64,2.7862160720231306,0.0,0.0,0.0,0.0,0.0,0.0,0.0,0.0,1.0,1.0,1.0,1.0,1.0,0.6667,0.8,1.0,0.6667,0.8,1.0,1.0,1.0,1.0,0.0,0.0,0.0,0.0,8.0,9.6667,8.0,9.6667,0.0,0.0,0.04,0.039320339830084955,0.041116013421860505,0.041116013421860505,0.01718213058419244,0.026363651582585912,0.013793548154387552,0.0720274914089347,0.07743506585293758,0.07132950384086204,1,3,5,30.0,28.0,26.2,0.64,0.5233333333333333,0.46799999999999997,,,,9.666666666666666,14.5,1.6333333333333335,9.666666666666666,132,16,1,0.0,2.5,3.8200000000000003,11.15,2,3.3333333333333335,6.6875,0.0,0.125,44.5,0.375
2025,18,2025_18_CLE_CIN,2026-01-04,00-0038710,Blake Whiteheart,TE,CLE,CIN,AWAY,outdoors,fieldturf,0,7,7,9.5,47.5,1,15,8,7.0,0,0,1,1,1,0,0.0,0.0,0.27999999999999997,0.6260990336999411,0.0,1.4,0.3,0.565685424949238,0.0,0.0,0.0,0.0,0.0,0.0,0.0,0.0,1.0,0.6667,0.6,0.625,0.0,0.0,0.2,0.0,0.0,0.2,1.0,0.6667,0.6,0.625,0.0,0.0,0.0,0.0,0.0,0.0,0.0,0.0,0.0,0.0,0.043478260869565216,0.023264683447749807,0.025069921179760996,0.021796151717742778,0.0,0.004371584699453552,0.009599695005718643,0.06521739130434782,0.037957134461242194,0.04432466827364454,1,3,5,32.0,22.666666666666668,22.4,0.62,0.3833333333333333,0.376,,,,0.0,,0.0,0.0,131,16,1,23.6,13.333333333333334,20.52,22.06875,14,8.333333333333334,10.0625,0.0,0.1875,89.875,1.0
2025,18,2025_18_MIA_NE,2026-01-04,00-0038720,Julian Hill,TE,MIA,NE,AWAY,outdoors,fieldturf,0,7,7,14.0,44.5,1,34,10,7.0,0,0,1,1,1,0,2.6,2.3666666666666667,2.12,1.6961721610732796,0.0,4.5,2.9200000000000004,2.0746083967823905,0.0,0.0,0.0,0.0,0.0,0.0,0.0,0.0,2.0,1.6667,1.6,1.9,1.0,1.0,1.0,1.0,1.0,1.0,2.0,1.6667,1.6,1.9,0.0,0.0,0.0,0.0,16.0,13.6667,16.0,13.6667,0.0,0.0,0.09090909090909091,0.07261072261072261,0.06689976689976691,0.06918606883312767,0.04081632653061224,0.03484628374439108,0.025255596333591167,0.16493506493506493,0.13330848253715769,0.11802856778316417,1,3,5,33.0,29.0,29.6,0.6,0.5233333333333333,0.526,,,,8.2,13.666666666666666,1.42,8.2,131,15,1,6.3999999999999995,13.533333333333333,11.760000000000002,15.120000000000001,7,6.666666666666667,8.6,0.0,0.4,62.13333333333333,0.4666666666666667
2025,18,2025_18_GB_MIN,2026-01-04,00-0038809,Ben Sims,TE,MIN,GB,HOME,dome,sportturf,1,10,8,12.5,37.5,1,12,2,10.0,0,0,1,1,1,0,1.3,1.4666666666666666,1.1199999999999999,0.6906518659932802,0.0,1.9,1.6,0.42426406871192845,0.0,0.0,0.0,0.0,0.0,0.0,0.0,0.0,1.0,1.0,1.0,1.0,1.0,1.0,0.8,1.0,1.0,0.8,1.0,1.0,1.0,1.0,0.0,0.0,0.0,0.0,3.0,4.6667,3.0,4.6667,0.0,0.0,0.07142857142857142,0.05584613708183502,0.04697569571711448,0.05745341614906832,0.04477611940298507,0.02533201746154599,0.026617954269772103,0.1384861407249467,0.10150161784583472,0.08909611156451219,1,3,5,14.0,17.0,18.4,0.26,0.30666666666666664,0.312,,,,4.666666666666667,4.666666666666667,1.4666666666666666,4.666666666666667,131,16,1,12.5,8.033333333333333,9.42,12.268749999999999,8,6.333333333333333,7.5625,0.0,0.0,43.9375,0.375
2025,18,2025_18_NYJ_BUF,2026-01-04,00-0038933,Dalton Kincaid,TE,BUF,NYJ,HOME,outdoors,a_turf,1,7,7,12.5,39.5,1,40,11,14.0,0,0,1,1,1,0,0.0,6.833333333333333,9.66,8.574555382059177,0.0,22.1,10.754545454545456,6.823981775527194,0.0,0.0,0.0,0.0,0.0,0.0,0.0,0.0,1.0,3.3333,3.8,4.1818,0.0,2.3333,3.0,0.0,2.3333,3.0,1.0,3.3333,3.8,4.1818,0.0,0.0,0.0,0.0,0.0,25.0,0.0,25.0,0.0,0.3333,0.05555555555555555,0.13152896486229818,0.1423019943019943,0.15308772328535175,0.15702479338842976,0.16833355874934453,0.19347761608039654,0.19325068870523415,0.31512693841798844,0.34888732270926903,1,3,5,19.0,22.0,21.4,0.38,0.36000000000000004,0.33799999999999997,,,,7.5,10.714285714285714,2.05,7.5,131,16,1,23.0,21.906666666666666,18.144,14.60125,5,9.333333333333334,7.5,2.375,3.4375,52.875,0.625
2025,18,2025_18_TEN_JAX,2026-01-04,00-0038935,Brenton Strange,TE,JAX,TEN,HOME,outdoors,grass,1,7,7,12.5,46.5,1,32,11,7.0,0,0,1,1,1,0,8.4,8.966666666666667,9.22,4.879241744369713,3.6,14.9,9.163636363636364,4.336651410310202,0.0,0.0,0.0,0.0,0.0,0.0,0.0,0.0,5.0,5.0,5.0,4.9091,3.0,3.0,3.0,3.0,3.0,3.0,5.0,5.0,5.0,4.9091,0.0,0.0,0.0,0.0,54.0,39.6667,54.0,39.6667,0.0,0.3333,0.13513513513513514,0.14742599742599743,0.15916527587495327,0.1527199236077736,0.052486187845303865,0.09592434842342416,0.12912618062562609,0.23944303419441543,0.28828604003539304,0.3291362402503682,1,3,5,56.0,53.0,52.6,0.81,0.79,0.8019999999999999,,,,7.933333333333334,13.222222222222221,1.7933333333333332,7.933333333333334,132,16,1,16.5,13.633333333333335,17.86,13.337500000000002,6,6.333333333333333,7.0,0.0,0.0,54.625,0.4375
2025,18,2025_18_ARI_LA,2026-01-04,00-0039041,Elijah Higgins,TE,ARI,LA,AWAY,dome,matrixturf,0,7,6,14.5,49.5,1,42,16,7.0,0,0,1,1,1,0,0.0,5.800000000000001,4.42,6.669107886366811,0.0,16.1,3.2687500000000003,4.03099966923012,0.0,0.0,0.0,0.0,0.0,0.0,0.0,0.0,1.0,3.6667,2.8,2.125,0.0,2.6667,2.2,0.0,2.6667,2.2,1.0,3.6667,2.8,2.125,0.0,0.0,0.0,0.0,0.0,31.3333,0.0,31.3333,0.0,0.0,0.02857142857142857,0.11902169216143808,0.08676928065312821,0.06404910565517617,0.03859649122807018,0.0796829312865497,0.050257462452332466,0.06987468671679198,0.23431059014274191,0.16533414469632504,1,3,5,34.0,38.666666666666664,36.4,0.6,0.6433333333333334,0.6,,,,8.545454545454545,11.75,1.581818181818182,8.545454545454545,131,16,1,3.6,6.866666666666667,7.720000000000001,12.150000000000002,3,3.0,7.125,0.0,2.3125,41.6875,0.4375
2025,18,2025_18_CAR_TB,2026-01-03,00-0039050,Payne Durham,TE,TB,CAR,HOME,outdoors,grass,1,6,6,3.0,43.5,1,21,7,27.0,0,0,1,1,1,0,0.0,0.7000000000000001,0.42000000000000004,0.9391485505499118,0.0,2.1,0.3,0.7937253933193772,0.0,0.0,0.0,0.0,0.0,0.0,0.0,0.0,0.0,0.6667,0.4,0.4286,0.0,0.3333,0.2,0.0,0.3333,0.2,0.0,0.6667,0.4,0.4286,0.0,0.0,0.0,0.0,0.0,3.6667,0.0,3.6667,0.0,0.0,0.0,0.020572450805008944,0.012343470483005367,0.012785018598972088,0.0,-0.002364066193853428,-0.0014184397163120566,0.0,0.02920382987181602,0.01752229792308961,1,3,5,23.0,22.666666666666668,20.2,0.31,0.34,0.306,,,,5.5,11.0,1.05,5.5,132,16,1,13.3,8.566666666666668,9.780000000000001,13.168750000000001,5,4.0,6.625,0.0,1.375,57.8125,0.375
2025,18,2025_18_KC_LV,2026-01-04,00-0039066,Michael Mayer,TE,LV,KC,HOME,dome,grass,1,7,10,-3.5,36.5,1,36,12,7.0,0,0,1,1,1,0,17.9,6.633333333333333,5.319999999999999,7.1963185032348305,0.0,17.9,5.508333333333333,5.8169748984929415,0.0,0.0,0.0,0.0,0.0,0.0,0.0,0.0,10.0,4.3333,3.6,3.75,9.0,3.3333,2.8,9.0,3.3333,2.8,10.0,4.3333,3.6,3.75,0.0,0.0,0.0,0.0,89.0,33.0,89.0,33.0,0.0,0.0,0.35714285714285715,0.1645021645021645,0.12397602397602396,0.13257052643854417,0.18562874251497005,0.12854291417165667,0.09479636043953392,0.6656544054747647,0.33673328667340635,0.2523214882717097,1,3,5,55.0,33.0,31.6,0.93,0.5966666666666667,0.544,,,,7.615384615384615,9.9,1.5307692307692307,7.615384615384615,131,16,1,10.5,13.299999999999999,10.959999999999999,11.2125,6,7.333333333333333,6.0,0.0,0.125,47.625,0.25
2025,18,2025_18_ARI_LA,2026-01-04,00-0039074,Davis Allen,TE,LA,ARI,HOME,dome,matrixturf,1,6,7,14.5,49.5,1,28,14,17.0,0,0,1,1,1,0,5.4,4.7,4.279999999999999,1.7541379649275024,1.4,5.9,4.485714285714286,2.7895015112594366,0.0,0.0,0.0,0.0,0.0,0.0,0.0,0.0,5.0,3.6667,3.2,2.2857,2.0,2.3333,2.2,2.0,2.3333,2.2,5.0,3.6667,3.2,2.2857,0.0,0.0,0.0,0.0,34.0,23.6667,34.0,23.6667,0.0,0.0,0.10416666666666667,0.09131531786455387,0.08572600989084561,0.06608370048269878,0.029350104821802937,0.021186133753989787,0.01782534759143329,0.17679507337526207,0.15180327042462363,0.14106675815027173,1,3,5,60.0,54.666666666666664,42.4,0.65,0.7033333333333333,0.598,,,,6.454545454545454,10.142857142857142,1.2818181818181817,6.454545454545454,131,16,1,13.600000000000001,20.133333333333333,16.339999999999996,15.512500000000003,6,9.333333333333334,8.0625,0.0,0.1875,64.9375,0.5
2025,18,2025_18_MIA_NE,2026-01-04,00-0039305,Jack Westover,TE,NE,MIA,HOME,outdoors,fieldturf,1,7,7,14.0,44.5,1,3,3,52.0,0,0,1,1,0,0,0.0,0.0,0.0,0.0,0.0,0.0,0.0,0.0,0.0,0.0,0.0,0.0,0.0,0.0,0.0,0.0,0.0,0.3333,0.3333,0.3333,0.0,0.0,0.0,0.0,0.0,0.0,0.0,0.3333,0.3333,0.3333,0.0,0.0,0.0,0.0,0.0,0.0,0.0,0.0,0.0,0.0,0.0,0.011494252873563218,0.011494252873563218,0.011494252873563218,0.0,0.0019047619047619048,0.0019047619047619048,0.0,0.01857471264367816,0.01857471264367816,1,3,3,20.0,22.0,22.0,0.3,0.33666666666666667,0.33666666666666667,,,,0.0,,0.0,0.0,132,16,1,7.300000000000001,17.0,15.779999999999998,16.475,4,7.666666666666667,8.375,0.0,1.4375,67.0625,0.5625
2025,18,2025_18_IND_HOU,2026-01-04,00-0039359,Cade Stover,TE,HOU,IND,HOME,closed,astroturf,1,8,7,9.5,37.5,1,19,5,14.0,0,0,1,1,1,0,2.7,3.9333333333333336,3.6,2.4072806234421447,0.0,6.2,3.6,2.4072806234421447,0.0,0.0,0.0,0.0,0.0,1.3333,0.8,0.8,3.0,2.6667,2.8,2.8,2.0,2.3333,2.2,2.0,3.6667,3.0,3.0,2.6667,2.8,2.8,0.0,0.0,0.0,1.0,7.0,15.0,7.0,16.0,0.0,0.0,0.08823529411764706,0.08870663650075415,0.0971393258157964,0.0971393258157964,0.01639344262295082,0.015966544947809583,0.024374047576759848,0.14382835101253616,0.14423653621459792,0.1627708220274265,1,3,5,33.0,35.0,32.2,0.51,0.51,0.4879999999999999,,,0.75,5.625,6.428571428571429,1.475,6.0,132,16,1,8.4,14.066666666666665,12.86,15.362499999999999,6,7.666666666666667,8.5,0.0,0.25,69.0,0.375
2025,18,2025_18_CLE_CIN,2026-01-04,00-0039458,Brenden Bates,TE,CLE,CIN,AWAY,outdoors,fieldturf,0,7,7,9.5,47.5,1,5,4,7.0,0,0,1,1,1,0,2.9000000000000004,0.9666666666666668,1.4400000000000002,2.0329781110479277,0.0,4.300000000000001,1.8000000000000003,2.1556128285632994,0.0,0.0,0.0,0.0,0.0,0.0,0.0,0.0,1.0,0.6667,1.0,1.0,1.0,0.3333,0.6,1.0,0.3333,0.6,1.0,0.6667,1.0,1.0,0.0,0.0,0.0,0.0,19.0,6.3333,19.0,6.3333,0.0,0.0,0.043478260869565216,0.026838432635534083,0.03506689144837812,0.03625785673471508,0.06349206349206349,0.025994939038417295,0.03173814798528757,0.10966183574879226,0.058454106280193235,0.0748170407622685,1,3,5,25.0,22.333333333333332,18.4,0.48,0.3833333333333333,0.308,,,,9.5,19.0,1.4500000000000002,9.5,131,16,1,23.6,13.333333333333334,20.52,22.06875,14,8.333333333333334,10.0625,0.0,0.1875,89.875,1.0
2025,18,2025_18_DAL_NYG,2026-01-04,00-0039530,Brevyn Spann-Ford,TE,DAL,NYG,AWAY,outdoors,fieldturf,0,10,7,-3.0,50.5,1,26,15,10.0,0,0,1,1,1,0,4.1,1.3666666666666665,1.16,1.8008331405213531,0.0,4.1,1.2666666666666666,2.054495651237155,0.0,0.0,0.0,0.0,0.0,0.0,0.0,0.0,2.0,1.0,0.8,0.6667,1.0,0.3333,0.4,1.0,0.3333,0.4,2.0,1.0,0.8,0.6667,0.0,0.0,0.0,0.0,31.0,10.3333,31.0,10.3333,0.0,0.0,0.05555555555555555,0.02804232804232804,0.021080715974332996,0.0181828000836136,0.05759162303664921,0.02885904342767534,0.02013232746505591,0.12364746945898777,0.0622648224628648,0.04571370318703863,1,3,5,48.0,26.666666666666668,22.4,0.52,0.33666666666666667,0.286,,,,10.333333333333334,31.0,1.3666666666666665,10.333333333333334,131,16,1,17.9,10.166666666666666,9.540000000000001,11.5225,10,5.333333333333333,6.75,1.1875,-0.25,47.5,0.3125
2025,18,2025_18_TEN_JAX,2026-01-04,00-0039648,David Martin-Robinson,TE,TEN,JAX,AWAY,outdoors,grass,0,7,7,12.5,46.5,1,14,10,7.0,0,0,1,1,1,0,1.9,0.6333333333333333,0.7,0.9643650760992956,0.0,1.9,1.06,2.244598454562023,0.0,0.0,0.0,0.0,0.0,0.0,0.0,0.0,1.0,0.3333,0.4,0.3,1.0,0.3333,0.4,1.0,0.3333,0.4,1.0,0.3333,0.4,0.3,0.0,0.0,0.0,0.0,9.0,3.0,9.0,3.0,0.0,0.0,0.02857142857142857,0.009523809523809523,0.013714285714285715,0.009798319327731092,0.021447721179624665,0.0071492403932082215,0.004289544235924933,0.05787054768288012,0.019290182560960042,0.023574109536576023,1,3,5,8.0,14.333333333333334,13.0,0.11,0.22,0.19999999999999998,,,,9.0,9.0,1.9,9.0,131,16,1,22.9,11.733333333333334,10.82,15.412499999999998,9,6.333333333333333,8.75,0.0,0.5,61.75,0.5
2025,18,2025_18_SEA_SF,2026-01-03,00-0039793,AJ Barner,TE,SEA,SF,AWAY,outdoors,grass,0,6,6,-2.5,47.5,1,31,16,6.0,0,0,1,1,1,0,13.3,11.333333333333334,9.48,4.382008671830762,5.7,15.0,8.99375,6.557791167763732,0.0,0.0,0.0,0.0,0.0,0.3333,0.4,0.625,3.0,5.0,4.8,4.0625,3.0,3.3333,3.4,3.0,3.6667,3.8,3.0,5.0,4.8,4.0625,0.0,0.0,0.0,0.3333,43.0,39.6667,43.0,40.0,1.0,0.6667,0.11538461538461539,0.16358372809985713,0.16829516439614617,0.139392935641531,0.07092198581560284,0.10660767233251973,0.094299834266052,0.22272231314784507,0.32000096278254947,0.31845263058045564,1,3,5,52.0,55.333333333333336,52.8,0.79,0.8533333333333334,0.8160000000000001,,,1.0,7.933333333333334,11.9,2.2666666666666666,8.0,132,16,1,27.099999999999998,20.333333333333332,15.26,15.350000000000001,14,12.333333333333334,8.75,0.0,0.125,59.0,0.625
2025,18,2025_18_KC_LV,2026-01-04,00-0039824,Jared Wiley,TE,KC,LV,AWAY,dome,grass,0,10,7,-3.5,36.5,1,2,1,38.0,0,0,1,0,0,0,1.4,1.55,1.55,0.21213203435596445,1.4,1.7000000000000002,1.4,,0.0,0.0,0.0,0.0,0.0,0.0,0.0,0.0,1.0,1.0,1.0,1.0,1.0,1.0,1.0,1.0,1.0,1.0,1.0,1.0,1.0,1.0,0.0,0.0,0.0,0.0,4.0,5.5,4.0,5.5,0.0,0.0,0.03125,0.03736413043478261,0.03736413043478261,0.03125,-0.016666666666666666,0.010897435897435899,0.010897435897435899,0.035208333333333335,0.06367440078037905,0.06367440078037905,1,2,2,9.0,10.5,10.5,0.14,0.16,0.16,,,,5.5,5.5,1.55,5.5,131,16,1,3.1,15.566666666666665,11.379999999999999,10.05,3,6.333333333333333,5.375,0.0,0.25,38.375,0.375
2025,18,2025_18_WAS_PHI,2026-01-04,00-0039912,Ben Sinnott,TE,WAS,PHI,AWAY,outdoors,grass,0,10,7,3.0,38.5,1,15,8,10.0,0,0,1,1,1,0,5.9,4.0,4.24,2.565735761920935,1.5,7.4,3.2625,2.512788718308235,0.0,0.0,0.0,0.0,0.0,0.0,0.0,0.0,4.0,2.3333,1.8,1.375,3.0,1.6667,1.4,3.0,1.6667,1.4,4.0,2.3333,1.8,1.375,0.0,0.0,0.0,0.0,29.0,23.3333,29.0,23.3333,0.0,0.0,0.19047619047619047,0.11765873015873014,0.08968614718614717,0.06334550865800866,0.281437125748503,0.17280866477210632,0.10507408775215268,0.4827202737382378,0.29745416057856966,0.2080810822057276,1,3,5,27.0,33.0,26.6,0.61,0.6233333333333332,0.502,,,,10.0,14.0,1.7142857142857142,10.0,132,16,1,8.0,6.1000000000000005,7.9,8.1375,5,5.333333333333333,6.3125,0.0,0.0625,30.6875,0.1875
2025,18,2025_18_DET_CHI,2026-01-04,00-0040126,Colston Loveland,TE,CHI,DET,HOME,outdoors,grass,1,7,10,3.5,51.5,1,15,15,7.0,0,0,1,1,1,0,21.4,12.5,11.24,6.4096021717420175,5.800000000000001,21.4,9.333333333333336,7.795206097034131,0.0,0.0,0.0,0.0,0.0,0.3333,0.2,0.0667,10.0,6.6667,6.2,4.6,6.0,4.3333,4.0,6.0,4.6667,4.2,10.0,6.6667,6.2,4.6,0.0,0.0,0.0,-0.6667,94.0,62.3333,94.0,61.6667,1.0,0.3333,0.2564102564102564,0.20466974489962997,0.19601613265406367,0.1472781848282186,0.33993399339933994,0.22753269888922426,0.2127580341625534,0.6225691799949226,0.46627750657190187,0.4429548228948829,1,3,5,54.0,50.0,48.4,0.82,0.7666666666666666,0.696,,,-2.0,9.35,14.384615384615385,1.875,9.25,132,16,1,3.1,15.733333333333334,13.040000000000001,12.60625,3,8.333333333333334,7.1875,0.0,2.0,51.5625,0.4375
2025,18,2025_18_IND_HOU,2026-01-04,00-0040128,Tyler Warren,TE,IND,HOU,AWAY,closed,astroturf,0,7,8,9.5,37.5,1,16,16,7.0,0,0,1,1,1,0,9.3,6.733333333333334,7.019999999999999,3.1316130029108002,3.7,11.2,11.30625,4.952099723013125,0.0,0.0,0.0,0.0625,0.0,0.0,0.4,0.375,5.0,6.6667,6.0,6.5,5.0,3.6667,3.2,5.0,3.6667,3.6,5.0,6.6667,6.0,6.5,0.0,0.0,0.0,0.0,43.0,30.6667,43.0,30.6667,0.0,0.0,0.1724137931034483,0.21772767462422635,0.19596993810786917,0.21312028665277066,0.0798611111111111,0.19580859566675798,0.15805464538333588,0.3145234674329502,0.46365752890307016,0.40459315893013875,1,3,5,49.0,50.333333333333336,52.6,0.86,0.8533333333333334,0.8720000000000001,,,,4.6,8.363636363636363,1.0100000000000002,4.6,132,16,1,16.1,24.399999999999995,18.080000000000002,12.243749999999999,8,11.0,6.9375,0.0,0.125,45.4375,0.5
2025,18,2025_18_CAR_TB,2026-01-03,00-0040187,Mitchell Evans,TE,CAR,TB,AWAY,outdoors,grass,0,6,6,3.0,43.5,1,13,13,6.0,0,0,1,1,1,0,1.6,2.3000000000000003,2.38,2.6138094804327268,0.0,5.300000000000001,3.592307692307693,3.2859452060915286,0.0,0.0,0.0,0.0,1.0,0.3333,0.2,0.0769,2.0,1.6667,1.8,1.7692,1.0,1.3333,1.4,2.0,1.6667,1.6,2.0,1.6667,1.8,1.7692,0.0,0.0,1.0,0.3333,5.0,9.3333,6.0,9.6667,0.0,0.0,0.09523809523809523,0.06400409626216078,0.07580986516470387,0.06422669242669772,0.046511627906976744,0.03373304263565891,0.01753844848273472,0.17541528239202658,0.1196192742382024,0.12599171168497011,1,3,5,30.0,23.666666666666668,23.0,0.57,0.4366666666666667,0.41200000000000003,,,1.0,5.6,7.0,1.3800000000000001,5.8,132,16,1,19.700000000000003,28.100000000000005,24.1,15.900000000000002,11,10.333333333333334,7.875,0.0,-0.125,57.875,0.6875
2025,18,2025_18_LAC_DEN,2026-01-04,00-0040189,Oronde Gadsden II,TE,LAC,DEN,AWAY,outdoors,grass,0,8,10,14.5,37.5,1,14,14,8.0,0,0,1,1,1,0,12.2,8.0,5.880000000000001,4.935787677767349,1.7000000000000002,12.2,9.078571428571431,7.723807209025728,0.0,0.0,0.0,0.0,0.0,0.0,0.0,0.0,6.0,4.0,3.6,4.7857,3.0,2.6667,2.0,3.0,2.6667,2.0,6.0,4.0,3.6,4.7857,0.0,0.0,0.0,0.0,32.0,33.3333,32.0,33.3333,1.0,0.3333,0.1935483870967742,0.14052345503958408,0.13814430076702164,0.15076597766600955,0.20714285714285716,0.1918493663846824,0.17642359712468625,0.4353225806451613,0.3450797390286538,0.33071296913781284,1,3,5,46.0,39.333333333333336,42.2,0.73,0.6133333333333333,0.6319999999999999,,,,8.333333333333334,12.5,2.0,8.333333333333334,132,16,1,9.799999999999999,13.399999999999999,16.88,14.037500000000001,7,8.333333333333334,8.4375,0.0,-0.25,61.25,0.375
2025,18,2025_18_NYJ_BUF,2026-01-04,00-0040194,Jackson Hawes,TE,BUF,NYJ,HOME,outdoors,a_turf,1,7,7,12.5,39.5,1,12,12,14.0,0,0,1,1,1,0,4.6,4.6,4.08,2.2353970564532823,1.9,7.3,4.308333333333333,2.5706236715252704,0.0,0.0,0.0,0.0,0.0,0.0,0.0,0.0,2.0,1.3333,1.4,1.5,2.0,1.3333,1.4,2.0,1.3333,1.4,2.0,1.3333,1.4,1.5,0.0,0.0,0.0,0.0,26.0,12.6667,26.0,12.6667,0.0,0.3333,0.1111111111111111,0.06220322886989554,0.05851758949585036,0.05825154884031695,0.06611570247933884,0.033494209181312774,0.027549941657855993,0.21294765840220384,0.11675078973176223,0.10706134340427473,1,3,5,32.0,32.333333333333336,34.2,0.64,0.5366666666666666,0.528,,,,9.5,9.5,3.4499999999999997,9.5,131,16,1,23.0,21.906666666666666,18.144,14.60125,5,9.333333333333334,7.5,2.375,3.4375,52.875,0.625
2025,18,2025_18_NYJ_BUF,2026-01-04,00-0040363,Keleki Latu,TE,BUF,NYJ,HOME,outdoors,a_turf,1,7,7,12.5,39.5,1,2,2,7.0,0,0,1,0,0,0,0.0,0.7,0.7,0.9899494936611665,0.0,1.4,0.7,0.9899494936611665,0.0,0.0,0.0,0.0,0.0,0.0,0.0,0.0,0.0,0.5,0.5,0.5,0.0,0.5,0.5,0.0,0.5,0.5,0.0,0.5,0.5,0.5,0.0,0.0,0.0,0.0,0.0,2.0,0.0,2.0,0.0,0.0,0.0,0.016666666666666666,0.016666666666666666,0.016666666666666666,0.0,0.005780346820809248,0.005780346820809248,0.0,0.029046242774566473,0.029046242774566473,1,2,2,16.0,11.0,11.0,0.21,0.16,0.16,,,,4.0,4.0,1.4,4.0,131,16,1,23.0,21.906666666666666,18.144,14.60125,5,9.333333333333334,7.5,2.375,3.4375,52.875,0.625
2025,18,2025_18_GB_MIN,2026-01-04,00-0040509,Ben Yurosek,TE,MIN,GB,HOME,dome,sportturf,1,10,8,12.5,37.5,1,5,5,56.0,0,0,1,1,1,0,0.0,0.5,0.3,0.6708203932499369,0.0,1.5,0.3,0.6708203932499369,0.0,0.0,0.0,0.0,0.0,0.0,0.0,0.0,0.0,0.6667,0.4,0.4,0.0,0.3333,0.2,0.0,0.3333,0.2,0.0,0.6667,0.4,0.4,0.0,0.0,0.0,0.0,0.0,1.6667,0.0,1.6667,0.0,0.0,0.0,0.022222222222222223,0.013333333333333332,0.013333333333333332,0.0,0.018518518518518517,0.01111111111111111,0.0,0.0462962962962963,0.02777777777777778,1,3,5,11.0,14.333333333333334,12.0,0.17,0.25000000000000006,0.21200000000000002,,,,2.5,5.0,0.75,2.5,131,16,1,12.5,8.033333333333333,9.42,12.268749999999999,8,6.333333333333333,7.5625,0.0,0.0,43.9375,0.375
2025,18,2025_18_GB_MIN,2026-01-04,00-0040628,Drake Dabney,TE,GB,MIN,AWAY,dome,sportturf,0,8,10,12.5,37.5,1,0,0,,1,1,0,0,0,0,,,,,,,,,,,,,,,,,,,,,,,,,,,,,,,,,,,,,,,,,,,,,,,,,,,0,0,0,,,,,,,,,,,,,,132,16,1,0.0,2.5,3.8200000000000003,11.15,2,3.3333333333333335,6.6875,0.0,0.125,44.5,0.375
2025,18,2025_18_BAL_PIT,2026-01-04,00-0030035,Adam Thielen,WR,PIT,BAL,HOME,outdoors,grass,1,7,8,-4.5,41.5,1,111,13,7.0,0,0,1,1,1,0,3.4000000000000004,4.666666666666667,3.08,3.4708788512421465,0.0,8.9,2.4846153846153842,2.4093035486927734,0.0,0.0,0.0,0.0,0.0,0.0,0.0,0.0,5.0,3.3333,2.4,2.2308,2.0,2.3333,1.6,2.0,2.3333,1.6,5.0,3.3333,2.4,2.2308,0.0,0.0,0.0,0.0,14.0,23.3333,14.0,23.3333,0.0,0.0,0.13513513513513514,0.09247844335563633,0.07265878318509897,0.07226467985453865,0.21929824561403508,0.12703625275605193,0.08505194033287644,0.3562114746325272,0.22764304196269083,0.16852453301066195,1,3,5,57.0,42.333333333333336,31.0,0.86,0.6233333333333334,0.484,,,,7.0,10.0,1.4000000000000001,7.0,132,16,1,47.900000000000006,42.400000000000006,37.78,36.1375,20,22.0,21.375,0.0,6.25,171.375,0.9375
2025,18,2025_18_LAC_DEN,2026-01-04,00-0030279,Keenan Allen,WR,LAC,DEN,AWAY,outdoors,grass,0,8,10,14.5,37.5,1,115,16,8.0,0,0,1,1,1,0,2.7,6.8999999999999995,6.58,2.7003703449712226,2.7,9.4,10.756250000000001,7.028984635066434,0.0,0.0,0.0,0.0,0.0,0.0,0.0,0.0,3.0,5.0,4.6,6.8125,1.0,3.6667,3.6,1.0,3.6667,3.6,3.0,5.0,4.6,6.8125,0.0,0.0,0.0,0.0,17.0,32.3333,17.0,32.3333,0.0,0.0,0.0967741935483871,0.1815254637835283,0.18262128241090372,0.21301737425798734,0.1,0.13066977081846973,0.1464830089641881,0.21516129032258063,0.36375703524822117,0.37647002989128725,1,3,5,36.0,31.333333333333332,35.2,0.57,0.48666666666666664,0.5259999999999999,,,,6.466666666666667,8.818181818181818,1.38,6.466666666666667,132,16,1,6.3999999999999995,26.5,30.540000000000003,27.375,9,17.333333333333332,19.625,0.0,1.3125,133.0625,0.375
2025,18,2025_18_BAL_PIT,2026-01-04,00-0030564,DeAndre Hopkins,WR,BAL,PIT,AWAY,outdoors,grass,0,8,7,-4.5,41.5,1,115,16,8.0,0,0,1,1,1,0,0.0,4.1000000000000005,3.3600000000000003,3.4297230208866725,0.0,8.100000000000001,4.1875,4.174665655275083,0.0,0.0,0.0,0.0,0.0,0.0,0.0,0.0,1.0,2.3333,2.2,2.3125,0.0,1.6667,1.4,0.0,1.6667,1.4,1.0,2.3333,2.2,2.3125,0.0,0.0,0.0,0.0,0.0,24.3333,0.0,24.3333,0.0,0.0,0.05,0.12777777777777777,0.10272727272727274,0.09761749668142689,0.2,0.1770071172763951,0.14348890939685313,0.215,0.31557164876014326,0.2545331456687063,1,3,5,19.0,17.333333333333332,17.6,0.25,0.31,0.29400000000000004,,,,10.428571428571429,14.6,1.7571428571428573,10.428571428571429,132,16,1,19.6,26.333333333333332,23.619999999999997,34.787499999999994,10,15.333333333333334,20.6875,0.0,1.125,162.375,0.875
2025,18,2025_18_CAR_TB,2026-01-03,00-0031408,Mike Evans,WR,TB,CAR,HOME,outdoors,grass,1,6,6,3.0,43.5,1,114,7,6.0,0,0,1,1,1,0,12.1,15.133333333333335,11.74,7.0995070251391414,0.0,19.200000000000003,11.342857142857142,5.838052512855391,0.0,0.0,0.0,0.0,0.0,0.0,0.0,0.0,7.0,9.3333,8.2,8.5714,3.0,4.6667,3.6,3.0,4.6667,3.6,7.0,9.3333,8.2,8.5714,0.0,0.0,0.0,0.0,31.0,64.6667,31.0,64.6667,1.0,0.6667,0.1590909090909091,0.29803030303030303,0.25688714733542317,0.265236851271334,0.34444444444444444,0.4153245702674764,0.345814998977684,0.4797474747474747,0.7377726537326881,0.6274012202875137,1,3,5,50.0,43.333333333333336,39.2,0.75,0.6533333333333333,0.576,,,,6.928571428571429,13.857142857142858,1.6214285714285717,6.928571428571429,132,16,1,19.6,30.333333333333332,31.380000000000003,27.34375,17,20.0,16.3125,0.0,0.9375,127.5,0.75
2025,18,2025_18_MIA_NE,2026-01-04,00-0031588,Stefon Diggs,WR,NE,MIA,HOME,outdoors,fieldturf,1,7,7,14.0,44.5,1,120,16,7.0,0,0,1,1,1,0,22.1,16.833333333333332,12.02,9.546831935254753,4.0,22.8,12.6875,6.9043826661041905,0.0,0.0,0.0,0.0,0.0,0.0,0.0,0.0,6.0,6.6667,5.4,6.1875,6.0,6.0,4.6,6.0,6.0,4.6,6.0,6.6667,5.4,6.1875,0.0,0.0,0.0,0.0,101.0,88.3333,101.0,88.3333,1.0,0.3333,0.24,0.21997113997113996,0.17683116883116884,0.2229301680010517,0.2772727272727273,0.18998943575619234,0.1426447986762812,0.5540909090909091,0.4629493149860446,0.36509811232015005,1,3,5,34.0,34.666666666666664,33.8,0.52,0.5366666666666666,0.514,,,,13.25,14.722222222222221,2.525,13.25,132,16,1,63.199999999999996,41.9,37.959999999999994,30.387500000000003,31,17.666666666666668,15.8125,0.0,2.375,127.125,1.0625
2025,18,2025_18_KC_LV,2026-01-04,00-0032211,Tyler Lockett,WR,LV,KC,HOME,dome,grass,1,7,10,-3.5,36.5,1,130,16,7.0,0,0,1,1,1,0,8.9,4.5,4.540000000000001,3.2608281156785925,1.6,8.9,4.1,3.6001851804224367,0.0,0.0,0.0,0.0,0.0,0.0,0.0,0.0,3.0,3.0,2.8,3.125,2.0,1.6667,1.8,2.0,1.6667,1.8,3.0,3.0,2.8,3.125,0.0,0.0,0.0,0.0,9.0,8.3333,9.0,8.3333,1.0,0.3333,0.10714285714285714,0.11935064935064936,0.10927272727272727,0.10598923874274682,0.10778443113772455,0.16469345321274037,0.14390896810250758,0.23616338751069288,0.2943113912748923,0.26464536858084625,1,3,5,33.0,26.666666666666668,27.0,0.56,0.5333333333333333,0.544,,,,2.7777777777777777,5.0,1.5,2.7777777777777777,132,16,1,25.400000000000002,26.900000000000002,32.72,28.46875,25,17.333333333333332,17.5,0.0,2.625,129.5625,0.625
2025,18,2025_18_DET_CHI,2026-01-04,00-0032464,Kalif Raymond,WR,DET,CHI,AWAY,outdoors,grass,0,10,7,3.5,51.5,1,99,14,10.0,0,0,1,1,1,0,1.5,6.8999999999999995,5.279999999999999,6.457321426102312,0.0,16.2,4.185714285714286,4.749875649037423,0.0,0.0,0.0,0.0,0.0,0.0,0.0,0.1429,2.0,2.6667,2.0,1.9286,1.0,2.0,1.6,1.0,2.0,1.6,2.0,2.6667,2.0,1.9286,0.0,0.0,0.0,0.0,5.0,29.0,5.0,29.0,0.0,0.3333,0.06896551724137931,0.06381171762296989,0.04881334636325562,0.05825514984252345,0.020100502512562814,0.03976666339489099,0.04648443242607487,0.11751862762086293,0.12355424081087855,0.10575912224313584,1,3,5,6.0,12.0,20.2,0.09,0.17333333333333334,0.312,,,,10.875,14.5,2.5875,10.875,132,16,1,35.2,29.599999999999998,36.339999999999996,35.3875,15,14.666666666666666,16.5625,0.0,7.125,152.375,1.375
2025,18,2025_18_SEA_SF,2026-01-03,00-0032775,Demarcus Robinson,WR,SF,SEA,HOME,outdoors,grass,1,6,6,-2.5,47.5,1,112,13,6.0,0,0,1,1,1,0,5.0,6.966666666666666,4.66,3.790514476954283,0.6000000000000001,10.3,4.061538461538461,3.1047110605063994,0.0,0.0,0.0,0.0,0.0,0.0,0.2,0.0769,2.0,2.0,1.6,2.3846,2.0,2.0,1.4,2.0,2.0,1.6,2.0,2.0,1.6,2.3846,0.0,0.0,0.0,0.0,30.0,29.6667,30.0,29.6667,0.0,0.3333,0.06060606060606061,0.06421356421356421,0.05347379070205157,0.0702169727405729,0.11462450592885376,0.10702344252683955,0.0784342313152169,0.17114624505928855,0.17123675608913402,0.13511464797372919,1,3,5,25.0,25.666666666666668,28.8,0.35,0.3666666666666667,0.414,,,,14.833333333333334,14.833333333333334,3.483333333333333,14.833333333333334,132,16,1,9.3,30.63333333333333,22.199999999999996,27.1,10,16.0,17.875,0.0,1.9375,114.0625,0.8125
2025,18,2025_18_SEA_SF,2026-01-03,00-0033307,Kendrick Bourne,WR,SF,SEA,HOME,outdoors,grass,1,6,6,-2.5,47.5,1,113,13,6.0,0,0,1,1,1,0,3.5,4.3,3.16,2.0562101059959805,0.0,5.7,7.084615384615386,6.896115591868386,0.0,0.0,0.0,0.0,0.0,0.0,0.0,0.0,1.0,3.0,2.2,4.0,1.0,2.0,1.4,1.0,2.0,1.4,1.0,3.0,2.2,4.0,0.0,0.0,0.0,0.0,25.0,23.0,25.0,23.0,0.0,0.0,0.030303030303030304,0.09632034632034632,0.07161606509432597,0.11344327399152196,0.07905138339920949,0.11690183588099172,0.09794465296036595,0.1007905138339921,0.22631180459721367,0.1759853547137451,1,3,5,19.0,32.666666666666664,32.8,0.26,0.47,0.48599999999999993,,,,7.666666666666667,11.5,1.4333333333333333,7.666666666666667,132,16,1,9.3,30.63333333333333,22.199999999999996,27.1,10,16.0,17.875,0.0,1.9375,114.0625,0.8125
2025,18,2025_18_TEN_JAX,2026-01-04,00-0033375,Tim Patrick,WR,JAX,TEN,HOME,outdoors,grass,1,7,7,12.5,46.5,1,78,12,7.0,0,0,1,1,1,0,0.0,6.966666666666668,4.6000000000000005,8.007184274137819,0.0,18.8,4.191666666666667,5.895986051132713,0.0,0.0,0.0,0.0,0.0,0.0,0.0,0.0,1.0,2.6667,2.6,1.9167,0.0,2.0,1.4,0.0,2.0,1.4,1.0,2.6667,2.6,1.9167,0.0,0.0,0.0,0.0,0.0,29.6667,0.0,29.6667,0.0,0.3333,0.02702702702702703,0.0830489475650766,0.08449603520571262,0.06445198700920052,0.03591160220994475,0.09197580624607227,0.11278012636073616,0.06567866208750187,0.18895648571986545,0.20569014126108423,1,3,5,12.0,24.0,21.6,0.17,0.36333333333333334,0.33399999999999996,,,,11.125,14.833333333333334,2.6125000000000003,11.125,132,16,1,47.4,34.833333333333336,32.040000000000006,35.29375,20,15.666666666666666,17.125,0.0,4.0625,163.875,1.125
2025,18,2025_18_KC_LV,2026-01-04,00-0033857,JuJu Smith-Schuster,WR,KC,LV,AWAY,dome,grass,0,10,7,-3.5,36.5,1,103,16,10.0,0,0,1,1,1,0,4.6,2.2666666666666666,1.6600000000000001,1.9021040980976829,0.0,4.6,4.387499999999999,4.229085795614304,0.0,0.0,0.0,0.0,0.0,0.0,0.0,0.0,3.0,2.6667,2.2,2.6875,3.0,1.3333,1.0,3.0,1.3333,1.0,3.0,2.6667,2.2,2.6875,0.0,0.0,0.0,0.0,16.0,9.3333,16.0,9.3333,0.0,0.0,0.15,0.12171717171717171,0.0930734064785789,0.08749881744536504,0.10714285714285714,0.05028571428571429,0.05011375844455429,0.3,0.2177757575757576,0.17468974062905634,1,3,5,35.0,36.0,30.8,0.81,0.7466666666666667,0.5900000000000001,,,,3.5,7.0,0.85,3.5,132,16,1,32.6,25.76666666666667,30.48,34.65625,20,15.0,18.5625,0.0,2.0625,151.375,1.0
2025,18,2025_18_SEA_SF,2026-01-03,00-0033908,Cooper Kupp,WR,SEA,SF,AWAY,outdoors,grass,0,6,6,-2.5,47.5,1,104,15,6.0,0,0,1,1,1,0,1.6,6.033333333333334,7.0,3.8321012512719443,1.6,11.5,7.426666666666667,4.14461210776226,0.0,0.0,0.0,0.0667,0.0,0.0,0.0,0.0,3.0,4.6667,4.2,4.4667,1.0,3.0,2.8,1.0,3.0,2.8,3.0,4.6667,4.2,4.4667,0.0,0.0,0.0,0.0,6.0,30.3333,6.0,30.3333,0.0,0.0,0.11538461538461539,0.15217936185678124,0.14609022580972092,0.16284467153683585,0.12056737588652482,0.16647125558322584,0.1513691543619532,0.25747408619749046,0.3447989216934299,0.32509374676794855,1,3,5,58.0,55.333333333333336,51.8,0.88,0.8533333333333334,0.8020000000000002,,,,6.5,10.11111111111111,1.292857142857143,6.5,132,16,1,34.5,30.366666666666664,26.119999999999997,32.8875,18,16.333333333333332,17.875,0.0,1.5625,148.5625,0.9375
2025,18,2025_18_CAR_TB,2026-01-03,00-0033921,Chris Godwin Jr.,WR,TB,CAR,HOME,outdoors,grass,1,6,6,3.0,43.5,1,103,8,6.0,0,0,1,1,1,0,23.8,15.266666666666666,13.419999999999998,6.181585557120439,8.0,23.8,10.149999999999999,6.549591045030435,0.0,0.0,0.0,0.0,0.0,0.0,0.0,0.0,8.0,6.3333,6.4,6.25,7.0,5.3333,4.8,7.0,5.3333,4.8,8.0,6.3333,6.4,6.25,0.0,0.0,0.0,0.0,108.0,52.6667,108.0,52.6667,1.0,0.6667,0.18181818181818182,0.19268939393939397,0.21121803196803196,0.19581658428936655,0.09722222222222222,0.13242769924086678,0.143503442286995,0.34078282828282824,0.38173348037769766,0.41727945755294443,1,3,5,53.0,53.333333333333336,50.2,0.79,0.7966666666666667,0.748,,,,8.31578947368421,9.875,2.4105263157894736,8.31578947368421,132,16,1,19.6,30.333333333333332,31.380000000000003,27.34375,17,20.0,16.3125,0.0,0.9375,127.5,0.75
2025,18,2025_18_WAS_PHI,2026-01-04,00-0034054,River Cracraft,WR,WAS,PHI,AWAY,outdoors,grass,0,10,7,3.0,38.5,1,36,1,10.0,0,0,1,1,1,0,0.0,3.466666666666667,2.72,2.9886451780029026,0.0,7.800000000000001,0.0,,0.0,0.0,0.0,0.0,0.0,0.0,0.0,0.0,0.0,1.6667,1.8,0.0,0.0,1.6667,1.4,0.0,1.6667,1.4,0.0,1.6667,1.8,0.0,0.0,0.0,0.0,0.0,0.0,18.0,0.0,18.0,0.0,0.0,0.0,0.049924924924924924,0.054437998792837505,0.0,0.0,0.07246031746031746,0.06820031318640897,0.0,0.12560960960960962,0.12939721741974253,1,3,5,0.0,15.0,17.0,0.0,0.22999999999999998,0.25600000000000006,,,,10.8,10.8,2.08,10.8,132,16,1,31.4,19.3,18.04,27.387500000000003,19,14.0,19.3125,0.0,4.4375,140.0625,0.375
2025,18,2025_18_BAL_PIT,2026-01-04,00-0034272,Marquez Valdes-Scantling,WR,PIT,BAL,HOME,outdoors,grass,1,7,8,-4.5,41.5,1,110,8,7.0,0,0,1,1,1,0,5.1,5.2,3.96,3.428264867246987,0.0,8.9,2.95,3.000476152689293,0.0,0.0,0.0,0.0,0.0,0.0,0.0,0.0,9.0,4.3333,3.4,2.75,3.0,1.6667,1.4,3.0,1.6667,1.4,9.0,4.3333,3.4,2.75,0.0,0.0,0.0,0.0,21.0,15.3333,21.0,15.3333,0.0,0.3333,0.24324324324324326,0.11974254956711099,0.09412235201708886,0.07321791737910159,0.37280701754385964,0.27370660048347123,0.1870451642433622,0.6258297771455666,0.37120844468909636,0.2721151429959868,1,3,5,54.0,39.666666666666664,35.4,0.82,0.5866666666666666,0.5359999999999999,,,,3.5384615384615383,9.2,1.2,3.5384615384615383,132,16,1,47.900000000000006,42.400000000000006,37.78,36.1375,20,22.0,21.375,0.0,6.25,171.375,0.9375
2025,18,2025_18_LAC_DEN,2026-01-04,00-0034348,Courtland Sutton,WR,DEN,LAC,HOME,outdoors,grass,1,10,8,14.5,37.5,1,113,16,10.0,0,0,1,1,1,0,8.0,17.633333333333336,16.46,6.497537995271748,8.0,24.3,13.6375,7.1063234751405275,0.0,0.0,0.0,0.0,0.0,0.0,0.0,0.0,10.0,10.6667,9.6,7.625,4.0,5.6667,5.6,4.0,5.6667,5.6,10.0,10.6667,9.6,7.625,0.0,0.0,0.0,0.0,40.0,79.6667,40.0,79.6667,0.0,0.6667,0.2702702702702703,0.28121327849588723,0.2521904993972739,0.218407469376247,0.5194174757281553,0.46864964972597556,0.4450786787244742,0.7689976384151141,0.7498746725520137,0.6898408242030428,1,3,5,59.0,60.333333333333336,57.2,0.82,0.8799999999999999,0.82,,,,7.46875,14.058823529411764,1.6531250000000002,7.46875,132,16,1,47.1,41.0,32.86,28.4075,20,20.666666666666668,18.125,0.5,1.9375,132.5625,0.625
2025,18,2025_18_IND_HOU,2026-01-04,00-0034386,Justin Watson,WR,HOU,IND,HOME,closed,astroturf,1,8,7,9.5,37.5,1,72,2,111.0,0,0,1,1,1,0,1.3,2.5,4.3,5.69166056612655,0.0,14.0,3.0,2.4041630560342617,0.0,0.0,0.0,0.0,0.0,0.0,0.0,0.0,2.0,2.3333,2.0,2.0,1.0,1.3333,1.2,1.0,1.3333,1.2,2.0,2.3333,2.0,2.0,0.0,0.0,0.0,0.0,3.0,11.6667,3.0,11.6667,0.0,0.0,0.08695652173913043,0.11250039468283289,0.08290460137966121,0.08051529790660225,0.09743589743589744,0.1734993043132578,0.1787896159689752,0.19863991081382384,0.2902001050435298,0.24950963324777448,1,3,5,20.0,29.333333333333332,29.6,0.41,0.6466666666666666,0.562,,,,5.0,8.75,1.0714285714285714,5.0,132,16,1,34.8,37.4,39.279999999999994,36.71875,27,21.333333333333332,21.4375,0.0,2.5625,171.5,0.9375
2025,18,2025_18_MIA_NE,2026-01-04,00-0034418,Cedrick Wilson Jr.,WR,MIA,NE,AWAY,outdoors,fieldturf,0,7,7,14.0,44.5,1,73,5,7.0,0,0,1,1,1,0,1.8,2.1666666666666665,1.8800000000000001,0.5167204273105526,1.2,2.6,1.8800000000000001,0.5167204273105526,0.0,0.0,0.0,0.0,0.0,0.0,0.0,0.0,2.0,1.6667,1.4,1.4,1.0,1.0,1.0,1.0,1.0,1.0,2.0,1.6667,1.4,1.4,0.0,0.0,0.0,0.0,8.0,11.6667,8.0,11.6667,0.0,0.0,0.09090909090909091,0.07513061650992685,0.05789118271876892,0.05789118271876892,0.07653061224489796,0.08617431646988298,0.05267642138242301,0.18993506493506493,0.17301794629380837,0.1237102690458495,1,3,5,38.0,26.333333333333332,23.0,0.69,0.4633333333333334,0.386,,,,7.0,11.666666666666666,1.3,7.0,132,16,1,22.6,22.0,24.3,29.53125,19,14.333333333333334,15.6875,0.0,7.9375,121.125,1.0625
2025,18,2025_18_IND_HOU,2026-01-04,00-0034775,Christian Kirk,WR,HOU,IND,HOME,closed,astroturf,1,8,7,9.5,37.5,1,103,10,8.0,0,0,1,1,1,0,2.1,3.466666666666667,5.680000000000001,6.36529653669018,1.6,16.4,5.720000000000001,4.770930493916022,0.0,0.0,0.0,0.0,0.0,0.0,0.0,0.0,5.0,4.3333,4.6,5.0,2.0,2.0,2.4,2.0,2.0,2.4,5.0,4.3333,4.6,5.0,0.0,0.0,0.0,0.0,1.0,14.6667,1.0,14.6667,0.0,0.0,0.19230769230769232,0.15015920898273838,0.15295266824678588,0.1532184987687834,0.0546875,0.11221823770491803,0.09119241448442268,0.3267427884615385,0.30379157986755023,0.2932636925092747,1,3,5,29.0,31.333333333333332,29.8,0.45,0.4766666666666666,0.45200000000000007,,,,3.3846153846153846,7.333333333333333,0.8,3.3846153846153846,132,16,1,34.8,37.4,39.279999999999994,36.71875,27,21.333333333333332,21.4375,0.0,2.5625,171.5,0.9375
2025,18,2025_18_DET_CHI,2026-01-04,00-0034827,DJ Moore,WR,CHI,DET,HOME,outdoors,grass,1,7,10,3.5,51.5,1,130,16,7.0,0,0,1,1,1,0,1.7000000000000002,15.5,10.36,11.098558464953905,0.6,22.9,10.629999999999999,8.184945530260622,0.0,0.0,0.0,0.0625,0.0,0.3333,0.4,0.9375,4.0,5.3333,4.8,5.125,1.0,3.3333,2.6,1.0,3.6667,3.0,4.0,5.3333,4.8,5.125,0.0,0.0,0.0,4.0,7.0,57.6667,7.0,61.6667,0.0,1.0,0.10256410256410256,0.17637619936470508,0.1585042910473945,0.164958153810683,0.07260726072607261,0.2753422170011563,0.22551213748736684,0.20467123635440468,0.4573038509478671,0.3956149328122486,1,3,5,61.0,60.0,63.4,0.92,0.9166666666666666,0.898,,,12.0,10.8125,17.3,2.90625,11.5625,132,16,1,19.5,28.600000000000005,40.78,36.6075,7,17.0,19.6875,2.0625,8.25,160.125,1.375
2025,18,2025_18_NO_ATL,2026-01-04,00-0034860,Dante Pettis,WR,NO,ATL,AWAY,closed,fieldturf,0,7,6,4.5,43.5,1,62,7,7.0,0,0,1,1,1,0,6.300000000000001,2.1,1.2600000000000002,2.8174456516497353,0.0,6.300000000000001,1.242857142857143,2.402677078355963,0.0,0.0,0.0,0.0,0.0,0.0,0.0,0.0,4.0,1.6667,1.0,0.8571,3.0,1.0,0.6,3.0,1.0,0.6,4.0,1.6667,1.0,0.8571,0.0,0.0,0.0,0.0,53.0,17.6667,53.0,17.6667,0.0,0.0,0.14814814814814814,0.056474914630943,0.0338849487785658,0.02752579397804534,0.1879432624113475,0.08160510010867982,0.04896306006520789,0.35378250591016547,0.14183594202249036,0.08510156521349421,1,3,5,37.0,17.0,11.2,0.69,0.29,0.188,,,,10.6,17.666666666666668,1.2600000000000002,10.6,132,16,1,29.4,32.76666666666667,38.32000000000001,33.8375,22,19.333333333333332,18.0,0.0,5.5625,144.6875,1.1875
2025,18,2025_18_ARI_LA,2026-01-04,00-0034928,Steven Sims,WR,ARI,LA,AWAY,dome,matrixturf,0,7,6,14.5,49.5,1,54,2,7.0,0,0,1,1,1,0,0.0,0.0,0.0,0.0,0.0,0.0,0.0,0.0,0.0,0.0,0.0,0.0,0.0,0.0,0.0,0.0,0.0,0.3333,0.2,0.5,0.0,0.0,0.0,0.0,0.0,0.0,0.0,0.3333,0.2,0.5,0.0,0.0,0.0,0.0,0.0,0.0,0.0,0.0,0.0,0.0,0.0,0.011494252873563218,0.006896551724137931,0.017241379310344827,0.0,0.0029239766081871343,0.0017543859649122805,0.0,0.019288162936075822,0.011572897761645492,1,3,5,3.0,3.3333333333333335,2.4,0.05,0.056666666666666664,0.04,,,,0.0,,0.0,0.0,132,16,1,13.6,41.333333333333336,39.5,32.38125,9,19.0,19.0,0.0,5.5,147.6875,0.875
2025,18,2025_18_TEN_JAX,2026-01-04,00-0034960,Jakobi Meyers,WR,JAX,TEN,HOME,outdoors,grass,1,7,7,12.5,46.5,1,99,15,7.0,0,0,1,1,1,0,7.9,9.533333333333333,12.940000000000001,5.438106288038144,7.9,21.3,11.093333333333334,4.484173226338333,0.0,0.0,0.0,0.0,0.0,0.3333,1.0,0.3333,9.0,8.0,8.0,6.9333,6.0,5.0,5.0,6.0,5.3333,6.0,9.0,8.0,8.0,6.9333,0.0,0.0,0.0,0.3333,39.0,51.6667,39.0,52.0,0.0,0.0,0.24324324324324326,0.24060489060489063,0.2568790633951924,0.23108533586128502,0.26795580110497236,0.24949866194307435,0.2304799779466254,0.5524339256383456,0.535556399267488,0.5466545796554263,1,3,5,65.0,59.666666666666664,58.0,0.94,0.89,0.884,,,1.0,6.458333333333333,10.333333333333334,1.1916666666666667,6.5,132,16,1,47.4,34.833333333333336,32.040000000000006,35.29375,20,15.666666666666666,17.125,0.0,4.0625,163.875,1.125
2025,18,2025_18_IND_HOU,2026-01-04,00-0035021,Ashton Dulin,WR,IND,HOU,AWAY,closed,astroturf,0,7,8,9.5,37.5,1,68,11,7.0,0,0,1,1,1,0,0.0,2.6666666666666665,1.6400000000000001,2.5035974117257753,0.0,5.800000000000001,1.8181818181818181,2.617180995582148,0.0,0.0,0.0,0.0,0.0,0.3333,0.2,0.2727,0.0,0.3333,0.4,0.7273,0.0,0.3333,0.4,0.0,0.6667,0.6,0.0,0.3333,0.4,0.7273,0.0,0.0,0.0,7.3333,0.0,16.0,0.0,23.3333,0.0,0.0,0.0,0.01075268817204301,0.013594470046082949,0.023682970255550904,0.0,0.014388489208633094,0.0026405841618839763,0.0,0.02620097470410768,0.02224011398244321,1,3,5,7.0,10.333333333333334,10.0,0.12,0.16333333333333333,0.16399999999999998,,,22.0,48.0,48.0,8.0,70.0,132,16,1,24.1,20.666666666666668,22.859999999999996,24.9375,15,13.333333333333334,17.0625,0.0,0.75,122.375,0.5
2025,18,2025_18_BAL_PIT,2026-01-04,00-0035298,Scott Miller,WR,PIT,BAL,HOME,outdoors,grass,1,7,8,-4.5,41.5,1,62,4,7.0,0,0,1,1,1,0,5.5,4.1000000000000005,2.46,2.627356085497358,0.0,5.5,3.075,2.585053190942113,0.0,0.0,0.0,0.0,0.0,0.0,0.0,0.0,7.0,3.6667,2.4,3.0,3.0,2.3333,1.4,3.0,2.3333,1.4,7.0,3.6667,2.4,3.0,0.0,0.0,0.0,0.0,25.0,17.6667,25.0,17.6667,0.0,0.0,0.1891891891891892,0.09947986263775738,0.06877882667356353,0.0859735333419544,0.2236842105263158,0.08741300311591421,0.07436561008872661,0.4403627311522048,0.210408896137776,0.1552241670724539,1,3,5,42.0,21.666666666666668,17.6,0.64,0.32666666666666666,0.27199999999999996,,,,4.818181818181818,7.571428571428571,1.1181818181818182,4.818181818181818,132,16,1,47.900000000000006,42.400000000000006,37.78,36.1375,20,22.0,21.375,0.0,6.25,171.375,0.9375
2025,18,2025_18_NO_ATL,2026-01-04,00-0035359,David Sills,WR,ATL,NO,HOME,closed,fieldturf,1,6,7,4.5,43.5,1,22,11,6.0,0,0,1,1,1,0,6.7,6.833333333333333,6.0,6.032826866403511,0.0,13.8,4.2727272727272725,4.863145259827411,0.0,0.0,0.0,0.0,0.0,0.0,0.0,0.0,4.0,5.0,4.6,3.1818,3.0,3.0,2.2,3.0,3.0,2.2,4.0,5.0,4.6,3.1818,0.0,0.0,0.0,0.0,37.0,38.3333,37.0,38.3333,0.0,0.0,0.2,0.1577714012434242,0.14904072093038634,0.1074873976730974,0.2694610778443114,0.22121762890943775,0.22747211032248976,0.488622754491018,0.3915094421017427,0.3827915586213223,1,3,5,8.0,35.666666666666664,45.0,0.15,0.5033333333333333,0.6579999999999999,,,,7.666666666666667,12.777777777777779,1.3666666666666667,7.666666666666667,132,16,1,37.4,26.8,22.5,27.95625,21,16.666666666666668,15.6875,0.0,1.0,122.3125,0.9375
2025,18,2025_18_DAL_NYG,2026-01-04,00-0035535,Darius Slayton,WR,NYG,DAL,HOME,outdoors,fieldturf,1,7,10,-3.0,50.5,1,102,13,7.0,0,0,1,1,1,0,5.6,5.566666666666667,6.82,4.955501992734945,1.8,14.100000000000001,6.876923076923076,4.234610144620527,0.0,0.0,0.0,0.0,0.0,0.0,0.0,0.0,3.0,5.0,4.0,4.1538,2.0,2.3333,2.0,2.0,2.3333,2.0,3.0,5.0,4.0,4.1538,0.0,0.0,0.0,0.0,36.0,32.3333,36.0,32.3333,0.0,0.0,0.10344827586206896,0.17835740249533352,0.14377914737955305,0.14487291933461383,0.25477707006369427,0.30063259293743666,0.24591851611113852,0.33351636283768943,0.4779789187992059,0.38781168234712654,1,3,5,56.0,53.0,50.6,0.88,0.8466666666666667,0.786,,,,6.466666666666667,13.857142857142858,1.1133333333333335,6.466666666666667,132,16,1,27.200000000000003,38.33333333333333,41.67999999999999,40.04375,14,17.0,17.625,0.0,7.25,173.1875,1.625
2025,18,2025_18_DET_CHI,2026-01-04,00-0035544,Tom Kennedy,WR,DET,CHI,AWAY,outdoors,grass,0,10,7,3.5,51.5,1,19,5,10.0,0,0,1,1,1,0,0.0,0.0,1.52,3.3988233257996807,0.0,7.6,1.52,3.3988233257996807,0.0,0.0,0.0,0.0,0.0,0.0,0.0,0.0,0.0,0.0,0.8,0.8,0.0,0.0,0.8,0.0,0.0,0.8,0.0,0.0,0.8,0.8,0.0,0.0,0.0,0.0,0.0,0.0,0.0,0.0,0.0,0.0,0.0,0.0,0.029629629629629627,0.029629629629629627,0.0,0.0,0.03764705882352941,0.0,0.0,0.07079738562091502,1,3,5,0.0,0.3333333333333333,9.4,0.0,0.0033333333333333335,0.148,,,,,,,,132,16,1,35.2,29.599999999999998,36.339999999999996,35.3875,15,14.666666666666666,16.5625,0.0,7.125,152.375,1.375
2025,18,2025_18_KC_LV,2026-01-04,00-0035602,Alex Bachman,WR,LV,KC,HOME,dome,grass,1,7,10,-3.5,36.5,1,17,10,7.0,0,0,1,1,1,0,0.0,0.43333333333333335,0.26,0.5813776741499453,0.0,1.3,0.32,0.6892830413633511,0.0,0.0,0.0,0.0,0.0,0.0,0.0,0.0,0.0,0.3333,0.2,0.3,0.0,0.3333,0.2,0.0,0.3333,0.2,0.0,0.3333,0.2,0.3,0.0,0.0,0.0,0.0,0.0,1.0,0.0,1.0,0.0,0.0,0.0,0.015151515151515152,0.00909090909090909,0.010353535353535354,0.0,0.005263157894736842,0.003157894736842105,0.0,0.026411483253588514,0.01584688995215311,1,3,5,12.0,7.0,5.0,0.2,0.12333333333333334,0.08600000000000001,,,,3.0,3.0,1.3,3.0,132,16,1,25.400000000000002,26.900000000000002,32.72,28.46875,25,17.333333333333332,17.5,0.0,2.625,129.5625,0.625
2025,18,2025_18_DAL_NYG,2026-01-04,00-0035645,Gunner Olszewski,WR,NYG,DAL,HOME,outdoors,fieldturf,1,7,10,-3.0,50.5,1,79,15,7.0,0,0,1,1,1,0,2.9000000000000004,0.9666666666666668,1.6440000000000001,2.4082524784581874,0.0,5.32,1.1746666666666667,2.7304470242766024,0.0,0.0,0.2,0.0667,0.0,0.0,0.0,0.0,1.0,0.3333,0.2,0.2667,1.0,0.3333,0.2,1.0,0.3333,0.2,1.0,0.3333,0.2,0.2667,0.0,0.0,0.0,0.0,19.0,6.3333,19.0,6.3333,0.0,0.0,0.034482758620689655,0.011494252873563218,0.006896551724137931,0.008548850574712644,0.01910828025477707,0.006369426751592356,0.003821656050955414,0.06509993410937844,0.02169997803645948,0.013019986821875686,1,3,5,10.0,4.0,4.0,0.16,0.06666666666666667,0.06000000000000001,,,,19.0,19.0,2.9000000000000004,19.0,132,16,1,27.200000000000003,38.33333333333333,41.67999999999999,40.04375,14,17.0,17.625,0.0,7.25,173.1875,1.625
2025,18,2025_18_WAS_PHI,2026-01-04,00-0035659,Terry McLaurin,WR,WAS,PHI,AWAY,outdoors,grass,0,10,7,3.0,38.5,1,106,9,10.0,0,0,1,1,1,0,11.3,11.833333333333334,13.040000000000001,6.331508509036374,7.1000000000000005,22.6,11.61111111111111,5.371788446235677,0.0,0.0,0.0,0.0,0.0,0.0,0.0,0.0,7.0,5.0,7.0,6.2222,5.0,3.6667,4.2,5.0,3.6667,4.2,7.0,5.0,7.0,6.2222,0.0,0.0,0.0,0.0,63.0,61.6667,63.0,61.6667,0.0,0.3333,0.3333333333333333,0.2611111111111111,0.27888888888888885,0.23477011494252872,0.47305389221556887,0.35564951291393143,0.3620853599222719,0.8311377245508982,0.6406213257064187,0.6717930852789236,1,3,5,38.0,43.0,41.4,0.86,0.8133333333333334,0.714,,,,12.333333333333334,16.818181818181817,2.3666666666666667,12.333333333333334,132,16,1,31.4,19.3,18.04,27.387500000000003,19,14.0,19.3125,0.0,4.4375,140.0625,0.375
2025,18,2025_18_KC_LV,2026-01-04,00-0035662,Marquise Brown,WR,KC,LV,AWAY,dome,grass,0,10,7,-3.5,36.5,1,88,15,10.0,0,0,1,1,1,0,1.7000000000000002,3.7999999999999994,4.68,3.341706151055176,1.7000000000000002,10.0,8.553333333333333,5.882281708252172,0.0,0.0,0.0,0.0,0.0,0.0,0.0,0.0,3.0,2.6667,2.2,4.5333,1.0,1.6667,1.6,1.0,1.6667,1.6,3.0,2.6667,2.2,4.5333,0.0,0.0,0.0,0.0,7.0,21.3333,7.0,21.3333,0.0,0.0,0.15,0.11844305120167188,0.0882169935117008,0.13810303990026657,0.32142857142857145,0.19893104300543749,0.13238569133032801,0.44999999999999996,0.31691630690631406,0.2249954741987808,1,3,5,26.0,24.0,27.0,0.6,0.49000000000000005,0.45200000000000007,,,,8.0,12.8,1.4249999999999998,8.0,132,16,1,32.6,25.76666666666667,30.48,34.65625,20,15.0,18.5625,0.0,2.0625,151.375,1.0
2025,18,2025_18_WAS_PHI,2026-01-04,00-0035719,Deebo Samuel Sr.,WR,WAS,PHI,AWAY,outdoors,grass,0,10,7,3.0,38.5,1,96,15,10.0,0,0,1,1,1,0,11.3,8.366666666666667,8.580000000000002,2.4108089928486667,6.5,11.3,12.273333333333333,6.8679864658601435,0.0,0.0,0.0,0.0,2.0,0.6667,0.8,1.0,4.0,4.3333,5.2,6.2667,2.0,2.6667,3.4,4.0,3.3333,4.2,4.0,4.3333,5.2,6.2667,0.0,0.0,25.0,8.3333,68.0,48.6667,93.0,57.0,0.0,0.0,0.19047619047619047,0.2343253968253968,0.2317063492063492,0.2530312855837593,0.11377245508982035,0.12963992762290902,0.09744950841321029,0.36535500427715994,0.44223604457413157,0.415774179698771,1,3,5,36.0,39.0,41.4,0.82,0.7466666666666666,0.692,,,12.5,11.23076923076923,18.25,1.9307692307692308,13.153846153846153,132,16,1,31.4,19.3,18.04,27.387500000000003,19,14.0,19.3125,0.0,4.4375,140.0625,0.375
2025,18,2025_18_TEN_JAX,2026-01-04,00-0036133,James Proche,WR,TEN,JAX,AWAY,outdoors,grass,0,7,7,12.5,46.5,1,55,5,7.0,0,0,1,1,1,0,1.5,0.5,2.2,2.9656365252673837,0.0,7.2,2.2,2.9656365252673837,0.0,0.0,0.0,0.0,0.0,0.0,0.0,0.0,5.0,2.3333,2.2,2.2,1.0,0.3333,1.0,1.0,0.3333,1.0,5.0,2.3333,2.2,2.2,0.0,0.0,0.0,0.0,5.0,1.6667,5.0,1.6667,0.0,0.0,0.14285714285714285,0.07329805996472663,0.06548259537733221,0.06548259537733221,0.28418230563002683,0.11576662321834397,0.12096948592438934,0.41321332822673307,0.19098372619993073,0.18290253321307087,1,3,5,40.0,23.0,22.4,0.54,0.35333333333333333,0.332,,,,0.7142857142857143,5.0,0.21428571428571427,0.7142857142857143,132,16,1,9.0,31.46666666666667,29.020000000000003,32.24375,13,22.666666666666668,21.3125,0.0,0.5,141.3125,0.875
2025,18,2025_18_DAL_NYG,2026-01-04,00-0036165,Isaiah Hodgins,WR,NYG,DAL,HOME,outdoors,fieldturf,1,7,10,-3.0,50.5,1,30,5,7.0,0,0,1,1,1,0,1.8,1.5333333333333332,5.499999999999999,5.459853477887479,1.4,12.2,5.499999999999999,5.459853477887479,0.0,0.0,0.0,0.0,0.0,0.0,0.0,0.0,2.0,1.6667,3.4,3.4,1.0,1.0,2.0,1.0,1.0,2.0,2.0,1.6667,3.4,3.4,0.0,0.0,0.0,0.0,8.0,5.3333,8.0,5.3333,0.0,0.0,0.06896551724137931,0.05539591315453384,0.10991097588460672,0.10991097588460672,0.050955414012738856,0.042836165978631185,0.11625779475190837,0.13911706567098617,0.11307918591684259,0.24624692015324592,1,3,5,52.0,53.333333333333336,54.2,0.81,0.8566666666666668,0.804,,,,3.2,5.333333333333333,0.9199999999999999,3.2,132,16,1,27.200000000000003,38.33333333333333,41.67999999999999,40.04375,14,17.0,17.625,0.0,7.25,173.1875,1.625
2025,18,2025_18_TEN_JAX,2026-01-04,00-0036176,Mason Kinsey,WR,TEN,JAX,AWAY,outdoors,grass,0,7,7,12.5,46.5,1,20,5,7.0,0,0,1,1,1,0,4.4,2.266666666666667,1.36,1.9919839356781972,0.0,4.4,1.36,1.9919839356781972,0.0,0.0,0.0,0.0,0.0,0.0,0.0,0.0,1.0,1.3333,0.8,0.8,1.0,0.6667,0.4,1.0,0.6667,0.4,1.0,1.3333,0.8,0.8,0.0,0.0,0.0,0.0,34.0,16.0,34.0,16.0,0.0,0.0,0.02857142857142857,0.0373015873015873,0.02238095238095238,0.02238095238095238,0.08847184986595175,0.10287370119909833,0.061724220719459,0.10478743776330907,0.1279639717917498,0.07677838307504987,1,3,5,8.0,16.333333333333332,10.8,0.11,0.26,0.176,,,,12.0,24.0,1.7000000000000002,12.0,132,16,1,9.0,31.46666666666667,29.020000000000003,32.24375,13,22.666666666666668,21.3125,0.0,0.5,141.3125,0.875
2025,18,2025_18_MIA_NE,2026-01-04,00-0036182,Nick Westbrook-Ikhine,WR,MIA,NE,AWAY,outdoors,fieldturf,0,7,7,14.0,44.5,1,79,12,20.0,0,0,1,1,1,0,0.0,0.0,1.1800000000000002,1.8417383093154143,0.0,4.2,1.6583333333333332,1.7855268299877378,0.0,0.0,0.0,0.0,0.0,0.0,0.0,0.0,1.0,0.3333,1.2,1.6667,0.0,0.0,0.6,0.0,0.0,0.6,1.0,0.3333,1.2,1.6667,0.0,0.0,0.0,0.0,0.0,0.0,0.0,0.0,0.0,0.0,0.038461538461538464,0.012820512820512822,0.03883773883773884,0.055852716749894164,0.029239766081871343,0.009746588693957114,0.032482953608931386,0.07816014394961764,0.026053381316539212,0.08099467578286022,1,3,5,18.0,17.666666666666668,24.2,0.36,0.3066666666666667,0.41200000000000003,,,,0.0,,0.0,0.0,132,16,1,22.6,22.0,24.3,29.53125,19,14.333333333333334,15.6875,0.0,7.9375,121.125,1.0625
2025,18,2025_18_NYJ_BUF,2026-01-04,00-0036196,Gabe Davis,WR,BUF,NYJ,HOME,outdoors,a_turf,1,7,7,12.5,39.5,1,77,5,7.0,0,0,1,1,1,0,0.0,1.8666666666666665,3.1599999999999997,2.663268668384773,0.0,7.0,3.1599999999999997,2.663268668384773,0.0,0.0,0.0,0.0,0.0,0.0,0.0,0.0,1.0,1.6667,2.2,2.2,0.0,1.0,1.4,0.0,1.0,1.4,1.0,1.6667,2.2,2.2,0.0,0.0,0.0,0.0,0.0,8.6667,0.0,8.6667,0.0,0.0,0.030303030303030304,0.06377787537207827,0.07743339188991363,0.07743339188991363,0.01593625498007968,0.14504573635491821,0.1540579232691675,0.05660992394060123,0.19719882850656015,0.2239906341232877,1,3,5,29.0,36.333333333333336,33.6,0.38,0.5133333333333333,0.5,,,,5.2,8.666666666666666,1.1199999999999999,5.2,132,16,1,41.1,41.9,33.58,30.674999999999997,15,19.0,16.75,0.0,7.25,138.875,0.9375
2025,18,2025_18_IND_HOU,2026-01-04,00-0036252,Michael Pittman,WR,IND,HOU,AWAY,closed,astroturf,0,7,8,9.5,37.5,1,94,16,7.0,0,0,1,1,1,0,3.6,5.466666666666668,7.119999999999999,5.779013756688938,2.3,16.9,12.45625,7.37147373325036,0.0,0.0,0.0,0.0,0.0,0.0,0.0,0.0,3.0,4.3333,5.8,6.6875,2.0,3.0,3.8,2.0,3.0,3.8,3.0,4.3333,5.8,6.6875,0.0,0.0,0.0,0.0,16.0,24.6667,16.0,24.6667,0.0,0.0,0.10344827586206896,0.14488161901955007,0.18559563807839669,0.2118168726531317,0.09027777777777778,0.19877929241566553,0.23038739432783886,0.2183668582375479,0.35646793322029097,0.43966463314708226,1,3,5,49.0,53.666666666666664,53.4,0.86,0.9066666666666667,0.884,,,,5.6923076923076925,8.222222222222221,1.2615384615384617,5.6923076923076925,132,16,1,24.1,20.666666666666668,22.859999999999996,24.9375,15,13.333333333333334,17.0625,0.0,0.75,122.375,0.5
2025,18,2025_18_SEA_SF,2026-01-03,00-0036259,Jauan Jennings,WR,SF,SEA,HOME,outdoors,grass,1,6,6,-2.5,47.5,1,71,14,6.0,0,0,1,1,1,0,12.2,16.333333333333332,15.600000000000003,2.764054992217051,12.2,18.7,11.842857142857142,5.810297792674696,0.0,0.0,0.0,0.0,0.0,0.0,0.0,0.0,4.0,5.0,5.6,6.0,2.0,3.3333,3.8,2.0,3.3333,3.8,4.0,5.0,5.6,6.0,0.0,0.0,0.0,0.0,42.0,50.0,42.0,50.0,1.0,1.3333,0.12121212121212122,0.16053391053391053,0.19224425936382455,0.19759006126222797,0.15019762845849802,0.1836385812173483,0.23023327404369218,0.28695652173913044,0.36934787265300956,0.44952968087632134,1,3,5,65.0,59.666666666666664,59.2,0.9,0.8433333333333333,0.8480000000000001,,,,10.0,15.0,3.2666666666666666,10.0,132,16,1,9.3,30.63333333333333,22.199999999999996,27.1,10,16.0,17.875,0.0,1.9375,114.0625,0.8125
2025,18,2025_18_NO_ATL,2026-01-04,00-0036309,Darnell Mooney,WR,ATL,NO,HOME,closed,fieldturf,1,6,7,4.5,43.5,1,88,14,6.0,0,0,1,1,1,0,5.5,5.466666666666666,4.5,1.8316659084014202,1.6,6.5,5.521428571428572,3.9670137133866574,0.0,0.0,0.0,0.0,0.0,0.0,0.0,0.0,3.0,3.6667,4.0,4.6429,2.0,2.3333,2.0,2.0,2.3333,2.0,3.0,3.6667,4.0,4.6429,0.0,0.0,0.0,0.0,35.0,31.3333,35.0,31.3333,0.0,0.0,0.15,0.11838833094213293,0.1318624916528374,0.1570691380076828,0.30538922155688625,0.20758200419718187,0.21960904463697478,0.4387724550898203,0.3228898993512267,0.3515200687251384,1,3,5,37.0,52.0,54.2,0.7,0.7733333333333334,0.8099999999999999,,,,8.545454545454545,13.428571428571429,1.4909090909090907,8.545454545454545,132,16,1,37.4,26.8,22.5,27.95625,21,16.666666666666668,15.6875,0.0,1.0,122.3125,0.9375
2025,18,2025_18_GB_MIN,2026-01-04,00-0036322,Justin Jefferson,WR,MIN,GB,HOME,dome,sportturf,1,10,8,12.5,37.5,1,93,16,10.0,0,0,1,1,1,0,7.0,8.566666666666666,6.24,4.938927008976748,2.4,14.5,11.44375,5.722816177372816,0.0,0.0,0.0,0.0,0.0,0.0,0.0,0.0625,5.0,7.0,6.2,8.125,4.0,4.0,3.2,4.0,4.0,3.2,5.0,7.0,6.2,8.125,0.0,0.0,0.0,0.0,30.0,45.6667,30.0,45.6667,0.0,0.0,0.35714285714285715,0.3461007591442374,0.2838223745270222,0.3029477670838054,0.29850746268656714,0.35188267497852105,0.3209022166265788,0.7446695095948827,0.7654690112013208,0.6503651134291385,1,3,5,53.0,54.666666666666664,53.0,0.98,0.9633333333333333,0.93,,,,6.523809523809524,11.416666666666666,1.2238095238095237,6.523809523809524,132,16,1,14.7,42.333333333333336,39.339999999999996,31.450000000000003,7,16.333333333333332,16.6875,0.0,2.75,133.625,1.125
2025,18,2025_18_DET_CHI,2026-01-04,00-0036331,Devin Duvernay,WR,CHI,DET,HOME,outdoors,grass,1,7,10,3.5,51.5,1,87,16,7.0,0,0,1,1,1,0,0.0,0.0,0.68,1.5205262246998572,0.0,3.4000000000000004,0.28750000000000003,0.8823264701911646,0.0,0.0,0.0,0.0,0.0,0.0,0.0,0.0,1.0,0.3333,0.4,0.3125,0.0,0.0,0.2,0.0,0.0,0.2,1.0,0.3333,0.4,0.3125,0.0,0.0,0.0,0.0,0.0,0.0,0.0,0.0,0.0,0.0,0.02564102564102564,0.008547008547008546,0.01227106227106227,0.009191849816849815,0.009900990099009901,0.0033003300330033004,0.018087580570137547,0.045392231530845394,0.015130743843615131,0.03106789980568969,1,3,5,11.0,9.0,5.6,0.17,0.1366666666666667,0.084,,,,0.0,,0.0,0.0,132,16,1,19.5,28.600000000000005,40.78,36.6075,7,17.0,19.6875,2.0625,8.25,160.125,1.375
2025,18,2025_18_DAL_NYG,2026-01-04,00-0036358,CeeDee Lamb,WR,DAL,NYG,AWAY,outdoors,fieldturf,0,10,7,-3.0,50.5,1,93,12,10.0,0,0,1,1,1,0,9.600000000000001,12.600000000000001,16.02,5.870008517881384,9.600000000000001,24.200000000000003,16.625,4.429267331163145,0.0,0.0,0.0,0.0,0.0,0.0,0.0,0.0833,10.0,9.0,8.8,9.6667,5.0,5.6667,6.0,5.0,5.6667,6.0,10.0,9.0,8.8,9.6667,0.0,0.0,0.0,0.0,46.0,69.3333,46.0,69.3333,0.0,0.0,0.2777777777777778,0.2607473544973545,0.2391396145385507,0.268327160680884,0.42408376963350786,0.3195942554296754,0.31623102655674284,0.7135253054101222,0.6148370105468045,0.580071140397546,1,3,5,80.0,63.333333333333336,57.2,0.87,0.8633333333333333,0.772,,,,7.703703703703703,12.235294117647058,1.4000000000000001,7.703703703703703,132,16,1,26.0,26.566666666666666,31.26,34.90625,16,14.333333333333334,18.8125,0.0,4.125,156.1875,1.0625
2025,18,2025_18_CLE_CIN,2026-01-04,00-0036407,Jerry Jeudy,WR,CLE,CIN,AWAY,outdoors,fieldturf,0,7,7,9.5,47.5,1,90,16,7.0,0,0,1,1,1,0,10.4,6.266666666666667,8.2,5.342284155677233,4.2,16.6,7.28125,5.332193888697848,0.0,0.0,0.0,0.0,0.0,0.0,0.0,0.0,7.0,5.0,4.8,6.25,5.0,3.3333,3.2,5.0,3.3333,3.2,7.0,5.0,4.8,6.25,0.0,0.0,0.0,0.0,54.0,29.3333,54.0,29.3333,0.0,0.0,0.30434782608695654,0.1938427440998736,0.17740404462926054,0.20028039431183509,0.43915343915343913,0.40189698749032937,0.34341053211326333,0.7639291465378422,0.572092007393041,0.506493439423175,1,3,5,49.0,50.666666666666664,53.2,0.94,0.8766666666666666,0.8699999999999999,,,,5.866666666666666,8.8,1.2533333333333334,5.866666666666666,131,16,1,24.299999999999997,24.666666666666668,19.8,25.8675,14,11.666666666666666,14.0,0.125,7.0625,117.8125,0.8125
2025,18,2025_18_CLE_CIN,2026-01-04,00-0036410,Tee Higgins,WR,CIN,CLE,HOME,outdoors,fieldturf,1,7,7,9.5,47.5,1,81,14,7.0,0,0,1,1,1,0,9.9,17.133333333333333,14.960000000000003,7.467127961940924,8.1,27.200000000000003,13.778571428571428,8.43392221662282,0.0,0.0,0.0,0.0,0.0,0.0,0.0,0.0,5.0,6.3333,6.6,6.3571,4.0,4.3333,4.2,4.0,4.3333,4.2,5.0,6.3333,6.6,6.3571,0.0,0.0,0.0,0.0,59.0,68.0,59.0,68.0,0.0,1.0,0.15151515151515152,0.1846149668730314,0.1870887387965187,0.17877727725481382,0.33955223880597013,0.3640420068497594,0.31660189583917897,0.46495929443690637,0.5317518551043786,0.5022544352822033,1,3,5,44.0,42.0,47.4,0.57,0.64,0.722,,,,10.736842105263158,15.692307692307692,2.705263157894737,10.736842105263158,132,16,1,14.0,21.0,21.279999999999998,25.706249999999997,21,15.0,14.375,0.0,2.75,105.5625,0.9375
2025,18,2025_18_TEN_JAX,2026-01-04,00-0036626,Dyami Brown,WR,JAX,TEN,HOME,outdoors,grass,1,7,7,12.5,46.5,1,60,10,21.0,0,0,1,1,1,0,-1.6,-0.5333333333333333,2.2600000000000002,3.8997435813140338,-1.6,7.0,4.79,5.57443569640312,0.0,0.0,0.0,0.0,1.0,0.3333,0.4,0.6,0.0,0.6667,2.6,3.6,0.0,0.0,1.0,1.0,0.3333,1.4,0.0,0.6667,2.6,3.6,0.0,0.0,4.0,1.3333,0.0,0.0,4.0,1.3333,0.0,0.0,0.0,0.029644268774703556,0.07723208028480924,0.10528181306925495,0.0,0.15037894835945959,0.17379469723161392,0.0,0.14973166701367704,0.23750440848934357,1,3,5,5.0,15.666666666666666,23.6,0.08,0.24,0.324,,,4.0,0.0,,-0.8,2.0,132,16,1,47.4,34.833333333333336,32.040000000000006,35.29375,20,15.666666666666666,17.125,0.0,4.0625,163.875,1.125
2025,18,2025_18_ARI_LA,2026-01-04,00-0036849,Tutu Atwell,WR,LA,ARI,HOME,dome,matrixturf,1,6,7,14.5,49.5,1,54,7,6.0,0,0,1,1,1,0,0.0,3.6999999999999997,5.38,6.9492445632600965,0.0,15.8,4.042857142857143,6.129670231167183,0.0,0.0,0.0,0.0,0.0,0.0,0.0,0.0,1.0,2.3333,2.0,1.7143,0.0,1.0,0.8,0.0,1.0,0.8,1.0,2.3333,2.0,1.7143,0.0,0.0,0.0,0.0,0.0,27.0,0.0,27.0,0.0,0.0,0.027777777777777776,0.05578862615475888,0.04953378175346139,0.04494759921165609,0.09941520467836257,0.12044860550978553,0.0990693727847925,0.11125730994152044,0.16799696308898815,0.14364923357954681,1,3,5,13.0,20.666666666666668,21.6,0.2,0.30666666666666664,0.316,,,,11.571428571428571,27.0,1.5857142857142856,11.571428571428571,132,16,1,44.5,27.366666666666664,30.26,30.14375,21,13.0,17.625,0.0,2.125,139.3125,0.8125
2025,18,2025_18_BAL_PIT,2026-01-04,00-0036862,Ben Skowronek,WR,PIT,BAL,HOME,outdoors,grass,1,7,8,-4.5,41.5,1,63,15,14.0,0,0,1,1,1,0,0.0,0.7666666666666666,1.08,1.5056560032092323,0.0,3.1,1.1266666666666665,2.475441278602569,0.0,0.0,0.0,0.0,0.0,0.0,0.0,0.0,0.0,0.3333,0.6,0.4,0.0,0.3333,0.4,0.0,0.3333,0.4,0.0,0.3333,0.6,0.4,0.0,0.0,0.0,0.0,0.0,4.3333,0.0,4.3333,0.0,0.0,0.0,0.010101010101010102,0.021603128054740958,0.01461352962326266,0.0,0.020440251572327043,0.037243068130105625,0.0,0.029459691252144083,0.05847483977318537,1,3,5,1.0,4.666666666666667,8.8,0.01,0.08,0.13799999999999998,,,,13.0,13.0,2.3,13.0,132,16,1,47.900000000000006,42.400000000000006,37.78,36.1375,20,22.0,21.375,0.0,6.25,171.375,0.9375
2025,18,2025_18_CLE_CIN,2026-01-04,00-0036900,Ja'Marr Chase,WR,CIN,CLE,HOME,outdoors,fieldturf,1,7,7,9.5,47.5,1,77,15,7.0,0,0,1,1,1,0,25.0,22.7,19.26,5.756561473657691,10.2,25.0,19.333333333333332,10.565352179017351,0.0,0.0,0.0,0.0,0.0,0.0,0.2,0.2,9.0,12.0,11.6,11.6667,7.0,8.6667,7.6,7.0,8.6667,7.8,9.0,12.0,11.6,11.6667,0.0,0.0,0.0,0.0,60.0,100.3333,60.0,100.3333,2.0,0.6667,0.2727272727272727,0.3573368089497122,0.3224828934506354,0.3244907406879421,0.17537313432835822,0.3950597610162123,0.33858600858541127,0.5318521031207598,0.8125470461359168,0.7207345461857408,1,3,5,59.0,62.0,65.6,0.77,0.87,0.9199999999999999,,,,8.36111111111111,11.576923076923077,1.8916666666666666,8.36111111111111,132,16,1,14.0,21.0,21.279999999999998,25.706249999999997,21,15.0,14.375,0.0,2.75,105.5625,0.9375
2025,18,2025_18_WAS_PHI,2026-01-04,00-0036912,DeVonta Smith,WR,PHI,WAS,HOME,outdoors,grass,1,7,10,3.0,38.5,1,79,16,7.0,0,0,1,1,1,0,4.5,9.233333333333333,9.040000000000001,4.427527526735435,4.5,16.2,12.100000000000001,7.994998436522673,0.0,0.0,0.0,0.0,0.0,0.0,0.0,0.0,5.0,5.0,6.2,6.8125,2.0,3.3333,3.8,2.0,3.3333,3.8,5.0,5.0,6.2,6.8125,0.0,0.0,0.0,0.0,25.0,39.0,25.0,39.0,0.0,0.3333,0.22727272727272727,0.20474863578311853,0.21828777796109916,0.2537722634697687,0.29457364341085274,0.3145714345818476,0.2656801626159631,0.5471106412966877,0.527322957881971,0.513407780772823,1,3,5,46.0,47.333333333333336,52.4,0.85,0.7433333333333333,0.828,,,,7.8,11.7,1.8466666666666667,7.8,132,16,1,44.1,36.73333333333333,32.739999999999995,35.493750000000006,25,23.666666666666668,18.4375,0.0,6.75,163.8125,1.0625
2025,18,2025_18_DET_CHI,2026-01-04,00-0036963,Amon-Ra St. Brown,WR,DET,CHI,AWAY,outdoors,grass,0,10,7,3.5,51.5,1,81,16,10.0,0,0,1,1,1,0,14.8,21.86666666666667,16.160000000000004,15.38401768069707,0.0,41.400000000000006,18.69375,11.180069692686773,0.0,0.0,0.0,0.0,0.0,0.0,0.0,0.1875,13.0,13.3333,10.0,9.8125,8.0,8.3333,6.2,8.0,8.3333,6.2,13.0,13.3333,10.0,9.8125,0.0,0.0,0.0,0.0,68.0,95.3333,68.0,95.3333,0.0,0.6667,0.4482758620689655,0.3650123318907348,0.28447932267088055,0.31038800523047577,0.4623115577889447,0.3145722666670345,0.23936241985123533,0.9960318835557096,0.7677190845030264,0.5942726779021855,1,3,5,53.0,62.0,49.4,0.83,0.9166666666666666,0.746,,,,7.15,11.44,1.6400000000000001,7.15,132,16,1,35.2,29.599999999999998,36.339999999999996,35.3875,15,14.666666666666666,16.5625,0.0,7.125,152.375,1.375
2025,18,2025_18_NYJ_BUF,2026-01-04,00-0036988,Josh Palmer,WR,BUF,NYJ,HOME,outdoors,a_turf,1,7,7,12.5,39.5,1,67,11,7.0,0,0,1,1,1,0,2.2,2.0,2.7600000000000002,1.1674759098157015,1.2,4.1,4.654545454545455,3.0197230456992696,0.0,0.0,0.0,0.0,0.0,0.0,0.0,0.0,2.0,1.6667,2.8,3.0909,1.0,1.0,1.4,1.0,1.0,1.4,2.0,1.6667,2.8,3.0909,0.0,0.0,0.0,0.0,12.0,10.0,12.0,10.0,0.0,0.0,0.06060606060606061,0.06436156436156436,0.09695027195027194,0.10197652515834332,0.08366533864541832,0.04896792790068174,0.11808215335836761,0.14947482796088374,0.13081989607282377,0.2280829152762652,1,3,5,38.0,32.0,31.4,0.5,0.51,0.506,,,,6.0,10.0,1.2,6.0,132,16,1,41.1,41.9,33.58,30.674999999999997,15,19.0,16.75,0.0,7.25,138.875,0.9375
2025,18,2025_18_GB_MIN,2026-01-04,00-0037091,Bo Melton,WR,GB,MIN,AWAY,dome,sportturf,0,8,10,12.5,37.5,1,29,12,8.0,0,0,1,1,1,0,4.4,1.4666666666666668,3.4799999999999995,4.8298033086244825,0.0,11.5,2.016666666666667,3.4519647457731377,0.0,0.0,0.0,0.0,0.0,0.3333,0.6,0.4167,3.0,1.3333,1.4,1.0,1.0,0.3333,0.4,1.0,0.6667,1.0,3.0,1.3333,1.4,1.0,0.0,0.0,0.0,0.0,34.0,11.3333,34.0,11.3333,0.0,0.0,0.12,0.04925925925925926,0.05384341162751958,0.035061017471062446,0.17869415807560138,0.07210159251487598,0.0979064609320411,0.30508591065292096,0.12436000364930207,0.1492996400937081,1,3,5,17.0,9.0,9.4,0.36,0.17,0.17,,,0.0,8.5,34.0,1.1,8.5,132,16,1,35.9,27.0,22.619999999999997,24.868750000000002,22,18.0,14.875,0.0,3.1875,121.75,0.5625
2025,18,2025_18_NO_ATL,2026-01-04,00-0037098,Samori Toure,WR,NO,ATL,AWAY,closed,fieldturf,0,7,6,4.5,43.5,1,12,0,735.0,0,1,1,1,1,1,0.3999999999999999,1.5333333333333332,2.08,2.1276747871796577,0.0,4.5,,,0.0,0.0,0.0,,0.0,0.0,0.0,,1.0,2.3333,2.0,,1.0,1.0,1.0,1.0,1.0,1.0,1.0,2.3333,2.0,,0.0,0.0,0.0,0.0,-6.0,5.3333,-6.0,5.3333,0.0,0.0,0.029411764705882353,0.0705326665078987,0.060701952845915695,,-0.01680672268907563,0.09968136438724674,0.12094096379810666,0.032352941176470584,0.17557595483292077,0.1757116039275482,1,3,5,9.0,11.333333333333334,10.4,0.12,0.16333333333333333,0.158,,,,2.2857142857142856,5.333333333333333,0.6571428571428571,2.2857142857142856,132,16,1,29.4,32.76666666666667,38.32000000000001,33.8375,22,19.333333333333332,18.0,0.0,5.5625,144.6875,1.1875
2025,18,2025_18_WAS_PHI,2026-01-04,00-0037132,Britain Covey,WR,PHI,WAS,HOME,outdoors,grass,1,7,10,3.0,38.5,1,42,5,7.0,0,0,1,1,1,0,0.0,0.0,0.0,0.0,0.0,0.0,0.0,0.0,0.0,0.0,0.0,0.0,0.0,0.0,0.0,0.0,0.0,0.0,0.0,0.0,0.0,0.0,0.0,0.0,0.0,0.0,0.0,0.0,0.0,0.0,0.0,0.0,0.0,0.0,0.0,0.0,0.0,0.0,0.0,0.0,0.0,0.0,0.0,0.0,0.0,0.0,0.0,0.0,0.0,0.0,1,3,5,0.0,1.6666666666666667,1.0,0.0,0.02333333333333333,0.013999999999999999,,,,,,,,132,16,1,44.1,36.73333333333333,32.739999999999995,35.493750000000006,25,23.666666666666668,18.4375,0.0,6.75,163.8125,1.0625
2025,18,2025_18_NO_ATL,2026-01-04,00-0037231,Kevin Austin Jr.,WR,NO,ATL,AWAY,closed,fieldturf,0,7,6,4.5,43.5,1,12,4,7.0,0,0,1,1,1,0,15.2,8.433333333333334,5.5200000000000005,5.875968005358777,0.0,15.2,6.325,6.45877955447725,0.0,0.0,0.0,0.0,0.0,0.0,0.0,0.0,5.0,4.3333,3.0,3.5,4.0,3.0,2.0,4.0,3.0,2.0,5.0,4.3333,3.0,3.5,0.0,0.0,0.0,0.0,52.0,34.3333,52.0,34.3333,1.0,0.3333,0.18518518518518517,0.1367684316666243,0.09206731290866751,0.10867388472557797,0.18085106382978725,0.11798085197598557,0.0862071574976094,0.40437352245862884,0.2877392438831263,0.19844597961132787,1,3,5,44.0,45.666666666666664,39.0,0.81,0.6833333333333332,0.58,,,,7.923076923076923,11.444444444444445,1.9461538461538461,7.923076923076923,132,16,1,29.4,32.76666666666667,38.32000000000001,33.8375,22,19.333333333333332,18.0,0.0,5.5625,144.6875,1.1875
2025,18,2025_18_NO_ATL,2026-01-04,00-0037238,Drake London,WR,ATL,NO,HOME,closed,fieldturf,1,6,7,4.5,43.5,1,61,11,6.0,0,0,1,1,1,0,1.4,8.666666666666666,17.84,15.009430368938055,1.4,38.8,16.736363636363635,12.008686250150157,0.0,0.0,0.0,0.0,0.0,0.0,0.0,0.0,2.0,6.3333,8.2,9.4545,1.0,3.6667,5.2,1.0,3.6667,5.2,2.0,6.3333,8.2,9.4545,0.0,0.0,0.0,0.0,4.0,50.0,4.0,50.0,0.0,0.0,0.1,0.2152129817444219,0.27548073022312375,0.29987880405503686,0.17365269461077845,0.3678075917439531,0.38073572463701516,0.2715568862275449,0.5802847868374,0.6797361025805962,1,3,5,52.0,55.333333333333336,56.6,0.98,0.8633333333333333,0.9099999999999999,,,,7.894736842105263,13.636363636363637,1.3684210526315788,7.894736842105263,132,16,1,37.4,26.8,22.5,27.95625,21,16.666666666666668,15.6875,0.0,1.0,122.3125,0.9375
2025,18,2025_18_DET_CHI,2026-01-04,00-0037240,Jameson Williams,WR,DET,CHI,AWAY,outdoors,grass,0,10,7,3.5,51.5,1,49,16,10.0,0,0,1,1,1,0,5.7,14.700000000000001,17.66,9.178398553124614,5.7,26.9,12.90625,9.256382932873942,0.0,0.0,0.0,0.0,0.0,0.0,0.4,0.375,3.0,7.3333,8.2,5.875,2.0,4.6667,5.6,2.0,4.6667,6.0,3.0,7.3333,8.2,5.875,0.0,0.0,0.0,0.0,37.0,80.3333,37.0,80.3333,0.0,0.3333,0.10344827586206896,0.17989436455861138,0.24007520893827317,0.18394820758694405,0.1658291457286432,0.3433510354020686,0.404433431413345,0.2712528158031537,0.5101872716193652,0.6432162153967512,1,3,5,53.0,60.333333333333336,59.4,0.83,0.8966666666666666,0.9099999999999999,,,,10.954545454545455,17.214285714285715,2.0045454545454544,10.954545454545455,132,16,1,35.2,29.599999999999998,36.339999999999996,35.3875,15,14.666666666666666,16.5625,0.0,7.125,152.375,1.375
2025,18,2025_18_DAL_NYG,2026-01-04,00-0037247,George Pickens,WR,DAL,NYG,AWAY,outdoors,fieldturf,0,10,7,-3.0,50.5,1,64,16,10.0,0,0,1,1,1,0,11.8,14.699999999999998,13.919999999999998,7.810697792130996,6.300000000000001,26.0,18.125,9.100879078418743,0.0,0.0,0.0,0.0,0.0,0.0,0.0,0.0,5.0,6.6667,8.4,8.375,4.0,4.6667,5.0,4.0,4.6667,5.0,5.0,6.6667,8.4,8.375,0.0,0.0,0.0,0.0,78.0,80.3333,78.0,80.3333,0.0,0.3333,0.1388888888888889,0.19718915343915344,0.22688163467418784,0.23107116408272046,0.1099476439790576,0.20364103926020607,0.2641288961958531,0.28529668411867365,0.4383324576408744,0.5252126793483789,1,3,5,80.0,63.666666666666664,62.6,0.87,0.87,0.8379999999999999,,,,12.05,17.214285714285715,2.2049999999999996,12.05,132,16,1,26.0,26.566666666666666,31.26,34.90625,16,14.333333333333334,18.8125,0.0,4.125,156.1875,1.0625
2025,18,2025_18_GB_MIN,2026-01-04,00-0037291,Jalen Nailor,WR,MIN,GB,HOME,dome,sportturf,1,10,8,12.5,37.5,1,42,16,10.0,0,0,1,1,1,0,0.0,6.5,5.1,8.45872330792301,0.0,19.5,5.8,6.8537094579018545,0.0,0.0,0.0,0.0,0.0,0.3333,0.2,0.125,1.0,2.6667,2.4,3.125,0.0,1.0,1.2,0.0,1.3333,1.4,1.0,2.6667,2.4,3.125,0.0,0.0,0.0,-0.6667,0.0,15.6667,0.0,15.0,0.0,0.6667,0.07142857142857142,0.12223947550034504,0.10632719354608411,0.11758394306265002,0.029850746268656716,0.1663197266678655,0.14814219410803406,0.12803837953091685,0.2997830219180235,0.26319032619475,1,3,5,23.0,29.666666666666668,32.4,0.43,0.5199999999999999,0.5660000000000001,,,-2.0,5.875,15.666666666666666,2.4375,5.625,132,16,1,14.7,42.333333333333336,39.339999999999996,31.450000000000003,7,16.333333333333332,16.6875,0.0,2.75,133.625,1.125
2025,18,2025_18_NO_ATL,2026-01-04,00-0037487,Deven Thompkins,WR,ATL,NO,HOME,closed,fieldturf,1,6,7,4.5,43.5,1,33,6,6.0,0,0,1,1,1,0,0.0,0.0,1.2400000000000002,2.0803845798313354,0.0,4.800000000000001,1.0333333333333334,1.9283844706558566,0.0,0.0,0.0,0.0,0.0,0.0,0.2,0.1667,0.0,0.0,0.6,0.5,0.0,0.0,0.6,0.0,0.0,0.8,0.0,0.0,0.6,0.5,0.0,0.0,0.0,0.0,0.0,0.0,0.0,0.0,0.0,0.0,0.0,0.0,0.020046082949308756,0.016705069124423964,0.0,0.0,0.010364145658263305,0.0,0.0,0.037324026384747445,1,3,5,0.0,0.6666666666666666,3.4,0.0,0.01,0.05,,,,,,,,132,16,1,37.4,26.8,22.5,27.95625,21,16.666666666666668,15.6875,0.0,1.0,122.3125,0.9375
2025,18,2025_18_SEA_SF,2026-01-03,00-0037545,Rashid Shaheed,WR,SEA,SF,AWAY,outdoors,grass,0,6,6,-2.5,47.5,1,50,17,6.0,0,0,1,1,1,0,1.8,7.666666666666668,8.459999999999999,6.3295339480881205,1.8,16.7,9.141176470588235,5.699896799891359,0.0,0.0,0.0,0.0,0.0,0.6667,0.6,0.5294,1.0,3.0,3.4,5.3529,1.0,2.0,2.2,1.0,2.6667,2.8,1.0,3.0,3.4,5.3529,0.0,0.0,0.0,9.3333,8.0,27.3333,8.0,36.6667,0.0,0.0,0.038461538461538464,0.09428027169962654,0.11598845287484838,0.1689775195774252,0.0425531914893617,0.16766343801326367,0.17366574149233518,0.08747954173486089,0.25878481415872434,0.2955486983569072,1,3,5,12.0,30.0,30.6,0.18,0.46666666666666673,0.47800000000000004,,,14.0,9.11111111111111,13.666666666666666,2.555555555555556,12.222222222222221,132,16,1,34.5,30.366666666666664,26.119999999999997,32.8875,18,16.333333333333332,17.875,0.0,1.5625,148.5625,0.9375
2025,18,2025_18_NYJ_BUF,2026-01-04,00-0037614,John Metchie III,WR,NYJ,BUF,AWAY,outdoors,a_turf,0,7,7,12.5,39.5,1,36,12,7.0,0,0,1,1,1,0,7.1000000000000005,5.133333333333334,5.7,2.4889756929307287,1.4,7.4,5.574999999999999,5.6597662977771925,0.0,0.0,0.0,0.0,0.0,0.3333,0.4,0.25,3.0,4.3333,5.8,3.6667,3.0,2.6667,3.2,3.0,3.0,3.6,3.0,4.3333,5.8,3.6667,0.0,0.0,0.0,1.3333,41.0,23.3333,41.0,24.6667,0.0,0.0,0.09375,0.1323529411764706,0.1810246679316888,0.1279135016247603,0.14,0.17276476857052336,0.1657169796137483,0.238625,0.3194647497640722,0.387538887627157,1,3,5,47.0,51.333333333333336,54.8,0.76,0.7866666666666667,0.86,,,4.0,5.384615384615385,8.75,1.1846153846153848,5.6923076923076925,131,16,1,17.7,16.666666666666668,19.460000000000004,27.08125,14,12.0,15.6875,0.0,7.0,119.4375,0.8125
2025,18,2025_18_IND_HOU,2026-01-04,00-0037664,Alec Pierce,WR,IND,HOU,AWAY,closed,astroturf,0,7,8,9.5,37.5,1,63,14,7.0,0,0,1,1,1,0,0.0,9.066666666666668,11.6,10.307278981380101,0.0,24.6,11.007142857142856,7.10422022849412,0.0,0.0,0.0,0.0,0.0,0.0,0.0,0.0,5.0,3.3333,4.6,5.5,0.0,1.6667,2.8,0.0,1.6667,2.8,5.0,3.3333,4.6,5.5,0.0,0.0,0.0,0.0,0.0,34.0,0.0,34.0,0.0,0.6667,0.1724137931034483,0.10732881422536596,0.14884173297966402,0.1734397918411902,0.3506944444444444,0.22369521143787663,0.31754175242873084,0.5041068007662834,0.31757986934456256,0.44554182616960764,1,3,5,52.0,56.666666666666664,56.0,0.91,0.96,0.9339999999999999,,,,10.2,20.4,2.72,10.2,132,16,1,24.1,20.666666666666668,22.859999999999996,24.9375,15,13.333333333333334,17.0625,0.0,0.75,122.375,0.5
2025,18,2025_18_DAL_NYG,2026-01-04,00-0037666,Jalen Tolbert,WR,DAL,NYG,AWAY,outdoors,fieldturf,0,10,7,-3.0,50.5,1,45,11,10.0,0,0,1,1,1,0,7.1,2.3666666666666667,4.4799999999999995,5.43387522860067,0.0,12.7,4.20909090909091,4.444649490219571,0.0,0.0,0.0,0.0,0.0,0.0,0.0,0.0,8.0,3.0,2.6,3.0,4.0,1.3333,1.4,4.0,1.3333,1.4,8.0,3.0,2.6,3.0,0.0,0.0,0.0,0.0,31.0,10.3333,31.0,10.3333,0.0,0.0,0.2222222222222222,0.08449074074074074,0.07545634920634921,0.07947230065334485,0.20680628272251309,0.09623427814888368,0.12093371106331838,0.4780977312390925,0.1941001058153297,0.19783812155384667,1,3,5,57.0,29.0,26.8,0.62,0.35000000000000003,0.346,,,,3.4444444444444446,7.75,0.7888888888888889,3.4444444444444446,132,16,1,26.0,26.566666666666666,31.26,34.90625,16,14.333333333333334,18.8125,0.0,4.125,156.1875,1.0625
2025,18,2025_18_WAS_PHI,2026-01-04,00-0037741,Jahan Dotson,WR,PHI,WAS,HOME,outdoors,grass,1,7,10,3.0,38.5,1,57,14,7.0,0,0,1,1,1,0,0.0,1.8666666666666665,1.56,1.7924843095547587,0.0,4.3,3.0857142857142854,3.456511612518108,0.0,0.0,0.0,0.0,0.0,0.0,0.0,0.0,1.0,2.3333,2.2,2.0,0.0,1.3333,1.0,0.0,1.3333,1.0,1.0,2.3333,2.2,2.0,0.0,0.0,0.0,0.0,0.0,5.3333,0.0,5.3333,0.0,0.0,0.045454545454545456,0.07595006324588903,0.07112559350308897,0.07245574508280092,0.1434108527131783,0.10531020229450105,0.08917373658996013,0.16856941508104298,0.18764223647498424,0.16911000586760552,1,3,5,26.0,35.666666666666664,34.6,0.48,0.5433333333333333,0.5519999999999999,,,,2.2857142857142856,4.0,0.7999999999999999,2.2857142857142856,132,16,1,44.1,36.73333333333333,32.739999999999995,35.493750000000006,25,23.666666666666668,18.4375,0.0,6.75,163.8125,1.0625
2025,18,2025_18_WAS_PHI,2026-01-04,00-0037742,Treylon Burks,WR,WAS,PHI,AWAY,outdoors,grass,0,10,7,3.0,38.5,1,32,7,10.0,0,0,1,1,1,0,2.1,2.3666666666666667,2.92,3.279786578422444,0.0,7.5,3.6857142857142864,3.5063887269899077,0.0,0.0,0.0,0.0,0.0,0.0,0.0,0.0,2.0,3.0,2.8,2.5714,1.0,1.0,0.8,1.0,1.0,0.8,2.0,3.0,2.8,2.5714,0.0,0.0,0.0,0.0,11.0,13.6667,11.0,13.6667,0.0,0.0,0.09523809523809523,0.15674603174603174,0.12182539682539681,0.11330138115852402,0.0658682634730539,0.18061098332135206,0.1525806368155537,0.18896492728828057,0.36154673594399406,0.2895445410089828,1,3,5,40.0,37.666666666666664,38.2,0.91,0.7333333333333334,0.646,,,,4.555555555555555,13.666666666666666,0.7888888888888889,4.555555555555555,132,16,1,31.4,19.3,18.04,27.387500000000003,19,14.0,19.3125,0.0,4.4375,140.0625,0.375
2025,18,2025_18_DAL_NYG,2026-01-04,00-0037801,KaVontae Turpin,WR,DAL,NYG,AWAY,outdoors,fieldturf,0,10,7,-3.0,50.5,1,64,14,10.0,0,0,1,1,1,0,15.6,7.833333333333333,7.32,4.959536268644478,3.2,15.6,5.985714285714286,4.613834904661472,0.0,0.0,0.0,0.0,0.0,1.0,1.4,1.1429,1.0,2.3333,2.2,2.6429,1.0,1.6667,1.8,1.0,2.6667,3.2,1.0,2.3333,2.2,2.6429,0.0,0.0,0.0,5.0,86.0,36.6667,86.0,41.6667,1.0,0.3333,0.027777777777777776,0.06997354497354497,0.061305576092810135,0.07119061862402927,0.10471204188481675,0.1091329251470385,0.07030872893128146,0.11496509598603838,0.1813533650632444,0.14117447439111222,1,3,5,16.0,16.0,23.4,0.17,0.22666666666666668,0.312,,,5.0,15.714285714285714,22.0,3.357142857142857,17.857142857142858,132,16,1,26.0,26.566666666666666,31.26,34.90625,16,14.333333333333334,18.8125,0.0,4.125,156.1875,1.0625
2025,18,2025_18_BAL_PIT,2026-01-04,00-0037837,Calvin Austin III,WR,PIT,BAL,HOME,outdoors,grass,1,7,8,-4.5,41.5,1,46,13,14.0,0,0,1,1,1,0,1.8,1.9666666666666666,2.7,3.215587038162705,0.0,7.6,5.515384615384614,5.153129494757879,0.0,0.0,0.0,0.0,0.0,0.0,0.0,0.0,1.0,1.3333,2.2,3.6923,1.0,0.6667,1.2,1.0,0.6667,1.2,1.0,1.3333,2.2,3.6923,0.0,0.0,0.0,0.0,8.0,13.0,8.0,13.0,0.0,0.0,0.02631578947368421,0.04131962903892728,0.07523166012130358,0.12874463527894242,0.023880597014925373,0.0674351784963615,0.1215371738881694,0.05619010212097407,0.10918406850584399,0.19792351190367397,1,3,5,12.0,15.333333333333334,20.0,0.16,0.2466666666666667,0.33799999999999997,,,,9.75,19.5,1.4749999999999999,9.75,132,16,1,47.900000000000006,42.400000000000006,37.78,36.1375,20,22.0,21.375,0.0,6.25,171.375,0.9375
2025,18,2025_18_SEA_SF,2026-01-03,00-0038090,Skyy Moore,WR,SF,SEA,HOME,outdoors,grass,1,6,6,-2.5,47.5,1,48,16,6.0,0,0,1,1,1,0,1.0,1.4333333333333336,0.8600000000000001,1.4310835055998656,0.0,3.3000000000000003,0.925,1.3142805382920852,0.0,0.0,0.0,0.0,1.0,0.3333,0.2,0.125,0.0,0.3333,0.2,0.4375,0.0,0.3333,0.2,1.0,0.6667,0.4,0.0,0.3333,0.2,0.4375,0.0,0.0,10.0,3.3333,0.0,7.6667,10.0,11.0,0.0,0.0,0.0,0.010101010101010102,0.006060606060606061,0.014168116531070505,0.0,0.021604938271604937,0.012962962962962963,0.0,0.03027497194163861,0.018164983164983165,1,3,5,4.0,3.6666666666666665,3.2,0.06,0.056666666666666664,0.048,,,10.0,23.0,23.0,4.300000000000001,33.0,132,16,1,9.3,30.63333333333333,22.199999999999996,27.1,10,16.0,17.875,0.0,1.9375,114.0625,0.8125
2025,18,2025_18_ARI_LA,2026-01-04,00-0038359,Xavier Smith,WR,LA,ARI,HOME,dome,matrixturf,1,6,7,14.5,49.5,1,29,15,6.0,0,0,1,1,1,0,10.7,6.133333333333333,6.24,5.174263232577176,0.0,11.200000000000001,3.1133333333333337,3.8640960256233408,0.0,0.0,0.0,0.0,0.0,0.0,0.0,0.0,6.0,2.6667,2.4,1.4667,4.0,2.0,2.0,4.0,2.0,2.0,6.0,2.6667,2.4,1.4667,0.0,0.0,0.0,0.0,67.0,41.3333,67.0,41.3333,0.0,0.0,0.16666666666666666,0.06944444444444443,0.07034050179211468,0.0452390611941529,0.21442495126705652,0.10641558473402234,0.11447938553797646,0.40009746588693956,0.1786575759804823,0.18564632256475555,1,3,5,33.0,19.333333333333332,19.8,0.51,0.26333333333333336,0.294,,,,15.5,20.666666666666668,2.3,15.5,132,16,1,44.5,27.366666666666664,30.26,30.14375,21,13.0,17.625,0.0,2.125,139.3125,0.8125
2025,18,2025_18_SEA_SF,2026-01-03,00-0038543,Jaxon Smith-Njigba,WR,SEA,SF,AWAY,outdoors,grass,0,6,6,-2.5,47.5,1,50,16,6.0,0,0,1,1,1,0,16.2,19.36666666666667,18.1,9.004720984017219,4.300000000000001,28.1,21.593750000000004,7.513496190190024,0.0,0.0,0.0,0.0,0.0,0.0,0.2,0.4375,12.0,11.3333,9.6,9.6875,9.0,8.0,6.6,9.0,8.0,6.8,12.0,11.3333,9.6,9.6875,0.0,0.0,0.0,0.0,72.0,93.6667,72.0,93.6667,0.0,0.3333,0.46153846153846156,0.38454019099180387,0.3321733899574012,0.3714555101741445,0.6595744680851063,0.49734607079494914,0.39659866081979056,1.1540098199672668,0.9249525360441703,0.7758791475099551,1,3,5,59.0,59.666666666666664,55.6,0.89,0.9233333333333333,0.8619999999999999,,,,8.264705882352942,11.708333333333334,1.7088235294117649,8.264705882352942,132,16,1,34.5,30.366666666666664,26.119999999999997,32.8875,18,16.333333333333332,17.875,0.0,1.5625,148.5625,0.9375
2025,18,2025_18_ARI_LA,2026-01-04,00-0038559,Michael Wilson,WR,ARI,LA,AWAY,dome,matrixturf,0,7,6,14.5,49.5,1,45,16,7.0,0,0,1,1,1,0,19.9,16.5,18.660000000000004,11.463332848696316,6.6,37.2,12.48125,10.745679364284047,0.0,0.0,0.0,0.0,0.0,0.0,0.0,0.0,10.0,8.0,9.4,7.375,5.0,4.0,5.2,5.0,4.0,5.2,10.0,8.0,9.4,7.375,0.0,0.0,0.0,0.0,89.0,65.0,89.0,65.0,1.0,1.0,0.2857142857142857,0.22621208192896033,0.24629235972248678,0.1863712096495579,0.3508771929824561,0.39105902777777773,0.40727028612247035,0.6741854636591478,0.6130594423378849,0.6545277398694594,1,3,5,49.0,51.333333333333336,52.0,0.86,0.8566666666666666,0.858,,,,8.125,16.25,2.0625,8.125,132,16,1,13.6,41.333333333333336,39.5,32.38125,9,19.0,19.0,0.0,5.5,147.6875,0.875
2025,18,2025_18_KC_LV,2026-01-04,00-0038563,Tre Tucker,WR,LV,KC,HOME,dome,grass,1,7,10,-3.5,36.5,1,46,16,7.0,0,0,1,1,1,0,9.9,6.433333333333334,5.74,4.061773011875479,0.0,9.9,9.76875,9.165931031088258,0.0,0.0,0.0,0.0,2.0,1.3333,0.8,0.625,6.0,4.6667,4.4,5.375,5.0,3.0,2.8,7.0,4.3333,3.6,6.0,4.6667,4.4,5.375,0.0,0.0,0.0,3.6667,49.0,30.6667,49.0,34.3333,0.0,0.0,0.21428571428571427,0.1871861471861472,0.17529870129870131,0.18701676193544364,0.09580838323353294,0.1859910764369969,0.21122306116274464,0.38849443969204445,0.41097297428511864,0.4108041947619731,1,3,5,59.0,50.666666666666664,49.0,1.0,0.9766666666666667,0.966,,,2.75,6.571428571428571,10.222222222222221,1.3785714285714286,7.357142857142857,132,16,1,25.400000000000002,26.900000000000002,32.72,28.46875,25,17.333333333333332,17.5,0.0,2.625,129.5625,0.625
2025,18,2025_18_LAC_DEN,2026-01-04,00-0038573,Derius Davis,WR,LAC,DEN,AWAY,outdoors,grass,0,8,10,14.5,37.5,1,42,10,27.0,0,0,1,1,1,0,0.0,0.0,0.26,0.5813776741499455,0.0,1.3,0.18,0.40770359603788414,0.0,0.0,0.0,0.0,0.0,0.0,0.0,0.2,0.0,0.3333,0.4,0.2,0.0,0.0,0.2,0.0,0.0,0.2,0.0,0.3333,0.4,0.2,0.0,0.0,0.0,0.0,0.0,0.0,0.0,0.0,0.0,0.0,0.0,0.013888888888888888,0.014393939393939393,0.0071969696969696965,0.0,0.05615942028985507,0.028567447045707916,0.0,0.06014492753623188,0.04158812202290463,1,3,5,0.0,2.0,2.4,0.0,0.03666666666666667,0.04,,,,0.0,,0.0,0.0,132,16,1,6.3999999999999995,26.5,30.540000000000003,27.375,9,17.333333333333332,19.625,0.0,1.3125,133.0625,0.375
2025,18,2025_18_TEN_JAX,2026-01-04,00-0038606,Parker Washington,WR,JAX,TEN,HOME,outdoors,grass,1,7,7,12.5,46.5,1,37,15,7.0,0,0,1,1,1,0,19.0,17.933333333333334,15.1,9.119484634561319,3.6,26.5,11.0,7.327346040688949,0.0,0.0,0.0,0.0,1.0,0.3333,0.2,0.4667,10.0,7.6667,6.6,5.7333,8.0,5.6667,4.6,9.0,6.0,4.8,10.0,7.6667,6.6,5.7333,0.0,0.0,-5.0,-1.6667,115.0,104.3333,110.0,102.6667,0.0,0.3333,0.2702702702702703,0.22104247104247107,0.20329214929214928,0.1727027039505572,0.3149171270718232,0.31498821507513447,0.2865821049368396,0.6258473943556816,0.5520554571163007,0.5055456973940117,1,3,5,56.0,41.0,39.8,0.81,0.6066666666666667,0.608,,,-5.0,13.608695652173912,18.41176470588235,2.3391304347826085,13.391304347826088,132,16,1,47.4,34.833333333333336,32.040000000000006,35.29375,20,15.666666666666666,17.125,0.0,4.0625,163.875,1.125
2025,18,2025_18_MIA_NE,2026-01-04,00-0038608,Kayshon Boutte,WR,NE,MIA,HOME,outdoors,fieldturf,1,7,7,14.0,44.5,1,31,13,14.0,0,0,1,1,1,0,2.6,6.7,4.720000000000001,5.144608828667152,0.0,13.5,9.207692307692307,7.555953672266387,0.0,0.0,0.0,0.0,0.0,0.0,0.0,0.0,3.0,3.0,2.4,3.2308,1.0,2.0,1.6,1.0,2.0,1.6,3.0,3.0,2.4,3.2308,0.0,0.0,0.0,0.0,16.0,27.0,16.0,27.0,0.0,0.3333,0.07142857142857142,0.09451659451659451,0.07597402597402599,0.11362545524949617,0.17088607594936708,0.17003217140767904,0.12235817544154455,0.22676311030741408,0.2607974117602671,0.19961176177012013,1,3,5,43.0,43.666666666666664,41.2,0.58,0.6933333333333334,0.628,,,,9.0,13.5,2.2333333333333334,9.0,132,16,1,63.199999999999996,41.9,37.959999999999994,30.387500000000003,31,17.666666666666668,15.8125,0.0,2.375,127.125,1.0625
2025,18,2025_18_IND_HOU,2026-01-04,00-0038618,Xavier Hutchinson,WR,HOU,IND,HOME,closed,astroturf,1,8,7,9.5,37.5,1,41,15,8.0,0,0,1,1,1,0,4.9,2.966666666666667,2.96,2.4357750306627253,0.0,5.9,5.6400000000000015,5.183049295540223,0.0,0.0,0.0,0.0,1.0,0.3333,0.2,0.2,3.0,2.3333,2.8,3.2,2.0,1.3333,1.2,3.0,1.6667,1.4,3.0,2.3333,2.8,3.2,0.0,0.0,8.0,2.6667,21.0,13.6667,29.0,16.3333,0.0,0.0,0.11538461538461539,0.083710407239819,0.09629105915870621,0.09808472821914949,0.0859375,0.0654119815748914,0.09871523845982276,0.23323317307692307,0.17135399796215248,0.21353725565993525,1,3,5,31.0,27.666666666666668,30.6,0.48,0.42333333333333334,0.44399999999999995,,,8.0,5.857142857142857,10.25,1.2714285714285716,7.0,132,16,1,34.8,37.4,39.279999999999994,36.71875,27,21.333333333333332,21.4375,0.0,2.5625,171.5,0.9375
2025,18,2025_18_CLE_CIN,2026-01-04,00-0038619,Andrei Iosivas,WR,CIN,CLE,HOME,outdoors,fieldturf,1,7,7,9.5,47.5,1,42,14,7.0,0,0,1,1,1,0,8.100000000000001,3.733333333333334,4.960000000000001,3.997249054037039,0.0,9.9,6.207142857142857,5.308261237226119,0.0,0.0,0.0,0.0,0.0,0.0,0.0,0.2143,6.0,2.6667,2.6,3.9286,4.0,1.6667,1.6,4.0,1.6667,1.6,6.0,2.6667,2.6,3.9286,0.0,0.0,0.0,0.0,41.0,20.6667,41.0,20.6667,0.0,0.0,0.18181818181818182,0.08061800803736287,0.07412838057999349,0.10365539349862636,0.2574626865671642,0.1431559452472606,0.1121805612293034,0.45295115332428765,0.22113617372912672,0.18971896373050262,1,3,5,54.0,51.0,54.0,0.7,0.6999999999999998,0.7380000000000001,,,,7.75,12.4,1.4000000000000001,7.75,132,16,1,14.0,21.0,21.279999999999998,25.706249999999997,21,15.0,14.375,0.0,2.75,105.5625,0.9375
2025,18,2025_18_MIA_NE,2026-01-04,00-0038621,DeMario Douglas,WR,NE,MIA,HOME,outdoors,fieldturf,1,7,7,14.0,44.5,1,45,15,7.0,0,0,1,1,1,0,2.0,1.3666666666666665,3.3,2.704625667259705,0.5,6.300000000000001,6.059999999999999,5.3750481725416055,0.0,0.0,0.0,0.0,0.0,0.3333,0.4,0.4667,2.0,1.3333,1.6,2.8667,1.0,0.6667,1.2,1.0,1.0,1.6,2.0,1.3333,1.6,2.8667,0.0,0.0,0.0,1.6667,10.0,5.3333,10.0,7.0,0.0,0.0,0.08,0.042539682539682544,0.05158441558441559,0.0941528593567574,0.08636363636363636,0.03300728807057921,0.06282230728885341,0.18045454545454545,0.08691462545892925,0.12135223847882075,1,3,5,9.0,10.666666666666666,13.2,0.14,0.17,0.20400000000000001,,,5.0,4.0,8.0,1.025,5.25,132,16,1,63.199999999999996,41.9,37.959999999999994,30.387500000000003,31,17.666666666666668,15.8125,0.0,2.375,127.125,1.0625
2025,18,2025_18_ARI_LA,2026-01-04,00-0038640,Jalen Brooks,WR,ARI,LA,AWAY,dome,matrixturf,0,7,6,14.5,49.5,1,19,4,14.0,0,0,1,1,1,0,0.0,2.7000000000000006,2.06,2.1835750502329887,0.0,5.2,2.0250000000000004,2.5197552791226907,0.0,0.0,0.0,0.0,0.0,0.0,0.0,0.0,0.0,2.0,1.4,1.5,0.0,1.0,0.8,0.0,1.0,0.8,0.0,2.0,1.4,1.5,0.0,0.0,0.0,0.0,0.0,17.0,0.0,17.0,0.0,0.0,0.0,0.04904306220095694,0.03632238904471209,0.0367822966507177,0.0,0.07433712121212122,0.053693181818181814,0.0,0.12560057814992023,0.09206881083979541,1,3,5,3.0,25.0,18.4,0.05,0.38666666666666666,0.28800000000000003,,,,8.5,17.0,1.3500000000000003,8.5,132,16,1,13.6,41.333333333333336,39.5,32.38125,9,19.0,19.0,0.0,5.5,147.6875,0.875
2025,18,2025_18_NO_ATL,2026-01-04,00-0038647,Ronnie Bell,WR,NO,ATL,AWAY,closed,fieldturf,0,7,6,4.5,43.5,1,18,1,7.0,0,0,1,1,1,0,0.0,0.0,0.8400000000000001,1.1523888232710349,0.0,2.2,0.0,,0.0,0.0,0.0,0.0,0.0,0.0,0.0,0.0,0.0,0.3333,1.2,0.0,0.0,0.0,0.4,0.0,0.0,0.4,0.0,0.3333,1.2,0.0,0.0,0.0,0.0,0.0,0.0,0.0,0.0,0.0,0.0,0.0,0.0,0.013333333333333334,0.040903225806451615,0.0,0.0,-0.003454231433506045,0.040305509920384175,0.0,0.017582037996545768,0.08956869565394635,1,3,5,2.0,9.0,16.2,0.04,0.13999999999999999,0.244,,,,0.0,,0.0,0.0,132,16,1,29.4,32.76666666666667,38.32000000000001,33.8375,22,19.333333333333332,18.0,0.0,5.5625,144.6875,1.1875
2025,18,2025_18_CAR_TB,2026-01-03,00-0038840,Brycen Tremayne,WR,CAR,TB,AWAY,outdoors,grass,0,6,6,3.0,43.5,1,16,14,6.0,0,0,1,1,1,0,0.0,0.0,0.0,0.0,0.0,0.0,1.807142857142857,2.65256458943018,0.0,0.0,0.0,0.0,0.0,0.0,0.0,0.0,1.0,0.3333,0.2,1.1429,0.0,0.0,0.0,0.0,0.0,0.0,1.0,0.3333,0.2,1.1429,0.0,0.0,0.0,0.0,0.0,0.0,0.0,0.0,0.0,0.0,0.047619047619047616,0.015873015873015872,0.009523809523809523,0.03467251178806009,0.32558139534883723,0.10852713178294575,0.06511627906976744,0.2993355481727575,0.09977851605758582,0.059867109634551496,1,3,5,8.0,8.0,9.0,0.15,0.1466666666666667,0.16,,,,0.0,,0.0,0.0,132,16,1,17.3,23.099999999999998,21.04,30.831249999999997,7,13.666666666666666,18.875,0.0,1.875,144.5625,0.8125
2025,18,2025_18_KC_LV,2026-01-04,00-0038891,Shedrick Jackson,WR,LV,KC,HOME,dome,grass,1,7,10,-3.5,36.5,1,4,2,7.0,0,0,1,1,0,0,4.0,4.5,3.375,4.497684589504545,0.0,9.5,6.75,3.8890872965260113,0.0,0.0,0.0,0.0,0.0,0.0,0.0,0.0,3.0,1.6667,1.25,2.0,2.0,1.0,0.75,2.0,1.0,0.75,3.0,1.6667,1.25,2.0,0.0,0.0,0.0,0.0,20.0,15.0,20.0,15.0,0.0,0.3333,0.10714285714285714,0.058371735791090625,0.04377880184331797,0.07142857142857142,0.2694610778443114,0.1642959453910793,0.12322195904330947,0.34933704020530365,0.20256476546039145,0.15192357409529358,1,3,4,8.0,5.0,3.75,0.14,0.08666666666666667,0.065,,,,9.0,15.0,2.7,9.0,132,16,1,25.400000000000002,26.900000000000002,32.72,28.46875,25,17.333333333333332,17.5,0.0,2.625,129.5625,0.625
2025,18,2025_18_NO_ATL,2026-01-04,00-0038953,Dylan Drummond,WR,ATL,NO,HOME,closed,fieldturf,1,6,7,4.5,43.5,1,5,5,6.0,0,0,1,1,1,0,0.0,1.7,2.2399999999999998,2.532390175308694,0.0,5.1,2.2399999999999998,2.532390175308694,0.0,0.0,0.0,0.0,0.0,0.0,0.0,0.0,0.0,1.6667,2.2,2.2,0.0,1.0,1.4,0.0,1.0,1.4,0.0,1.6667,2.2,2.2,0.0,0.0,0.0,0.0,0.0,7.0,0.0,7.0,0.0,0.0,0.0,0.05952380952380953,0.08506912442396312,0.08506912442396312,0.0,0.04248366013071895,0.10049980185726792,0.0,0.11902427637721753,0.1979535479360322,1,3,5,0.0,22.333333333333332,20.6,0.0,0.3333333333333333,0.31400000000000006,,,,4.2,7.0,1.02,4.2,132,16,1,37.4,26.8,22.5,27.95625,21,16.666666666666668,15.6875,0.0,1.0,122.3125,0.9375
2025,18,2025_18_LAC_DEN,2026-01-04,00-0038976,Marvin Mims Jr.,WR,DEN,LAC,HOME,outdoors,grass,1,10,8,14.5,37.5,1,47,14,10.0,0,0,1,1,1,0,4.0,5.866666666666667,5.8,1.928730152198591,3.7,7.7,6.571428571428572,5.668323394963463,0.0,0.0,0.0,0.0,0.0,0.6667,0.8,0.8571,4.0,4.3333,3.2,3.4286,3.0,3.3333,2.6,3.0,4.0,3.4,4.0,4.3333,3.2,3.4286,0.0,0.0,0.0,3.6667,10.0,21.6667,10.0,25.3333,0.0,0.0,0.10810810810810811,0.12027516647081865,0.08702298101944209,0.09720196788393379,0.06796116504854369,0.09447712927821521,0.057347653228304776,0.20973497769614274,0.24654674020097858,0.17067782878897647,1,3,5,34.0,25.333333333333332,23.8,0.47,0.3666666666666667,0.34,,,5.5,5.0,6.5,1.353846153846154,5.846153846153846,132,16,1,47.1,41.0,32.86,28.4075,20,20.666666666666668,18.125,0.5,1.9375,132.5625,0.625
2025,18,2025_18_CLE_CIN,2026-01-04,00-0038979,Cedric Tillman,WR,CLE,CIN,AWAY,outdoors,fieldturf,0,7,7,9.5,47.5,1,31,11,7.0,0,0,1,1,1,0,5.2,3.4333333333333336,2.3600000000000003,1.973068675946177,0.0,5.2,5.154545454545453,4.779197346074681,0.0,0.0,0.0,0.0,0.0,0.0,0.0,0.0,1.0,1.6667,1.8,3.3636,1.0,1.0,0.8,1.0,1.0,0.8,1.0,1.6667,1.8,3.3636,0.0,0.0,0.0,0.0,42.0,24.3333,42.0,24.3333,0.0,0.0,0.043478260869565216,0.053154222109218295,0.07392151877277735,0.10595891927072781,0.14814814814814814,0.14302332743767762,0.15492323019611778,0.16892109500805152,0.17984766237020178,0.21932853929644844,1,3,5,30.0,35.0,34.4,0.58,0.5633333333333334,0.5700000000000001,,,,14.6,24.333333333333332,2.06,14.6,131,16,1,24.299999999999997,24.666666666666668,19.8,25.8675,14,11.666666666666666,14.0,0.125,7.0625,117.8125,0.8125
2025,18,2025_18_GB_MIN,2026-01-04,00-0038994,Jordan Addison,WR,MIN,GB,HOME,dome,sportturf,1,10,8,12.5,37.5,1,45,13,10.0,0,0,1,1,1,0,12.5,8.566666666666668,8.9,2.8861739379323623,4.6,12.5,10.253846153846153,5.403026217564774,0.0,0.0,0.0,0.0,1.0,0.3333,0.2,0.1538,1.0,2.0,4.6,5.8462,0.0,1.3333,2.6,1.0,1.6667,2.8,1.0,2.0,4.6,5.8462,0.0,0.0,65.0,21.6667,0.0,30.6667,65.0,52.3333,1.0,0.3333,0.07142857142857142,0.09506556245686681,0.18687441993289072,0.1885510379746091,0.2835820895522388,0.29211772462986274,0.408967946037751,0.30565031982942426,0.3470807509262041,0.5665891921257616,1,3,5,42.0,39.333333333333336,41.8,0.78,0.6966666666666667,0.736,,,65.0,15.333333333333334,23.0,4.283333333333334,26.166666666666668,132,16,1,14.7,42.333333333333336,39.339999999999996,31.450000000000003,7,16.333333333333332,16.6875,0.0,2.75,133.625,1.125
2025,18,2025_18_IND_HOU,2026-01-04,00-0038997,Josh Downs,WR,IND,HOU,AWAY,closed,astroturf,0,7,8,9.5,37.5,1,46,15,7.0,0,0,1,1,1,0,5.4,9.166666666666666,8.04,2.825420322713065,5.4,11.8,8.586666666666668,4.895605415160865,0.0,0.0,0.0,0.0,0.0,0.3333,0.2,0.0667,5.0,6.3333,6.0,5.6,2.0,3.3333,3.2,2.0,3.6667,3.4,5.0,6.3333,6.0,5.6,0.0,0.0,0.0,1.0,34.0,37.3333,34.0,38.3333,0.0,0.3333,0.1724137931034483,0.20490716180371352,0.1987220748600059,0.178149670880761,0.1701388888888889,0.22988552951957267,0.19833709966924967,0.3777179118773947,0.4682806133692711,0.4369190820584836,1,3,5,35.0,41.666666666666664,40.4,0.61,0.7033333333333333,0.6679999999999999,,,3.0,5.894736842105263,11.2,1.4473684210526316,6.052631578947368,132,16,1,24.1,20.666666666666668,22.859999999999996,24.9375,15,13.333333333333334,17.0625,0.0,0.75,122.375,0.5
2025,18,2025_18_DAL_NYG,2026-01-04,00-0039062,Jonathan Mingo,WR,DAL,NYG,AWAY,outdoors,fieldturf,0,10,7,-3.0,50.5,1,33,4,10.0,0,0,1,1,1,0,0.0,1.1666666666666667,1.58,2.186778452427223,0.0,4.4,0.875,1.75,0.0,0.0,0.0,0.0,0.0,0.0,0.0,0.0,1.0,1.0,1.2,1.0,0.0,0.3333,0.6,0.0,0.3333,0.6,1.0,1.0,1.2,1.0,0.0,0.0,0.0,0.0,0.0,8.3333,0.0,8.3333,0.0,0.0,0.027777777777777776,0.029199735449735448,0.03389637253998956,0.0272189505234718,0.034031413612565446,0.07409928577126391,0.07362084044652396,0.06548865619546247,0.0956691032144879,0.10237914712255111,1,3,5,8.0,12.0,16.0,0.09,0.18333333333333332,0.22200000000000003,,,,8.333333333333334,25.0,1.1666666666666667,8.333333333333334,132,16,1,26.0,26.566666666666666,31.26,34.90625,16,14.333333333333334,18.8125,0.0,4.125,156.1875,1.0625
2025,18,2025_18_BAL_PIT,2026-01-04,00-0039064,Zay Flowers,WR,BAL,PIT,AWAY,outdoors,grass,0,8,7,-4.5,41.5,1,49,16,8.0,0,0,1,1,1,0,13.0,16.666666666666668,14.24,8.350329334822671,0.6000000000000001,21.200000000000003,13.34375,6.537376512536713,0.0,0.0,0.0,0.0,0.0,0.3333,0.4,0.625,5.0,5.6667,7.0,7.0,4.0,4.6667,4.8,4.0,5.0,5.2,5.0,5.6667,7.0,7.0,0.0,0.0,0.0,6.0,30.0,60.6667,30.0,66.6667,1.0,1.0,0.25,0.33888888888888885,0.3166666666666667,0.2954345086406728,0.225,0.4453250373997008,0.4183414015159769,0.5325,0.8200608595131239,0.7678389810611839,1,3,5,52.0,44.333333333333336,52.8,0.68,0.7833333333333333,0.8440000000000001,,,18.0,10.705882352941176,13.0,2.9411764705882355,11.764705882352942,132,16,1,19.6,26.333333333333332,23.619999999999997,34.787499999999994,10,15.333333333333334,20.6875,0.0,1.125,162.375,0.875
2025,18,2025_18_ARI_LA,2026-01-04,00-0039075,Puka Nacua,WR,LA,ARI,HOME,dome,matrixturf,1,6,7,14.5,49.5,1,43,15,6.0,0,0,1,1,1,0,15.7,30.033333333333335,27.8,13.889564428015733,13.2,46.5,23.266666666666662,10.543424942769287,0.0,0.0,0.0,0.0,0.0,0.6667,0.4,0.5333,10.0,12.3333,11.4,10.3333,5.0,8.6667,7.8,5.0,9.3333,8.2,10.0,12.3333,11.4,10.3333,0.0,0.0,0.0,2.6667,47.0,151.0,47.0,153.6667,1.0,1.0,0.2777777777777778,0.3001949317738791,0.31775136766647805,0.3015349619174882,0.23196881091617932,0.3015614766774905,0.3562224814450836,0.5790448343079921,0.661385431335062,0.7259827885112756,1,3,5,48.0,53.333333333333336,45.8,0.74,0.6933333333333334,0.65,,,4.0,12.243243243243244,17.423076923076923,2.4351351351351354,12.45945945945946,132,16,1,44.5,27.366666666666664,30.26,30.14375,21,13.0,17.625,0.0,2.125,139.3125,0.8125
2025,18,2025_18_CAR_TB,2026-01-03,00-0039342,Xavier Legette,WR,CAR,TB,AWAY,outdoors,grass,0,6,6,3.0,43.5,1,29,14,6.0,0,0,1,1,1,0,1.3,3.133333333333334,3.1400000000000006,2.252332124709853,1.1,5.9,6.007142857142858,7.11612084103241,0.0,0.0,0.0,0.0,0.0,0.0,0.0,0.0714,1.0,2.3333,2.8,4.2857,1.0,1.3333,1.6,1.0,1.3333,1.6,1.0,2.3333,2.8,4.2857,0.0,0.0,0.0,0.0,3.0,18.0,3.0,18.0,0.0,0.0,0.047619047619047616,0.0981310803891449,0.11591568527052401,0.14365843240609893,0.06976744186046512,0.13061099688031763,0.17507287996180687,0.120265780730897,0.2386243183999397,0.2964245438790508,1,3,5,29.0,35.333333333333336,36.0,0.55,0.6466666666666667,0.656,,,,7.714285714285714,13.5,1.3428571428571432,7.714285714285714,132,16,1,17.3,23.099999999999998,21.04,30.831249999999997,7,13.666666666666666,18.875,0.0,1.875,144.5625,0.8125
2025,18,2025_18_DAL_NYG,2026-01-04,00-0039410,Ryan Flournoy,WR,DAL,NYG,AWAY,outdoors,fieldturf,0,10,7,-3.0,50.5,1,23,14,14.0,0,0,1,1,1,0,9.8,14.766666666666666,10.14,9.86346794996567,0.0,26.5,7.3,7.404676277139384,0.0,0.0,0.0,0.0,0.0,0.0,0.0,0.2857,2.0,6.6667,4.8,3.5,2.0,5.0,3.6,2.0,5.0,3.6,2.0,6.6667,4.8,3.5,0.0,0.0,0.0,0.0,18.0,57.6667,18.0,57.6667,1.0,0.6667,0.0625,0.16065096251266464,0.1183210794381007,0.09673331190585488,0.04487179487179487,0.16762447595270621,0.12839250785905115,0.1251602564102564,0.35831357693589133,0.26735637465848694,1,3,5,23.0,40.333333333333336,36.2,0.4,0.5633333333333334,0.504,,,,8.65,11.533333333333333,2.215,8.65,132,16,1,26.0,26.566666666666666,31.26,34.90625,16,14.333333333333334,18.8125,0.0,4.125,156.1875,1.0625
2025,18,2025_18_NYJ_BUF,2026-01-04,00-0039451,Isaiah Williams,WR,NYJ,BUF,AWAY,outdoors,a_turf,0,7,7,12.5,39.5,1,22,14,7.0,0,0,1,1,1,0,7.5,8.433333333333334,7.140000000000001,4.456792568652932,0.0,11.3,3.807142857142857,4.495376134808587,0.0,0.0,0.0,0.0714,1.0,0.3333,0.2,0.2143,5.0,5.3333,4.0,2.0714,4.0,4.6667,3.2,5.0,5.0,3.4,5.0,5.3333,4.0,2.0714,0.0,0.0,5.0,1.6667,30.0,36.0,35.0,37.6667,0.0,0.0,0.15625,0.1642156862745098,0.12373102466793169,0.07119597867344547,0.1,0.07957122420960665,0.06320411361916792,0.304375,0.30202338635848935,0.2298394165353151,1,3,5,43.0,45.0,38.8,0.69,0.6866666666666666,0.604,,,5.0,6.75,7.714285714285714,1.58125,7.0625,131,16,1,17.7,16.666666666666668,19.460000000000004,27.08125,14,12.0,15.6875,0.0,7.0,119.4375,0.8125
2025,18,2025_18_CAR_TB,2026-01-03,00-0039491,Jalen Coker,WR,CAR,TB,AWAY,outdoors,grass,0,6,6,3.0,43.5,1,21,10,6.0,0,0,1,1,1,0,3.6,8.433333333333334,9.78,5.727303030222863,3.6,17.4,7.369999999999999,5.425259850407577,0.0,0.0,0.0,0.0,0.0,0.0,0.0,0.0,2.0,3.6667,4.2,3.6,2.0,3.0,3.2,2.0,3.0,3.2,2.0,3.6667,4.2,3.6,0.0,0.0,0.0,0.0,16.0,41.0,16.0,41.0,0.0,0.3333,0.09523809523809523,0.15217613927291349,0.1809353131933777,0.14605594518121276,0.046511627906976744,0.20095865239175648,0.27836428783196016,0.17541528239202658,0.36893526558359974,0.4662579712724386,1,3,5,38.0,40.333333333333336,38.8,0.72,0.7366666666666667,0.718,,,,11.181818181818182,13.666666666666666,2.3000000000000003,11.181818181818182,132,16,1,17.3,23.099999999999998,21.04,30.831249999999997,7,13.666666666666666,18.875,0.0,1.875,144.5625,0.8125
2025,18,2025_18_CAR_TB,2026-01-03,00-0039589,Kameron Johnson,WR,TB,CAR,HOME,outdoors,grass,1,6,6,3.0,43.5,1,20,16,6.0,0,0,1,1,1,0,0.0,0.0,0.0,0.0,0.0,0.0,1.10625,4.087618499811351,0.0,0.0,0.0,0.0,0.0,0.0,0.0,0.125,0.0,0.0,0.2,0.4375,0.0,0.0,0.0,0.0,0.0,0.0,0.0,0.0,0.2,0.4375,0.0,0.0,0.0,0.0,0.0,0.0,0.0,0.0,0.0,0.0,0.0,0.0,0.007142857142857143,0.015805196446627184,0.0,0.0,0.01391304347826087,0.0,0.0,0.020453416149068322,1,3,5,0.0,0.3333333333333333,2.6,0.0,0.006666666666666667,0.039999999999999994,,,,,,,,132,16,1,19.6,30.333333333333332,31.380000000000003,27.34375,17,20.0,16.3125,0.0,0.9375,127.5,0.75
2025,18,2025_18_GB_MIN,2026-01-04,00-0039710,Jeshaun Jones,WR,MIN,GB,HOME,dome,sportturf,1,10,8,12.5,37.5,1,0,0,,1,1,0,0,0,0,,,,,,,,,,,,,,,,,,,,,,,,,,,,,,,,,,,,,,,,,,,,,,,,,,,0,0,0,,,,,,,,,,,,,,132,16,1,14.7,42.333333333333336,39.339999999999996,31.450000000000003,7,16.333333333333332,16.6875,0.0,2.75,133.625,1.125
2025,18,2025_18_ARI_LA,2026-01-04,00-0039751,Jordan Whittington,WR,LA,ARI,HOME,dome,matrixturf,1,6,7,14.5,49.5,1,28,14,6.0,0,0,1,1,1,0,0.0,0.9666666666666668,0.8800000000000001,1.3026895255585655,0.0,2.9000000000000004,2.592857142857143,2.1477946778083745,0.0,0.0,0.0,0.0,0.0,0.0,0.0,0.2143,0.0,0.6667,0.8,1.7857,0.0,0.3333,0.4,0.0,0.3333,0.4,0.0,0.6667,0.8,1.7857,0.0,0.0,0.0,0.0,0.0,6.3333,0.0,6.3333,0.0,0.0,0.0,0.015716374269005847,0.02328884487203672,0.05431437948475583,0.0,0.008394646298744363,0.025843151028237143,0.0,0.029450813812629827,0.05302347302782109,1,3,5,13.0,10.666666666666666,12.4,0.2,0.14,0.18800000000000003,,,,9.5,19.0,1.4500000000000002,9.5,132,16,1,44.5,27.366666666666664,30.26,30.14375,21,13.0,17.625,0.0,2.125,139.3125,0.8125
2025,18,2025_18_BAL_PIT,2026-01-04,00-0039792,Devontez Walker,WR,BAL,PIT,AWAY,outdoors,grass,0,8,7,-4.5,41.5,1,10,7,14.0,0,0,1,1,1,0,0.0,1.3333333333333333,0.8,1.7888543819998322,0.0,4.0,3.5714285714285716,6.077750210320231,0.0,0.0,0.0,0.0,0.0,0.0,0.0,0.0,0.0,1.0,0.6,0.8571,0.0,0.3333,0.2,0.0,0.3333,0.2,0.0,1.0,0.6,0.8571,0.0,0.0,0.0,0.0,0.0,10.0,0.0,10.0,0.0,0.0,0.0,0.03888888888888889,0.023333333333333334,0.03197278911564626,0.0,0.11725878015248094,0.07035526809148857,0.0,0.14041447944007,0.084248687664042,1,3,5,6.0,16.0,10.4,0.11,0.26333333333333336,0.172,,,,10.0,30.0,1.3333333333333333,10.0,132,16,1,19.6,26.333333333333332,23.619999999999997,34.787499999999994,10,15.333333333333334,20.6875,0.0,1.125,162.375,0.875
2025,18,2025_18_CAR_TB,2026-01-03,00-0039855,Jalen McMillan,WR,TB,CAR,HOME,outdoors,grass,1,6,6,3.0,43.5,1,16,3,6.0,0,0,1,1,1,0,18.4,9.266666666666666,13.959999999999999,8.671101429460965,3.6,23.0,9.266666666666666,7.985820767668989,0.0,0.0,0.0,0.0,0.0,0.3333,0.6,0.3333,9.0,4.6667,5.0,4.6667,7.0,3.6667,4.2,7.0,4.0,4.8,9.0,4.6667,5.0,4.6667,0.0,0.0,0.0,0.3333,114.0,55.6667,114.0,56.0,0.0,0.0,0.20454545454545456,0.12901515151515153,0.14736876832844575,0.12901515151515153,0.35,0.17344690611030147,0.18440316995148784,0.5518181818181818,0.3149355615499383,0.3501353714587101,1,3,5,35.0,33.666666666666664,42.6,0.52,0.5033333333333333,0.6159999999999999,,,1.0,11.928571428571429,15.181818181818182,1.9857142857142855,12.0,132,16,1,19.6,30.333333333333332,31.380000000000003,27.34375,17,20.0,16.3125,0.0,0.9375,127.5,0.75
2025,18,2025_18_LAC_DEN,2026-01-04,00-0039868,Troy Franklin,WR,DEN,LAC,HOME,outdoors,grass,1,10,8,14.5,37.5,1,32,16,10.0,0,0,1,1,1,0,5.7,12.366666666666667,9.06,7.083290195947079,4.1,20.8,11.06875,7.371179801542401,0.0,0.0,0.0,0.0,0.0,0.3333,0.2,0.3125,4.0,5.0,4.4,6.4375,4.0,4.6667,3.8,4.0,5.0,4.0,4.0,5.0,4.4,6.4375,0.0,0.0,0.0,1.0,17.0,56.0,17.0,57.0,0.0,0.3333,0.10810810810810811,0.13476792009400704,0.11703646265071947,0.19090749272931187,0.043689320388349516,0.12238440903638899,0.11483276182394979,0.19274468643400683,0.28782096646648286,0.2559376272528441,1,3,5,27.0,34.333333333333336,31.8,0.38,0.5066666666666667,0.462,,,3.0,11.2,12.0,2.4733333333333336,11.4,132,16,1,47.1,41.0,32.86,28.4075,20,20.666666666666668,18.125,0.5,1.9375,132.5625,0.625
2025,18,2025_18_MIA_NE,2026-01-04,00-0039880,Malik Washington,WR,MIA,NE,AWAY,outdoors,fieldturf,0,7,7,14.0,44.5,1,30,16,7.0,0,0,1,1,1,0,1.5,4.566666666666666,4.9399999999999995,3.649383509580762,1.5,10.2,6.5562499999999995,3.1669056927333132,0.0,0.0,0.0,0.0,1.0,0.6667,0.4,0.9375,3.0,1.6667,2.8,3.8125,1.0,1.0,2.0,2.0,1.6667,2.4,3.0,1.6667,2.8,3.8125,0.0,0.0,1.0,3.3333,4.0,12.3333,5.0,15.6667,0.0,0.3333,0.13636363636363635,0.06976931114862149,0.12995682478441098,0.14278782275025037,0.3979591836734694,0.14098807500414967,0.12747850743443173,0.48311688311688306,0.20334561922583702,0.28417019238071867,1,3,5,35.0,31.333333333333332,32.8,0.64,0.5766666666666667,0.5700000000000001,,,5.0,7.4,12.333333333333334,2.7399999999999998,9.4,132,16,1,22.6,22.0,24.3,29.53125,19,14.333333333333334,15.6875,0.0,7.9375,121.125,1.0625
2025,18,2025_18_MIA_NE,2026-01-04,00-0039884,Tahj Washington,WR,MIA,NE,AWAY,outdoors,fieldturf,0,7,7,14.0,44.5,1,1,1,66.0,0,0,1,0,0,0,0.10000000000000009,0.10000000000000009,0.10000000000000009,,0.10000000000000009,0.10000000000000009,0.10000000000000009,,0.0,0.0,0.0,0.0,0.0,0.0,0.0,0.0,2.0,2.0,2.0,2.0,1.0,1.0,1.0,1.0,1.0,1.0,2.0,2.0,2.0,2.0,0.0,0.0,0.0,0.0,11.0,11.0,11.0,11.0,0.0,0.0,0.05405405405405406,0.05405405405405406,0.05405405405405406,0.05405405405405406,0.2066420664206642,0.2066420664206642,0.2066420664206642,0.22573052757554601,0.22573052757554601,0.22573052757554601,1,1,1,9.0,9.0,9.0,0.14,0.14,0.14,,,,5.5,11.0,0.050000000000000044,5.5,132,16,1,22.6,22.0,24.3,29.53125,19,14.333333333333334,15.6875,0.0,7.9375,121.125,1.0625
2025,18,2025_18_NYJ_BUF,2026-01-04,00-0039890,Adonai Mitchell,WR,NYJ,BUF,AWAY,outdoors,a_turf,0,7,7,12.5,39.5,1,32,15,7.0,0,0,1,1,1,0,5.2,9.966666666666667,11.5,8.930845424706444,3.4000000000000004,24.200000000000003,5.86,6.860528925881528,0.0,0.0,0.0,0.0,0.0,0.3333,0.2,0.0667,9.0,8.0,8.4,4.7333,3.0,4.0,4.2,3.0,4.3333,4.4,9.0,8.0,8.4,4.7333,0.0,0.0,0.0,-1.3333,22.0,41.0,22.0,39.6667,0.0,0.3333,0.28125,0.24632352941176472,0.2627134724857685,0.15458861163163873,0.7733333333333333,0.5427322215501599,0.4880825215276814,0.9632083333333333,0.7493978492027589,0.7357279737980297,1,3,5,50.0,53.666666666666664,54.2,0.81,0.82,0.8460000000000001,,,-4.0,5.125,10.25,1.2458333333333333,4.958333333333333,131,16,1,17.7,16.666666666666668,19.460000000000004,27.08125,14,12.0,15.6875,0.0,7.0,119.4375,0.8125
2025,18,2025_18_TEN_JAX,2026-01-04,00-0039893,Brian Thomas Jr.,WR,JAX,TEN,HOME,outdoors,grass,1,7,7,12.5,46.5,1,30,13,7.0,0,0,1,1,1,0,7.9,9.600000000000001,9.059999999999999,5.4491283706662665,3.8,17.1,10.069230769230767,5.183368373201705,0.0,0.0,0.0,0.0,0.0,0.3333,0.2,0.2308,7.0,5.6667,5.2,6.6154,4.0,3.3333,3.0,4.0,3.6667,3.2,7.0,5.6667,5.2,6.6154,0.0,0.0,0.0,1.6667,39.0,41.0,39.0,42.6667,0.0,0.3333,0.1891891891891892,0.17496782496782495,0.1676903724000498,0.19556067147484146,0.2983425414364641,0.252935264002433,0.27846786510816657,0.49262356278930863,0.43950642225344055,0.4464630641757913,1,3,5,54.0,51.0,50.6,0.78,0.7600000000000001,0.772,,,5.0,7.235294117647059,12.3,1.6941176470588237,7.529411764705882,132,16,1,47.4,34.833333333333336,32.040000000000006,35.29375,20,15.666666666666666,17.125,0.0,4.0625,163.875,1.125
2025,18,2025_18_NYJ_BUF,2026-01-04,00-0039901,Keon Coleman,WR,BUF,NYJ,HOME,outdoors,a_turf,1,7,7,12.5,39.5,1,24,11,28.0,0,0,1,1,1,0,3.6,8.700000000000001,7.160000000000001,4.197975702645265,3.6,13.600000000000001,8.5,6.345234432233376,0.0,0.0,0.0,0.0,0.0,0.0,0.0,0.0,3.0,4.6667,4.0,5.0,2.0,2.3333,2.4,2.0,2.3333,2.4,3.0,4.6667,4.0,5.0,0.0,0.0,0.0,0.0,16.0,23.6667,16.0,23.6667,0.0,0.6667,0.1111111111111111,0.1488913662826706,0.14011742846525457,0.16900913462178282,0.23255813953488372,0.2657651274966495,0.20714973170744191,0.32945736434108525,0.40937263867166057,0.35518095489309115,1,3,5,18.0,31.0,36.8,0.28,0.45,0.5520000000000002,,,,5.071428571428571,10.142857142857142,1.8642857142857143,5.071428571428571,132,16,1,41.1,41.9,33.58,30.674999999999997,15,19.0,16.75,0.0,7.25,138.875,0.9375
2025,18,2025_18_CLE_CIN,2026-01-04,00-0039920,Malachi Corley,WR,CLE,CIN,AWAY,outdoors,fieldturf,0,7,7,9.5,47.5,1,16,11,7.0,0,0,1,1,1,0,1.4,3.1666666666666674,2.12,2.320991167583367,0.2,6.1000000000000005,2.3454545454545457,1.6765223746575149,0.0,0.0,0.0,0.0,0.0,1.0,1.0,0.9091,1.0,2.0,1.2,1.0909,1.0,1.3333,0.8,1.0,2.3333,1.8,1.0,2.0,1.2,1.0909,0.0,0.0,0.0,10.0,4.0,8.3333,4.0,18.3333,0.0,0.0,0.043478260869565216,0.07462815784461413,0.044776894706768475,0.04561828547277355,0.021164021164021163,-0.012699475606635889,-0.0076196853639815335,0.08003220611916263,0.10305260384227606,0.06183156230536564,1,3,5,20.0,21.666666666666668,18.4,0.38,0.3633333333333333,0.304,,,10.0,4.166666666666667,6.25,1.5833333333333337,9.166666666666666,131,16,1,24.299999999999997,24.666666666666668,19.8,25.8675,14,11.666666666666666,14.0,0.125,7.0625,117.8125,0.8125
2025,18,2025_18_WAS_PHI,2026-01-04,00-0040024,Darius Cooper,WR,PHI,WAS,HOME,outdoors,grass,1,7,10,3.0,38.5,1,5,5,7.0,0,0,1,1,1,0,1.4,3.066666666666667,2.38,1.8267457403809653,0.0,4.9,2.38,1.8267457403809653,0.0,0.0,0.0,0.0,0.0,0.0,0.0,0.0,1.0,1.3333,1.2,1.2,1.0,1.3333,1.2,1.0,1.3333,1.2,1.0,1.3333,1.2,1.2,0.0,0.0,0.0,0.0,4.0,17.3333,4.0,17.3333,0.0,0.0,0.045454545454545456,0.06096048201311358,0.047687400318979264,0.047687400318979264,0.011627906976744186,0.0751029446309884,0.04574436063524833,0.07632135306553911,0.14401278426136227,0.10355215292314272,1,3,5,17.0,19.666666666666668,15.0,0.31,0.3033333333333333,0.23200000000000004,,,,13.0,13.0,2.3000000000000003,13.0,132,16,1,44.1,36.73333333333333,32.739999999999995,35.493750000000006,25,23.666666666666668,18.4375,0.0,6.75,163.8125,1.0625
2025,18,2025_18_BAL_PIT,2026-01-04,00-0040075,LaJohntay Wester,WR,BAL,PIT,AWAY,outdoors,grass,0,8,7,-4.5,41.5,1,13,13,8.0,0,0,1,1,1,0,0.0,0.0,0.0,0.0,0.0,0.0,0.0,0.0,0.0,0.0,0.0,0.0,0.0,0.0,0.0,0.0,0.0,0.0,0.0,0.0,0.0,0.0,0.0,0.0,0.0,0.0,0.0,0.0,0.0,0.0,0.0,0.0,0.0,0.0,0.0,0.0,0.0,0.0,0.0,0.0,0.0,0.0,0.0,0.0,0.0,0.0,0.0,0.0,0.0,0.0,1,3,5,7.0,6.0,4.8,0.09,0.11666666666666665,0.086,,,,,,,,132,16,1,19.6,26.333333333333332,23.619999999999997,34.787499999999994,10,15.333333333333334,20.6875,0.0,1.125,162.375,0.875
2025,18,2025_18_CAR_TB,2026-01-03,00-0040124,Tetairoa McMillan,WR,CAR,TB,AWAY,outdoors,grass,0,6,6,3.0,43.5,1,16,16,6.0,0,0,1,1,1,0,1.5,8.433333333333334,9.620000000000001,6.931954991198371,1.5,19.3,12.55625,7.2986728245620105,0.0,0.0,0.0,0.0,0.0,0.0,0.0,0.0,4.0,6.0,5.4,7.25,1.0,3.0,2.4,1.0,3.0,2.4,4.0,6.0,5.4,7.25,0.0,0.0,0.0,0.0,5.0,34.3333,5.0,34.3333,0.0,0.3333,0.19047619047619047,0.23768561187916026,0.214463218979348,0.2609901159313669,1.1395348837209303,0.6069854592077898,0.5369964066320121,1.0833887043189367,0.7814182392641932,0.6975923131114304,1,3,5,44.0,46.333333333333336,45.6,0.83,0.8466666666666667,0.836,,,,5.722222222222222,11.444444444444445,1.4055555555555557,5.722222222222222,132,16,1,17.3,23.099999999999998,21.04,30.831249999999997,7,13.666666666666666,18.875,0.0,1.875,144.5625,0.8125
2025,18,2025_18_CAR_TB,2026-01-03,00-0040129,Emeka Egbuka,WR,TB,CAR,HOME,outdoors,grass,1,6,6,3.0,43.5,1,16,16,6.0,0,0,1,1,1,0,5.0,6.8,6.42,2.809270367906941,3.5,10.4,12.118749999999999,8.304554473299577,0.0,0.0,0.0,0.0,0.0,0.0,0.0,0.125,5.0,4.6667,6.2,7.75,3.0,2.6667,2.8,3.0,2.6667,2.8,5.0,4.6667,6.2,7.75,0.0,0.0,0.0,0.0,20.0,41.3333,20.0,41.3333,0.0,0.0,0.11363636363636363,0.13746212121212123,0.20830144855144855,0.24185065543208978,0.16944444444444445,0.24784576908440106,0.3442593009155236,0.2890656565656565,0.3796852201772625,0.5534336834680393,1,3,5,39.0,39.666666666666664,47.2,0.58,0.5933333333333334,0.7020000000000001,,,,8.857142857142858,15.5,1.457142857142857,8.857142857142858,132,16,1,19.6,30.333333333333332,31.380000000000003,27.34375,17,20.0,16.3125,0.0,0.9375,127.5,0.75
2025,18,2025_18_IND_HOU,2026-01-04,00-0040130,Jayden Higgins,WR,HOU,IND,HOME,closed,astroturf,1,8,7,9.5,37.5,1,16,16,8.0,0,0,1,1,1,0,16.8,6.966666666666666,7.76,6.39554532467717,1.4,16.8,7.45,5.500545427500804,0.0,0.0,0.0,0.0,0.0,0.0,0.0,0.0,4.0,2.6667,3.6,3.9375,2.0,1.3333,2.4,2.0,1.3333,2.4,4.0,2.6667,3.6,3.9375,0.0,0.0,0.0,0.0,88.0,36.3333,88.0,36.3333,1.0,0.3333,0.15384615384615385,0.09351432880844646,0.12439563432210492,0.12037475490013178,0.2734375,0.15172217259819717,0.16222601014975138,0.4221754807692308,0.24647701403140773,0.3001516585879833,1,3,5,32.0,38.333333333333336,40.2,0.49,0.5833333333333334,0.586,,,,13.625,27.25,2.6125,13.625,132,16,1,34.8,37.4,39.279999999999994,36.71875,27,21.333333333333332,21.4375,0.0,2.5625,171.5,0.9375
2025,18,2025_18_MIA_NE,2026-01-04,00-0040131,Kyle Williams,WR,NE,MIA,HOME,outdoors,fieldturf,1,7,7,14.0,44.5,1,13,13,7.0,0,0,1,1,1,0,5.0,5.866666666666667,6.140000000000001,5.22474879778923,0.0,12.600000000000001,3.746153846153846,5.204263538134764,0.0,0.0,0.0,0.0,0.0,0.0,0.0,0.0769,5.0,2.6667,2.0,1.6154,3.0,1.6667,1.4,3.0,1.6667,1.4,5.0,2.6667,2.0,1.6154,0.0,0.0,0.0,0.0,20.0,22.0,20.0,22.0,0.0,0.3333,0.2,0.09047619047619049,0.06701298701298701,0.054281063763822385,0.3,0.13305203938115331,0.11013700250589942,0.51,0.228850713281093,0.17761538227361012,1,3,5,56.0,29.666666666666668,21.6,0.85,0.44333333333333336,0.324,,,,8.25,13.2,2.2,8.25,132,16,1,63.199999999999996,41.9,37.959999999999994,30.387500000000003,31,17.666666666666668,15.8125,0.0,2.375,127.125,1.0625
2025,18,2025_18_LAC_DEN,2026-01-04,00-0040134,Pat Bryant,WR,DEN,LAC,HOME,outdoors,grass,1,10,8,14.5,37.5,1,12,12,14.0,0,0,1,1,1,0,9.2,7.866666666666667,8.419999999999998,3.006991852333492,5.3,13.200000000000001,5.641666666666667,4.299568336331902,0.0,0.0,0.0,0.0,0.0,0.0,0.0,0.0,8.0,6.3333,5.4,3.6667,5.0,4.0,3.6,5.0,4.0,3.6,8.0,6.3333,5.4,3.6667,0.0,0.0,0.0,0.0,42.0,38.6667,42.0,38.6667,0.0,0.0,0.17391304347826086,0.14927161742126352,0.1377111186009063,0.100608690755346,0.1492204899777283,0.19700647725889,0.1717543286535077,0.3653239082018011,0.3618119602131183,0.3267947079588148,1,3,5,42.0,42.0,38.2,0.64,0.6033333333333334,0.572,,,,6.105263157894737,9.666666666666666,1.2421052631578948,6.105263157894737,132,16,1,47.1,41.0,32.86,28.4075,20,20.666666666666668,18.125,0.5,1.9375,132.5625,0.625
2025,18,2025_18_IND_HOU,2026-01-04,00-0040138,Jaylin Noel,WR,HOU,IND,HOME,closed,astroturf,1,8,7,9.5,37.5,1,16,16,8.0,0,0,1,1,1,0,14.600000000000001,4.866666666666667,3.5800000000000005,6.323922833178786,0.0,14.600000000000001,4.1312500000000005,5.047998778393936,0.0,0.0,0.0,0.0,1.0,0.3333,0.4,0.375,4.0,1.3333,1.4,2.125,3.0,1.0,1.0,4.0,1.3333,1.4,4.0,1.3333,1.4,2.125,0.0,0.0,2.0,0.6667,54.0,18.0,56.0,18.6667,1.0,0.3333,0.15384615384615385,0.05128205128205129,0.051834045584045585,0.0619323044536249,0.25390625,0.08463541666666667,0.05726669663767146,0.4085036057692308,0.13616786858974358,0.1178377560224384,1,3,5,16.0,12.0,15.8,0.25,0.18333333333333335,0.22999999999999998,,,2.0,13.5,18.0,3.6500000000000004,14.0,132,16,1,34.8,37.4,39.279999999999994,36.71875,27,21.333333333333332,21.4375,0.0,2.5625,171.5,0.9375
2025,18,2025_18_GB_MIN,2026-01-04,00-0040154,Tai Felton,WR,MIN,GB,HOME,dome,sportturf,1,10,8,12.5,37.5,1,11,11,14.0,0,0,1,1,1,0,1.6,1.2,0.72,0.9959919678390986,0.0,2.0,0.5,0.8613942186943212,0.0,0.0,0.0,0.0,0.0,0.0,0.0,0.0,1.0,0.6667,0.4,0.2727,1.0,0.6667,0.4,1.0,0.6667,0.4,1.0,0.6667,0.4,0.2727,0.0,0.0,0.0,0.0,6.0,5.3333,6.0,5.3333,0.0,0.0,0.043478260869565216,0.028985507246376812,0.017391304347826087,0.011693017127799736,0.048,0.011642701525054465,0.0069856209150326795,0.09881739130434783,0.05162815193710334,0.030976891162262005,1,3,5,7.0,6.0,3.6,0.11,0.09333333333333334,0.05600000000000001,,,,8.0,8.0,1.8,8.0,132,16,1,14.7,42.333333333333336,39.339999999999996,31.450000000000003,7,16.333333333333332,16.6875,0.0,2.75,133.625,1.125
2025,18,2025_18_TEN_JAX,2026-01-04,00-0040170,Elic Ayomanor,WR,TEN,JAX,AWAY,outdoors,grass,0,7,7,12.5,46.5,1,15,15,7.0,0,0,1,1,1,0,13.7,8.4,7.0200000000000005,4.970613644209335,1.5,13.7,7.233333333333334,4.383518916947673,0.0,0.0,0.0,0.0,0.0,0.0,0.0,0.0,7.0,4.0,4.0,5.2667,4.0,2.6667,2.0,4.0,2.6667,2.0,7.0,4.0,4.0,5.2667,0.0,0.0,0.0,0.0,37.0,37.3333,37.0,37.3333,1.0,0.3333,0.2,0.12839506172839507,0.1296084656084656,0.17686743099934396,0.1876675603217158,0.25539480152653327,0.22449197917324287,0.4313672922252011,0.3713689536611658,0.35155708383396844,1,3,5,60.0,48.0,49.4,0.81,0.7266666666666667,0.766,,,,9.333333333333334,14.0,2.1,9.333333333333334,132,16,1,9.0,31.46666666666667,29.020000000000003,32.24375,13,22.666666666666668,21.3125,0.0,0.5,141.3125,0.875
2025,18,2025_18_LAC_DEN,2026-01-04,00-0040184,KeAndre Lambert-Smith,WR,LAC,DEN,AWAY,outdoors,grass,0,8,10,14.5,37.5,1,9,9,8.0,0,0,1,1,1,0,0.0,3.533333333333333,2.34,3.5983329473521484,0.0,8.6,1.2999999999999998,2.8275431031197384,0.0,0.0,0.0,0.0,0.0,0.0,0.0,0.0,1.0,1.0,1.2,0.7778,0.0,0.6667,0.6,0.0,0.6667,0.6,1.0,1.0,1.2,0.7778,0.0,0.0,0.0,0.0,0.0,8.6667,0.0,8.6667,0.0,0.3333,0.03225806451612903,0.035477962897317736,0.03895595067072147,0.024910168673276632,0.04285714285714286,0.04617837071368671,0.07402973508532983,0.07838709677419355,0.0855418038455573,0.11025474056581308,1,3,5,7.0,14.0,13.0,0.11,0.21666666666666667,0.202,,,,8.666666666666666,13.0,3.533333333333333,8.666666666666666,132,16,1,6.3999999999999995,26.5,30.540000000000003,27.375,9,17.333333333333332,19.625,0.0,1.3125,133.0625,0.375
2025,18,2025_18_CAR_TB,2026-01-03,00-0040218,Jimmy Horn Jr.,WR,CAR,TB,AWAY,outdoors,grass,0,6,6,3.0,43.5,1,9,9,6.0,0,0,1,1,1,0,2.9,2.3666666666666667,2.2,0.4999999999999999,1.7000000000000002,2.9,2.9111111111111114,1.8333333333333333,0.0,0.0,0.0,0.0,0.0,0.3333,0.4,0.8889,2.0,1.0,1.2,1.5556,2.0,1.0,1.0,2.0,1.3333,1.4,2.0,1.0,1.2,1.5556,0.0,0.0,0.0,8.3333,9.0,5.3333,9.0,13.6667,0.0,0.0,0.09523809523809523,0.04841269841269841,0.05750765803397382,0.06687576515787763,-0.18604651162790697,-0.06038948761580639,-0.04805123642913296,0.012624584717607967,0.030346406287983147,0.05262562155056767,1,3,5,14.0,10.0,10.8,0.26,0.18333333333333335,0.202,,,25.0,5.333333333333333,5.333333333333333,2.3666666666666667,13.666666666666666,132,16,1,17.3,23.099999999999998,21.04,30.831249999999997,7,13.666666666666666,18.875,0.0,1.875,144.5625,0.8125
2025,18,2025_18_CAR_TB,2026-01-03,00-0040237,Tez Johnson,WR,TB,CAR,HOME,outdoors,grass,1,6,6,3.0,43.5,1,14,14,6.0,0,0,1,1,1,0,3.9000000000000004,1.6000000000000003,3.72,5.0091915515380325,0.0,12.3,6.371428571428572,6.699647358277503,0.0,0.0,0.0,0.0,0.0,0.0,0.4,0.4286,2.0,1.3333,2.0,3.0714,2.0,1.0,1.4,2.0,1.0,1.8,2.0,1.3333,2.0,3.0714,0.0,0.0,0.0,0.0,19.0,6.0,19.0,6.0,0.0,0.0,0.045454545454545456,0.03890151515151515,0.0645319760884277,0.09492442582317398,0.03888888888888889,0.022125033221899057,0.0612446797553889,0.0954040404040404,0.07383979598260206,0.13966923996141375,1,3,5,11.0,14.0,27.4,0.16,0.21,0.41200000000000003,,,,4.5,6.0,1.2000000000000002,4.5,132,16,1,19.6,30.333333333333332,31.380000000000003,27.34375,17,20.0,16.3125,0.0,0.9375,127.5,0.75
2025,18,2025_18_CLE_CIN,2026-01-04,00-0040259,Gage Larvadain,WR,CLE,CIN,AWAY,outdoors,fieldturf,0,7,7,9.5,47.5,1,12,12,7.0,0,0,1,1,1,0,0.0,0.6,1.9800000000000004,2.0351904087824315,0.0,4.300000000000001,1.2000000000000002,1.824579652712073,0.0,0.0,0.0,0.0,0.0,0.0,0.0,0.0833,0.0,0.6667,1.6,1.1667,0.0,0.3333,1.0,0.0,0.3333,1.0,0.0,0.6667,1.6,1.1667,0.0,0.0,0.0,0.0,0.0,2.6667,0.0,2.6667,0.0,0.0,0.0,0.02150537634408602,0.05477965601240127,0.03732376734721513,0.0,0.019801980198019802,0.05564125634585633,0.0,0.0461194506547429,0.12111836346070133,1,3,5,4.0,13.333333333333334,17.4,0.08,0.2333333333333333,0.28200000000000003,,,,4.0,8.0,0.9,4.0,131,16,1,24.299999999999997,24.666666666666668,19.8,25.8675,14,11.666666666666666,14.0,0.125,7.0625,117.8125,0.8125
2025,18,2025_18_DET_CHI,2026-01-04,00-0040277,Jahdae Walker,WR,CHI,DET,HOME,outdoors,grass,1,7,10,3.5,51.5,1,5,5,7.0,0,0,1,1,1,0,5.0,5.033333333333333,3.02,4.511319097558939,0.0,10.1,3.02,4.511319097558939,0.0,0.0,0.0,0.0,0.0,0.0,0.0,0.0,4.0,2.3333,1.4,1.4,2.0,1.3333,0.8,2.0,1.3333,0.8,4.0,2.3333,1.4,1.4,0.0,0.0,0.0,0.0,30.0,17.0,30.0,17.0,0.0,0.3333,0.10256410256410256,0.06867079280872385,0.04120247568523431,0.04120247568523431,0.12871287128712872,0.08721446162743163,0.052328676976458974,0.24394516374714395,0.1640563123522879,0.09843378741137274,1,3,5,41.0,20.333333333333332,12.8,0.62,0.31,0.194,,,,7.285714285714286,12.75,2.157142857142857,7.285714285714286,132,16,1,19.5,28.600000000000005,40.78,36.6075,7,17.0,19.6875,2.0625,8.25,160.125,1.375
2025,18,2025_18_MIA_NE,2026-01-04,00-0040311,Theo Wease Jr.,WR,MIA,NE,AWAY,outdoors,fieldturf,0,7,7,14.0,44.5,1,2,2,7.0,0,0,1,0,0,0,13.3,9.25,9.25,5.727564927611035,5.2,13.3,9.25,5.727564927611035,0.0,0.0,0.0,0.0,0.0,0.0,0.0,0.0,1.0,2.5,2.5,2.5,1.0,1.5,1.5,1.0,1.5,1.5,1.0,2.5,2.5,2.5,0.0,0.0,0.0,0.0,63.0,47.5,63.0,47.5,1.0,0.5,0.045454545454545456,0.09169278996865204,0.09169278996865204,0.09169278996865204,0.10714285714285714,0.16276683087027916,0.16276683087027916,0.1431818181818182,0.25147596656217347,0.25147596656217347,1,2,2,15.0,18.0,18.0,0.27,0.315,0.315,,,,19.0,31.666666666666668,3.7,19.0,132,16,1,22.6,22.0,24.3,29.53125,19,14.333333333333334,15.6875,0.0,7.9375,121.125,1.0625
2025,18,2025_18_GB_MIN,2026-01-04,00-0040388,Jakobie Keeney-James,WR,GB,MIN,AWAY,dome,sportturf,0,8,10,12.5,37.5,1,0,0,,1,1,0,0,0,0,,,,,,,,,,,,,,,,,,,,,,,,,,,,,,,,,,,,,,,,,,,,,,,,,,,0,0,0,,,,,,,,,,,,,,132,16,1,35.9,27.0,22.619999999999997,24.868750000000002,22,18.0,14.875,0.0,3.1875,121.75,0.5625
2025,18,2025_18_NYJ_BUF,2026-01-04,00-0040406,Quentin Skinner,WR,NYJ,BUF,AWAY,outdoors,a_turf,0,7,7,12.5,39.5,1,0,0,,1,1,0,0,0,0,,,,,,,,,,,,,,,,,,,,,,,,,,,,,,,,,,,,,,,,,,,,,,,,,,,0,0,0,,,,,,,,,,,,,,131,16,1,17.7,16.666666666666668,19.460000000000004,27.08125,14,12.0,15.6875,0.0,7.0,119.4375,0.8125
2025,18,2025_18_DAL_NYG,2026-01-04,00-0040431,Dalen Cambre,WR,NYG,DAL,HOME,outdoors,fieldturf,1,7,10,-3.0,50.5,1,2,2,21.0,0,0,1,0,0,0,0.0,0.0,0.0,0.0,0.0,0.0,0.0,0.0,0.0,0.0,0.0,0.0,0.0,0.0,0.0,0.0,0.0,0.0,0.0,0.0,0.0,0.0,0.0,0.0,0.0,0.0,0.0,0.0,0.0,0.0,0.0,0.0,0.0,0.0,0.0,0.0,0.0,0.0,0.0,0.0,0.0,0.0,0.0,0.0,0.0,0.0,0.0,0.0,0.0,0.0,1,2,2,2.0,1.0,1.0,0.03,0.015,0.015,,,,,,,,132,16,1,27.200000000000003,38.33333333333333,41.67999999999999,40.04375,14,17.0,17.625,0.0,7.25,173.1875,1.625
2025,18,2025_18_CLE_CIN,2026-01-04,00-0040534,Ke'Shawn Williams,WR,CIN,CLE,HOME,outdoors,fieldturf,1,7,7,9.5,47.5,1,10,10,7.0,0,0,1,1,1,0,1.5,0.5333333333333333,0.32,0.6610597552415364,0.0,1.5,0.16,0.4718756898449704,0.0,0.0,0.0,0.0,0.0,0.3333,0.2,0.1,1.0,0.3333,0.2,0.1,1.0,0.3333,0.2,1.0,0.6667,0.4,1.0,0.3333,0.2,0.1,0.0,0.0,0.0,0.3333,5.0,1.6667,5.0,2.0,0.0,0.0,0.030303030303030304,0.010101010101010102,0.006060606060606061,0.0030303030303030303,0.018656716417910446,0.006218905472636815,0.003731343283582089,0.058514246947082765,0.01950474898236092,0.011702849389416552,1,3,5,8.0,5.666666666666667,3.4,0.1,0.09666666666666668,0.05800000000000001,,,1.0,5.0,5.0,1.6,6.0,132,16,1,14.0,21.0,21.279999999999998,25.706249999999997,21,15.0,14.375,0.0,2.75,105.5625,0.9375
2025,18,2025_18_MIA_NE,2026-01-04,00-0040563,Efton Chism III,WR,NE,MIA,HOME,outdoors,fieldturf,1,7,7,14.0,44.5,1,7,7,7.0,0,0,1,1,1,0,12.0,4.0,2.4,5.366563145999495,0.0,12.0,1.7142857142857142,4.535573676110727,0.0,0.0,0.0,0.0,0.0,0.0,0.0,0.0,2.0,0.6667,0.4,0.2857,2.0,0.6667,0.4,2.0,0.6667,0.4,2.0,0.6667,0.4,0.2857,0.0,0.0,0.0,0.0,40.0,13.3333,40.0,13.3333,1.0,0.3333,0.08,0.02666666666666667,0.016,0.011428571428571429,0.07272727272727272,0.024242424242424242,0.014545454545454545,0.1709090909090909,0.05696969696969697,0.03418181818181818,1,3,5,41.0,16.0,10.8,0.62,0.24,0.162,,,,20.0,20.0,6.0,20.0,132,16,1,63.199999999999996,41.9,37.959999999999994,30.387500000000003,31,17.666666666666668,15.8125,0.0,2.375,127.125,1.0625
2025,18,2025_18_KC_LV,2026-01-04,00-0040581,Dont'e Thornton Jr.,WR,LV,KC,HOME,dome,grass,1,7,10,-3.5,36.5,1,10,10,7.0,0,0,1,1,1,0,3.2,2.566666666666667,1.8200000000000003,1.2049896265113655,0.0,3.2,2.35,2.1706373871899163,0.0,0.0,0.0,0.0,0.0,0.0,0.0,0.0,4.0,2.6667,2.6,2.9,2.0,1.3333,1.0,2.0,1.3333,1.0,4.0,2.6667,2.6,2.9,0.0,0.0,0.0,0.0,12.0,12.3333,12.0,12.3333,0.0,0.0,0.14285714285714285,0.0937950937950938,0.10757117392411511,0.10557949503503541,0.3413173652694611,0.24277214730280897,0.2717320765526915,0.45320786997433704,0.310633143804607,0.35156921447305667,1,3,5,46.0,30.0,31.4,0.78,0.48333333333333334,0.586,,,,4.625,9.25,0.9625,4.625,132,16,1,25.400000000000002,26.900000000000002,32.72,28.46875,25,17.333333333333332,17.5,0.0,2.625,129.5625,0.625
2025,18,2025_18_NYJ_BUF,2026-01-04,00-0040582,Arian Smith,WR,NYJ,BUF,AWAY,outdoors,a_turf,0,7,7,12.5,39.5,1,12,12,7.0,0,0,1,1,1,0,1.5,0.5,0.72,0.7049822692805827,0.0,1.5,1.1083333333333334,1.0858246412359371,0.0,0.0,0.0,0.0,0.0,0.0,0.4,0.25,1.0,1.3333,0.8,1.1667,1.0,0.3333,0.2,1.0,0.3333,0.6,1.0,1.3333,0.8,1.1667,0.0,0.0,0.0,0.0,5.0,1.6667,5.0,1.6667,0.0,0.0,0.03125,0.04105392156862745,0.024632352941176473,0.04090645972465232,-0.05333333333333334,0.10627533435102776,0.06376520061061666,0.009541666666666664,0.1359736163986606,0.08158416983919636,1,3,5,10.0,8.666666666666666,14.6,0.16,0.13333333333333333,0.262,,,,1.25,5.0,0.375,1.25,131,16,1,17.7,16.666666666666668,19.460000000000004,27.08125,14,12.0,15.6875,0.0,7.0,119.4375,0.8125
2025,18,2025_18_ARI_LA,2026-01-04,00-0040590,Konata Mumpfield,WR,LA,ARI,HOME,dome,matrixturf,1,6,7,14.5,49.5,1,9,9,6.0,0,0,1,1,1,0,3.0,3.3333333333333335,2.3,2.906888370749727,0.0,7.0,2.8,2.938537050983023,0.0,0.0,0.0,0.0,0.0,0.0,0.0,0.0,5.0,4.6667,3.0,2.4444,2.0,1.6667,1.2,2.0,1.6667,1.2,5.0,4.6667,3.0,2.4444,0.0,0.0,0.0,0.0,10.0,16.6667,10.0,16.6667,0.0,0.0,0.1388888888888889,0.11062378167641325,0.07282588190907376,0.06544473062166728,0.13255360623781676,0.1528386768753037,0.09529065007137057,0.30112085769980507,0.2729227463273325,0.17594227791357003,1,3,5,43.0,39.0,33.8,0.66,0.52,0.48,,,,3.5714285714285716,10.0,0.7142857142857143,3.5714285714285716,132,16,1,44.5,27.366666666666664,30.26,30.14375,21,13.0,17.625,0.0,2.125,139.3125,0.8125
2025,18,2025_18_KC_LV,2026-01-04,00-0040646,Jalen Royals,WR,KC,LV,AWAY,dome,grass,0,10,7,-3.5,36.5,1,1,1,98.0,0,0,1,0,0,0,0.0,0.0,0.0,,0.0,0.0,0.0,,0.0,0.0,0.0,0.0,0.0,0.0,0.0,0.0,0.0,0.0,0.0,0.0,0.0,0.0,0.0,0.0,0.0,0.0,0.0,0.0,0.0,0.0,0.0,0.0,0.0,0.0,0.0,0.0,0.0,0.0,0.0,0.0,0.0,0.0,0.0,0.0,0.0,0.0,0.0,0.0,0.0,0.0,1,1,1,14.0,14.0,14.0,0.19,0.19,0.19,,,,,,,,132,16,1,32.6,25.76666666666667,30.48,34.65625,20,15.0,18.5625,0.0,2.0625,151.375,1.0
2025,18,2025_18_GB_MIN,2026-01-04,00-0040667,Matthew Golden,WR,GB,MIN,AWAY,dome,sportturf,0,8,10,12.5,37.5,1,13,13,8.0,0,0,1,1,1,0,2.2,3.7000000000000006,2.9,3.4190641994557516,0.0,8.5,5.246153846153846,4.37256892162479,0.0,0.0,0.0,0.0,0.0,0.6667,0.4,0.7692,3.0,2.6667,2.4,3.1538,1.0,1.3333,1.0,1.0,2.0,1.4,3.0,2.6667,2.4,3.1538,0.0,0.0,0.0,1.3333,12.0,22.3333,12.0,23.6667,0.0,0.0,0.12,0.09092592592592592,0.08725120772946861,0.1103460982223524,0.1958762886597938,0.11015295558660149,0.12006716924542357,0.3171134020618557,0.21349595779950992,0.21492383006599938,1,3,5,25.0,23.333333333333332,18.8,0.53,0.39666666666666667,0.32599999999999996,,,2.0,8.375,16.75,1.3875000000000002,8.875,132,16,1,35.9,27.0,22.619999999999997,24.868750000000002,22,18.0,14.875,0.0,3.1875,121.75,0.5625
2025,18,2025_18_DET_CHI,2026-01-04,00-0040669,Isaac TeSlaa,WR,DET,CHI,AWAY,outdoors,grass,0,10,7,3.5,51.5,1,13,13,10.0,0,0,1,1,1,0,13.9,9.700000000000001,10.120000000000001,6.008910050916056,0.0,15.2,5.6230769230769235,5.7821786329712905,0.0,0.0,0.0,0.0,0.0,0.0,0.0,0.0,4.0,4.0,3.4,2.0,3.0,2.3333,2.2,3.0,2.3333,2.2,4.0,4.0,3.4,2.0,0.0,0.0,0.0,0.0,49.0,33.6667,49.0,33.6667,1.0,0.6667,0.13793103448275862,0.09962073619060914,0.09394209523885771,0.05947690324158832,0.3015075376884422,0.15937142676314037,0.17667089099238203,0.4179518281060475,0.26099110302011197,0.264582766552954,1,3,5,33.0,38.0,44.0,0.52,0.5633333333333334,0.676,,,,8.416666666666666,14.428571428571429,2.4250000000000003,8.416666666666666,132,16,1,35.2,29.599999999999998,36.339999999999996,35.3875,15,14.666666666666666,16.5625,0.0,7.125,152.375,1.375
2025,18,2025_18_TEN_JAX,2026-01-04,00-0040705,Chimere Dike,WR,TEN,JAX,AWAY,outdoors,grass,0,7,7,12.5,46.5,1,16,16,7.0,0,0,1,1,1,0,10.2,9.4,8.7,5.068530358989674,1.9,13.4,7.65,6.672231011188587,0.0,0.0,0.0,0.0,1.0,0.6667,0.6,0.6875,5.0,5.0,5.4,4.375,4.0,3.6667,3.4,5.0,4.3333,4.0,5.0,5.0,5.4,4.375,0.0,0.0,7.0,0.0,55.0,37.3333,62.0,37.3333,0.0,0.3333,0.14285714285714285,0.17107583774250443,0.18950264550264548,0.14008989105579164,0.16890080428954424,0.18912893143857815,0.23135833772855285,0.3325162772883952,0.3890040086207613,0.4462048046639553,1,3,5,58.0,46.0,45.4,0.78,0.6900000000000001,0.7,,,0.0,7.466666666666667,10.181818181818182,1.88,7.466666666666667,132,16,1,9.0,31.46666666666667,29.020000000000003,32.24375,13,22.666666666666668,21.3125,0.0,0.5,141.3125,0.875
2025,18,2025_18_LAC_DEN,2026-01-04,00-0040727,Tre Harris,WR,LAC,DEN,AWAY,outdoors,grass,0,8,10,14.5,37.5,1,15,15,8.0,0,0,1,1,1,0,2.5,6.6000000000000005,5.779999999999999,2.9827839345148686,2.5,9.4,4.306666666666667,2.9742866291568055,0.0,0.0,0.0,0.0,1.0,0.3333,0.4,0.1333,1.0,3.6667,3.4,2.4667,1.0,2.6667,2.4,2.0,3.0,2.8,1.0,3.6667,3.4,2.4667,0.0,0.0,7.0,2.3333,8.0,37.0,15.0,39.3333,0.0,0.0,0.03225806451612903,0.13437906179841663,0.13611397952211418,0.08635209343757072,-0.0035714285714285713,0.13937878519662908,0.1471076359048749,0.045887096774193545,0.2991337423352653,0.30714631441658363,1,3,5,29.0,38.0,37.0,0.46,0.5866666666666667,0.554,,,7.0,10.090909090909092,13.875,1.8,10.727272727272727,132,16,1,6.3999999999999995,26.5,30.540000000000003,27.375,9,17.333333333333332,19.625,0.0,1.3125,133.0625,0.375
2025,18,2025_18_KC_LV,2026-01-04,00-0040729,Jack Bech,WR,LV,KC,HOME,dome,grass,1,7,10,-3.5,36.5,1,13,13,14.0,0,0,1,1,1,0,6.3,7.0,5.62,3.259907974161234,2.9000000000000004,11.0,3.261538461538462,3.1676853961892695,0.0,0.0,0.0,0.0,0.0,0.0,0.0,0.0,3.0,4.0,3.2,2.0769,2.0,3.3333,2.6,2.0,3.3333,2.6,3.0,4.0,3.2,2.0769,0.0,0.0,0.0,0.0,43.0,36.6667,43.0,36.6667,0.0,0.0,0.13636363636363635,0.15688311688311687,0.1265308025308025,0.08000063758277412,0.18947368421052632,0.24371774626792778,0.1853821629122718,0.3371770334928229,0.4059270977122247,0.31956371783479404,1,3,5,39.0,38.0,30.0,0.72,0.7833333333333332,0.6119999999999999,,,,9.166666666666666,11.0,1.75,9.166666666666666,132,16,1,25.400000000000002,26.900000000000002,32.72,28.46875,25,17.333333333333332,17.5,0.0,2.625,129.5625,0.625
2025,18,2025_18_DET_CHI,2026-01-04,00-0040735,Luther Burden III,WR,CHI,DET,HOME,outdoors,grass,1,7,10,3.5,51.5,1,14,14,7.0,0,0,1,1,1,0,27.8,17.733333333333334,13.98,8.132773204756173,7.6,27.8,8.6,7.820092464533022,0.0,0.0,0.0,0.0,0.0,0.3333,0.6,0.3571,9.0,7.3333,6.6,4.0,8.0,6.0,5.0,8.0,6.3333,5.6,9.0,7.3333,6.6,4.0,0.0,0.0,0.0,1.0,138.0,96.3333,138.0,97.3333,1.0,0.3333,0.23076923076923078,0.2347714014380681,0.2116961741961742,0.12997173813929827,0.29042904290429045,0.22452983553388894,0.18328545842447586,0.5494541761868494,0.5093279870308244,0.44584408219139443,1,3,5,38.0,38.0,38.2,0.58,0.56,0.54,,,3.0,13.136363636363637,16.055555555555557,2.4181818181818184,13.272727272727273,132,16,1,19.5,28.600000000000005,40.78,36.6075,7,17.0,19.6875,2.0625,8.25,160.125,1.375
2025,18,2025_18_CLE_CIN,2026-01-04,00-0040782,Isaiah Bond,WR,CLE,CIN,AWAY,outdoors,fieldturf,0,7,7,9.5,47.5,1,14,14,7.0,0,0,1,1,1,0,2.6,5.166666666666667,3.8400000000000007,4.169292505929513,0.0,10.9,3.7142857142857144,3.315663790800626,0.0,0.0,0.0,0.0,0.0,0.3333,0.4,0.2857,1.0,1.6667,1.8,3.0,1.0,1.0,0.8,1.0,1.3333,1.2,1.0,1.6667,1.8,3.0,0.0,0.0,0.0,-0.3333,16.0,42.0,16.0,41.6667,0.0,0.0,0.043478260869565216,0.05750350631136045,0.06241972392411603,0.09256243089959593,0.07936507936507936,0.15626800775315627,0.19818987695360893,0.12077294685990336,0.19564286489425006,0.2323624997537003,1,3,5,12.0,27.666666666666668,26.8,0.23,0.4633333333333334,0.43200000000000005,,,-1.0,25.2,42.0,3.1,25.0,131,16,1,24.299999999999997,24.666666666666668,19.8,25.8675,14,11.666666666666666,14.0,0.125,7.0625,117.8125,0.8125
