season,week,game_id,game_date,player_id,player_display_name,position,team,opponent,game_location,roof,surface,is_home,team_rest,opponent_rest,source_spread_line,total_line,div_game,prior_games_count,prior_games_current_season,days_since_previous_game,is_first_observed_game,is_first_observed_game_of_season,has_previous_game,has_3_prior_games,has_5_prior_games,team_changed_since_previous_game,fantasy_points_ppr_prev_game,fantasy_points_ppr_avg_last_3_games,fantasy_points_ppr_avg_last_5_games,fantasy_points_ppr_stddev_last_5_games,fantasy_points_ppr_min_last_5_games,fantasy_points_ppr_max_last_5_games,fantasy_points_ppr_season_to_date,fantasy_points_ppr_stddev_season_to_date,attempts_prev_game,attempts_avg_last_3_games,attempts_avg_last_5_games,attempts_season_to_date,carries_prev_game,carries_avg_last_3_games,carries_avg_last_5_games,carries_season_to_date,targets_prev_game,targets_avg_last_3_games,targets_avg_last_5_games,targets_season_to_date,receptions_prev_game,receptions_avg_last_3_games,receptions_avg_last_5_games,touches_prev_game,touches_avg_last_3_games,touches_avg_last_5_games,opportunities_prev_game,opportunities_avg_last_3_games,opportunities_avg_last_5_games,opportunities_season_to_date,passing_yards_prev_game,passing_yards_avg_last_3_games,rushing_yards_prev_game,rushing_yards_avg_last_3_games,receiving_yards_prev_game,receiving_yards_avg_last_3_games,yards_from_scrimmage_prev_game,yards_from_scrimmage_avg_last_3_games,total_offensive_tds_prev_game,total_offensive_tds_avg_last_3_games,target_share_prev_game,target_share_avg_last_3_games,target_share_avg_last_5_games,target_share_season_to_date,air_yards_share_prev_game,air_yards_share_avg_last_3_games,air_yards_share_avg_last_5_games,wopr_prev_game,wopr_avg_last_3_games,wopr_avg_last_5_games,has_previous_snap_record,snap_records_last_3_games,snap_records_last_5_games,offense_snaps_prev_game,offense_snaps_avg_last_3_games,offense_snaps_avg_last_5_games,offense_pct_prev_game,offense_pct_avg_last_3_games,offense_pct_avg_last_5_games,completion_pct_avg_last_3_games,passing_yards_per_attempt_avg_last_3_games,rushing_yards_per_carry_avg_last_3_games,receiving_yards_per_target_avg_last_3_games,receiving_yards_per_reception_avg_last_3_games,fantasy_points_per_opportunity_avg_last_3_games,total_yards_per_opportunity_avg_last_3_games,opponent_prior_position_games,opponent_prior_position_games_current_season,has_opponent_history,opp_ppr_allowed_prev_game,opp_ppr_allowed_avg_last_3_games,opp_ppr_allowed_avg_last_5_games,opp_ppr_allowed_season_to_date,opp_opportunities_allowed_prev_game,opp_opportunities_allowed_avg_last_3_games,opp_opportunities_allowed_season_to_date,opp_passing_yards_allowed_season_to_date,opp_rushing_yards_allowed_season_to_date,opp_receiving_yards_allowed_season_to_date,opp_offensive_tds_allowed_season_to_date
2026,1,2026_01_ATL_PIT,2026-09-13,00-0023459,Aaron Rodgers,QB,PIT,ATL,HOME,outdoors,grass,1,7,7,3.0,42.5,0,115,0,252.0,0,1,1,1,1,0,17.759999999999998,13.54,15.807999999999998,5.224951674417668,7.32,21.46,,,47.0,42.3333,37.6,,1.0,1.3333,1.2,,0.0,0.0,0.2,,0.0,0.0,0.2,1.0,1.3333,1.4,48.0,43.6667,38.8,,294.0,242.6667,20.0,11.6667,0.0,0.0,20.0,11.6667,1.0,0.6667,0.0,0.0,0.006060606060606061,,0.0,0.0,-0.008490566037735849,0.0,0.0,0.0031475128644939975,1,3,5,75.0,71.66666666666667,66.6,1.0,1.0,1.0,0.6220472440944882,5.732283464566929,8.75,,,0.3100763358778626,5.824427480916031,131,0,1,21.759999999999998,15.046666666666667,17.315999999999995,,38,36.0,,,,,
2026,1,2026_01_TB_CIN,2026-09-13,00-0026158,Joe Flacco,QB,CIN,TB,HOME,outdoors,fieldturf,1,7,7,3.5,51.5,0,54,0,252.0,0,1,1,1,1,0,0.2,0.5066666666666666,4.200000000000001,5.07383484161635,0.16,9.860000000000001,,,0.0,2.0,16.6,,1.0,1.6667,1.4,,0.0,0.0,0.0,,0.0,0.0,0.0,1.0,1.6667,1.4,1.0,3.6667,18.0,,0.0,9.3333,2.0,1.3333,0.0,0.0,2.0,1.3333,0.0,0.0,0.0,0.0,0.0,,0.0,0.0,0.0,0.0,0.0,0.0,1,3,5,1.0,6.666666666666667,30.0,0.01,0.09333333333333334,0.45199999999999996,0.6666666666666666,4.666666666666667,0.8,,,0.13818181818181816,2.909090909090909,132,0,1,16.54,16.653333333333332,19.627999999999997,,37,33.0,,,,,
2026,1,2026_01_TB_CIN,2026-09-13,00-0026300,Josh Johnson,QB,CIN,TB,HOME,outdoors,fieldturf,1,7,7,3.5,51.5,0,16,0,252.0,0,1,1,1,1,1,15.740000000000002,8.126666666666667,4.984,7.134611411983137,-0.28,15.740000000000002,,,22.0,18.0,11.2,,9.0,4.0,2.6,,0.0,0.0,0.0,,0.0,0.0,0.0,9.0,4.0,2.6,31.0,22.0,13.8,,131.0,124.0,45.0,18.3333,0.0,0.0,45.0,18.3333,2.0,0.6667,0.0,0.0,0.0,,0.0,0.0,0.0,0.0,0.0,0.0,1,3,5,69.0,44.666666666666664,31.0,1.0,0.7966666666666665,0.546,0.6296296296296297,6.888888888888889,4.583333333333333,,,0.36939393939393944,6.46969696969697,132,0,1,16.54,16.653333333333332,19.627999999999997,,37,33.0,,,,,
2026,1,2026_01_SF_LA,2026-09-10,00-0026498,Matthew Stafford,QB,LA,SF,HOME,dome,matrixturf,1,7,7,3.5,48.5,1,114,0,249.0,0,1,1,1,1,0,26.66,23.433333333333334,22.891999999999996,6.794727367599087,12.759999999999998,30.880000000000003,,,40.0,42.3333,39.2,,1.0,1.0,0.8,,0.0,0.0,0.0,,0.0,0.0,0.0,1.0,1.0,0.8,41.0,43.3333,40.0,,259.0,328.3333,3.0,3.0,0.0,0.0,3.0,3.0,4.0,3.0,0.0,0.0,0.0,,0.0,0.0,0.0,0.0,0.0,0.0,1,3,5,72.0,76.33333333333333,71.8,0.96,0.9866666666666667,0.958,0.5984251968503937,7.755905511811024,3.0,,,0.5407692307692308,7.6461538461538465,133,0,1,8.82,16.3,14.892000000000001,,32,38.333333333333336,,,,,
2026,1,2026_01_WAS_PHI,2026-09-13,00-0027973,Andy Dalton,QB,PHI,WAS,HOME,outdoors,grass,1,7,7,4.5,47.5,1,69,0,322.0,0,1,1,1,1,1,1.0999999999999996,3.2066666666666666,1.908,2.6363080244918273,-0.1,6.32,,,24.0,12.3333,10.6,,2.0,1.3333,1.4,,0.0,0.0,0.0,,0.0,0.0,0.0,2.0,1.3333,1.4,26.0,13.6667,12.0,,175.0,97.6667,1.0,-0.3333,0.0,0.0,1.0,-0.3333,0.0,0.3333,0.0,0.0,0.0,,0.0,0.0,0.0,0.0,0.0,0.0,1,3,5,61.0,32.0,27.4,1.0,0.5,0.49000000000000005,0.6756756756756757,7.918918918918919,-0.25,,,0.2346341463414634,7.121951219512195,133,0,1,11.940000000000001,17.939999999999998,19.276,,42,40.666666666666664,,,,,
2026,1,2026_01_GB_MIN,2026-09-13,00-0028118,Tyrod Taylor,QB,GB,MIN,AWAY,dome,sportturf,0,7,7,1.5,45.5,1,36,0,280.0,0,1,1,1,1,1,-1.76,10.766666666666667,10.224,9.739295662418305,-1.76,21.28,,,4.0,21.6667,24.6,,0.0,4.3333,4.8,,0.0,0.0,0.0,,0.0,0.0,0.0,0.0,4.3333,4.8,4.0,26.0,29.4,,6.0,133.3333,0.0,21.0,0.0,0.0,0.0,21.0,0.0,1.0,0.0,0.0,0.0,,0.0,0.0,0.0,0.0,0.0,0.0,1,3,5,6.0,43.666666666666664,46.6,0.1,0.7000000000000001,0.728,0.5692307692307692,6.153846153846154,4.846153846153846,,,0.41410256410256413,5.935897435897436,133,0,1,3.66,1.9199999999999993,3.6679999999999993,,15,20.666666666666668,,,,,
2026,1,2026_01_CHI_CAR,2026-09-13,00-0028986,Case Keenum,QB,CHI,CAR,AWAY,outdoors,grass,0,7,7,-2.5,47.5,0,36,0,994.0,0,1,1,1,1,1,-1.52,3.2866666666666666,4.52,6.786972815622588,-1.52,12.54,,,17.0,19.3333,16.8,,0.0,1.3333,2.4,,0.0,0.0,0.0,,0.0,0.0,0.0,0.0,1.3333,2.4,17.0,20.6667,19.2,,62.0,99.6667,0.0,-0.3333,0.0,0.0,0.0,-0.3333,0.0,0.3333,0.0,0.0,0.0,,0.0,0.0,0.0,0.0,0.0,0.0,1,3,5,37.0,40.333333333333336,40.6,0.49,0.5399999999999999,0.5720000000000001,0.6206896551724138,5.155172413793103,-0.25,,,0.15903225806451612,4.806451612903226,132,0,1,13.22,10.666666666666666,12.34,,26,28.666666666666668,,,,,
2026,1,2026_01_MIA_LV,2026-09-13,00-0029604,Kirk Cousins,QB,LV,MIA,HOME,dome,grass,1,7,7,3.5,40.5,0,112,0,252.0,0,1,1,1,1,1,9.2,11.973333333333334,13.064000000000002,9.417169426106764,2.4800000000000004,26.92,,,32.0,29.0,32.2,,3.0,3.0,1.8,,0.0,0.0,0.0,,0.0,0.0,0.0,3.0,3.0,1.8,35.0,32.0,34.0,,180.0,167.6667,0.0,-0.6667,0.0,0.0,0.0,-0.6667,1.0,1.6667,0.0,0.0,0.0,,0.0,0.0,0.0,0.0,0.0,0.0,1,3,5,63.0,64.33333333333333,65.6,1.0,1.0,1.0,0.5977011494252874,5.781609195402299,-0.2222222222222222,,,0.3741666666666667,5.21875,133,0,1,16.660000000000004,21.073333333333334,16.188,,30,37.333333333333336,,,,,
2026,1,2026_01_NYJ_TEN,2026-09-13,00-0030565,Geno Smith,QB,NYJ,TEN,AWAY,outdoors,grass,0,7,7,3.0,38.5,0,73,0,259.0,0,1,1,1,1,1,7.139999999999999,10.073333333333332,11.284,3.1152656387537805,7.139999999999999,14.2,,,28.0,24.0,27.8,,1.0,0.6667,1.4,,0.0,0.0,0.0,,0.0,0.0,0.0,1.0,0.6667,1.4,29.0,24.6667,29.2,,176.0,164.3333,1.0,1.6667,0.0,0.0,1.0,1.6667,1.0,1.3333,0.0,0.0,0.0,,0.0,0.0,0.0,0.0,0.0,0.0,1,3,5,53.0,48.0,54.2,0.9,0.88,0.9280000000000002,0.6805555555555556,6.847222222222222,2.5,,,0.40837837837837837,6.72972972972973,133,0,1,23.740000000000006,17.400000000000002,22.372000000000003,,37,31.666666666666668,,,,,
2026,1,2026_01_DAL_NYG,2026-09-13,00-0031503,Jameis Winston,QB,NYG,DAL,HOME,outdoors,fieldturf,1,7,7,-2.5,48.5,1,60,0,273.0,0,1,1,1,1,0,0.0,14.426666666666668,11.64,13.39271443733495,-0.36000000000000015,32.24,,,1.0,22.0,26.4,,0.0,2.3333,2.6,,0.0,0.3333,0.2,,0.0,0.3333,0.2,0.0,2.6667,2.8,1.0,24.3333,29.0,,0.0,189.0,0.0,7.6667,0.0,11.0,0.0,18.6667,0.0,1.3333,0.0,0.00980392156862745,0.0058823529411764705,,0.0,0.010594947025264874,0.006356968215158925,0.0,0.02212234527062659,0.013273407162375952,1,3,5,2.0,52.0,55.2,0.03,0.6766666666666666,0.76,0.5606060606060606,8.590909090909092,3.2857142857142856,33.0,33.0,0.5928767123287672,8.534246575342467,132,0,1,20.400000000000002,19.84,19.836000000000002,,37,33.0,,,,,
2026,1,2026_01_WAS_PHI,2026-09-13,00-0032268,Marcus Mariota,QB,WAS,PHI,AWAY,outdoors,grass,0,7,7,4.5,47.5,1,57,0,267.0,0,1,1,1,1,0,3.7,5.446666666666666,11.004,10.10855479284749,-2.1,23.259999999999998,,,14.0,12.3333,23.4,,1.0,4.3333,5.4,,0.0,0.0,0.0,,0.0,0.0,0.0,1.0,4.3333,5.4,15.0,16.6667,28.8,,95.0,112.0,-1.0,16.3333,0.0,0.0,-1.0,16.3333,0.0,0.3333,0.0,0.0,0.0,,0.0,0.0,0.0,0.0,0.0,0.0,1,3,5,32.0,35.333333333333336,52.4,0.59,0.6133333333333333,0.766,0.5135135135135135,9.08108108108108,3.769230769230769,,,0.3268,7.7,132,0,1,15.740000000000002,14.113333333333335,11.152,,31,32.666666666666664,,,,,
2026,1,2026_01_DAL_NYG,2026-09-13,00-0032434,Brandon Allen,QB,NYG,DAL,HOME,outdoors,fieldturf,1,7,7,-2.5,48.5,1,18,0,252.0,0,1,1,1,1,1,0.8799999999999999,2.4466666666666668,1.6039999999999999,4.003133772433792,-2.0,8.46,,,30.0,20.0,12.6,,0.0,0.6667,1.2,,0.0,0.0,0.0,,0.0,0.0,0.0,0.0,0.6667,1.2,30.0,20.6667,13.8,,72.0,90.3333,0.0,1.6667,0.0,0.0,0.0,1.6667,0.0,0.3333,0.0,0.0,0.0,,0.0,0.0,0.0,0.0,0.0,0.0,1,3,5,49.0,34.0,23.8,0.91,0.66,0.442,0.5666666666666667,4.516666666666667,2.5,,,0.11838709677419355,4.451612903225806,132,0,1,20.400000000000002,19.84,19.836000000000002,,37,33.0,,,,,
2026,1,2026_01_GB_MIN,2026-09-13,00-0032950,Carson Wentz,QB,MIN,GB,HOME,dome,sportturf,1,7,7,1.5,45.5,1,72,0,325.0,0,1,1,1,1,0,7.76,11.273333333333333,14.068000000000001,5.005668786485978,7.76,21.2,,,27.0,34.3333,33.8,,0.0,2.3333,2.2,,0.0,0.0,0.0,,0.0,0.0,0.0,0.0,2.3333,2.2,27.0,36.6667,36.0,,144.0,231.0,0.0,13.6667,0.0,0.0,0.0,13.6667,1.0,0.6667,0.0,0.0,0.0,,0.0,0.0,0.0,0.0,0.0,0.0,1,3,5,43.0,58.666666666666664,60.0,0.88,0.9533333333333333,0.932,0.6407766990291263,6.728155339805825,5.857142857142857,,,0.3074545454545455,6.672727272727273,133,0,1,8.260000000000002,14.513333333333335,17.512,,33,32.666666666666664,,,,,
2026,1,2026_01_DAL_NYG,2026-09-13,00-0033077,Dak Prescott,QB,DAL,NYG,AWAY,outdoors,fieldturf,0,7,7,-2.5,48.5,1,107,0,252.0,0,1,1,1,1,0,0.7000000000000002,14.18,14.588,8.674740341935312,0.7000000000000002,22.68,,,11.0,26.0,32.6,,2.0,2.6667,2.4,,0.0,0.0,0.0,,0.0,0.0,0.0,2.0,2.6667,2.4,13.0,28.6667,35.0,,70.0,207.0,-1.0,12.3333,0.0,0.0,-1.0,12.3333,0.0,1.3333,0.0,0.0,0.0,,0.0,0.0,0.0,0.0,0.0,0.0,1,3,5,28.0,57.666666666666664,65.0,0.51,0.8066666666666666,0.884,0.6025641025641025,7.961538461538462,4.625,,,0.49465116279069765,7.651162790697675,133,0,1,5.92,7.933333333333333,11.804,,30,29.666666666666668,,,,,
2026,1,2026_01_NO_DET,2026-09-13,00-0033106,Jared Goff,QB,DET,NO,HOME,dome,fieldturf,1,7,7,7.0,48.5,0,129,0,252.0,0,1,1,1,1,0,15.240000000000002,14.593333333333334,17.092000000000002,9.854558336120398,2.0799999999999983,26.46,,,42.0,41.6667,40.0,,0.0,1.3333,1.2,,0.0,0.0,0.0,,0.0,0.0,0.0,0.0,1.3333,1.2,42.0,43.0,41.2,,331.0,297.3333,0.0,0.3333,0.0,0.0,0.0,0.3333,1.0,1.6667,0.0,0.0,0.0,,0.0,0.0,0.0,0.0,0.0,0.0,1,3,5,73.0,70.33333333333333,67.4,1.0,1.0,1.0,0.632,7.136,0.25,,,0.3393798449612403,6.922480620155039,132,0,1,9.2,9.986666666666666,11.291999999999998,,35,37.666666666666664,,,,,
2026,1,2026_01_ARI_LAC,2026-09-13,00-0033119,Jacoby Brissett,QB,ARI,LAC,AWAY,dome,matrixturf,0,7,7,10.5,46.5,0,77,0,252.0,0,1,1,1,1,0,15.619999999999997,14.24,16.464,3.8169988210634807,10.620000000000001,20.560000000000002,,,31.0,33.0,36.6,,3.0,1.3333,2.2,,0.0,0.0,0.0,,0.0,0.0,0.0,3.0,1.3333,2.2,34.0,34.3333,38.8,,243.0,219.3333,19.0,8.0,0.0,0.0,19.0,8.0,2.0,1.6667,0.0,0.0,0.0,,0.0,0.0,0.0,0.0,0.0,0.0,1,3,5,55.0,56.333333333333336,59.4,1.0,1.0,1.0,0.5959595959595959,6.646464646464646,6.0,,,0.414757281553398,6.621359223300971,133,0,1,10.54,14.199999999999998,11.388,,31,32.666666666666664,,,,,
2026,1,2026_01_CLE_JAX,2026-09-13,00-0033319,Nick Mullens,QB,JAX,CLE,HOME,outdoors,grass,1,7,7,7.5,40.5,0,37,0,252.0,0,1,1,1,1,0,0.44,0.08666666666666667,-0.04799999999999999,0.2968501305372797,-0.30000000000000004,0.44,,,2.0,1.0,0.6,,3.0,3.0,2.8,,0.0,0.0,0.0,,0.0,0.0,0.0,3.0,3.0,2.8,5.0,4.0,3.4,,16.0,6.3333,-2.0,-1.6667,0.0,0.0,-2.0,-1.6667,0.0,0.0,0.0,0.0,0.0,,0.0,0.0,0.0,0.0,0.0,0.0,1,3,5,11.0,8.333333333333334,6.0,0.18,0.13333333333333333,0.096,1.0,6.333333333333333,-0.5555555555555556,,,0.021666666666666667,1.1666666666666667,133,0,1,21.339999999999996,11.853333333333332,13.124,,42,36.0,,,,,
2026,1,2026_01_CLE_JAX,2026-09-13,00-0033537,Deshaun Watson,QB,CLE,JAX,AWAY,outdoors,grass,0,7,7,7.5,40.5,0,66,0,693.0,0,1,1,1,1,0,5.12,7.3133333333333335,10.123999999999999,4.338349916731015,5.12,16.44,,,17.0,22.6667,27.4,,2.0,3.0,4.2,,0.0,0.0,0.0,,0.0,0.0,0.0,2.0,3.0,4.2,19.0,25.6667,31.6,,128.0,140.3333,0.0,10.3333,0.0,0.0,0.0,10.3333,0.0,0.3333,0.0,0.0,0.0,,0.0,0.0,0.0,0.0,0.0,0.0,1,3,5,33.0,48.666666666666664,54.0,0.39,0.7633333333333333,0.852,0.6764705882352942,6.1911764705882355,3.4444444444444446,,,0.28493506493506493,5.87012987012987,133,0,1,10.059999999999999,10.34,10.212,,35,39.333333333333336,,,,,
2026,1,2026_01_NYJ_TEN,2026-09-13,00-0033869,Mitchell Trubisky,QB,TEN,NYJ,HOME,outdoors,grass,1,7,7,3.0,38.5,0,68,0,252.0,0,1,1,1,1,1,28.86,10.046666666666667,8.072,12.190017227223265,0.4,28.86,,,29.0,11.0,11.2,,5.0,2.0,2.6,,0.0,0.0,0.0,,0.0,0.0,0.0,5.0,2.0,2.6,34.0,13.0,13.8,,259.0,93.6667,5.0,3.0,0.0,0.0,5.0,3.0,4.0,1.3333,0.0,0.0,0.0,,0.0,0.0,0.0,0.0,0.0,0.0,1,3,5,74.0,29.333333333333332,29.2,0.99,0.39999999999999997,0.41,0.7272727272727273,8.515151515151516,1.5,,,0.7728205128205128,7.435897435897436,132,0,1,28.86,26.50666666666667,26.5,,34,38.333333333333336,,,,,
2026,1,2026_01_DEN_KC,2026-09-14,00-0033873,Patrick Mahomes,QB,KC,DEN,HOME,outdoors,grass,1,7,7,3.0,42.5,1,125,0,274.0,0,1,1,1,1,0,13.06,16.266666666666666,15.844,8.536502796813222,6.300000000000001,29.439999999999998,,,28.0,31.6667,37.2,,2.0,4.0,3.4,,0.0,0.3333,0.2,,0.0,0.3333,0.2,2.0,4.3333,3.6,30.0,35.6667,40.6,,189.0,203.3333,15.0,34.6667,0.0,-3.3333,15.0,31.3333,1.0,1.6667,0.0,0.011494252873563218,0.006896551724137931,,0.0,-0.00922722029988466,-0.005536332179930796,0.0,0.010782325100425566,0.00646939506025534,1,3,5,56.0,62.0,70.4,0.92,0.9733333333333333,0.984,0.5578947368421052,6.421052631578948,8.666666666666666,-10.0,-10.0,0.45607476635514016,6.579439252336448,132,0,1,8.34,15.746666666666664,15.74,,53,39.666666666666664,,,,,
2026,1,2026_01_BUF_HOU,2026-09-13,00-0034577,Kyle Allen,QB,BUF,HOU,AWAY,,astroturf,0,7,7,-1.5,44.5,0,32,0,308.0,0,1,1,1,1,1,-0.1,0.15333333333333335,0.011999999999999993,0.42038077976996047,-0.2,0.76,,,2.0,1.0,0.6,,1.0,1.0,1.4,,0.0,0.0,0.0,,0.0,0.0,0.0,1.0,1.0,1.4,3.0,2.0,2.0,,0.0,6.3333,-1.0,-1.0,0.0,0.0,-1.0,-1.0,0.0,0.0,0.0,0.0,0.0,,0.0,0.0,0.0,0.0,0.0,0.0,1,3,5,9.0,5.0,4.8,0.13,0.07666666666666667,0.072,0.3333333333333333,6.333333333333333,-1.0,,,0.07666666666666667,2.6666666666666665,133,0,1,22.6,17.26,15.728000000000003,,37,32.666666666666664,,,,,
2026,1,2026_01_ATL_PIT,2026-09-13,00-0034771,Mason Rudolph,QB,PIT,ATL,HOME,outdoors,grass,1,7,7,3.0,42.5,0,33,0,287.0,0,1,1,1,1,0,-2.0,4.84,3.0,4.917377349766845,-2.0,8.98,,,3.0,16.6667,10.4,,0.0,1.3333,1.4,,0.0,0.0,0.0,,0.0,0.0,0.0,0.0,1.3333,1.4,3.0,18.0,11.8,,0.0,99.3333,0.0,2.0,0.0,0.0,0.0,2.0,0.0,0.6667,0.0,0.0,0.0,,0.0,0.0,0.0,0.0,0.0,0.0,1,3,5,7.0,35.666666666666664,22.6,0.16,0.5299999999999999,0.33799999999999997,0.72,5.96,1.5,,,0.2688888888888889,5.62962962962963,131,0,1,21.759999999999998,15.046666666666667,17.315999999999995,,38,36.0,,,,,
2026,1,2026_01_BAL_IND,2026-09-13,00-0034796,Lamar Jackson,QB,BAL,IND,AWAY,,fieldturf,0,7,7,-3.5,48.5,0,116,0,252.0,0,1,1,1,1,0,20.419999999999998,13.253333333333332,13.472,7.606334202492025,4.74,21.06,,,18.0,13.3333,21.4,,4.0,2.6667,4.2,,0.0,0.0,0.0,,0.0,0.0,0.0,4.0,2.6667,4.2,22.0,16.0,25.6,,238.0,163.0,9.0,14.0,0.0,0.0,9.0,14.0,3.0,1.6667,0.0,0.0,0.0,,0.0,0.0,0.0,0.0,0.0,0.0,1,3,5,51.0,37.666666666666664,50.6,1.0,0.7833333333333333,0.8699999999999999,0.65,12.225,5.25,,,0.8283333333333333,11.0625,133,0,1,19.9,24.540000000000003,20.868000000000002,,35,39.666666666666664,,,,,
2026,1,2026_01_TB_CIN,2026-09-13,00-0034855,Baker Mayfield,QB,TB,CIN,AWAY,outdoors,fieldturf,0,7,7,3.5,51.5,0,123,0,253.0,0,1,1,1,1,0,13.22,14.453333333333333,14.724,3.4230804840085196,11.079999999999998,19.18,,,22.0,30.6667,31.2,,4.0,3.6667,3.6,,0.0,0.0,0.0,,0.0,0.0,0.0,4.0,3.6667,3.6,26.0,34.3333,34.8,,203.0,231.3333,31.0,32.0,0.0,0.0,31.0,32.0,1.0,1.3333,0.0,0.0,0.0,,0.0,0.0,0.0,0.0,0.0,0.0,1,3,5,67.0,66.0,68.2,1.0,1.0,1.0,0.7282608695652174,7.543478260869565,8.727272727272727,,,0.42097087378640774,7.669902912621359,132,0,1,5.040000000000001,9.473333333333334,16.112000000000002,,25,31.333333333333332,,,,,
2026,1,2026_01_BUF_HOU,2026-09-13,00-0034857,Josh Allen,QB,BUF,HOU,AWAY,,astroturf,0,7,7,-1.5,44.5,0,126,0,259.0,0,1,1,1,1,0,23.18,18.2,21.832,11.340146383534915,6.9,37.84,,,35.0,27.3333,26.6,,7.0,8.3333,8.4,,0.0,0.0,0.0,,0.0,0.0,0.0,7.0,8.3333,8.4,42.0,35.6667,35.0,,262.0,195.0,27.0,30.6667,0.0,0.0,27.0,30.6667,2.0,1.6667,0.0,0.0,0.0,,0.0,0.0,0.0,0.0,0.0,0.0,1,3,5,76.0,65.33333333333333,66.8,1.0,1.0,1.0,0.6585365853658537,7.134146341463414,3.68,,,0.5102803738317757,6.327102803738318,133,0,1,22.6,17.26,15.728000000000003,,37,32.666666666666664,,,,,
2026,1,2026_01_NE_SEA,2026-09-09,00-0034869,Sam Darnold,QB,SEA,NE,HOME,outdoors,fieldturf,1,7,7,3.5,44.5,0,100,0,249.0,0,1,1,1,1,0,8.82,11.466666666666667,13.6,6.969791962462009,6.079999999999998,22.26,,,26.0,29.0,30.6,,6.0,4.0,3.8,,0.0,0.0,0.0,,0.0,0.0,0.0,6.0,4.0,3.8,32.0,33.0,34.4,,198.0,205.0,9.0,6.0,0.0,0.0,9.0,6.0,0.0,1.0,0.0,0.0,0.0,,0.0,0.0,0.0,0.0,0.0,0.0,1,3,5,69.0,67.66666666666667,63.2,1.0,1.0,0.974,0.6896551724137931,7.068965517241379,1.5,,,0.34747474747474744,6.393939393939394,133,0,1,8.38,6.7,11.636,,26,28.333333333333332,,,,,
2026,1,2026_01_TB_CIN,2026-09-13,00-0035100,Jake Browning,QB,TB,CIN,AWAY,outdoors,fieldturf,0,7,7,3.5,51.5,0,16,0,294.0,0,1,1,1,1,1,0.56,8.366666666666665,9.748000000000001,8.219082673875475,0.56,19.14,,,1.0,22.0,25.0,,0.0,2.3333,1.8,,0.0,0.0,0.0,,0.0,0.0,0.0,0.0,2.3333,1.8,1.0,24.3333,26.8,,14.0,130.0,0.0,11.6667,0.0,0.0,0.0,11.6667,0.0,1.0,0.0,0.0,0.0,,0.0,0.0,0.0,0.0,0.0,0.0,1,3,5,1.0,37.0,42.4,0.02,0.6733333333333333,0.734,0.6212121212121212,5.909090909090909,5.0,,,0.34383561643835614,5.821917808219178,132,0,1,5.040000000000001,9.473333333333334,16.112000000000002,,25,31.333333333333332,,,,,
2026,1,2026_01_GB_MIN,2026-09-13,00-0035228,Kyler Murray,QB,MIN,GB,HOME,dome,sportturf,1,7,7,1.5,45.5,1,87,0,343.0,0,1,1,1,1,1,15.3,15.153333333333334,15.556000000000001,1.7790671713007358,14.0,18.32,,,31.0,35.6667,32.2,,4.0,5.0,5.8,,0.0,0.0,0.0,,0.0,0.0,0.0,4.0,5.0,5.8,35.0,40.6667,38.0,,220.0,193.0,25.0,34.3333,0.0,0.0,25.0,34.3333,1.0,1.3333,0.0,0.0,0.0,,0.0,0.0,0.0,0.0,0.0,0.0,1,3,5,65.0,66.0,63.6,0.96,0.9866666666666667,0.9879999999999999,0.6728971962616822,5.411214953271028,6.866666666666666,,,0.3726229508196721,5.590163934426229,133,0,1,8.260000000000002,14.513333333333335,17.512,,33,32.666666666666664,,,,,
2026,1,2026_01_DEN_KC,2026-09-14,00-0035264,Jarrett Stidham,QB,DEN,KC,AWAY,outdoors,grass,0,7,7,3.0,42.5,1,16,0,323.0,0,1,1,1,1,0,-0.1,0.13333333333333333,5.4079999999999995,7.233043619390111,-0.2,13.56,,,0.0,0.0,13.2,,1.0,1.6667,2.8,,0.0,0.0,0.0,,0.0,0.0,0.0,1.0,1.6667,2.8,1.0,1.6667,16.0,,0.0,0.0,-1.0,1.3333,0.0,0.0,-1.0,1.3333,0.0,0.0,0.0,0.0,0.0,,0.0,0.0,0.0,0.0,0.0,0.0,1,3,5,4.0,5.0,29.0,0.06,0.06999999999999999,0.442,,,0.8,,,0.08,0.8,133,0,1,3.8000000000000003,13.766666666666666,12.864,,28,35.666666666666664,,,,,
2026,1,2026_01_BAL_IND,2026-09-13,00-0035282,Easton Stick,QB,IND,BAL,HOME,,fieldturf,1,7,7,-3.5,48.5,0,6,0,980.0,0,1,1,1,1,1,16.02,15.006666666666666,13.512,5.1594495830466265,5.16,17.380000000000003,,,47.0,39.3333,34.8,,13.0,8.3333,5.4,,0.0,0.0,0.0,,0.0,0.0,0.0,13.0,8.3333,5.4,60.0,47.6667,40.2,,258.0,231.0,77.0,44.3333,0.0,0.0,77.0,44.3333,0.0,0.3333,0.0,0.0,0.0,,0.0,0.0,0.0,0.0,0.0,0.0,1,3,5,83.0,72.66666666666667,64.0,1.0,1.0,0.908,0.635593220338983,5.872881355932203,5.32,,,0.3148251748251748,5.776223776223776,133,0,1,17.759999999999998,23.766666666666666,19.651999999999997,,48,45.666666666666664,,,,,
2026,1,2026_01_ARI_LAC,2026-09-13,00-0035289,Gardner Minshew,QB,ARI,LAC,AWAY,dome,matrixturf,0,7,7,10.5,46.5,0,61,0,266.0,0,1,1,1,1,1,1.4,-0.006666666666666747,2.2760000000000002,5.347511570814972,-1.12,11.700000000000001,,,8.0,4.3333,11.0,,1.0,1.3333,1.6,,0.0,0.0,0.0,,0.0,0.0,0.0,1.0,1.3333,1.6,9.0,5.6667,12.6,,15.0,12.3333,8.0,1.6667,0.0,0.0,8.0,1.6667,0.0,0.0,0.0,0.0,0.0,,0.0,0.0,0.0,0.0,0.0,0.0,1,3,5,14.0,11.666666666666666,21.0,0.31,0.19666666666666668,0.3,0.46153846153846156,2.8461538461538463,1.25,,,-0.0011764705882353083,2.4705882352941178,133,0,1,10.54,14.199999999999998,11.388,,31,32.666666666666664,,,,,
2026,1,2026_01_NE_SEA,2026-09-09,00-0035704,Drew Lock,QB,SEA,NE,HOME,outdoors,fieldturf,1,7,7,3.5,44.5,0,38,0,276.0,0,1,1,1,1,0,0.0,0.033333333333333326,8.456,14.871552709787904,-0.4,34.36,,,0.0,1.0,11.0,,1.0,2.0,2.6,,0.0,0.0,0.0,,0.0,0.0,0.0,1.0,2.0,2.6,1.0,3.0,13.6,,0.0,5.0,0.0,-1.6667,0.0,0.0,0.0,-1.6667,0.0,0.0,0.0,0.0,0.0,,0.0,0.0,0.0,0.0,0.0,0.0,1,3,5,8.0,10.666666666666666,28.2,0.13,0.18333333333333335,0.51,0.6666666666666666,5.0,-0.8333333333333334,,,0.011111111111111108,1.1111111111111112,133,0,1,8.38,6.7,11.636,,26,28.333333333333332,,,,,
2026,1,2026_01_BAL_IND,2026-09-13,00-0035710,Daniel Jones,QB,IND,BAL,HOME,,fieldturf,1,7,7,-3.5,48.5,0,83,0,280.0,0,1,1,1,1,0,0.7999999999999999,11.26,12.672,6.714232644167164,0.7999999999999999,16.84,,,7.0,21.6667,28.2,,1.0,1.6667,3.0,,0.0,0.0,0.0,,0.0,0.0,0.0,1.0,1.6667,3.0,8.0,23.3333,31.2,,60.0,147.3333,4.0,7.0,0.0,0.0,4.0,7.0,0.0,1.3333,0.0,0.0,0.0,,0.0,0.0,0.0,0.0,0.0,0.0,1,3,5,16.0,40.333333333333336,55.2,0.23,0.7433333333333333,0.8460000000000001,0.5846153846153846,6.8,4.2,,,0.4825714285714286,6.614285714285714,133,0,1,17.759999999999998,23.766666666666666,19.651999999999997,,48,45.666666666666664,,,,,
2026,1,2026_01_BAL_IND,2026-09-13,00-0035993,Tyler Huntley,QB,BAL,IND,AWAY,,fieldturf,0,7,7,-3.5,48.5,0,29,0,260.0,0,1,1,1,1,0,14.280000000000001,5.593333333333334,8.028,7.308496425394215,-0.30000000000000004,16.740000000000002,,,20.0,10.0,13.4,,8.0,4.3333,4.8,,0.0,0.0,0.0,,0.0,0.0,0.0,8.0,4.3333,4.8,28.0,14.3333,18.2,,107.0,57.3333,60.0,19.6667,0.0,0.0,60.0,19.6667,1.0,0.3333,0.0,0.0,0.0,,0.0,0.0,0.0,0.0,0.0,0.0,1,3,5,76.0,36.666666666666664,39.4,1.0,0.5499999999999999,0.594,0.8333333333333334,5.733333333333333,4.538461538461538,,,0.3902325581395349,5.372093023255814,133,0,1,19.9,24.540000000000003,20.868000000000002,,35,39.666666666666664,,,,,
2026,1,2026_01_ATL_PIT,2026-09-13,00-0036212,Tua Tagovailoa,QB,ATL,PIT,AWAY,outdoors,grass,0,7,7,3.0,42.5,0,78,0,272.0,0,1,1,1,1,1,16.220000000000002,9.993333333333334,9.528,4.398331501831121,4.680000000000001,16.220000000000002,,,28.0,24.0,22.6,,1.0,2.0,1.6,,0.0,0.0,0.0,,0.0,0.0,0.0,1.0,2.0,1.6,29.0,26.0,24.2,,253.0,179.0,1.0,1.6667,0.0,0.0,1.0,1.6667,2.0,1.0,0.0,0.0,0.0,,0.0,0.0,0.0,0.0,0.0,0.0,1,3,5,50.0,56.0,55.4,1.0,0.9633333333333334,0.9780000000000001,0.6527777777777778,7.458333333333333,0.8333333333333334,,,0.3843589743589744,6.948717948717949,133,0,1,20.419999999999998,18.773333333333337,18.720000000000002,,22,34.666666666666664,,,,,
2026,1,2026_01_GB_MIN,2026-09-13,00-0036264,Jordan Love,QB,GB,MIN,AWAY,dome,sportturf,0,7,7,1.5,45.5,1,57,0,267.0,0,1,1,1,1,0,3.7800000000000002,12.326666666666668,13.959999999999999,8.924303894422241,3.7800000000000002,25.759999999999998,,,13.0,26.0,25.8,,2.0,2.0,2.8,,0.0,0.0,0.0,,0.0,0.0,0.0,2.0,2.0,2.8,15.0,28.0,28.6,,77.0,195.6667,7.0,11.6667,0.0,0.0,7.0,11.6667,0.0,1.3333,0.0,0.0,0.0,,0.0,0.0,0.0,0.0,0.0,0.0,1,3,5,26.0,48.333333333333336,53.6,0.36,0.7866666666666666,0.8540000000000001,0.6282051282051282,7.5256410256410255,5.833333333333333,,,0.44023809523809526,7.404761904761905,133,0,1,3.66,1.9199999999999993,3.6679999999999993,,15,20.666666666666668,,,,,
2026,1,2026_01_ARI_LAC,2026-09-13,00-0036355,Justin Herbert,QB,LAC,ARI,HOME,dome,matrixturf,1,7,7,10.5,46.5,0,95,0,260.0,0,1,1,1,1,0,15.14,18.580000000000002,16.148,8.036810312555597,10.4,30.2,,,32.0,30.0,27.2,,6.0,5.3333,5.8,,0.0,0.0,0.0,,0.0,0.0,0.0,6.0,5.3333,5.8,38.0,35.3333,33.0,,236.0,248.6667,37.0,26.3333,0.0,0.0,37.0,26.3333,1.0,1.6667,0.0,0.0,0.0,,0.0,0.0,0.0,0.0,0.0,0.0,1,3,5,63.0,64.33333333333333,64.8,1.0,1.0,0.97,0.7,8.28888888888889,4.9375,,,0.5258490566037736,7.783018867924528,133,0,1,26.36,21.833333333333332,22.348,,44,42.333333333333336,,,,,
2026,1,2026_01_WAS_PHI,2026-09-13,00-0036389,Jalen Hurts,QB,PHI,WAS,HOME,outdoors,grass,1,7,7,4.5,47.5,1,92,0,259.0,0,1,1,1,1,0,8.9,17.066666666666666,13.98,8.2799154585056,2.3999999999999995,22.9,,,27.0,24.0,29.2,,3.0,5.6667,5.0,,0.0,0.0,0.0,,0.0,0.0,0.0,3.0,5.6667,5.0,30.0,29.6667,34.2,,110.0,156.6667,5.0,28.0,0.0,0.0,5.0,28.0,1.0,2.0,0.0,0.0,0.0,,0.0,0.0,0.0,0.0,0.0,0.0,1,3,5,54.0,57.333333333333336,59.4,1.0,0.8966666666666666,0.938,0.6527777777777778,6.527777777777778,4.9411764705882355,,,0.5752808988764044,6.224719101123595,133,0,1,11.940000000000001,17.939999999999998,19.276,,42,40.666666666666664,,,,,
2026,1,2026_01_TB_CIN,2026-09-13,00-0036442,Joe Burrow,QB,CIN,TB,HOME,outdoors,fieldturf,1,7,7,3.5,51.5,0,77,0,252.0,0,1,1,1,1,0,21.139999999999997,23.5,19.872,8.706303463583152,5.5,28.96,,,39.0,34.0,35.4,,2.0,2.3333,1.8,,0.0,0.0,0.0,,0.0,0.0,0.0,2.0,2.3333,1.8,41.0,36.3333,37.2,,236.0,283.3333,17.0,8.3333,0.0,0.0,17.0,8.3333,3.0,3.0,0.0,0.0,0.0,,0.0,0.0,0.0,0.0,0.0,0.0,1,3,5,67.0,62.0,64.4,0.99,0.9066666666666666,0.944,0.7647058823529411,8.333333333333334,3.5714285714285716,,,0.6467889908256881,8.027522935779816,132,0,1,16.54,16.653333333333332,19.627999999999997,,37,33.0,,,,,
2026,1,2026_01_BUF_HOU,2026-09-13,00-0036679,Shane Buechele,QB,BUF,HOU,AWAY,,astroturf,0,7,7,-1.5,44.5,0,1,0,252.0,0,1,1,0,0,1,3.92,3.92,3.92,,3.92,3.92,,,14.0,14.0,14.0,,1.0,1.0,1.0,,0.0,0.0,0.0,,0.0,0.0,0.0,1.0,1.0,1.0,15.0,15.0,15.0,,88.0,88.0,4.0,4.0,0.0,0.0,4.0,4.0,0.0,0.0,0.0,0.0,0.0,,0.0,0.0,0.0,0.0,0.0,0.0,1,1,1,29.0,29.0,29.0,0.45,0.45,0.45,0.5,6.285714285714286,4.0,,,0.2613333333333333,6.133333333333334,133,0,1,22.6,17.26,15.728000000000003,,37,32.666666666666664,,,,,
2026,1,2026_01_DEN_KC,2026-09-14,00-0036879,Sam Ehlinger,QB,DEN,KC,AWAY,outdoors,grass,0,7,7,3.0,42.5,1,7,0,1345.0,0,1,1,1,1,1,14.459999999999999,9.36,7.104000000000001,5.186991420852746,-0.1,14.459999999999999,,,35.0,26.0,20.2,,5.0,3.6667,3.6,,0.0,0.0,0.0,,0.0,0.0,0.0,5.0,3.6667,3.6,40.0,29.6667,23.8,,209.0,124.0,21.0,24.0,0.0,0.0,21.0,24.0,2.0,1.0,0.0,0.0,0.0,,0.0,0.0,0.0,0.0,0.0,0.0,1,3,5,73.0,54.666666666666664,46.4,1.0,0.8333333333333334,0.728,0.6025641025641025,4.769230769230769,6.545454545454546,,,0.3155056179775281,4.98876404494382,133,0,1,3.8000000000000003,13.766666666666666,12.864,,28,35.666666666666664,,,,,
2026,1,2026_01_BUF_HOU,2026-09-13,00-0036898,Davis Mills,QB,HOU,BUF,HOME,,astroturf,1,7,7,-1.5,44.5,0,43,0,252.0,0,1,1,1,1,0,2.64,11.173333333333334,13.475999999999999,9.769998976458492,2.64,27.68,,,9.0,26.6667,31.0,,1.0,1.6667,2.0,,0.0,0.0,0.0,,0.0,0.0,0.0,1.0,1.6667,2.0,10.0,28.3333,33.0,,36.0,154.3333,12.0,10.0,0.0,0.0,12.0,10.0,0.0,1.0,0.0,0.0,0.0,,0.0,0.0,0.0,0.0,0.0,0.0,1,3,5,24.0,51.0,55.6,0.35,0.7833333333333333,0.806,0.5625,5.7875,6.0,,,0.39435294117647063,5.8,132,0,1,9.100000000000001,9.726666666666668,14.607999999999999,,25,29.333333333333332,,,,,
2026,1,2026_01_DEN_KC,2026-09-14,00-0036945,Justin Fields,QB,KC,DEN,HOME,outdoors,grass,1,7,7,3.0,42.5,1,59,0,305.0,0,1,1,1,1,1,19.34,15.719999999999999,11.220000000000002,8.19308244801674,4.04,20.86,,,26.0,23.0,19.6,,11.0,9.6667,8.0,,1.0,0.3333,0.2,,0.0,0.0,0.0,11.0,9.6667,8.0,37.0,32.6667,27.6,,116.0,138.0,67.0,42.0,0.0,0.0,67.0,42.0,2.0,1.3333,0.038461538461538464,0.012820512820512822,0.007692307692307693,,0.02843601895734597,0.00947867298578199,0.005687203791469194,0.07759752096244987,0.025865840320816624,0.015519504192489975,1,3,5,57.0,59.333333333333336,52.6,1.0,1.0,0.892,0.6086956521739131,6.0,4.344827586206897,0.0,,0.4812244897959183,5.510204081632653,132,0,1,8.34,15.746666666666664,15.74,,53,39.666666666666664,,,,,
2026,1,2026_01_CLE_JAX,2026-09-13,00-0036971,Trevor Lawrence,QB,JAX,CLE,HOME,outdoors,grass,1,7,7,7.5,40.5,0,77,0,252.0,0,1,1,1,1,0,23.300000000000004,25.860000000000003,28.248,9.948895416075095,19.36,44.300000000000004,,,30.0,34.3333,33.0,,2.0,5.3333,5.0,,0.0,0.0,0.0,,0.0,0.0,0.0,2.0,5.3333,5.0,32.0,39.6667,38.0,,255.0,265.6667,11.0,19.0,0.0,0.0,11.0,19.0,3.0,3.0,0.0,0.0,0.0,,0.0,0.0,0.0,0.0,0.0,0.0,1,3,5,50.0,63.0,60.2,0.82,0.94,0.9200000000000002,0.6601941747572816,7.737864077669903,3.5625,,,0.6519327731092438,7.176470588235294,133,0,1,21.339999999999996,11.853333333333332,13.124,,42,36.0,,,,,
2026,1,2026_01_SF_LA,2026-09-10,00-0036972,Mac Jones,QB,SF,LA,AWAY,dome,matrixturf,0,7,7,3.5,48.5,1,63,0,262.0,0,1,1,1,1,0,-0.30000000000000004,-0.13333333333333336,7.692000000000002,11.020313970118998,-0.30000000000000004,23.06,,,0.0,0.0,12.6,,3.0,2.6667,2.6,,0.0,0.0,0.0,,0.0,0.0,0.0,3.0,2.6667,2.6,3.0,2.6667,15.2,,0.0,0.0,-3.0,-1.3333,0.0,0.0,-3.0,-1.3333,0.0,0.0,0.0,0.0,0.0,,0.0,0.0,0.0,0.0,0.0,0.0,1,3,5,3.0,4.0,28.0,0.05,0.06666666666666667,0.43599999999999994,,,-0.5,,,-0.05000000000000001,-0.5,133,0,1,15.619999999999997,14.753333333333332,17.764,,34,30.666666666666668,,,,,
2026,1,2026_01_ARI_LAC,2026-09-13,00-0037012,Trey Lance,QB,LAC,ARI,HOME,dome,matrixturf,1,7,7,10.5,46.5,0,16,0,252.0,0,1,1,1,1,0,8.34,3.56,5.18,4.985398680145852,0.76,12.36,,,44.0,17.6667,18.2,,9.0,5.3333,4.6,,0.0,0.0,0.0,,0.0,0.0,0.0,9.0,5.3333,4.6,53.0,23.0,22.8,,136.0,60.6667,69.0,24.6667,0.0,0.0,69.0,24.6667,0.0,0.0,0.0,0.0,0.0,,0.0,0.0,0.0,0.0,0.0,0.0,1,3,5,71.0,31.333333333333332,35.6,1.0,0.47333333333333333,0.502,0.4528301886792453,3.4339622641509435,4.625,,,0.15478260869565216,3.710144927536232,133,0,1,26.36,21.833333333333332,22.348,,44,42.333333333333336,,,,,
2026,1,2026_01_NO_DET,2026-09-13,00-0037013,Zach Wilson,QB,NO,DET,AWAY,dome,fieldturf,0,7,7,7.0,48.5,0,38,0,252.0,0,1,1,1,1,1,0.0,-0.06666666666666667,0.08400000000000002,0.9250297292519846,-0.96,1.58,,,2.0,1.0,4.4,,0.0,0.6667,0.6,,0.0,0.0,0.0,,0.0,0.0,0.0,0.0,0.6667,0.6,2.0,1.6667,5.0,,0.0,0.0,0.0,-0.6667,0.0,0.0,0.0,-0.6667,0.0,0.0,0.0,0.0,0.0,,0.0,0.0,0.0,0.0,0.0,0.0,1,3,5,3.0,5.666666666666667,9.6,0.05,0.08666666666666667,0.166,0.3333333333333333,0.0,-1.0,,,-0.04,-0.4,133,0,1,16.58,11.92,15.024000000000001,,34,31.666666666666668,,,,,
2026,1,2026_01_DAL_NYG,2026-09-13,00-0037077,Sam Howell,QB,DAL,NYG,AWAY,outdoors,fieldturf,0,7,7,-2.5,48.5,1,19,0,637.0,0,1,1,1,1,1,-0.8400000000000001,4.413333333333334,3.9520000000000004,4.839475178157235,-1.7599999999999998,8.280000000000001,,,14.0,23.0,23.4,,1.0,2.0,1.8,,0.0,0.3333,0.2,,0.0,0.3333,0.2,1.0,2.3333,2.0,15.0,25.0,25.2,,24.0,115.3333,2.0,0.0,0.0,1.3333,2.0,1.3333,0.0,0.6667,0.0,0.011904761904761904,0.007142857142857143,,0.0,0.0021645021645021645,0.0012987012987012987,0.0,0.01937229437229437,0.011623376623376622,1,3,5,24.0,39.666666666666664,39.4,0.41,0.8033333333333333,0.74,0.5942028985507246,5.0144927536231885,0.0,4.0,4.0,0.17653333333333335,4.666666666666667,133,0,1,5.92,7.933333333333333,11.804,,30,29.666666666666668,,,,,
2026,1,2026_01_DEN_KC,2026-09-14,00-0037324,Chris Oladokun,QB,KC,DEN,HOME,outdoors,grass,1,7,7,3.0,42.5,1,4,0,253.0,0,1,1,1,0,0,-1.6800000000000002,3.733333333333334,2.9250000000000003,4.288632260600886,-1.6800000000000002,7.74,,,17.0,18.3333,13.75,,1.0,1.6667,1.5,,0.0,0.0,0.0,,0.0,0.0,0.0,1.0,1.6667,1.5,18.0,20.0,15.25,,58.0,78.3333,0.0,6.0,0.0,0.0,0.0,6.0,0.0,0.3333,0.0,0.0,0.0,,0.0,0.0,0.0,0.0,0.0,0.0,1,3,4,35.0,36.333333333333336,28.5,0.55,0.7466666666666667,0.5974999999999999,0.6363636363636364,4.2727272727272725,3.6,,,0.18666666666666668,4.216666666666667,132,0,1,8.34,15.746666666666664,15.74,,53,39.666666666666664,,,,,
2026,1,2026_01_BAL_IND,2026-09-13,00-0037327,Skylar Thompson,QB,BAL,IND,AWAY,,fieldturf,0,7,7,-3.5,48.5,0,9,0,721.0,0,1,1,1,1,1,4.28,4.753333333333334,3.7640000000000002,3.470515811806654,-2.0,6.5600000000000005,,,19.0,21.3333,17.2,,0.0,1.3333,1.0,,0.0,0.0,0.0,,0.0,0.0,0.0,0.0,1.3333,1.0,19.0,22.6667,18.2,,107.0,113.0,0.0,2.3333,0.0,0.0,0.0,2.3333,0.0,0.0,0.0,0.0,0.0,,0.0,0.0,0.0,0.0,0.0,0.0,1,3,5,35.0,40.333333333333336,29.8,0.57,0.6166666666666667,0.45,0.640625,5.296875,1.75,,,0.2097058823529412,5.088235294117647,133,0,1,19.9,24.540000000000003,20.868000000000002,,35,39.666666666666664,,,,,
2026,1,2026_01_SF_LA,2026-09-10,00-0037834,Brock Purdy,QB,SF,LA,AWAY,dome,matrixturf,0,7,7,3.5,48.5,1,49,0,250.0,0,1,1,1,1,0,5.18,24.333333333333332,23.264,12.431760937212397,5.18,36.92,,,27.0,31.3333,30.6,,2.0,3.3333,3.8,,0.0,0.0,0.0,,0.0,0.0,0.0,2.0,3.3333,3.8,29.0,34.6667,34.4,,127.0,241.6667,21.0,20.0,0.0,0.0,21.0,20.0,0.0,3.3333,0.0,0.0,0.0,,0.0,0.0,0.0,0.0,0.0,0.0,1,3,5,42.0,59.0,62.8,1.0,0.9833333333333334,0.978,0.723404255319149,7.712765957446808,6.0,,,0.7019230769230769,7.548076923076923,133,0,1,15.619999999999997,14.753333333333332,17.764,,34,30.666666666666668,,,,,
2026,1,2026_01_CHI_CAR,2026-09-13,00-0038102,Kenny Pickett,QB,CAR,CHI,HOME,outdoors,grass,1,7,7,-2.5,47.5,0,36,0,252.0,0,1,1,1,1,1,-0.9799999999999999,0.3066666666666668,1.8800000000000001,3.7814018564548255,-0.9799999999999999,8.48,,,4.0,10.3333,8.6,,1.0,1.0,0.8,,0.0,0.0,0.0,,0.0,0.0,0.0,1.0,1.0,0.8,5.0,11.3333,9.4,,3.0,27.6667,9.0,5.3333,0.0,0.0,9.0,5.3333,0.0,0.0,0.0,0.0,0.0,,0.0,0.0,0.0,0.0,0.0,0.0,1,3,5,11.0,19.666666666666668,14.8,0.18,0.4266666666666667,0.314,0.5806451612903226,2.6774193548387095,5.333333333333333,,,0.027058823529411778,2.911764705882353,133,0,1,15.240000000000002,23.060000000000002,18.384000000000004,,42,39.0,,,,,
2026,1,2026_01_NYJ_TEN,2026-09-13,00-0038108,Bailey Zappe,QB,NYJ,TEN,AWAY,outdoors,grass,0,7,7,3.0,38.5,0,15,0,617.0,0,1,1,1,1,1,7.000000000000001,6.626666666666666,9.144,5.82421496856014,0.8200000000000001,16.44,,,31.0,29.0,30.2,,2.0,3.3333,2.4,,0.0,0.0,0.0,,0.0,0.0,0.0,2.0,3.3333,2.4,33.0,32.3333,32.6,,170.0,155.6667,2.0,17.3333,0.0,0.0,2.0,17.3333,1.0,0.6667,0.0,0.0,0.0,,0.0,0.0,0.0,0.0,0.0,0.0,1,3,5,53.0,54.333333333333336,54.8,0.9,0.9666666666666667,0.9800000000000001,0.5057471264367817,5.367816091954023,5.2,,,0.2049484536082474,5.350515463917525,133,0,1,23.740000000000006,17.400000000000002,22.372000000000003,,37,31.666666666666668,,,,,
2026,1,2026_01_MIA_LV,2026-09-13,00-0038128,Malik Willis,QB,MIA,LV,AWAY,dome,grass,0,7,7,3.5,40.5,0,19,0,260.0,0,1,1,1,1,1,31.519999999999996,15.113333333333332,10.983999999999998,12.38947456512987,0.5800000000000001,31.519999999999996,,,21.0,11.0,9.6,,9.0,7.0,4.6,,0.0,0.0,0.0,,0.0,0.0,0.0,9.0,7.0,4.6,30.0,18.0,14.2,,288.0,138.6667,60.0,35.6667,0.0,0.0,60.0,35.6667,3.0,1.3333,0.0,0.0,0.0,,0.0,0.0,0.0,0.0,0.0,0.0,1,3,5,39.0,30.333333333333332,28.2,0.83,0.52,0.47000000000000003,0.8484848484848485,12.606060606060606,5.095238095238095,,,0.8396296296296296,9.685185185185185,133,0,1,2.2399999999999998,12.933333333333335,15.979999999999999,,33,37.0,,,,,
2026,1,2026_01_TB_CIN,2026-09-13,00-0038391,Sean Clifford,QB,CIN,TB,HOME,outdoors,fieldturf,1,7,7,3.5,51.5,0,2,0,987.0,0,1,1,0,0,1,1.28,0.64,0.64,0.9050966799187808,0.0,1.28,,,1.0,0.5,0.5,,2.0,1.5,1.5,,0.0,0.0,0.0,,0.0,0.0,0.0,2.0,1.5,1.5,3.0,2.0,2.0,,37.0,18.5,-2.0,-1.0,0.0,0.0,-2.0,-1.0,0.0,0.0,0.0,0.0,0.0,,0.0,0.0,0.0,0.0,0.0,0.0,1,2,2,8.0,6.5,6.5,0.11,0.095,0.095,1.0,37.0,-0.6666666666666666,,,0.32,8.75,132,0,1,16.54,16.653333333333332,19.627999999999997,,37,33.0,,,,,
2026,1,2026_01_WAS_PHI,2026-09-13,00-0038400,Tanner McKee,QB,PHI,WAS,HOME,outdoors,grass,1,7,7,4.5,47.5,1,6,0,252.0,0,1,1,1,1,0,11.940000000000001,4.653333333333333,6.524000000000001,8.521424763500526,-0.2,18.86,,,40.0,14.3333,16.8,,2.0,1.6667,2.2,,0.0,0.0,0.0,,0.0,0.0,0.0,2.0,1.6667,2.2,42.0,16.0,19.0,,241.0,91.3333,3.0,3.3333,0.0,0.0,3.0,3.3333,1.0,0.3333,0.0,0.0,0.0,,0.0,0.0,0.0,0.0,0.0,0.0,1,3,5,64.0,28.333333333333332,31.4,1.0,0.4366666666666667,0.476,0.5581395348837209,6.372093023255814,2.0,,,0.29083333333333333,5.916666666666667,133,0,1,11.940000000000001,17.939999999999998,19.276,,42,40.666666666666664,,,,,
2026,1,2026_01_CHI_CAR,2026-09-13,00-0038416,Tyson Bagent,QB,CHI,CAR,AWAY,outdoors,grass,0,7,7,-2.5,47.5,0,11,0,315.0,0,1,1,1,1,0,0.8,0.9266666666666667,0.544,0.7931456360593558,-0.30000000000000004,1.7800000000000002,,,1.0,1.6667,1.2,,0.0,0.6667,1.0,,0.0,0.0,0.0,,0.0,0.0,0.0,0.0,0.6667,1.0,1.0,2.3333,2.2,,20.0,17.3333,0.0,2.3333,0.0,0.0,0.0,2.3333,0.0,0.0,0.0,0.0,0.0,,0.0,0.0,0.0,0.0,0.0,0.0,1,3,5,1.0,5.0,4.4,0.01,0.07,0.068,0.8,10.4,3.5,,,0.3971428571428572,8.428571428571429,132,0,1,13.22,10.666666666666666,12.34,,26,28.666666666666668,,,,,
2026,1,2026_01_NE_SEA,2026-09-09,00-0038476,Tommy DeVito,QB,NE,SEA,AWAY,outdoors,fieldturf,0,7,7,3.5,44.5,0,11,0,633.0,0,1,1,1,1,1,2.72,4.680000000000001,5.484,4.859802465121397,0.56,10.760000000000002,,,13.0,15.3333,19.2,,1.0,2.6667,2.6,,0.0,0.0,0.0,,0.0,0.0,0.0,1.0,2.6667,2.6,14.0,18.0,21.8,,68.0,90.3333,0.0,10.6667,0.0,0.0,0.0,10.6667,0.0,0.0,0.0,0.0,0.0,,0.0,0.0,0.0,0.0,0.0,0.0,1,3,5,32.0,31.333333333333332,36.8,0.47,0.5033333333333333,0.592,0.717391304347826,5.891304347826087,4.0,,,0.26000000000000006,5.611111111111111,133,0,1,5.18,14.973333333333334,10.84,,29,37.666666666666664,,,,,
2026,1,2026_01_NYJ_TEN,2026-09-13,00-0038550,Hendon Hooker,QB,TEN,NYJ,HOME,outdoors,grass,1,7,7,3.0,38.5,0,3,0,665.0,0,1,1,1,0,1,1.78,0.8933333333333334,0.8933333333333334,0.7960736984308258,0.24,1.78,,,4.0,3.0,3.0,,4.0,1.6667,1.6667,,0.0,0.0,0.0,,0.0,0.0,0.0,4.0,1.6667,1.6667,8.0,4.6667,4.6667,,37.0,20.6667,3.0,0.6667,0.0,0.0,3.0,0.6667,0.0,0.0,0.0,0.0,0.0,,0.0,0.0,0.0,0.0,0.0,0.0,1,3,3,16.0,11.0,11.0,0.2,0.16333333333333336,0.16333333333333336,0.6666666666666666,6.888888888888889,0.4,,,0.19142857142857145,4.571428571428571,132,0,1,28.86,26.50666666666667,26.5,,34,38.333333333333336,,,,,
2026,1,2026_01_MIA_LV,2026-09-13,00-0038579,Aidan O'Connell,QB,LV,MIA,HOME,dome,grass,1,7,7,3.5,40.5,0,21,0,252.0,0,1,1,1,1,0,4.78,12.74,11.292000000000002,5.553964349903589,4.78,17.58,,,22.0,30.3333,29.6,,1.0,2.6667,4.2,,0.0,0.0,0.0,,0.0,0.0,0.0,1.0,2.6667,4.2,23.0,33.0,33.8,,102.0,186.0,7.0,6.3333,0.0,0.0,7.0,6.3333,0.0,1.3333,0.0,0.0,0.0,,0.0,0.0,0.0,0.0,0.0,0.0,1,3,5,51.0,58.666666666666664,58.8,0.82,0.9199999999999999,0.884,0.5934065934065934,6.131868131868132,2.375,,,0.38606060606060605,5.828282828282828,133,0,1,16.660000000000004,21.073333333333334,16.188,,30,37.333333333333336,,,,,
2026,1,2026_01_SF_LA,2026-09-10,00-0038658,Adrian Martinez,QB,SF,LA,AWAY,dome,matrixturf,0,7,7,3.5,48.5,1,1,0,312.0,0,1,1,0,0,0,-0.1,-0.1,-0.1,,-0.1,-0.1,,,0.0,0.0,0.0,,1.0,1.0,1.0,,0.0,0.0,0.0,,0.0,0.0,0.0,1.0,1.0,1.0,1.0,1.0,1.0,,0.0,0.0,-1.0,-1.0,0.0,0.0,-1.0,-1.0,0.0,0.0,0.0,0.0,0.0,,0.0,0.0,0.0,0.0,0.0,0.0,0,0,0,,,,,,,,,-1.0,,,-0.1,-1.0,133,0,1,15.619999999999997,14.753333333333332,17.764,,34,30.666666666666668,,,,,
2026,1,2026_01_SF_LA,2026-09-10,00-0039107,Stetson Bennett,QB,LA,SF,HOME,dome,matrixturf,1,7,7,3.5,48.5,1,0,0,,1,1,0,0,0,0,,,,,,,,,,,,,,,,,,,,,,,,,,,,,,,,,,,,,,,,,,,,,,,,,,,0,0,0,,,,,,,,,,,,,,133,0,1,8.82,16.3,14.892000000000001,,32,38.333333333333336,,,,,
2026,1,2026_01_CHI_CAR,2026-09-13,00-0039150,Bryce Young,QB,CAR,CHI,HOME,outdoors,grass,1,7,7,-2.5,47.5,0,46,0,253.0,0,1,1,1,1,0,16.54,14.346666666666666,16.2,4.92109743858014,8.86,22.540000000000003,,,35.0,30.3333,27.0,,2.0,5.0,5.4,,0.0,0.0,0.0,,0.0,0.0,0.0,2.0,5.0,5.4,37.0,35.3333,32.4,,266.0,170.3333,-1.0,15.3333,0.0,0.0,-1.0,15.3333,2.0,1.6667,0.0,0.0,0.0,,0.0,0.0,0.0,0.0,0.0,0.0,1,3,5,51.0,52.666666666666664,55.8,1.0,1.0,1.0,0.6483516483516484,5.615384615384615,3.066666666666667,,,0.4060377358490566,5.254716981132075,133,0,1,15.240000000000002,23.060000000000002,18.384000000000004,,42,39.0,,,,,
2026,1,2026_01_NYJ_TEN,2026-09-13,00-0039152,Will Levis,QB,TEN,NYJ,HOME,outdoors,grass,1,7,7,3.0,38.5,0,21,0,616.0,0,1,1,1,1,0,11.8,4.793333333333334,9.335999999999999,8.574326795731546,-4.4399999999999995,16.18,,,17.0,20.3333,24.4,,4.0,2.3333,3.4,,0.0,0.0,0.0,,0.0,0.0,0.0,4.0,2.3333,3.4,21.0,22.6667,27.8,,175.0,144.0,8.0,3.6667,0.0,0.0,8.0,3.6667,1.0,0.3333,0.0,0.0,0.0,,0.0,0.0,0.0,0.0,0.0,0.0,1,3,5,36.0,44.333333333333336,51.0,0.58,0.6833333333333332,0.8099999999999999,0.5901639344262295,7.081967213114754,1.5714285714285714,,,0.21147058823529413,6.514705882352941,132,0,1,28.86,26.50666666666667,26.5,,34,38.333333333333336,,,,,
2026,1,2026_01_BUF_HOU,2026-09-13,00-0039163,C.J. Stroud,QB,HOU,BUF,HOME,,astroturf,1,7,7,-1.5,44.5,0,46,0,252.0,0,1,1,1,1,0,17.259999999999998,14.166666666666666,15.703999999999999,4.816168601699903,11.48,23.4,,,23.0,28.6667,29.2,,2.0,3.3333,3.6,,0.0,0.0,0.0,,0.0,0.0,0.0,2.0,3.3333,3.6,25.0,32.0,32.8,,169.0,200.0,5.0,1.6667,0.0,0.0,5.0,1.6667,2.0,1.6667,0.0,0.0,0.0,,0.0,0.0,0.0,0.0,0.0,0.0,1,3,5,44.0,58.0,62.2,0.65,0.8833333333333333,0.93,0.6162790697674418,6.976744186046512,0.5,,,0.4427083333333333,6.302083333333333,132,0,1,9.100000000000001,9.726666666666668,14.607999999999999,,25,29.333333333333332,,,,,
2026,1,2026_01_BAL_IND,2026-09-13,00-0039164,Anthony Richardson,QB,IND,BAL,HOME,,fieldturf,1,7,7,-3.5,48.5,0,17,0,343.0,0,1,1,1,1,0,2.26,7.466666666666666,11.588,9.97367134008335,-0.1,21.16,,,2.0,4.3333,15.0,,0.0,4.3333,5.8,,1.0,0.3333,0.4,,1.0,0.3333,0.4,1.0,4.6667,6.2,2.0,8.6667,20.8,,9.0,46.6667,0.0,23.0,9.0,3.0,9.0,26.0,0.0,0.6667,0.03225806451612903,0.01075268817204301,0.012007168458781362,,0.00749063670411985,0.0024968789013732834,-0.0031128236678215626,0.05363054246707744,0.017876847489025814,0.01583177612069695,1,3,5,7.0,25.333333333333332,42.8,0.11,0.4100000000000001,0.646,0.6153846153846154,10.76923076923077,5.3076923076923075,9.0,9.0,0.8615384615384615,8.384615384615385,133,0,1,17.759999999999998,23.766666666666666,19.651999999999997,,48,45.666666666666664,,,,,
2026,1,2026_01_NO_DET,2026-09-13,00-0039376,Spencer Rattler,QB,NO,DET,AWAY,dome,fieldturf,0,7,7,7.0,48.5,0,16,0,273.0,0,1,1,1,1,0,0.0,4.386666666666667,8.068000000000001,6.598357371346296,0.0,16.1,,,1.0,18.0,22.2,,0.0,1.6667,3.0,,0.0,0.0,0.2,,0.0,0.0,0.2,0.0,1.6667,3.2,1.0,19.6667,25.2,,0.0,123.0,0.0,8.0,0.0,0.0,0.0,8.0,0.0,0.6667,0.0,0.0,0.0064516129032258064,,0.0,0.0,0.0,0.0,0.0,0.00967741935483871,1,3,5,1.0,30.0,41.4,0.01,0.49,0.6779999999999999,0.6481481481481481,6.833333333333333,4.8,,,0.22305084745762713,6.661016949152542,133,0,1,16.58,11.92,15.024000000000001,,34,31.666666666666668,,,,,
2026,1,2026_01_DAL_NYG,2026-09-13,00-0039398,Joe Milton III,QB,DAL,NYG,AWAY,outdoors,fieldturf,0,7,7,-2.5,48.5,1,5,0,252.0,0,1,1,1,1,0,5.22,3.56,5.912000000000001,8.116016264153245,-0.8599999999999999,19.240000000000002,,,13.0,6.3333,10.6,,4.0,1.6667,3.0,,0.0,0.0,0.0,,0.0,0.0,0.0,4.0,1.6667,3.0,17.0,8.0,13.6,,73.0,47.3333,43.0,16.6667,0.0,0.0,43.0,16.6667,0.0,0.3333,0.0,0.0,0.0,,0.0,0.0,0.0,0.0,0.0,0.0,1,3,5,27.0,13.666666666666666,22.4,0.49,0.2333333333333333,0.358,0.631578947368421,7.473684210526316,10.0,,,0.445,8.0,133,0,1,5.92,7.933333333333333,11.804,,30,29.666666666666668,,,,,
2026,1,2026_01_CLE_JAX,2026-09-13,00-0039534,Carter Bradley,QB,JAX,CLE,HOME,outdoors,grass,1,7,7,7.5,40.5,0,0,0,,1,1,0,0,0,0,,,,,,,,,,,,,,,,,,,,,,,,,,,,,,,,,,,,,,,,,,,,,,,,,,,0,0,0,,,,,,,,,,,,,,133,0,1,21.339999999999996,11.853333333333332,13.124,,42,36.0,,,,,
2026,1,2026_01_ARI_LAC,2026-09-13,00-0039577,Kedon Slovis,QB,ARI,LAC,AWAY,dome,matrixturf,0,7,7,10.5,46.5,0,2,0,294.0,0,1,1,0,0,0,-0.08,-0.04,-0.04,0.0565685424949238,-0.08,0.0,,,1.0,1.0,1.0,,0.0,0.0,0.0,,0.0,0.0,0.0,,0.0,0.0,0.0,0.0,0.0,0.0,1.0,1.0,1.0,,-2.0,-1.0,0.0,0.0,0.0,0.0,0.0,0.0,0.0,0.0,0.0,0.0,0.0,,0.0,0.0,0.0,0.0,0.0,0.0,1,2,2,2.0,2.5,2.5,0.02,0.03,0.03,0.5,-1.0,,,,-0.04,-1.0,133,0,1,10.54,14.199999999999998,11.388,,31,32.666666666666664,,,,,
2026,1,2026_01_WAS_PHI,2026-09-13,00-0039677,Sam Hartman,QB,WAS,PHI,AWAY,outdoors,grass,0,7,7,4.5,47.5,1,0,0,,1,1,0,0,0,0,,,,,,,,,,,,,,,,,,,,,,,,,,,,,,,,,,,,,,,,,,,,,,,,,,,0,0,0,,,,,,,,,,,,,,132,0,1,15.740000000000002,14.113333333333335,11.152,,31,32.666666666666664,,,,,
2026,1,2026_01_DEN_KC,2026-09-14,00-0039732,Bo Nix,QB,DEN,KC,AWAY,outdoors,grass,0,7,7,3.0,42.5,1,34,0,253.0,0,1,1,1,1,0,10.54,15.066666666666665,18.052,6.939518715300074,10.54,29.08,,,23.0,36.0,36.0,,8.0,7.0,6.2,,0.0,0.0,0.0,,0.0,0.0,0.0,8.0,7.0,6.2,31.0,43.0,42.2,,141.0,225.0,49.0,34.0,0.0,0.0,49.0,34.0,0.0,1.0,0.0,0.0,0.0,,0.0,0.0,0.0,0.0,0.0,0.0,1,3,5,59.0,65.66666666666667,67.8,1.0,1.0,1.0,0.6296296296296297,6.25,4.857142857142857,,,0.3503875968992248,6.023255813953488,133,0,1,3.8000000000000003,13.766666666666666,12.864,,28,35.666666666666664,,,,,
2026,1,2026_01_NE_SEA,2026-09-09,00-0039851,Drake Maye,QB,NE,SEA,AWAY,outdoors,fieldturf,0,7,7,3.5,44.5,0,30,0,248.0,0,1,1,1,1,0,15.740000000000002,23.960000000000004,22.572000000000003,6.204749793504974,15.740000000000002,32.440000000000005,,,18.0,27.6667,27.4,,5.0,6.0,5.6,,0.0,0.0,0.0,,0.0,0.0,0.0,5.0,6.0,5.6,23.0,33.6667,33.0,,191.0,275.6667,41.0,29.3333,0.0,0.0,41.0,29.3333,1.0,2.6667,0.0,0.0,0.0,,0.0,0.0,0.0,0.0,0.0,0.0,1,3,5,45.0,57.0,57.6,0.76,0.85,0.9099999999999999,0.7710843373493976,9.963855421686747,4.888888888888889,,,0.7116831683168318,9.05940594059406,133,0,1,5.18,14.973333333333334,10.84,,29,37.666666666666664,,,,,
2026,1,2026_01_WAS_PHI,2026-09-13,00-0039910,Jayden Daniels,QB,WAS,PHI,AWAY,outdoors,grass,0,7,7,4.5,47.5,1,24,0,280.0,0,1,1,1,1,0,2.72,11.893333333333333,14.892000000000001,7.193143957964416,2.72,21.639999999999997,,,20.0,21.3333,23.2,,4.0,7.3333,8.0,,0.0,0.0,0.0,,0.0,0.0,0.0,4.0,7.3333,8.0,24.0,28.6667,31.2,,78.0,129.0,16.0,34.0,0.0,0.0,16.0,34.0,0.0,1.0,0.0,0.0,0.0,,0.0,0.0,0.0,0.0,0.0,0.0,1,3,5,39.0,47.333333333333336,53.2,0.75,0.7733333333333333,0.8640000000000001,0.578125,6.046875,4.636363636363637,,,0.41488372093023257,5.686046511627907,132,0,1,15.740000000000002,14.113333333333335,11.152,,31,32.666666666666664,,,,,
2026,1,2026_01_ATL_PIT,2026-09-13,00-0039917,Michael Penix Jr.,QB,ATL,PIT,AWAY,outdoors,grass,0,7,7,3.0,42.5,0,14,0,301.0,0,1,1,1,1,0,7.9,13.873333333333333,13.692000000000002,5.605829109061387,7.9,22.74,,,16.0,27.0,30.2,,1.0,1.3333,1.6,,0.0,0.0,0.0,,0.0,0.0,0.0,1.0,1.3333,1.6,17.0,28.3333,31.8,,175.0,191.0,9.0,9.0,0.0,0.0,9.0,9.0,0.0,1.3333,0.0,0.0,0.0,,0.0,0.0,0.0,0.0,0.0,0.0,1,3,5,41.0,53.333333333333336,59.0,0.62,0.8733333333333334,0.924,0.5802469135802469,7.074074074074074,6.75,,,0.4896470588235294,7.0588235294117645,133,0,1,20.419999999999998,18.773333333333337,18.720000000000002,,22,34.666666666666664,,,,,
2026,1,2026_01_CHI_CAR,2026-09-13,00-0039918,Caleb Williams,QB,CHI,CAR,AWAY,outdoors,grass,0,7,7,-2.5,47.5,0,34,0,252.0,0,1,1,1,1,0,16.58,20.19333333333333,18.9,3.251553474879355,14.940000000000001,23.000000000000004,,,33.0,36.3333,34.4,,1.0,3.0,3.2,,0.0,0.0,0.0,,0.0,0.0,0.0,1.0,3.0,3.2,34.0,39.3333,37.6,,212.0,264.0,1.0,16.3333,0.0,0.0,1.0,16.3333,2.0,2.0,0.0,0.0,0.0,,0.0,0.0,0.0,0.0,0.0,0.0,1,3,5,55.0,61.666666666666664,64.2,1.0,1.0,1.0,0.5871559633027523,7.26605504587156,5.444444444444445,,,0.5133898305084745,7.127118644067797,132,0,1,13.22,10.666666666666666,12.34,,26,28.666666666666668,,,,,
2026,1,2026_01_GB_MIN,2026-09-13,00-0039923,J.J. McCarthy,QB,MIN,GB,HOME,dome,sportturf,1,7,7,1.5,45.5,1,10,0,252.0,0,1,1,1,1,0,7.98,13.266666666666666,12.14,9.558524990813174,0.48,23.5,,,23.0,20.3333,20.6,,2.0,2.6667,3.2,,0.0,0.0,0.0,,0.0,0.0,0.0,2.0,2.6667,3.2,25.0,23.0,23.8,,182.0,180.0,7.0,14.0,0.0,0.0,7.0,14.0,0.0,1.3333,0.0,0.0,0.0,,0.0,0.0,0.0,0.0,0.0,0.0,1,3,5,43.0,43.333333333333336,47.6,0.64,0.7200000000000001,0.8320000000000001,0.6229508196721312,8.852459016393443,5.25,,,0.5768115942028985,8.434782608695652,133,0,1,8.260000000000002,14.513333333333335,17.512,,33,32.666666666666664,,,,,
2026,1,2026_01_GB_MIN,2026-09-13,00-0040014,Kyle McCord,QB,GB,MIN,AWAY,dome,sportturf,0,7,7,1.5,45.5,1,0,0,,1,1,0,0,0,0,,,,,,,,,,,,,,,,,,,,,,,,,,,,,,,,,,,,,,,,,,,,,,,,,,,0,0,0,,,,,,,,,,,,,,133,0,1,3.66,1.9199999999999993,3.6679999999999993,,15,20.666666666666668,,,,,
2026,1,2026_01_ATL_PIT,2026-09-13,00-0040203,Will Howard,QB,PIT,ATL,HOME,outdoors,grass,1,7,7,3.0,42.5,0,0,0,,1,1,0,0,0,0,,,,,,,,,,,,,,,,,,,,,,,,,,,,,,,,,,,,,,,,,,,,,,,,,,,0,0,0,,,,,,,,,,,,,,131,0,1,21.759999999999998,15.046666666666667,17.315999999999995,,38,36.0,,,,,
2026,1,2026_01_BAL_IND,2026-09-13,00-0040206,Riley Leonard,QB,IND,BAL,HOME,,fieldturf,1,7,7,-3.5,48.5,0,5,0,252.0,0,1,1,1,1,0,22.6,6.866666666666667,6.2,10.352052936495255,-2.0,22.6,,,34.0,12.0,13.4,,3.0,1.0,1.2,,0.0,0.0,0.0,,0.0,0.0,0.0,3.0,1.0,1.2,37.0,13.0,14.6,,270.0,90.0,21.0,7.0,-3.0,-1.0,18.0,6.0,3.0,1.0,0.0,0.0,0.0,,0.0,0.0,0.0,0.0,0.0,0.0,1,3,5,65.0,23.333333333333332,26.0,1.0,0.36333333333333334,0.394,0.5833333333333334,7.5,7.0,,,0.5282051282051282,7.384615384615385,133,0,1,17.759999999999998,23.766666666666666,19.651999999999997,,48,45.666666666666664,,,,,
2026,1,2026_01_BUF_HOU,2026-09-13,00-0040211,Graham Mertz,QB,HOU,BUF,HOME,,astroturf,1,7,7,-1.5,44.5,0,0,0,,1,1,0,0,0,0,,,,,,,,,,,,,,,,,,,,,,,,,,,,,,,,,,,,,,,,,,,,,,,,,,,0,0,0,,,,,,,,,,,,,,132,0,1,9.100000000000001,9.726666666666668,14.607999999999999,,25,29.333333333333332,,,,,
2026,1,2026_01_MIA_LV,2026-09-13,00-0040222,Cam Miller,QB,MIA,LV,AWAY,dome,grass,0,7,7,3.5,40.5,0,0,0,,1,1,0,0,0,0,,,,,,,,,,,,,,,,,,,,,,,,,,,,,,,,,,,,,,,,,,,,,,,,,,,0,0,0,,,,,,,,,,,,,,133,0,1,2.2399999999999998,12.933333333333335,15.979999999999999,,33,37.0,,,,,
2026,1,2026_01_MIA_LV,2026-09-13,00-0040234,Quinn Ewers,QB,MIA,LV,AWAY,dome,grass,0,7,7,3.5,40.5,0,4,0,252.0,0,1,1,1,0,0,8.38,10.353333333333333,8.295,5.660067726332138,2.12,15.78,,,23.0,25.0,20.75,,1.0,2.3333,2.0,,0.0,0.3333,0.25,,0.0,0.3333,0.25,1.0,2.6667,2.25,24.0,27.3333,22.75,,137.0,189.6667,9.0,6.3333,0.0,-2.0,9.0,4.3333,1.0,1.0,0.0,0.015151515151515152,0.011363636363636364,,0.0,-0.01020408163265306,-0.007653061224489796,0.0,0.015584415584415584,0.011688311688311689,1,3,4,53.0,55.666666666666664,44.75,0.95,0.9833333333333334,0.79,0.6666666666666666,7.586666666666667,2.7142857142857144,-6.0,-6.0,0.37878048780487805,7.097560975609756,133,0,1,2.2399999999999998,12.933333333333335,15.979999999999999,,33,37.0,,,,,
2026,1,2026_01_NYJ_TEN,2026-09-13,00-0040398,Brady Cook,QB,NYJ,TEN,AWAY,outdoors,grass,0,7,7,3.0,38.5,0,5,0,252.0,0,1,1,1,1,0,9.100000000000001,5.666666666666667,5.692,3.0984060418221495,2.5200000000000005,9.100000000000001,,,22.0,30.0,30.6,,3.0,2.0,2.6,,0.0,0.0,0.0,,0.0,0.0,0.0,3.0,2.0,2.6,25.0,32.0,33.2,,60.0,133.3333,7.0,3.3333,0.0,0.0,7.0,3.3333,1.0,0.3333,0.0,0.0,0.0,,0.0,0.0,0.0,0.0,0.0,0.0,1,3,5,48.0,58.666666666666664,59.2,1.0,1.0,0.9800000000000001,0.5777777777777777,4.444444444444445,1.6666666666666667,,,0.17708333333333334,4.270833333333333,133,0,1,23.740000000000006,17.400000000000002,22.372000000000003,,37,31.666666666666668,,,,,
2026,1,2026_01_TB_CIN,2026-09-13,00-0040415,Connor Bazelak,QB,TB,CIN,AWAY,outdoors,fieldturf,0,7,7,3.5,51.5,0,0,0,,1,1,0,0,0,0,,,,,,,,,,,,,,,,,,,,,,,,,,,,,,,,,,,,,,,,,,,,,,,,,,,0,0,0,,,,,,,,,,,,,,132,0,1,5.040000000000001,9.473333333333334,16.112000000000002,,25,31.333333333333332,,,,,
2026,1,2026_01_ARI_LAC,2026-09-13,00-0040464,DJ Uiagalelei,QB,LAC,ARI,HOME,dome,matrixturf,1,7,7,10.5,46.5,0,0,0,,1,1,0,0,0,0,,,,,,,,,,,,,,,,,,,,,,,,,,,,,,,,,,,,,,,,,,,,,,,,,,,0,0,0,,,,,,,,,,,,,,133,0,1,26.36,21.833333333333332,22.348,,44,42.333333333333336,,,,,
2026,1,2026_01_GB_MIN,2026-09-13,00-0040494,Max Brosmer,QB,MIN,GB,HOME,dome,sportturf,1,7,7,1.5,45.5,1,7,0,252.0,0,1,1,1,1,0,0.28000000000000025,1.9000000000000001,0.632,2.4562817427974344,-3.06,3.64,,,8.0,11.0,13.4,,0.0,1.6667,1.2,,0.0,0.0,0.0,,0.0,0.0,0.0,0.0,1.6667,1.2,8.0,12.6667,14.6,,57.0,53.3333,0.0,4.3333,0.0,0.0,0.0,4.3333,0.0,0.0,0.0,0.0,0.0,,0.0,0.0,0.0,0.0,0.0,0.0,1,3,5,24.0,35.666666666666664,33.0,0.36,0.6133333333333333,0.592,0.696969696969697,4.848484848484849,2.6,,,0.15,4.552631578947368,133,0,1,8.260000000000002,14.513333333333335,17.512,,33,32.666666666666664,,,,,
2026,1,2026_01_SF_LA,2026-09-10,00-0040589,Kurtis Rourke,QB,SF,LA,AWAY,dome,matrixturf,0,7,7,3.5,48.5,1,0,0,,1,1,0,0,0,0,,,,,,,,,,,,,,,,,,,,,,,,,,,,,,,,,,,,,,,,,,,,,,,,,,,0,0,0,,,,,,,,,,,,,,133,0,1,15.619999999999997,14.753333333333332,17.764,,34,30.666666666666668,,,,,
2026,1,2026_01_CLE_JAX,2026-09-13,00-0040668,Shedeur Sanders,QB,CLE,JAX,AWAY,outdoors,grass,0,7,7,7.5,40.5,0,8,0,252.0,0,1,1,1,1,0,5.040000000000001,8.553333333333335,12.52,12.118556019592434,3.4800000000000004,33.46,,,22.0,24.6667,30.2,,3.0,3.6667,3.2,,0.0,0.0,0.0,,0.0,0.0,0.0,3.0,3.6667,3.2,25.0,28.3333,33.4,,111.0,151.3333,26.0,31.6667,0.0,0.0,26.0,31.6667,0.0,0.6667,0.0,0.0,0.0,,0.0,0.0,0.0,0.0,0.0,0.0,1,3,5,52.0,56.333333333333336,58.6,1.0,0.9933333333333333,0.99,0.6486486486486487,6.135135135135135,8.636363636363637,,,0.3018823529411765,6.458823529411765,133,0,1,10.059999999999999,10.34,10.212,,35,39.333333333333336,,,,,
2026,1,2026_01_NE_SEA,2026-09-09,00-0040673,Jalen Milroe,QB,SEA,NE,HOME,outdoors,fieldturf,1,7,7,3.5,44.5,0,3,0,339.0,0,1,1,1,0,0,-2.0,-0.5333333333333333,-0.5333333333333333,1.274100990241093,-2.0,0.30000000000000004,,,0.0,0.0,0.0,,1.0,1.0,1.0,,0.0,0.0,0.0,,0.0,0.0,0.0,1.0,1.0,1.0,1.0,1.0,1.0,,0.0,0.0,0.0,1.3333,0.0,0.0,0.0,1.3333,0.0,0.0,0.0,0.0,0.0,,0.0,0.0,0.0,0.0,0.0,0.0,1,3,3,1.0,1.0,1.0,0.02,0.02,0.02,,,1.3333333333333333,,,-0.5333333333333333,1.3333333333333333,133,0,1,8.38,6.7,11.636,,26,28.333333333333332,,,,,
2026,1,2026_01_NYJ_TEN,2026-09-13,00-0040676,Cam Ward,QB,TEN,NYJ,HOME,outdoors,grass,1,7,7,3.0,38.5,0,17,0,252.0,0,1,1,1,1,0,9.18,14.746666666666668,14.063999999999998,3.812489999986885,9.18,18.02,,,3.0,23.6667,25.6,,2.0,2.6667,2.2,,0.0,0.0,0.0,,0.0,0.0,0.0,2.0,2.6667,2.2,5.0,26.3333,27.8,,52.0,177.0,11.0,10.0,0.0,0.0,11.0,10.0,1.0,1.6667,0.0,0.0,0.0,,0.0,0.0,0.0,0.0,0.0,0.0,1,3,5,5.0,50.666666666666664,54.2,0.09,0.6966666666666667,0.818,0.6338028169014085,7.47887323943662,3.75,,,0.56,7.10126582278481,132,0,1,28.86,26.50666666666667,26.5,,34,38.333333333333336,,,,,
2026,1,2026_01_DAL_NYG,2026-09-13,00-0040691,Jaxson Dart,QB,NYG,DAL,HOME,outdoors,fieldturf,1,7,7,-2.5,48.5,1,14,0,252.0,0,1,1,1,1,0,20.400000000000002,15.166666666666666,16.240000000000002,10.006647790344177,0.02000000000000013,25.08,,,32.0,25.0,27.0,,5.0,5.3333,5.8,,0.0,0.0,0.0,,0.0,0.0,0.0,5.0,5.3333,5.8,37.0,30.3333,32.8,,230.0,156.6667,32.0,29.0,0.0,0.0,32.0,29.0,2.0,1.3333,0.0,0.0,0.0,,0.0,0.0,0.0,0.0,0.0,0.0,1,3,5,75.0,65.0,63.2,1.0,1.0,0.994,0.68,6.266666666666667,5.4375,,,0.5,6.1208791208791204,132,0,1,20.400000000000002,19.84,19.836000000000002,,37,33.0,,,,,
2026,1,2026_01_CLE_JAX,2026-09-13,00-0040704,Dillon Gabriel,QB,CLE,JAX,AWAY,outdoors,grass,0,7,7,7.5,40.5,0,10,0,266.0,0,1,1,1,1,0,0.0,0.9733333333333335,6.9079999999999995,8.75074396837206,0.0,20.08,,,0.0,3.6667,15.6,,0.0,0.6667,1.6,,0.0,0.0,0.0,,0.0,0.0,0.0,0.0,0.6667,1.6,0.0,4.3333,17.2,,0.0,22.6667,0.0,0.6667,0.0,0.0,0.0,0.6667,0.0,0.0,0.0,0.0,0.0,,0.0,0.0,0.0,0.0,0.0,0.0,1,3,5,1.0,9.666666666666666,31.2,0.02,0.17666666666666667,0.506,0.7272727272727273,6.181818181818182,1.0,,,0.22461538461538463,5.384615384615385,133,0,1,10.059999999999999,10.34,10.212,,35,39.333333333333336,,,,,
2026,1,2026_01_NO_DET,2026-09-13,00-0040743,Tyler Shough,QB,NO,DET,AWAY,dome,fieldturf,0,7,7,7.0,48.5,0,11,0,252.0,0,1,1,1,1,0,21.759999999999998,20.26666666666667,20.028000000000002,2.255464475446243,17.12,21.92,,,35.0,37.0,32.6,,3.0,3.0,4.8,,0.0,0.0,0.0,,0.0,0.0,0.0,3.0,3.0,4.8,38.0,40.0,37.4,,259.0,300.0,34.0,16.0,0.0,0.0,34.0,16.0,2.0,1.6667,0.0,0.0,0.0,,0.0,0.0,0.0,0.0,0.0,0.0,1,3,5,68.0,65.66666666666667,64.6,1.0,0.9833333333333334,0.9879999999999999,0.6936936936936937,8.108108108108109,5.333333333333333,,,0.5066666666666667,7.9,133,0,1,16.58,11.92,15.024000000000001,,34,31.666666666666668,,,,,
2026,1,2026_01_WAS_PHI,2026-09-13,00-0040891,Cole Payton,QB,PHI,WAS,HOME,outdoors,grass,1,7,7,4.5,47.5,1,0,0,,1,1,0,0,0,0,,,,,,,,,,,,,,,,,,,,,,,,,,,,,,,,,,,,,,,,,,,,,,,,,,,0,0,0,,,,,,,,,,,,,,133,0,1,11.940000000000001,17.939999999999998,19.276,,42,40.666666666666664,,,,,
2026,1,2026_01_DEN_KC,2026-09-14,00-0040906,Garrett Nussmeier,QB,KC,DEN,HOME,outdoors,grass,1,7,7,3.0,42.5,1,0,0,,1,1,0,0,0,0,,,,,,,,,,,,,,,,,,,,,,,,,,,,,,,,,,,,,,,,,,,,,,,,,,,0,0,0,,,,,,,,,,,,,,132,0,1,8.34,15.746666666666664,15.74,,53,39.666666666666664,,,,,
2026,1,2026_01_BAL_IND,2026-09-13,00-0040981,Joe Fagnano,QB,BAL,IND,AWAY,,fieldturf,0,7,7,-3.5,48.5,0,0,0,,1,1,0,0,0,0,,,,,,,,,,,,,,,,,,,,,,,,,,,,,,,,,,,,,,,,,,,,,,,,,,,0,0,0,,,,,,,,,,,,,,133,0,1,19.9,24.540000000000003,20.868000000000002,,35,39.666666666666664,,,,,
2026,1,2026_01_MIA_LV,2026-09-13,00-0040996,Jacob Clark,QB,LV,MIA,HOME,dome,grass,1,7,7,3.5,40.5,0,0,0,,1,1,0,0,0,0,,,,,,,,,,,,,,,,,,,,,,,,,,,,,,,,,,,,,,,,,,,,,,,,,,,0,0,0,,,,,,,,,,,,,,133,0,1,16.660000000000004,21.073333333333334,16.188,,30,37.333333333333336,,,,,
2026,1,2026_01_NYJ_TEN,2026-09-13,00-0041056,Cade Klubnik,QB,NYJ,TEN,AWAY,outdoors,grass,0,7,7,3.0,38.5,0,0,0,,1,1,0,0,0,0,,,,,,,,,,,,,,,,,,,,,,,,,,,,,,,,,,,,,,,,,,,,,,,,,,,0,0,0,,,,,,,,,,,,,,133,0,1,23.740000000000006,17.400000000000002,22.372000000000003,,37,31.666666666666668,,,,,
2026,1,2026_01_CLE_JAX,2026-09-13,00-0041092,Taylen Green,QB,CLE,JAX,AWAY,outdoors,grass,0,7,7,7.5,40.5,0,0,0,,1,1,0,0,0,0,,,,,,,,,,,,,,,,,,,,,,,,,,,,,,,,,,,,,,,,,,,,,,,,,,,0,0,0,,,,,,,,,,,,,,133,0,1,10.059999999999999,10.34,10.212,,35,39.333333333333336,,,,,
2026,1,2026_01_WAS_PHI,2026-09-13,00-0041117,Athan Kaliakmanis,QB,WAS,PHI,AWAY,outdoors,grass,0,7,7,4.5,47.5,1,0,0,,1,1,0,0,0,0,,,,,,,,,,,,,,,,,,,,,,,,,,,,,,,,,,,,,,,,,,,,,,,,,,,0,0,0,,,,,,,,,,,,,,132,0,1,15.740000000000002,14.113333333333335,11.152,,31,32.666666666666664,,,,,
2026,1,2026_01_NE_SEA,2026-09-09,00-0041123,Behren Morton,QB,NE,SEA,AWAY,outdoors,fieldturf,0,7,7,3.5,44.5,0,0,0,,1,1,0,0,0,0,,,,,,,,,,,,,,,,,,,,,,,,,,,,,,,,,,,,,,,,,,,,,,,,,,,0,0,0,,,,,,,,,,,,,,133,0,1,5.18,14.973333333333334,10.84,,29,37.666666666666664,,,,,
2026,1,2026_01_CHI_CAR,2026-09-13,00-0041149,Haynes King,QB,CAR,CHI,HOME,outdoors,grass,1,7,7,-2.5,47.5,0,0,0,,1,1,0,0,0,0,,,,,,,,,,,,,,,,,,,,,,,,,,,,,,,,,,,,,,,,,,,,,,,,,,,0,0,0,,,,,,,,,,,,,,133,0,1,15.240000000000002,23.060000000000002,18.384000000000004,,42,39.0,,,,,
2026,1,2026_01_MIA_LV,2026-09-13,00-0041156,Mark Gronowski,QB,MIA,LV,AWAY,dome,grass,0,7,7,3.5,40.5,0,0,0,,1,1,0,0,0,0,,,,,,,,,,,,,,,,,,,,,,,,,,,,,,,,,,,,,,,,,,,,,,,,,,,0,0,0,,,,,,,,,,,,,,133,0,1,2.2399999999999998,12.933333333333335,15.979999999999999,,33,37.0,,,,,
2026,1,2026_01_CHI_CAR,2026-09-13,00-0041172,Miller Moss,QB,CHI,CAR,AWAY,outdoors,grass,0,7,7,-2.5,47.5,0,0,0,,1,1,0,0,0,0,,,,,,,,,,,,,,,,,,,,,,,,,,,,,,,,,,,,,,,,,,,,,,,,,,,0,0,0,,,,,,,,,,,,,,132,0,1,13.22,10.666666666666666,12.34,,26,28.666666666666668,,,,,
2026,1,2026_01_ATL_PIT,2026-09-13,00-0041194,Jack Strand,QB,ATL,PIT,AWAY,outdoors,grass,0,7,7,3.0,42.5,0,0,0,,1,1,0,0,0,0,,,,,,,,,,,,,,,,,,,,,,,,,,,,,,,,,,,,,,,,,,,,,,,,,,,0,0,0,,,,,,,,,,,,,,133,0,1,20.419999999999998,18.773333333333337,18.720000000000002,,22,34.666666666666664,,,,,
2026,1,2026_01_CLE_JAX,2026-09-13,00-0041203,Joey Aguilar,QB,JAX,CLE,HOME,outdoors,grass,1,7,7,7.5,40.5,0,0,0,,1,1,0,0,0,0,,,,,,,,,,,,,,,,,,,,,,,,,,,,,,,,,,,,,,,,,,,,,,,,,,,0,0,0,,,,,,,,,,,,,,133,0,1,21.339999999999996,11.853333333333332,13.124,,42,36.0,,,,,
2026,1,2026_01_TB_CIN,2026-09-13,00-0041251,Jalon Daniels,QB,TB,CIN,AWAY,outdoors,fieldturf,0,7,7,3.5,51.5,0,0,0,,1,1,0,0,0,0,,,,,,,,,,,,,,,,,,,,,,,,,,,,,,,,,,,,,,,,,,,,,,,,,,,0,0,0,,,,,,,,,,,,,,132,0,1,5.040000000000001,9.473333333333334,16.112000000000002,,25,31.333333333333332,,,,,
2026,1,2026_01_SF_LA,2026-09-10,00-0041414,Matthew Caldwell,QB,LA,SF,HOME,dome,matrixturf,1,7,7,3.5,48.5,1,0,0,,1,1,0,0,0,0,,,,,,,,,,,,,,,,,,,,,,,,,,,,,,,,,,,,,,,,,,,,,,,,,,,0,0,0,,,,,,,,,,,,,,133,0,1,8.82,16.3,14.892000000000001,,32,38.333333333333336,,,,,
2026,1,2026_01_NO_DET,2026-09-13,00-0041453,Luke Altmyer,QB,DET,NO,HOME,dome,fieldturf,1,7,7,7.0,48.5,0,0,0,,1,1,0,0,0,0,,,,,,,,,,,,,,,,,,,,,,,,,,,,,,,,,,,,,,,,,,,,,,,,,,,0,0,0,,,,,,,,,,,,,,132,0,1,9.2,9.986666666666666,11.291999999999998,,35,37.666666666666664,,,,,
2026,1,2026_01_CLE_JAX,2026-09-13,00-0032104,Ameer Abdullah,RB,JAX,CLE,HOME,outdoors,grass,1,7,7,7.5,40.5,0,112,0,252.0,0,1,1,1,1,1,4.5,2.433333333333333,3.9799999999999995,3.444851230459742,1.4,9.7,,,0.0,0.0,0.0,,1.0,0.3333,1.2,,2.0,1.3333,2.2,,2.0,1.3333,2.2,3.0,1.6667,3.4,3.0,1.6667,3.4,,0.0,0.0,1.0,0.3333,24.0,10.6667,25.0,11.0,0.0,0.0,0.06060606060606061,0.04095553233484268,0.07414596897355519,,0.0,-0.0008208319595559953,-0.011845097524446565,0.09090909090909091,0.06085871613057483,0.10292738519322017,1,3,5,8.0,5.666666666666667,9.6,0.12,0.09333333333333334,0.15,,,1.0,8.0,8.0,1.46,6.6,133,0,1,27.2,26.599999999999998,28.1,,31,26.666666666666668,,,,,
2026,1,2026_01_BAL_IND,2026-09-13,00-0032764,Derrick Henry,RB,BAL,IND,AWAY,,fieldturf,0,7,7,-3.5,48.5,0,122,0,252.0,0,1,1,1,1,0,12.600000000000001,27.0,20.439999999999998,14.953528011810457,10.0,45.6,,,0.0,0.0,0.0,,20.0,24.6667,22.0,,1.0,0.3333,0.6,,0.0,0.0,0.2,20.0,24.6667,22.2,21.0,25.0,22.6,,0.0,0.0,126.0,156.6667,0.0,0.0,126.0,156.6667,0.0,2.0,0.058823529411764705,0.0196078431372549,0.023885918003565064,,-0.04519774011299435,-0.015065913370998116,-0.008261337905867352,0.05659687603855101,0.01886562534618367,0.030045940471240446,1,3,5,36.0,36.0,33.2,0.71,0.5933333333333334,0.538,,,6.351351351351352,0.0,,1.08,6.266666666666667,133,0,1,15.3,21.166666666666668,18.400000000000002,,34,31.0,,,,,
2026,1,2026_01_SF_LA,2026-09-10,00-0033280,Christian McCaffrey,RB,SF,LA,AWAY,dome,matrixturf,0,7,7,3.5,48.5,1,96,0,250.0,0,1,1,1,1,0,11.7,24.133333333333336,21.1,8.838269061303803,11.7,32.6,,,0.0,0.0,0.2,,8.0,17.3333,18.8,,7.0,7.0,5.2,,6.0,5.3333,4.2,14.0,22.6667,23.0,15.0,24.3333,24.0,,0.0,0.0,23.0,93.3333,34.0,34.6667,57.0,128.0,0.0,1.0,0.25925925925925924,0.22783389450056116,0.17862580253884602,,0.17054263565891473,0.12088567205969743,0.07191432268583793,0.5082687338501292,0.42637081219262996,0.31827872968835563,1,3,5,36.0,50.0,53.0,0.86,0.8366666666666666,0.828,,,5.384615384615385,4.9523809523809526,6.5,0.9917808219178083,5.260273972602739,133,0,1,18.400000000000002,34.46666666666667,26.78,,19,28.666666666666668,,,,,
2026,1,2026_01_GB_MIN,2026-09-13,00-0033293,Aaron Jones,RB,MIN,GB,HOME,dome,sportturf,1,7,7,1.5,45.5,1,114,0,262.0,0,1,1,1,1,0,15.3,12.033333333333333,9.64,4.043266006584282,4.5,15.3,,,0.0,0.0,0.0,,18.0,17.0,14.2,,4.0,3.3333,3.0,,3.0,2.6667,2.4,21.0,19.6667,16.6,22.0,20.3333,17.2,,0.0,0.0,53.0,57.3333,10.0,16.3333,63.0,73.6667,1.0,0.3333,0.2857142857142857,0.18038302277432713,0.14451167273506105,,0.029850746268656716,-0.027404503586485246,-0.05433554391933666,0.44946695095948824,0.251391381650951,0.1787326283590559,1,3,5,35.0,35.333333333333336,30.8,0.65,0.6233333333333334,0.538,,,3.372549019607843,4.9,6.125,0.5918032786885246,3.622950819672131,133,0,1,18.5,31.333333333333332,25.18,,32,36.666666666666664,,,,,
2026,1,2026_01_TB_CIN,2026-09-13,00-0033526,Samaje Perine,RB,CIN,TB,HOME,outdoors,fieldturf,1,7,7,3.5,51.5,0,100,0,252.0,0,1,1,1,1,0,8.2,9.533333333333333,7.74,2.9211299183706294,4.800000000000001,12.100000000000001,,,0.0,0.0,0.0,,8.0,6.0,7.6,,4.0,2.6667,2.0,,3.0,2.0,1.6,11.0,8.0,9.2,12.0,8.6667,9.6,,0.0,0.0,42.0,24.0,10.0,11.3333,52.0,35.3333,0.0,0.6667,0.10526315789473684,0.07744679391538474,0.05757918746034196,,-0.0051813471502590676,-0.02945139753347586,-0.021288287897199262,0.1542677938369239,0.09555421259964401,0.07146697966247345,1,3,5,33.0,27.0,27.4,0.49,0.39666666666666667,0.40199999999999997,,,4.0,4.25,5.666666666666667,1.1,4.076923076923077,133,0,1,6.7,13.066666666666668,17.8,,16,21.333333333333332,,,,,
2026,1,2026_01_ARI_LAC,2026-09-13,00-0033553,James Conner,RB,ARI,LAC,AWAY,dome,matrixturf,0,7,7,10.5,46.5,0,96,0,357.0,0,1,1,1,1,0,6.7,11.100000000000001,12.540000000000001,9.086143296250617,2.8,26.6,,,0.0,0.0,0.0,,9.0,10.6667,10.2,,4.0,3.0,3.2,,3.0,2.6667,2.8,12.0,13.3333,13.0,13.0,13.6667,13.4,,0.0,0.0,22.0,31.6667,15.0,12.6667,37.0,44.3333,0.0,0.6667,0.11764705882352941,0.09852603110209601,0.10003515889114264,,0.03389830508474576,-0.018821046899462256,-0.020326896052449937,0.20019940179461612,0.13461431382352043,0.13582391109999903,1,3,5,20.0,31.0,27.2,0.3,0.5000000000000001,0.418,,,2.96875,4.222222222222222,4.75,0.8121951219512196,3.2439024390243905,133,0,1,15.700000000000001,12.966666666666667,12.8,,31,28.0,,,,,
2026,1,2026_01_NO_DET,2026-09-13,00-0033906,Alvin Kamara,RB,NO,DET,AWAY,dome,fieldturf,0,7,7,7.0,48.5,0,110,0,294.0,0,1,1,1,1,0,3.5,6.233333333333333,6.220000000000001,5.162557505732987,0.7000000000000002,14.5,,,0.0,0.0,0.0,,3.0,10.3333,9.6,,2.0,2.6667,2.6,,2.0,2.0,2.2,5.0,12.3333,11.8,5.0,13.0,12.2,,0.0,0.0,11.0,36.0,4.0,13.0,15.0,49.0,0.0,0.0,0.046511627906976744,0.09563208109719738,0.08473408736799584,,-0.025889967637540454,-0.005117947928109815,-0.0006433261659449941,0.0516444645141868,0.1398655580961192,0.12665080273583226,1,3,5,11.0,26.0,32.4,0.14,0.4533333333333333,0.542,,,3.4838709677419355,4.875,6.5,0.47948717948717945,3.769230769230769,133,0,1,11.700000000000001,27.433333333333337,26.5,,19,26.666666666666668,,,,,
2026,1,2026_01_WAS_PHI,2026-09-13,00-0033955,Jeremy McNichols,RB,WAS,PHI,AWAY,outdoors,grass,0,7,7,4.5,47.5,1,62,0,252.0,0,1,1,1,1,0,2.1,3.766666666666666,2.74,1.7882952776317451,1.2,5.2,,,0.0,0.0,0.0,,1.0,1.0,2.4,,1.0,2.3333,1.8,,1.0,2.0,1.6,2.0,3.0,4.0,2.0,3.3333,4.2,,0.0,0.0,3.0,1.3333,8.0,9.6667,11.0,11.0,0.0,0.0,0.05263157894736842,0.11516290726817041,0.09159774436090226,,0.04878048780487805,-0.0033263952767692375,-0.014747222091359511,0.11309370988446726,0.17041588420851714,0.12707356107740173,1,3,5,15.0,16.0,19.2,0.22,0.3033333333333333,0.35,,,1.3333333333333333,4.142857142857143,4.833333333333333,1.13,3.3,133,0,1,20.300000000000004,22.333333333333332,20.580000000000002,,32,31.666666666666668,,,,,
2026,1,2026_01_WAS_PHI,2026-09-13,00-0034844,Saquon Barkley,RB,PHI,WAS,HOME,outdoors,grass,1,7,7,4.5,47.5,1,106,0,259.0,0,1,1,1,1,0,6.800000000000001,15.066666666666668,13.800000000000002,7.104927867332647,5.6000000000000005,21.200000000000003,,,0.0,0.0,0.0,,19.0,20.6667,19.0,,0.0,1.6667,1.8,,0.0,0.6667,0.4,19.0,21.3333,19.4,19.0,22.3333,20.8,,0.0,0.0,68.0,92.6667,0.0,4.6667,68.0,97.3333,0.0,0.6667,0.0,0.07854406130268199,0.07098608590441621,,0.0,-0.020842755917382782,-0.0066233006092531995,0.0,0.10322616281185504,0.10184281843014706,1,3,5,43.0,45.333333333333336,48.8,0.8,0.7133333333333333,0.7779999999999999,,,4.483870967741935,2.8,7.0,0.6746268656716419,4.358208955223881,133,0,1,22.200000000000003,27.166666666666668,26.080000000000005,,22,31.666666666666668,,,,,
2026,1,2026_01_BAL_IND,2026-09-13,00-0034975,Justice Hill,RB,BAL,IND,AWAY,,fieldturf,0,7,7,-3.5,48.5,0,83,0,294.0,0,1,1,1,1,0,0.0,3.9333333333333336,4.279999999999999,4.414408227611036,0.0,9.4,,,0.0,0.0,0.0,,0.0,0.6667,1.8,,0.0,1.3333,2.0,,0.0,1.0,1.6,0.0,1.6667,3.4,0.0,2.0,3.8,,0.0,0.0,0.0,1.0,0.0,8.3333,0.0,9.3333,0.0,0.3333,0.0,0.05279503105590062,0.06917701863354038,,0.0,0.01036549885654745,0.017228473625855077,0.0,0.08644839578343415,0.11582545948840912,1,3,5,16.0,15.333333333333334,20.0,0.25,0.24,0.296,,,1.5,6.25,8.333333333333334,1.9666666666666668,4.666666666666667,133,0,1,15.3,21.166666666666668,18.400000000000002,,34,31.0,,,,,
2026,1,2026_01_DAL_NYG,2026-09-13,00-0035250,Devin Singletary,RB,NYG,DAL,HOME,outdoors,fieldturf,1,7,7,-2.5,48.5,1,110,0,252.0,0,1,1,1,1,0,10.6,11.066666666666668,10.96,7.1852626952673075,2.4000000000000004,19.200000000000003,,,0.0,0.0,0.0,,9.0,9.3333,9.0,,0.0,1.6667,1.8,,0.0,1.6667,1.8,9.0,11.0,10.8,9.0,11.0,10.8,,0.0,0.0,26.0,39.3333,0.0,8.0,26.0,47.3333,1.0,0.6667,0.0,0.07161803713527852,0.07352637783672267,,0.0,-0.04744211909817005,-0.03001734425971093,0.0,0.07421757233419875,0.08927742577328635,1,3,5,24.0,21.333333333333332,21.6,0.32,0.3333333333333333,0.35,,,4.214285714285714,4.8,4.8,1.006060606060606,4.303030303030303,133,0,1,38.5,28.0,29.54,,36,26.0,,,,,
2026,1,2026_01_NYJ_TEN,2026-09-13,00-0035261,Tony Pollard,RB,TEN,NYJ,HOME,outdoors,grass,1,7,7,3.0,38.5,0,111,0,252.0,0,1,1,1,1,0,9.5,10.4,15.5,7.844424771772625,9.5,28.1,,,0.0,0.0,0.0,,14.0,17.6667,18.4,,3.0,1.6667,1.4,,3.0,1.6667,1.2,17.0,19.3333,19.6,17.0,19.3333,19.8,,0.0,0.0,48.0,78.3333,17.0,9.0,65.0,87.3333,0.0,0.0,0.09090909090909091,0.049350649350649346,0.04442520442520442,,-0.07874015748031496,-0.028034029258407044,-0.014481236268494518,0.0812455261274159,0.054402153545089094,0.05650094124986047,1,3,5,34.0,37.0,35.6,0.63,0.56,0.5599999999999999,,,4.433962264150943,5.4,5.4,0.5379310344827587,4.517241379310345,133,0,1,50.10000000000001,30.96666666666667,35.64000000000001,,43,31.0,,,,,
2026,1,2026_01_BUF_HOU,2026-09-13,00-0035537,Ty Johnson,RB,BUF,HOU,AWAY,,astroturf,0,7,7,-1.5,44.5,0,97,0,252.0,0,1,1,1,1,0,19.6,11.666666666666666,9.34,5.81016350888682,5.800000000000001,19.6,,,0.0,0.0,0.0,,13.0,7.0,5.4,,2.0,2.0,2.4,,2.0,1.6667,2.0,15.0,8.6667,7.4,15.0,9.0,7.8,,0.0,0.0,36.0,22.3333,20.0,17.6667,56.0,40.0,2.0,1.0,0.07142857142857142,0.06421356421356421,0.08382728382728381,,0.020100502512562814,-0.0025959812341922093,-0.032014091755157875,0.1212132089016511,0.09450315945641179,0.10333106151231522,1,3,5,25.0,23.333333333333332,20.8,0.33,0.3433333333333333,0.308,,,3.1904761904761907,8.833333333333334,10.6,1.2962962962962963,4.444444444444445,133,0,1,13.700000000000001,22.5,19.32,,28,26.333333333333332,,,,,
2026,1,2026_01_ATL_PIT,2026-09-13,00-0035594,Travis Homer,RB,PIT,ATL,HOME,outdoors,grass,1,7,7,3.0,42.5,0,63,0,252.0,0,1,1,1,1,1,0.0,0.0,-0.04,0.08944271909999159,-0.2,0.0,,,0.0,0.0,0.0,,0.0,0.0,0.2,,0.0,0.0,0.0,,0.0,0.0,0.0,0.0,0.0,0.2,0.0,0.0,0.2,,0.0,0.0,0.0,0.0,0.0,0.0,0.0,0.0,0.0,0.0,0.0,0.0,0.0,,0.0,0.0,0.0,0.0,0.0,0.0,1,3,5,0.0,0.0,0.2,0.0,0.0,0.002,,,,,,,,133,0,1,16.700000000000003,15.9,15.7,,28,25.333333333333332,,,,,
2026,1,2026_01_BUF_HOU,2026-09-13,00-0035685,David Montgomery,RB,HOU,BUF,HOME,,astroturf,1,7,7,-1.5,44.5,0,105,0,252.0,0,1,1,1,1,1,6.5,4.633333333333334,7.4799999999999995,4.732546883021868,1.4000000000000001,14.3,,,0.0,0.0,0.0,,8.0,7.3333,7.0,,1.0,1.0,1.0,,1.0,1.0,0.8,9.0,8.3333,7.8,9.0,8.3333,8.0,,0.0,0.0,42.0,27.0,13.0,9.3333,55.0,36.3333,0.0,0.0,0.027777777777777776,0.032247765006385695,0.031063429801794062,,0.008,-0.009058626465661641,-0.0008066066081638325,0.047266666666666665,0.0420306089836154,0.04603052007697641,1,3,5,31.0,22.0,20.6,0.42,0.3133333333333333,0.306,,,3.6818181818181817,9.333333333333334,9.333333333333334,0.556,4.36,132,0,1,7.4,13.833333333333334,21.12,,22,26.333333333333332,,,,,
2026,1,2026_01_GB_MIN,2026-09-13,00-0035700,Josh Jacobs,RB,GB,MIN,AWAY,dome,sportturf,0,7,7,1.5,45.5,1,105,0,260.0,0,1,1,1,1,0,1.3,9.766666666666667,11.320000000000002,8.9457811285544,1.3,23.200000000000003,,,0.0,0.0,0.0,,4.0,9.3333,13.0,,1.0,2.0,1.8,,1.0,1.6667,1.6,5.0,11.0,14.6,5.0,11.3333,14.8,,0.0,0.0,3.0,37.3333,0.0,10.3333,3.0,47.6667,0.0,0.6667,0.04,0.06888888888888889,0.06562118940529735,,-0.010309278350515464,0.004551276907648843,0.0006215163812940006,0.05278350515463917,0.10651922716868752,0.09886684557485181,1,3,5,13.0,25.666666666666668,29.8,0.28,0.40666666666666673,0.4960000000000001,,,4.0,5.166666666666667,6.2,0.8617647058823531,4.205882352941177,133,0,1,11.900000000000002,13.233333333333334,16.220000000000002,,32,31.333333333333332,,,,,
2026,1,2026_01_SF_LA,2026-09-10,00-0035973,Patrick Taylor,RB,SF,LA,AWAY,dome,matrixturf,0,7,7,3.5,48.5,1,29,0,613.0,0,1,1,1,1,0,13.100000000000001,8.366666666666667,5.96,4.841280822261812,0.9,13.100000000000001,,,0.0,0.0,0.0,,17.0,10.6667,7.8,,4.0,3.3333,2.2,,1.0,0.6667,0.6,18.0,11.3333,8.4,21.0,14.0,10.0,,0.0,0.0,109.0,52.6667,12.0,4.3333,121.0,57.0,0.0,0.3333,0.09523809523809523,0.08961158961158962,0.06117436117436117,,0.07164179104477612,0.045502218636547,0.030185946566543588,0.19300639658848612,0.1662689374629673,0.11289170435812226,1,3,5,64.0,45.0,31.2,0.84,0.6566666666666667,0.458,,,4.9375,1.3,6.5,0.5976190476190476,4.071428571428571,133,0,1,18.400000000000002,34.46666666666667,26.78,,19,28.666666666666668,,,,,
2026,1,2026_01_CHI_CAR,2026-09-13,00-0036020,Salvon Ahmed,RB,CHI,CAR,AWAY,outdoors,grass,0,7,7,-2.5,47.5,0,30,0,1029.0,0,1,1,1,1,1,12.1,7.0,6.94,5.093427137007066,1.3,12.4,,,0.0,0.0,0.0,,3.0,2.6667,3.2,,3.0,3.3333,3.4,,3.0,3.0,2.6,6.0,5.6667,5.8,6.0,6.0,6.6,,0.0,0.0,6.0,3.6667,25.0,16.3333,31.0,20.0,1.0,0.3333,0.08333333333333333,0.08838383838383838,0.09886363636363636,,0.003389830508474576,-0.010611884084052607,0.016291607536773577,0.1273728813559322,0.12514743871692072,0.15969957982119604,1,3,5,20.0,19.333333333333332,20.0,0.29,0.28,0.314,,,1.375,4.9,5.444444444444445,1.1666666666666667,3.3333333333333335,133,0,1,16.5,23.933333333333337,23.7,,41,36.0,,,,,
2026,1,2026_01_ATL_PIT,2026-09-13,00-0036139,Rico Dowdle,RB,PIT,ATL,HOME,outdoors,grass,1,7,7,3.0,42.5,0,56,0,253.0,0,1,1,1,1,1,3.0,6.866666666666667,8.580000000000002,3.4665544853643944,3.0,12.4,,,0.0,0.0,0.0,,7.0,9.3333,12.4,,2.0,4.3333,3.2,,2.0,3.0,2.4,9.0,12.3333,14.8,9.0,13.6667,15.6,,0.0,0.0,10.0,32.6667,20.0,12.6667,30.0,45.3333,0.0,0.0,0.06666666666666667,0.16610343061955965,0.12966205837173578,,-0.05928853754940711,-0.11390649895057757,-0.08156183800134575,0.05849802371541503,0.16942059666393516,0.13739980095666166,1,3,5,27.0,30.666666666666668,30.6,0.53,0.58,0.5519999999999999,,,3.5,2.923076923076923,4.222222222222222,0.5024390243902439,3.317073170731707,133,0,1,16.700000000000003,15.9,15.7,,28,25.333333333333332,,,,,
2026,1,2026_01_DEN_KC,2026-09-14,00-0036158,J.K. Dobbins,RB,DEN,KC,AWAY,outdoors,grass,0,7,7,3.0,42.5,1,47,0,312.0,0,1,1,1,1,0,9.4,10.133333333333333,8.68,3.7103908149951,4.0,14.100000000000001,,,0.0,0.0,0.0,,18.0,16.0,15.2,,1.0,1.3333,1.2,,1.0,1.3333,1.0,19.0,17.3333,16.2,19.0,17.3333,16.4,,0.0,0.0,77.0,83.0,7.0,5.0,84.0,88.0,0.0,0.0,0.037037037037037035,0.046840958605664486,0.03987851550876761,,0.012145748987854251,0.002536867198521334,-0.006251167112908354,0.06405757984705353,0.07203724494746166,0.055441956284115565,1,3,5,32.0,31.333333333333332,32.8,0.52,0.5,0.49800000000000005,,,5.1875,3.75,3.75,0.5846153846153845,5.076923076923077,133,0,1,14.4,22.933333333333337,20.9,,33,33.666666666666664,,,,,
2026,1,2026_01_BAL_IND,2026-09-13,00-0036223,Jonathan Taylor,RB,IND,BAL,HOME,,fieldturf,1,7,7,-3.5,48.5,0,84,0,252.0,0,1,1,1,1,0,5.9,13.399999999999999,12.940000000000001,4.677926891262837,5.9,17.4,,,0.0,0.0,0.0,,14.0,17.0,19.4,,2.0,3.6667,3.0,,2.0,2.6667,2.2,16.0,19.6667,21.6,16.0,20.6667,22.4,,0.0,0.0,26.0,47.3333,13.0,20.0,39.0,67.3333,0.0,0.6667,0.06060606060606061,0.11694531522117729,0.10093641990193714,,0.0031446540880503146,-0.012019838899982788,0.005464152998038495,0.09311034877072613,0.16700408560177796,0.15522953695153266,1,3,5,34.0,46.0,48.2,0.52,0.7633333333333333,0.776,,,2.784313725490196,5.454545454545454,7.5,0.6483870967741935,3.2580645161290325,133,0,1,36.3,21.03333333333333,23.24,,33,20.333333333333332,,,,,
2026,1,2026_01_CHI_CAR,2026-09-13,00-0036265,AJ Dillon,RB,CAR,CHI,HOME,outdoors,grass,1,7,7,-2.5,47.5,0,64,0,252.0,0,1,1,1,1,1,1.3,1.5,1.6200000000000003,0.35637059362410917,1.2000000000000002,2.0,,,0.0,0.0,0.0,,0.0,1.0,1.8,,1.0,1.0,0.6,,1.0,1.0,0.6,1.0,2.0,2.4,1.0,2.0,2.4,,0.0,0.0,0.0,4.6667,3.0,7.0,3.0,11.6667,0.0,0.0,0.029411764705882353,0.030637254901960786,0.01838235294117647,,0.007832898172323759,0.012104636943517202,0.0072627821661103206,0.049600675779450154,0.05442912821340321,0.032657476928041926,1,3,5,2.0,6.333333333333333,7.4,0.03,0.10666666666666669,0.12600000000000003,,,4.666666666666667,7.0,7.0,0.75,5.833333333333333,133,0,1,26.8,24.033333333333335,19.860000000000003,,33,32.0,,,,,
2026,1,2026_01_CHI_CAR,2026-09-13,00-0036275,D'Andre Swift,RB,CHI,CAR,AWAY,outdoors,grass,0,7,7,-2.5,47.5,0,89,0,252.0,0,1,1,1,1,0,5.800000000000001,12.233333333333334,14.1,7.6876524375130275,5.800000000000001,22.6,,,0.0,0.0,0.0,,10.0,10.6667,12.6,,2.0,2.3333,2.4,,1.0,1.6667,1.8,11.0,12.3333,14.4,12.0,13.0,15.0,,0.0,0.0,40.0,50.6667,8.0,15.0,48.0,65.6667,0.0,0.6667,0.06896551724137931,0.07161803713527852,0.07894965826000308,,0.046153846153846156,0.006955977958939283,-0.004831904377778589,0.13575596816976127,0.11229624027417527,0.11504215432555961,1,3,5,32.0,35.333333333333336,36.6,0.58,0.5733333333333334,0.5700000000000001,,,4.75,6.428571428571429,9.0,0.9410256410256411,5.051282051282051,133,0,1,16.5,23.933333333333337,23.7,,41,36.0,,,,,
2026,1,2026_01_CLE_JAX,2026-09-13,00-0036425,DeeJay Dallas,RB,JAX,CLE,HOME,outdoors,grass,1,7,7,7.5,40.5,0,79,0,252.0,0,1,1,1,1,0,0.0,0.7000000000000001,0.42000000000000004,0.9391485505499118,0.0,2.1,,,0.0,0.0,0.0,,0.0,0.6667,0.6,,0.0,0.3333,0.2,,0.0,0.0,0.0,0.0,0.6667,0.6,0.0,1.0,0.8,,0.0,0.0,0.0,7.0,0.0,0.0,0.0,7.0,0.0,0.0,0.0,0.009009009009009009,0.005405405405405406,,0.0,-0.0009208103130755064,-0.0005524861878453038,0.0,0.01286894629436066,0.007721367776616396,1,3,5,0.0,3.3333333333333335,5.2,0.0,0.04666666666666667,0.074,,,10.5,0.0,,0.7000000000000001,7.0,133,0,1,27.2,26.599999999999998,28.1,,31,26.666666666666668,,,,,
2026,1,2026_01_CHI_CAR,2026-09-13,00-0036555,Chuba Hubbard,RB,CAR,CHI,HOME,outdoors,grass,1,7,7,-2.5,47.5,0,77,0,253.0,0,1,1,1,1,0,3.7,3.6333333333333333,7.220000000000001,7.406888685541318,2.8,20.4,,,0.0,0.0,0.0,,5.0,5.0,8.0,,2.0,2.0,1.8,,2.0,2.0,1.8,7.0,7.0,9.8,7.0,7.0,9.8,,0.0,0.0,10.0,16.3333,7.0,6.6667,17.0,23.0,0.0,0.0,0.06666666666666667,0.08059395801331286,0.07835637480798771,,0.007905138339920948,-0.1316915042742899,-0.09034456424828756,0.10553359683794467,0.02870688402796633,0.054293367238180276,1,3,5,23.0,21.666666666666668,25.4,0.45,0.41333333333333333,0.45,,,3.2666666666666666,3.3333333333333335,3.3333333333333335,0.5190476190476191,3.2857142857142856,133,0,1,26.8,24.033333333333335,19.860000000000003,,33,32.0,,,,,
2026,1,2026_01_TB_CIN,2026-09-13,00-0036569,Gary Brightwell,RB,CIN,TB,HOME,outdoors,fieldturf,1,7,7,3.5,51.5,0,29,0,290.0,0,1,1,1,1,0,0.0,0.0,1.7,2.515949125081825,0.0,5.6,,,0.0,0.0,0.0,,0.0,0.0,1.6,,0.0,0.0,1.0,,0.0,0.0,0.6,0.0,0.0,2.2,0.0,0.0,2.6,,0.0,0.0,0.0,0.0,0.0,0.0,0.0,0.0,0.0,0.0,0.0,0.0,0.03125,,0.0,0.0,0.0003502487562189058,0.0,0.0,0.04712017412935324,1,3,5,0.0,0.0,5.6,0.0,0.0,0.086,,,,,,,,133,0,1,6.7,13.066666666666668,17.8,,16,21.333333333333332,,,,,
2026,1,2026_01_ARI_LAC,2026-09-13,00-0036755,Jaret Patterson,RB,LAC,ARI,HOME,dome,matrixturf,1,7,7,10.5,46.5,0,23,0,252.0,0,1,1,1,1,0,6.7,6.066666666666666,4.54,4.774201503916649,0.1,11.4,,,0.0,0.0,0.0,,8.0,6.6667,6.0,,4.0,1.3333,0.8,,3.0,1.0,0.6,11.0,7.6667,6.6,12.0,8.0,6.8,,0.0,0.0,29.0,28.0,8.0,2.6667,37.0,30.6667,0.0,0.3333,0.10526315789473684,0.03508771929824561,0.021052631578947368,,-0.002531645569620253,-0.0008438818565400844,-0.0005063291139240507,0.15612258494337108,0.052040861647790364,0.031224516988674216,1,3,5,56.0,26.333333333333332,20.2,0.79,0.38000000000000006,0.29400000000000004,,,4.2,2.0,2.6666666666666665,0.7583333333333333,3.8333333333333335,133,0,1,19.0,32.46666666666667,34.06,,31,36.0,,,,,
2026,1,2026_01_NYJ_TEN,2026-09-13,00-0036842,Kene Nwangwu,RB,NYJ,TEN,AWAY,outdoors,grass,0,7,7,3.0,38.5,0,43,0,252.0,0,1,1,1,1,0,1.8,1.6333333333333335,0.9800000000000001,1.4184498581197718,0.0,3.1,,,0.0,0.0,0.0,,7.0,4.3333,2.6,,1.0,0.3333,0.2,,0.0,0.0,0.0,7.0,4.3333,2.6,8.0,4.6667,2.8,,0.0,0.0,18.0,16.3333,0.0,0.0,18.0,16.3333,0.0,0.0,0.045454545454545456,0.015151515151515152,0.00909090909090909,,-0.0821917808219178,-0.0273972602739726,-0.01643835616438356,0.010647571606475718,0.0035491905354919063,0.0021295143212951436,1,3,5,16.0,9.0,5.4,0.33,0.17,0.10200000000000001,,,3.769230769230769,0.0,,0.35000000000000003,3.5,133,0,1,13.100000000000001,15.100000000000001,17.060000000000002,,20,18.666666666666668,,,,,
2026,1,2026_01_NE_SEA,2026-09-09,00-0036875,Rhamondre Stevenson,RB,NE,SEA,AWAY,outdoors,fieldturf,0,7,7,3.5,44.5,0,70,0,248.0,0,1,1,1,1,0,35.3,26.766666666666666,20.4,10.694157283301942,10.7,35.3,,,0.0,0.0,0.0,,7.0,7.6667,8.2,,2.0,3.3333,3.2,,2.0,3.0,3.0,9.0,10.6667,11.2,9.0,11.0,11.4,,0.0,0.0,131.0,76.3333,22.0,34.6667,153.0,111.0,3.0,2.0,0.1,0.12380952380952381,0.12155844155844156,,0.027237354085603113,0.07000483085298137,0.04609456796645593,0.1690661478599222,0.23471766731137267,0.21460385991418152,1,3,5,28.0,40.666666666666664,39.0,0.47,0.5966666666666666,0.608,,,9.956521739130435,10.4,11.555555555555555,2.433333333333333,10.090909090909092,133,0,1,12.6,16.433333333333334,18.04,,17,28.666666666666668,,,,,
2026,1,2026_01_TB_CIN,2026-09-13,00-0036919,Kenneth Gainwell,RB,TB,CIN,AWAY,outdoors,fieldturf,0,7,7,3.5,51.5,0,83,0,252.0,0,1,1,1,1,1,21.4,17.333333333333332,17.559999999999995,6.623292232719314,6.800000000000001,23.8,,,0.0,0.0,0.0,,5.0,7.0,7.6,,9.0,6.6667,6.8,,8.0,5.3333,5.8,13.0,12.3333,13.4,14.0,13.6667,14.4,,0.0,0.0,10.0,28.6667,64.0,51.3333,74.0,80.0,1.0,0.6667,0.20454545454545456,0.16562136298978405,0.1936489120699647,,-0.006153846153846154,0.02763799088229568,0.013465485259484053,0.30251048951048953,0.26777863810228303,0.29989920778658585,1,3,5,50.0,45.0,38.8,0.67,0.63,0.5780000000000001,,,4.095238095238095,7.7,9.625,1.2682926829268293,5.853658536585366,132,0,1,13.700000000000001,18.133333333333336,19.84,,22,24.0,,,,,
2026,1,2026_01_NYJ_TEN,2026-09-13,00-0036924,Michael Carter,RB,TEN,NYJ,HOME,outdoors,grass,1,7,7,3.0,38.5,0,61,0,252.0,0,1,1,1,1,1,6.9,6.566666666666667,7.640000000000001,3.289072817679779,5.1,13.4,,,0.0,0.0,0.0,,7.0,8.3333,8.4,,3.0,3.0,3.4,,3.0,1.6667,2.2,10.0,10.0,10.6,10.0,11.3333,11.8,,0.0,0.0,18.0,37.3333,21.0,11.6667,39.0,49.0,0.0,0.0,0.10714285714285714,0.09679802955665025,0.09731326749475569,,-0.02390438247011952,0.006651755550895831,0.016562076057810227,0.14398121798520203,0.14985327322060246,0.1575633544826007,1,3,5,29.0,28.0,34.0,0.53,0.5,0.5660000000000001,,,4.48,3.888888888888889,7.0,0.5794117647058824,4.323529411764706,133,0,1,50.10000000000001,30.96666666666667,35.64000000000001,,43,31.0,,,,,
2026,1,2026_01_NO_DET,2026-09-13,00-0036973,Travis Etienne,RB,NO,DET,AWAY,dome,fieldturf,0,7,7,7.0,48.5,0,66,0,252.0,0,1,1,1,1,1,4.800000000000001,10.866666666666669,17.060000000000002,10.130547862776227,4.800000000000001,31.5,,,0.0,0.0,0.0,,14.0,15.6667,15.8,,1.0,3.0,2.8,,1.0,2.3333,2.2,15.0,18.0,18.0,15.0,18.6667,18.6,,0.0,0.0,32.0,52.6667,6.0,12.6667,38.0,65.3333,0.0,0.3333,0.03225806451612903,0.08539876281811765,0.08626229916552497,,0.003389830508474576,-0.02047141444661905,-0.004881227393517786,0.05075997813012575,0.11376815411454315,0.12597658957282504,1,3,5,34.0,43.666666666666664,43.0,0.56,0.6533333333333333,0.6580000000000001,,,3.3617021276595747,4.222222222222222,5.428571428571429,0.5821428571428573,3.5,133,0,1,11.700000000000001,27.433333333333337,26.5,,19,26.666666666666668,,,,,
2026,1,2026_01_DAL_NYG,2026-09-13,00-0036997,Javonte Williams,RB,DAL,NYG,AWAY,outdoors,fieldturf,0,7,7,-2.5,48.5,1,70,0,262.0,0,1,1,1,1,0,11.4,10.933333333333332,12.9,4.204164601915582,6.3,17.0,,,0.0,0.0,0.0,,13.0,12.3333,14.2,,2.0,1.6667,2.4,,0.0,0.6667,1.4,13.0,13.0,15.6,15.0,14.0,16.6,,0.0,0.0,54.0,59.6667,0.0,3.0,54.0,62.6667,1.0,0.6667,0.05555555555555555,0.04976851851851852,0.06309860392307201,,0.002617801047120419,-0.005537656061216271,-0.012714352751731054,0.08516579406631762,0.07077641853492639,0.08574785895839628,1,3,5,25.0,26.0,39.8,0.27,0.37666666666666665,0.54,,,4.837837837837838,1.8,4.5,0.7809523809523808,4.476190476190476,133,0,1,25.9,17.0,18.080000000000002,,26,25.0,,,,,
2026,1,2026_01_DEN_KC,2026-09-14,00-0037085,Tyler Badie,RB,DEN,KC,AWAY,outdoors,grass,0,7,7,3.0,42.5,1,20,0,253.0,0,1,1,1,1,0,4.6,1.9333333333333333,2.0,1.8316659084014202,0.0,4.6,,,0.0,0.0,0.0,,2.0,0.6667,1.2,,2.0,1.6667,1.4,,2.0,1.0,1.0,4.0,1.6667,2.2,4.0,2.3333,2.6,,0.0,0.0,-2.0,-0.6667,28.0,10.0,26.0,9.3333,0.0,0.0,0.08695652173913043,0.050724637681159424,0.042240338164251205,,-0.5,-0.1674090571640683,-0.10848350332722208,-0.21956521739130433,-0.041099383493108675,-0.012577945082678649,1,3,5,9.0,10.666666666666666,10.2,0.15,0.16333333333333333,0.15,,,-1.0,6.0,10.0,0.8285714285714285,4.0,133,0,1,14.4,22.933333333333337,20.9,,33,33.666666666666664,,,,,
2026,1,2026_01_ATL_PIT,2026-09-13,00-0037120,Tyler Goodson,RB,ATL,PIT,AWAY,outdoors,grass,0,7,7,3.0,42.5,0,30,0,252.0,0,1,1,1,1,1,0.30000000000000004,0.4000000000000001,0.24000000000000005,0.39115214431215894,0.0,0.9,,,0.0,0.0,0.0,,1.0,1.3333,0.8,,0.0,0.0,0.0,,0.0,0.0,0.0,1.0,1.3333,0.8,1.0,1.3333,0.8,,0.0,0.0,3.0,4.0,0.0,0.0,3.0,4.0,0.0,0.0,0.0,0.0,0.0,,0.0,0.0,0.0,0.0,0.0,0.0,1,3,5,3.0,2.6666666666666665,1.8,0.05,0.043333333333333335,0.030000000000000006,,,3.0,,,0.30000000000000004,3.0,133,0,1,14.600000000000001,16.533333333333335,18.5,,25,25.0,,,,,
2026,1,2026_01_ARI_LAC,2026-09-13,00-0037157,Bam Knight,RB,ARI,LAC,AWAY,dome,matrixturf,0,7,7,10.5,46.5,0,21,0,273.0,0,1,1,1,1,0,-0.2,7.666666666666668,10.139999999999999,6.957585788188314,-0.2,16.8,,,0.0,0.0,0.0,,1.0,6.3333,6.8,,0.0,3.0,3.6,,0.0,2.0,2.8,1.0,8.3333,9.6,1.0,9.3333,10.4,,0.0,0.0,-2.0,25.3333,0.0,18.0,-2.0,43.3333,0.0,0.3333,0.0,0.07248157248157248,0.07951378820944038,,0.0,0.03278022438922093,0.01129759589932794,0.0,0.13166851579481337,0.12717899944369013,1,3,5,1.0,19.666666666666668,25.6,0.02,0.3233333333333333,0.364,,,4.0,6.0,9.0,0.8214285714285715,4.642857142857143,133,0,1,15.700000000000001,12.966666666666667,12.8,,31,28.0,,,,,
2026,1,2026_01_NO_DET,2026-09-13,00-0037197,Isiah Pacheco,RB,DET,NO,HOME,dome,fieldturf,1,7,7,7.0,48.5,0,51,0,262.0,0,1,1,1,1,1,3.2,6.266666666666667,5.42,4.666583332589272,2.1,13.5,,,0.0,0.0,0.0,,9.0,9.3333,8.0,,0.0,2.3333,1.8,,0.0,2.0,1.6,9.0,11.3333,9.6,9.0,11.6667,9.8,,0.0,0.0,32.0,29.0,0.0,13.6667,32.0,42.6667,0.0,0.0,0.0,0.10606060606060606,0.07613636363636364,,0.0,0.002976190476190476,0.005952380952380952,0.0,0.16117424242424241,0.11837121212121211,1,3,5,15.0,25.333333333333332,23.4,0.35,0.5133333333333333,0.434,,,3.107142857142857,5.857142857142857,6.833333333333333,0.5371428571428571,3.657142857142857,133,0,1,10.2,13.833333333333334,18.04,,27,27.333333333333332,,,,,
2026,1,2026_01_ATL_PIT,2026-09-13,00-0037228,Jaylen Warren,RB,PIT,ATL,HOME,outdoors,grass,1,7,7,3.0,42.5,0,64,0,252.0,0,1,1,1,1,0,14.9,16.8,14.680000000000001,9.002055320869784,6.4,29.1,,,0.0,0.0,0.0,,14.0,13.3333,12.0,,5.0,2.3333,2.6,,5.0,2.3333,2.6,19.0,15.6667,14.6,19.0,15.6667,14.6,,0.0,0.0,66.0,91.0,33.0,13.6667,99.0,104.6667,0.0,0.6667,0.11363636363636363,0.055422647527910686,0.07365762892078682,,-0.07076923076923076,-0.0325449674703406,-0.0562784160851576,0.12091608391608391,0.060352494062627604,0.0710915521215699,1,3,5,28.0,28.333333333333332,28.2,0.37,0.39333333333333337,0.426,,,6.825,5.857142857142857,5.857142857142857,1.0723404255319149,6.680851063829787,133,0,1,16.700000000000003,15.9,15.7,,28,25.333333333333332,,,,,
2026,1,2026_01_BUF_HOU,2026-09-13,00-0037248,James Cook,RB,BUF,HOU,AWAY,,astroturf,0,7,7,-1.5,44.5,0,66,0,252.0,0,1,1,1,1,0,1.5,12.199999999999998,15.76,12.48431015314823,1.5,31.1,,,0.0,0.0,0.0,,2.0,12.6667,15.6,,0.0,2.0,2.2,,0.0,0.6667,1.2,2.0,13.3333,16.8,2.0,14.6667,17.8,,0.0,0.0,15.0,68.6667,0.0,6.6667,15.0,75.3333,0.0,0.6667,0.0,0.07744107744107744,0.08435638435638435,,0.0,0.04239790150691997,0.01620532143817438,0.0,0.14584014721646013,0.1378783015412986,1,3,5,2.0,23.0,32.8,0.03,0.3666666666666667,0.504,,,5.421052631578948,3.3333333333333335,10.0,0.8318181818181817,5.136363636363637,133,0,1,13.700000000000001,22.5,19.32,,28,26.333333333333332,,,,,
2026,1,2026_01_WAS_PHI,2026-09-13,00-0037256,Rachaad White,RB,WAS,PHI,AWAY,outdoors,grass,0,7,7,4.5,47.5,1,66,0,253.0,0,1,1,1,1,1,6.1000000000000005,5.933333333333334,5.58,1.8992103622295242,3.6,8.0,,,0.0,0.0,0.0,,7.0,4.6667,5.2,,2.0,2.0,1.8,,2.0,2.0,1.6,9.0,6.6667,6.8,9.0,6.6667,7.0,,0.0,0.0,23.0,26.0,18.0,13.3333,41.0,39.3333,0.0,0.0,0.09090909090909091,0.07212121212121213,0.06380844155844156,,-0.04225352112676056,-0.02683285141311445,-0.025284644843266514,0.10678617157490396,0.08939882219263806,0.07801341094737577,1,3,5,22.0,26.333333333333332,28.8,0.33,0.39999999999999997,0.422,,,5.571428571428571,6.666666666666667,6.666666666666667,0.89,5.9,133,0,1,20.300000000000004,22.333333333333332,20.580000000000002,,32,31.666666666666668,,,,,
2026,1,2026_01_WAS_PHI,2026-09-13,00-0037258,Dameon Pierce,RB,PHI,WAS,HOME,outdoors,grass,1,7,7,4.5,47.5,1,42,0,252.0,0,1,1,1,1,1,1.0,0.3333333333333333,0.72,0.8757853618324527,0.0,2.1,,,0.0,0.0,0.0,,4.0,1.3333,2.8,,0.0,0.0,0.2,,0.0,0.0,0.0,4.0,1.3333,2.8,4.0,1.3333,3.0,,0.0,0.0,10.0,3.3333,0.0,0.0,10.0,3.3333,0.0,0.0,0.0,0.0,0.007407407407407407,,0.0,0.0,-0.004651162790697674,0.0,0.0,0.007855297157622738,1,3,5,5.0,1.6666666666666667,5.6,0.08,0.02666666666666667,0.084,,,2.5,,,0.25,2.5,133,0,1,22.200000000000003,27.166666666666668,26.080000000000005,,22,31.666666666666668,,,,,
2026,1,2026_01_ARI_LAC,2026-09-13,00-0037263,Tyler Allgeier,RB,ARI,LAC,AWAY,dome,matrixturf,0,7,7,10.5,46.5,0,67,0,252.0,0,1,1,1,1,1,2.9000000000000004,4.500000000000001,4.8,3.402939905434711,1.8,8.7,,,0.0,0.0,0.0,,7.0,11.0,9.2,,2.0,1.0,1.0,,1.0,0.6667,0.8,8.0,11.6667,10.0,9.0,12.0,10.2,,0.0,0.0,16.0,39.3333,3.0,-1.0,19.0,38.3333,0.0,0.0,0.06666666666666667,0.03202614379084967,0.03350140056022409,,-0.004524886877828055,-0.011660579889902075,-0.012878700875117716,0.09683257918552036,0.03987680976334306,0.04123701022775374,1,3,5,23.0,24.333333333333332,22.0,0.37,0.37666666666666665,0.33799999999999997,,,3.5757575757575757,-1.0,-1.5,0.37500000000000006,3.1944444444444446,133,0,1,15.700000000000001,12.966666666666667,12.8,,31,28.0,,,,,
2026,1,2026_01_WAS_PHI,2026-09-13,00-0037267,Jerome Ford,RB,WAS,PHI,AWAY,outdoors,grass,0,7,7,4.5,47.5,1,57,0,280.0,0,1,1,1,1,1,3.0,2.466666666666667,1.54,2.2006817125609057,-0.30000000000000004,4.7,,,0.0,0.0,0.0,,0.0,0.3333,0.6,,3.0,2.0,1.4,,2.0,1.6667,1.0,2.0,2.0,1.6,3.0,2.3333,2.0,,0.0,0.0,0.0,-1.0,10.0,9.0,10.0,8.0,0.0,0.0,0.07894736842105263,0.06979405034324943,0.04812643020594966,,-0.02622950819672131,-0.016450298493319433,-0.00787017909599166,0.10006039689387403,0.09317586656955053,0.06668051994173033,1,3,5,13.0,11.666666666666666,13.2,0.19,0.19000000000000003,0.21400000000000002,,,-3.0,4.5,5.4,1.0571428571428572,3.4285714285714284,133,0,1,20.300000000000004,22.333333333333332,20.580000000000002,,32,31.666666666666668,,,,,
2026,1,2026_01_NO_DET,2026-09-13,00-0037276,Ty Chandler,RB,NO,DET,AWAY,dome,fieldturf,0,7,7,7.0,48.5,0,35,0,252.0,0,1,1,1,1,1,6.4,2.9333333333333336,1.9,2.6999999999999997,0.0,6.4,,,0.0,0.0,0.0,,10.0,5.6667,4.4,,4.0,1.3333,0.8,,3.0,1.0,0.6,13.0,6.6667,5.0,14.0,7.0,5.2,,0.0,0.0,23.0,15.6667,11.0,3.6667,34.0,19.3333,0.0,0.0,0.13333333333333333,0.044444444444444446,0.026666666666666665,,-0.10101010101010101,-0.03367003367003367,-0.0202020202020202,0.1292929292929293,0.0430976430976431,0.02585858585858586,1,3,5,29.0,14.0,9.8,0.43,0.2233333333333333,0.154,,,2.764705882352941,2.75,3.6666666666666665,0.41904761904761906,2.761904761904762,133,0,1,11.700000000000001,27.433333333333337,26.5,,19,26.666666666666668,,,,,
2026,1,2026_01_CHI_CAR,2026-09-13,00-0037329,Brittain Brown,RB,CHI,CAR,AWAY,outdoors,grass,0,7,7,-2.5,47.5,0,3,0,273.0,0,1,1,1,0,0,0.0,3.233333333333333,3.233333333333333,5.60029761113937,0.0,9.7,,,0.0,0.0,0.0,,0.0,1.6667,1.6667,,0.0,0.3333,0.3333,,0.0,0.0,0.0,0.0,1.6667,1.6667,0.0,2.0,2.0,,0.0,0.0,0.0,12.3333,0.0,0.0,0.0,12.3333,0.0,0.3333,0.0,0.00980392156862745,0.00980392156862745,,0.0,0.004519774011299435,0.004519774011299435,0.0,0.01786972416085078,0.01786972416085078,1,3,3,1.0,5.0,5.0,0.02,0.06666666666666667,0.06666666666666667,,,7.4,0.0,,1.6166666666666665,6.166666666666667,133,0,1,16.5,23.933333333333337,23.7,,41,36.0,,,,,
2026,1,2026_01_SF_LA,2026-09-10,00-0037509,Sincere McCormick,RB,SF,LA,AWAY,dome,matrixturf,0,7,7,3.5,48.5,1,4,0,633.0,0,1,1,1,0,1,4.5,7.966666666666666,6.800000000000001,3.5232560697930166,3.3000000000000003,10.9,,,0.0,0.0,0.0,,7.0,11.3333,9.75,,2.0,2.3333,1.75,,2.0,2.0,1.5,9.0,13.3333,11.25,9.0,13.6667,11.5,,0.0,0.0,8.0,50.0,17.0,9.6667,25.0,59.6667,0.0,0.0,0.058823529411764705,0.06778711484593837,0.05084033613445378,,0.03731343283582089,-0.0023193698885459885,-0.0017395274164094914,0.11435469710272167,0.10005711334692535,0.07504283501019401,1,3,4,14.0,27.0,22.25,0.21,0.39999999999999997,0.32499999999999996,,,4.411764705882353,4.142857142857143,4.833333333333333,0.5829268292682926,4.365853658536586,133,0,1,18.400000000000002,34.46666666666667,26.78,,19,28.666666666666668,,,,,
2026,1,2026_01_GB_MIN,2026-09-13,00-0037525,Jordan Mason,RB,MIN,GB,HOME,dome,sportturf,1,7,7,1.5,45.5,1,56,0,252.0,0,1,1,1,1,0,9.4,4.8,6.279999999999999,3.9707681876432925,2.1,11.2,,,0.0,0.0,0.0,,14.0,8.6667,8.6,,0.0,0.3333,0.4,,0.0,0.3333,0.4,14.0,9.0,9.0,14.0,9.0,9.0,,0.0,0.0,94.0,42.6667,0.0,2.0,94.0,44.6667,0.0,0.0,0.0,0.014492753623188406,0.015592203898050975,,0.0,-0.010666666666666666,-0.012388023952095808,0.0,0.01427246376811594,0.014716689080609396,1,3,5,27.0,17.0,17.0,0.4,0.27666666666666667,0.284,,,4.923076923076923,6.0,6.0,0.5333333333333333,4.962962962962963,133,0,1,18.5,31.333333333333332,25.18,,32,36.666666666666664,,,,,
2026,1,2026_01_SF_LA,2026-09-10,00-0037557,Ronnie Rivers,RB,LA,SF,HOME,dome,matrixturf,1,7,7,3.5,48.5,1,23,0,249.0,0,1,1,1,1,0,0.0,0.16666666666666666,0.9200000000000002,1.7908098726553867,0.0,4.1000000000000005,,,0.0,0.0,0.0,,0.0,0.3333,1.8,,0.0,0.0,0.0,,0.0,0.0,0.0,0.0,0.3333,1.8,0.0,0.3333,1.8,,0.0,0.0,0.0,1.6667,0.0,0.0,0.0,1.6667,0.0,0.0,0.0,0.0,0.0,,0.0,0.0,0.0,0.0,0.0,0.0,1,3,5,3.0,2.0,3.6,0.04,0.03,0.052000000000000005,,,5.0,,,0.5,5.0,133,0,1,36.0,28.266666666666666,26.359999999999996,,41,29.333333333333332,,,,,
2026,1,2026_01_DAL_NYG,2026-09-13,00-0037563,Malik Davis,RB,DAL,NYG,AWAY,outdoors,fieldturf,0,7,7,-2.5,48.5,1,17,0,262.0,0,1,1,1,1,0,10.3,8.1,7.12,5.235647046927437,0.6000000000000001,11.7,,,0.0,0.0,0.0,,20.0,12.0,8.4,,2.0,1.6667,1.0,,0.0,0.6667,0.4,20.0,12.6667,8.8,22.0,13.6667,9.4,,0.0,0.0,103.0,49.0,0.0,5.3333,103.0,54.3333,0.0,0.3333,0.05555555555555555,0.04708994708994709,0.028253968253968254,,0.013089005235602094,0.020063484836988138,0.012038090902192882,0.09249563699825479,0.08467936002081233,0.0508076160124874,1,3,5,46.0,34.333333333333336,24.0,0.5,0.4566666666666667,0.318,,,4.083333333333333,3.2,8.0,0.5926829268292683,3.975609756097561,133,0,1,25.9,17.0,18.080000000000002,,26,25.0,,,,,
2026,1,2026_01_NYJ_TEN,2026-09-13,00-0037594,Julius Chestnut,RB,TEN,NYJ,HOME,outdoors,grass,1,7,7,3.0,38.5,0,35,0,252.0,0,1,1,1,1,0,0.0,0.03333333333333333,0.02,0.044721359549995794,0.0,0.1,,,0.0,0.0,0.0,,0.0,0.3333,0.2,,0.0,0.0,0.0,,0.0,0.0,0.0,0.0,0.3333,0.2,0.0,0.3333,0.2,,0.0,0.0,0.0,0.3333,0.0,0.0,0.0,0.3333,0.0,0.0,0.0,0.0,0.0,,0.0,0.0,0.0,0.0,0.0,0.0,1,3,5,0.0,0.6666666666666666,0.6,0.0,0.01,0.01,,,1.0,,,0.1,1.0,133,0,1,50.10000000000001,30.96666666666667,35.64000000000001,,43,31.0,,,,,
2026,1,2026_01_NE_SEA,2026-09-09,00-0037745,Velus Jones Jr.,RB,SEA,NE,HOME,outdoors,fieldturf,1,7,7,3.5,44.5,0,31,0,276.0,0,1,1,1,1,0,3.2,1.0666666666666667,0.64,1.4310835055998654,0.0,3.2,,,0.0,0.0,0.0,,4.0,1.3333,0.8,,0.0,0.0,0.0,,0.0,0.0,0.0,4.0,1.3333,0.8,0.0,0.0,0.0,,0.0,0.0,32.0,10.6667,0.0,0.0,32.0,10.6667,0.0,0.0,0.0,0.0,0.0,,0.0,0.0,0.0,0.0,0.0,0.0,1,3,5,6.0,2.6666666666666665,1.6,0.1,0.043333333333333335,0.026000000000000002,,,8.0,,,,,133,0,1,6.1,19.966666666666665,24.52,,25,28.0,,,,,
2026,1,2026_01_ATL_PIT,2026-09-13,00-0037746,Brian Robinson,RB,ATL,PIT,AWAY,outdoors,grass,0,7,7,3.0,42.5,0,58,0,253.0,0,1,1,1,1,1,0.9,2.233333333333334,2.2800000000000002,1.052140675005011,0.9,3.8000000000000003,,,0.0,0.0,0.0,,2.0,3.6667,5.6,,0.0,0.6667,0.4,,0.0,0.3333,0.2,2.0,4.0,5.8,2.0,4.3333,6.0,,0.0,0.0,9.0,17.0,0.0,2.0,9.0,19.0,0.0,0.0,0.0,0.020202020202020204,0.012121212121212121,,0.0,-0.005847525171196668,-0.003508515102718001,0.0,0.026209762683192635,0.01572585760991558,1,3,5,6.0,9.0,10.6,0.14,0.14666666666666667,0.162,,,4.636363636363637,3.0,6.0,0.5153846153846154,4.384615384615385,133,0,1,14.600000000000001,16.533333333333335,18.5,,25,25.0,,,,,
2026,1,2026_01_SF_LA,2026-09-10,00-0037840,Kyren Williams,RB,LA,SF,HOME,dome,matrixturf,1,7,7,3.5,48.5,1,53,0,249.0,0,1,1,1,1,0,11.1,12.866666666666667,15.62,4.4740362090622385,11.1,21.8,,,0.0,0.0,0.0,,12.0,16.0,15.2,,5.0,4.6667,3.4,,3.0,3.0,2.4,15.0,19.0,17.6,17.0,20.6667,18.6,,0.0,0.0,60.0,74.0,21.0,24.6667,81.0,98.6667,0.0,0.0,0.13513513513513514,0.11448948948948949,0.08686007739488215,,0.05013927576601671,0.028850353314480465,0.021746912835088936,0.23780019573891442,0.1919294815543706,0.1455129550768855,1,3,5,47.0,52.666666666666664,46.6,0.63,0.6833333333333332,0.6199999999999999,,,4.625,5.285714285714286,8.222222222222221,0.6225806451612903,4.774193548387097,133,0,1,36.0,28.266666666666666,26.359999999999996,,41,29.333333333333332,,,,,
2026,1,2026_01_GB_MIN,2026-09-13,00-0038098,Pierre Strong,RB,GB,MIN,AWAY,dome,sportturf,0,7,7,1.5,45.5,1,39,0,623.0,0,1,1,1,1,1,7.800000000000001,3.566666666666667,2.72,3.1885733486937387,0.0,7.800000000000001,,,0.0,0.0,0.0,,5.0,2.3333,1.4,,5.0,2.3333,1.8,,3.0,1.6667,1.4,8.0,4.0,2.8,10.0,4.6667,3.2,,0.0,0.0,33.0,13.0,15.0,6.0,48.0,19.0,0.0,0.0,0.11627906976744186,0.060265066266566636,0.046969850570750794,,0.04797047970479705,0.009045715457154572,0.005427429274292744,0.20799794044452072,0.09672960021985816,0.0742539763481311,1,3,5,28.0,15.666666666666666,10.8,0.35,0.21666666666666667,0.15,,,5.571428571428571,2.5714285714285716,3.6,0.7642857142857143,4.071428571428571,133,0,1,11.900000000000002,13.233333333333334,16.220000000000002,,32,31.333333333333332,,,,,
2026,1,2026_01_NYJ_TEN,2026-09-13,00-0038120,Breece Hall,RB,NYJ,TEN,AWAY,outdoors,grass,0,7,7,3.0,38.5,0,56,0,259.0,0,1,1,1,1,0,20.9,11.633333333333333,10.96,7.0610197563808015,4.3,20.9,,,0.0,0.0,0.0,,14.0,14.0,15.0,,3.0,2.6667,2.2,,2.0,2.0,1.6,16.0,16.0,16.6,17.0,16.6667,17.2,,0.0,0.0,111.0,62.6667,18.0,13.6667,129.0,76.3333,1.0,0.3333,0.09375,0.08149509803921569,0.06805028462998103,,-0.06666666666666667,-0.05398196952677209,-0.028000466982520934,0.09395833333333334,0.08445526839008306,0.08247510005720689,1,3,5,30.0,36.333333333333336,42.2,0.48,0.5533333333333333,0.66,,,4.476190476190476,5.125,6.833333333333333,0.698,4.58,133,0,1,13.100000000000001,15.100000000000001,17.060000000000002,,20,18.666666666666668,,,,,
2026,1,2026_01_DEN_KC,2026-09-14,00-0038134,Kenneth Walker III,RB,KC,DEN,HOME,outdoors,grass,1,7,7,3.0,42.5,1,58,0,254.0,0,1,1,1,1,1,17.3,16.8,11.420000000000002,9.676104588107759,2.9000000000000004,25.400000000000002,,,0.0,0.0,0.0,,16.0,14.0,12.2,,4.0,3.0,2.6,,4.0,3.0,2.2,20.0,17.0,14.4,20.0,17.0,14.8,,0.0,0.0,97.0,82.6667,36.0,35.3333,133.0,118.0,0.0,0.3333,0.15384615384615385,0.10918114143920594,0.09156929092412965,,-0.1111111111111111,-0.07410138176938261,-0.03583337808123741,0.152991452991453,0.1119007449202411,0.11227057172932826,1,3,5,29.0,30.0,29.4,0.42,0.4433333333333333,0.454,,,5.904761904761905,11.777777777777779,11.777777777777779,0.9882352941176472,6.9411764705882355,133,0,1,9.0,14.366666666666667,15.240000000000004,,17,20.666666666666668,,,,,
2026,1,2026_01_DAL_NYG,2026-09-13,00-0038389,Israel Abanikanda,RB,DAL,NYG,AWAY,outdoors,fieldturf,0,7,7,-2.5,48.5,1,6,0,980.0,0,1,1,1,1,1,0.6000000000000001,3.966666666666667,3.1399999999999997,2.905684084686427,-0.1,7.0,,,0.0,0.0,0.0,,3.0,4.6667,4.2,,0.0,2.3333,1.8,,0.0,1.3333,1.2,3.0,6.0,5.4,3.0,7.0,6.0,,0.0,0.0,6.0,17.3333,0.0,9.0,6.0,26.3333,0.0,0.0,0.0,0.05303030303030303,0.04393939393939394,,0.0,0.024904214559386975,0.01039707419017764,0.0,0.09697840473702542,0.07318704284221525,1,3,5,5.0,13.333333333333334,13.4,0.08,0.17333333333333334,0.194,,,3.7142857142857144,3.857142857142857,6.75,0.5666666666666667,3.761904761904762,133,0,1,25.9,17.0,18.080000000000002,,26,25.0,,,,,
2026,1,2026_01_DAL_NYG,2026-09-13,00-0038396,Eric Gray,RB,NYG,DAL,HOME,outdoors,fieldturf,1,7,7,-2.5,48.5,1,25,0,294.0,0,1,1,1,1,0,0.0,1.0666666666666667,1.16,1.1696153213770757,0.0,2.6,,,0.0,0.0,0.0,,0.0,0.3333,0.4,,0.0,0.6667,0.8,,0.0,0.6667,0.8,0.0,1.0,1.2,0.0,1.0,1.2,,0.0,0.0,0.0,2.0,0.0,2.0,0.0,4.0,0.0,0.0,0.0,0.020913770913770915,0.02588159588159588,,0.0,0.003144654088050314,0.0018867924528301887,0.0,0.03357191423229159,0.04014314853937496,1,3,5,0.0,5.0,6.8,0.0,0.08666666666666667,0.11399999999999999,,,6.0,3.0,3.0,1.0666666666666667,4.0,133,0,1,38.5,28.0,29.54,,36,26.0,,,,,
2026,1,2026_01_ATL_PIT,2026-09-13,00-0038409,Lew Nichols III,RB,PIT,ATL,HOME,outdoors,grass,1,7,7,3.0,42.5,0,1,0,315.0,0,1,1,0,0,0,0.0,0.0,0.0,,0.0,0.0,,,0.0,0.0,0.0,,0.0,0.0,0.0,,0.0,0.0,0.0,,0.0,0.0,0.0,0.0,0.0,0.0,0.0,0.0,0.0,,0.0,0.0,0.0,0.0,0.0,0.0,0.0,0.0,0.0,0.0,0.0,0.0,0.0,,0.0,0.0,0.0,0.0,0.0,0.0,1,1,1,0.0,0.0,0.0,0.0,0.0,0.0,,,,,,,,133,0,1,16.700000000000003,15.9,15.7,,28,25.333333333333332,,,,,
2026,1,2026_01_GB_MIN,2026-09-13,00-0038440,Zavier Scott,RB,MIN,GB,HOME,dome,sportturf,1,7,7,1.5,45.5,1,11,0,252.0,0,1,1,1,1,0,2.7,1.6333333333333335,2.2,1.2786711852544421,0.0,3.1,,,0.0,0.0,0.0,,3.0,1.6667,2.2,,1.0,0.6667,0.8,,1.0,0.6667,0.8,4.0,2.3333,3.0,4.0,2.3333,3.0,,0.0,0.0,9.0,4.3333,8.0,5.3333,17.0,9.6667,0.0,0.0,0.03333333333333333,0.025603864734299514,0.030954522738630686,,0.0,-0.013333333333333334,-0.01823834683574028,0.05,0.029072463768115942,0.03366494132292783,1,3,5,6.0,4.666666666666667,6.0,0.09,0.07333333333333333,0.1,,,2.6,8.0,8.0,0.7000000000000001,4.142857142857143,133,0,1,18.5,31.333333333333332,25.18,,32,36.666666666666664,,,,,
2026,1,2026_01_ARI_LAC,2026-09-13,00-0038454,Keaton Mitchell,RB,LAC,ARI,HOME,dome,matrixturf,1,7,7,10.5,46.5,0,24,0,252.0,0,1,1,1,1,1,0.2,2.4333333333333336,4.300000000000001,3.3256578296631782,0.2,7.6000000000000005,,,0.0,0.0,0.0,,2.0,6.6667,6.8,,0.0,0.6667,0.6,,0.0,0.6667,0.4,2.0,7.3333,7.2,2.0,7.3333,7.4,,0.0,0.0,2.0,15.3333,0.0,2.3333,2.0,17.6667,0.0,0.0,0.0,0.03333333333333333,0.03666666666666667,,0.0,-0.029166666666666664,-0.023701550387596897,0.0,0.02958333333333334,0.03840891472868217,1,3,5,7.0,13.333333333333334,13.6,0.14,0.22333333333333336,0.242,,,2.3,3.5,3.5,0.33181818181818185,2.409090909090909,133,0,1,19.0,32.46666666666667,34.06,,31,36.0,,,,,
2026,1,2026_01_ATL_PIT,2026-09-13,00-0038542,Bijan Robinson,RB,ATL,PIT,AWAY,outdoors,grass,0,7,7,3.0,42.5,0,51,0,252.0,0,1,1,1,1,0,7.3,25.666666666666668,23.18,14.189679348033206,7.3,39.900000000000006,,,0.0,0.0,0.0,,15.0,17.6667,18.4,,3.0,7.3333,7.0,,3.0,5.0,5.0,18.0,22.6667,23.4,18.0,25.0,25.4,,0.0,0.0,33.0,101.3333,10.0,45.3333,43.0,146.6667,0.0,1.0,0.1,0.27450980392156865,0.23265013322402134,,-0.07692307692307693,3.117544684155815e-06,0.019973360606521905,0.09615384615384617,0.4117668881636319,0.3629565522605974,1,3,5,53.0,49.666666666666664,51.2,0.84,0.7766666666666667,0.78,,,5.735849056603773,6.181818181818182,9.066666666666666,1.0266666666666666,5.866666666666666,133,0,1,14.600000000000001,16.533333333333335,18.5,,25,25.0,,,,,
2026,1,2026_01_NO_DET,2026-09-13,00-0038551,Kendre Miller,RB,NO,DET,AWAY,dome,fieldturf,0,7,7,7.0,48.5,0,20,0,329.0,0,1,1,1,1,0,0.7000000000000001,3.6,5.779999999999999,4.286840328260431,0.7000000000000001,12.5,,,0.0,0.0,0.0,,1.0,6.3333,7.4,,0.0,0.6667,0.8,,0.0,0.6667,0.8,1.0,7.0,8.2,1.0,7.0,8.2,,0.0,0.0,7.0,23.0,0.0,6.3333,7.0,29.3333,0.0,0.0,0.0,0.02357320099255583,0.02390001815650911,,0.0,0.003135997988939166,-0.0033057210913627253,0.0,0.03755500008109116,0.03353602247080976,1,3,5,2.0,16.666666666666668,18.2,0.04,0.2733333333333334,0.28,,,3.6315789473684212,9.5,9.5,0.5142857142857143,4.190476190476191,133,0,1,11.700000000000001,27.433333333333337,26.5,,19,26.666666666666668,,,,,
2026,1,2026_01_WAS_PHI,2026-09-13,00-0038555,Tank Bigsby,RB,PHI,WAS,HOME,outdoors,grass,1,7,7,4.5,47.5,1,44,0,252.0,0,1,1,1,1,0,17.6,9.733333333333334,7.06,6.908183552859609,0.4,17.6,,,0.0,0.0,0.0,,16.0,7.3333,8.0,,1.0,0.6667,0.6,,1.0,0.6667,0.4,17.0,8.0,8.4,17.0,8.0,8.6,,0.0,0.0,75.0,39.6667,31.0,11.0,106.0,50.6667,1.0,0.6667,0.029411764705882353,0.0249554367201426,0.02608437314319667,,0.0026109660574412533,-0.0004216676449356029,0.0012621509281901535,0.0459453232990324,0.03713798772875898,0.04001006536452811,1,3,5,38.0,17.0,17.0,0.59,0.26333333333333336,0.25599999999999995,,,5.409090909090909,16.5,16.5,1.2166666666666668,6.333333333333333,133,0,1,22.200000000000003,27.166666666666668,26.080000000000005,,22,31.666666666666668,,,,,
2026,1,2026_01_TB_CIN,2026-09-13,00-0038597,Chase Brown,RB,CIN,TB,HOME,outdoors,fieldturf,1,7,7,3.5,51.5,0,45,0,252.0,0,1,1,1,1,0,19.0,27.0,23.1,7.423274210212095,16.0,32.9,,,0.0,0.0,0.0,,13.0,15.6667,14.4,,6.0,4.3333,4.8,,4.0,3.6667,4.2,17.0,19.3333,18.6,19.0,20.0,19.2,,0.0,0.0,72.0,79.6667,18.0,33.6667,90.0,113.3333,1.0,2.0,0.15789473684210525,0.12594536193857075,0.13667832827425358,,-0.02072538860103627,0.001757882823888247,0.026749322784790593,0.22233433324243249,0.1901485608845779,0.22374201836073376,1,3,5,38.0,40.666666666666664,41.8,0.56,0.5933333333333334,0.614,,,5.085106382978723,7.769230769230769,9.181818181818182,1.35,5.666666666666667,133,0,1,6.7,13.066666666666668,17.8,,16,21.333333333333332,,,,,
2026,1,2026_01_CLE_JAX,2026-09-13,00-0038611,Chris Rodriguez Jr.,RB,JAX,CLE,HOME,outdoors,grass,1,7,7,7.5,40.5,0,28,0,252.0,0,1,1,1,1,1,15.3,11.466666666666669,10.8,3.981205847478877,5.2,15.3,,,0.0,0.0,0.0,,16.0,13.6667,13.4,,1.0,0.6667,0.8,,1.0,0.6667,0.6,17.0,14.3333,14.0,17.0,14.3333,14.2,,0.0,0.0,65.0,60.0,18.0,8.0,83.0,68.0,1.0,0.6667,0.05263157894736842,0.034210526315789476,0.03186731195805606,,0.008130081300813009,0.002710027100271003,0.00835432631328084,0.08463842533162173,0.05321280844387392,0.05364899635638067,1,3,5,29.0,26.333333333333332,29.2,0.42,0.4533333333333333,0.44400000000000006,,,4.390243902439025,12.0,12.0,0.8000000000000002,4.744186046511628,133,0,1,27.2,26.599999999999998,28.1,,31,26.666666666666668,,,,,
2026,1,2026_01_GB_MIN,2026-09-13,00-0038685,Chris Brooks,RB,GB,MIN,AWAY,dome,sportturf,0,7,7,1.5,45.5,1,31,0,252.0,0,1,1,1,1,0,6.1000000000000005,2.866666666666667,2.56,2.140794245134268,0.4,6.1000000000000005,,,0.0,0.0,0.0,,13.0,4.6667,3.2,,0.0,0.6667,1.0,,0.0,0.3333,0.6,13.0,5.0,3.8,13.0,5.3333,4.2,,0.0,0.0,61.0,21.6667,0.0,3.6667,61.0,25.3333,0.0,0.0,0.0,0.02666666666666667,0.035806763285024155,,0.0,-0.002290950744558992,0.0007197299829376551,0.0,0.038396334478808705,0.054213955915592596,1,3,5,23.0,19.666666666666668,16.8,0.45,0.37000000000000005,0.304,,,4.642857142857143,5.5,11.0,0.5375000000000001,4.75,133,0,1,11.900000000000002,13.233333333333334,16.220000000000002,,32,31.333333333333332,,,,,
2026,1,2026_01_DEN_KC,2026-09-14,00-0038705,Emari Demercado,RB,KC,DEN,HOME,outdoors,grass,1,7,7,3.0,42.5,1,36,0,253.0,0,1,1,1,1,1,6.7,4.566666666666666,3.96,1.7242389625571044,2.1,6.7,,,0.0,0.0,0.0,,2.0,4.0,3.6,,1.0,1.6667,2.2,,1.0,1.0,1.4,3.0,5.0,5.0,3.0,5.6667,5.8,,0.0,0.0,29.0,23.3333,28.0,12.3333,57.0,35.6667,0.0,0.0,0.03571428571428571,0.051970443349753696,0.05768602540834846,,0.07569721115537849,0.02494000605764078,0.01502843662427519,0.1065594763801935,0.09541366926497907,0.09704894374951531,1,3,5,12.0,20.0,16.2,0.22,0.3566666666666667,0.272,,,5.833333333333333,7.4,12.333333333333334,0.8058823529411764,6.294117647058823,133,0,1,9.0,14.366666666666667,15.240000000000004,,17,20.666666666666668,,,,,
2026,1,2026_01_DEN_KC,2026-09-14,00-0038794,Jaleel McLaughlin,RB,DEN,KC,AWAY,outdoors,grass,0,7,7,3.0,42.5,1,41,0,253.0,0,1,1,1,1,0,6.800000000000001,4.833333333333333,3.8,2.274862633215465,0.4,6.800000000000001,,,0.0,0.0,0.0,,6.0,6.0,4.8,,2.0,0.6667,0.6,,1.0,0.3333,0.4,7.0,6.3333,5.2,8.0,6.6667,5.4,,0.0,0.0,41.0,39.3333,17.0,5.6667,58.0,45.0,0.0,0.0,0.08695652173913043,0.028985507246376812,0.02294685990338164,,-0.4230769230769231,-0.14102564102564102,-0.08368945868945868,-0.1657190635451505,-0.055239687848383505,-0.02416233122754862,1,3,5,13.0,13.0,11.6,0.22,0.19666666666666666,0.172,,,6.555555555555555,8.5,17.0,0.725,6.75,133,0,1,14.4,22.933333333333337,20.9,,33,33.666666666666664,,,,,
2026,1,2026_01_NE_SEA,2026-09-09,00-0038797,Emanuel Wilson,RB,SEA,NE,HOME,outdoors,fieldturf,1,7,7,3.5,44.5,0,39,0,248.0,0,1,1,1,1,1,5.800000000000001,5.800000000000001,3.7400000000000007,3.301211898682059,0.30000000000000004,8.200000000000001,,,0.0,0.0,0.0,,18.0,11.6667,8.0,,1.0,0.6667,0.4,,1.0,0.6667,0.4,19.0,12.3333,8.4,19.0,12.3333,8.4,,0.0,0.0,44.0,47.3333,4.0,4.0,48.0,51.3333,0.0,0.0,0.1,0.04666666666666667,0.028000000000000004,,-0.2222222222222222,-0.07063764795723558,-0.042382588774341354,-0.005555555555555508,0.020553646429935107,0.012332187857961063,1,3,5,28.0,26.0,19.8,0.55,0.4566666666666667,0.344,,,4.057142857142857,6.0,6.0,0.47027027027027035,4.162162162162162,133,0,1,6.1,19.966666666666665,24.52,,25,28.0,,,,,
2026,1,2026_01_NO_DET,2026-09-13,00-0038896,Jacob Saylors,RB,DET,NO,HOME,dome,fieldturf,1,7,7,7.0,48.5,0,11,0,266.0,0,1,1,1,1,0,0.0,0.0,0.0,0.0,0.0,0.0,,,0.0,0.0,0.0,,0.0,0.0,0.0,,0.0,0.0,0.0,,0.0,0.0,0.0,0.0,0.0,0.0,0.0,0.0,0.0,,0.0,0.0,0.0,0.0,0.0,0.0,0.0,0.0,0.0,0.0,0.0,0.0,0.0,,0.0,0.0,0.0,0.0,0.0,0.0,1,3,5,0.0,0.6666666666666666,0.6,0.0,0.01,0.01,,,,,,,,133,0,1,10.2,13.833333333333334,18.04,,27,27.333333333333332,,,,,
2026,1,2026_01_MIA_LV,2026-09-13,00-0038930,Carlos Washington,RB,MIA,LV,AWAY,dome,grass,0,7,7,3.5,40.5,0,0,0,,1,1,0,0,0,0,,,,,,,,,,,,,,,,,,,,,,,,,,,,,,,,,,,,,,,,,,,,,,,,,,,0,0,0,,,,,,,,,,,,,,133,0,1,15.3,19.03333333333333,21.84,,29,28.666666666666668,,,,,
2026,1,2026_01_TB_CIN,2026-09-13,00-0038951,Sean Tucker,RB,TB,CIN,AWAY,outdoors,fieldturf,0,7,7,3.5,51.5,0,37,0,253.0,0,1,1,1,1,0,-0.4,2.233333333333333,4.460000000000001,4.035219944439213,-0.4,8.9,,,0.0,0.0,0.0,,4.0,3.3333,4.2,,0.0,0.3333,0.2,,0.0,0.0,0.0,4.0,3.3333,4.2,4.0,3.6667,4.4,,0.0,0.0,-4.0,2.3333,0.0,0.0,-4.0,2.3333,0.0,0.3333,0.0,0.007575757575757576,0.004545454545454545,,0.0,0.003703703703703704,0.0022222222222222222,0.0,0.013956228956228956,0.008373737373737374,1,3,5,5.0,4.666666666666667,6.8,0.07,0.07,0.098,,,0.7,0.0,,0.609090909090909,0.6363636363636364,132,0,1,13.700000000000001,18.133333333333336,19.84,,22,24.0,,,,,
2026,1,2026_01_CHI_CAR,2026-09-13,00-0039021,Roschon Johnson,RB,CHI,CAR,AWAY,outdoors,grass,0,7,7,-2.5,47.5,0,34,0,301.0,0,1,1,1,1,0,0.0,0.5666666666666668,0.34,0.4979959839195493,0.0,1.1,,,0.0,0.0,0.0,,0.0,0.6667,0.4,,0.0,0.0,0.0,,0.0,0.0,0.0,0.0,0.6667,0.4,0.0,0.6667,0.4,,0.0,0.0,0.0,5.6667,0.0,0.0,0.0,5.6667,0.0,0.0,0.0,0.0,0.0,,0.0,0.0,0.0,0.0,0.0,0.0,1,3,5,0.0,1.3333333333333333,0.8,0.0,0.02,0.012,,,8.5,,,0.8500000000000001,8.5,133,0,1,16.5,23.933333333333337,23.7,,41,36.0,,,,,
2026,1,2026_01_NYJ_TEN,2026-09-13,00-0039032,Tyjae Spears,RB,TEN,NYJ,HOME,outdoors,grass,1,7,7,3.0,38.5,0,42,0,252.0,0,1,1,1,1,0,9.7,10.766666666666666,8.919999999999998,7.680624974570754,1.1,21.5,,,0.0,0.0,0.0,,3.0,7.3333,6.6,,7.0,4.6667,4.0,,7.0,4.3333,3.4,10.0,11.6667,10.0,10.0,12.0,10.6,,0.0,0.0,18.0,24.0,9.0,20.3333,27.0,44.3333,0.0,0.3333,0.21212121212121213,0.15148308481641815,0.13770466570466572,,-0.28346456692913385,-0.154790715881974,-0.09057557895447174,0.11975662133142448,0.11887112610724544,0.14315409328886836,1,3,5,25.0,32.666666666666664,29.6,0.46,0.48666666666666664,0.4600000000000001,,,3.272727272727273,4.357142857142857,4.6923076923076925,0.8972222222222221,3.6944444444444446,133,0,1,50.10000000000001,30.96666666666667,35.64000000000001,,43,31.0,,,,,
2026,1,2026_01_MIA_LV,2026-09-13,00-0039040,De'Von Achane,RB,MIA,LV,AWAY,dome,grass,0,7,7,3.5,40.5,0,44,0,259.0,0,1,1,1,1,0,14.200000000000001,16.96666666666667,17.56,2.010721263626562,14.200000000000001,19.4,,,0.0,0.0,0.0,,18.0,15.0,14.8,,3.0,4.0,2.8,,3.0,4.0,2.6,21.0,19.0,17.4,21.0,19.0,17.6,,0.0,0.0,83.0,74.6667,29.0,35.0,112.0,109.6667,0.0,0.3333,0.13636363636363635,0.15686038099831204,0.11364003812279674,,0.0,0.03454997647375143,0.020729985884250856,0.20454545454545453,0.2594755550290941,0.1849710473031707,1,3,5,41.0,41.0,37.8,0.75,0.7533333333333333,0.666,,,4.977777777777778,8.75,8.75,0.892982456140351,5.771929824561403,133,0,1,15.3,19.03333333333333,21.84,,29,28.666666666666668,,,,,
2026,1,2026_01_NO_DET,2026-09-13,00-0039139,Jahmyr Gibbs,RB,DET,NO,HOME,dome,fieldturf,1,7,7,7.0,48.5,0,49,0,252.0,0,1,1,1,1,0,20.3,16.5,19.259999999999998,12.074684260882352,6.4,37.0,,,0.0,0.0,0.0,,19.0,14.3333,13.6,,5.0,7.0,7.0,,3.0,5.0,5.2,22.0,19.3333,18.8,24.0,21.3333,20.6,,0.0,0.0,80.0,41.0,33.0,40.6667,113.0,81.6667,1.0,0.6667,0.1388888888888889,0.1641123882503193,0.18047082853593008,,0.004,0.04577246018452049,0.04603060798340776,0.21113333333333334,0.27820930450464326,0.3029276683922806,1,3,5,52.0,53.333333333333336,51.0,0.71,0.7533333333333333,0.752,,,2.86046511627907,5.809523809523809,8.133333333333333,0.7734375,3.828125,133,0,1,10.2,13.833333333333334,18.04,,27,27.333333333333332,,,,,
2026,1,2026_01_NE_SEA,2026-09-09,00-0039165,Zach Charbonnet,RB,SEA,NE,HOME,outdoors,fieldturf,1,7,7,3.5,44.5,0,49,0,249.0,0,1,1,1,1,0,18.700000000000003,20.76666666666667,14.8,9.045164454005246,3.1,26.200000000000003,,,0.0,0.0,0.0,,17.0,14.6667,11.8,,4.0,3.3333,2.8,,3.0,3.0,2.2,20.0,17.6667,14.0,21.0,18.0,14.6,,0.0,0.0,74.0,72.0,23.0,19.0,97.0,91.0,1.0,1.3333,0.15384615384615385,0.11993382961124897,0.09802090382735544,,0.05555555555555555,0.03386154218258705,0.027421310632146,0.26965811965811964,0.20360382394468438,0.1662262731835354,1,3,5,39.0,37.333333333333336,34.0,0.57,0.5533333333333333,0.5239999999999999,,,4.909090909090909,5.7,6.333333333333333,1.1537037037037037,5.055555555555555,133,0,1,6.1,19.966666666666665,24.52,,25,28.0,,,,,
2026,1,2026_01_DAL_NYG,2026-09-13,00-0039230,Dante Miller,RB,NYG,DAL,HOME,outdoors,fieldturf,1,7,7,-2.5,48.5,1,1,0,700.0,0,1,1,0,0,0,0.0,0.0,0.0,,0.0,0.0,,,0.0,0.0,0.0,,0.0,0.0,0.0,,0.0,0.0,0.0,,0.0,0.0,0.0,0.0,0.0,0.0,0.0,0.0,0.0,,0.0,0.0,0.0,0.0,0.0,0.0,0.0,0.0,0.0,0.0,0.0,0.0,0.0,,0.0,0.0,0.0,0.0,0.0,0.0,1,1,1,0.0,0.0,0.0,0.0,0.0,0.0,,,,,,,,133,0,1,38.5,28.0,29.54,,36,26.0,,,,,
2026,1,2026_01_MIA_LV,2026-09-13,00-0039244,Chris Collier,RB,LV,MIA,HOME,dome,grass,1,7,7,3.5,40.5,0,6,0,616.0,0,1,1,1,1,0,1.2,0.6,0.36,0.5366563145999496,0.0,1.2,,,0.0,0.0,0.0,,2.0,1.6667,1.0,,2.0,0.6667,0.4,,1.0,0.3333,0.2,3.0,2.0,1.2,4.0,2.3333,1.4,,0.0,0.0,6.0,4.0,-4.0,-1.3333,2.0,2.6667,0.0,0.0,0.058823529411764705,0.0196078431372549,0.011764705882352941,,-0.016286644951140065,-0.0054288816503800215,-0.003257328990228013,0.076834642651849,0.025611547550616332,0.0153669285303698,1,3,5,13.0,6.333333333333333,3.8,0.25,0.11333333333333333,0.06799999999999999,,,2.4,-2.0,-4.0,0.2571428571428572,1.1428571428571428,133,0,1,53.89999999999999,37.46666666666666,29.339999999999996,,27,26.333333333333332,,,,,
2026,1,2026_01_TB_CIN,2026-09-13,00-0039266,Kendall Milton,RB,CIN,TB,HOME,outdoors,fieldturf,1,7,7,3.5,51.5,0,1,0,301.0,0,1,1,0,0,0,0.2,0.2,0.2,,0.2,0.2,,,0.0,0.0,0.0,,2.0,2.0,2.0,,0.0,0.0,0.0,,0.0,0.0,0.0,2.0,2.0,2.0,2.0,2.0,2.0,,0.0,0.0,2.0,2.0,0.0,0.0,2.0,2.0,0.0,0.0,0.0,0.0,0.0,,0.0,0.0,0.0,0.0,0.0,0.0,1,1,1,4.0,4.0,4.0,0.06,0.06,0.06,,,1.0,,,0.1,1.0,133,0,1,6.7,13.066666666666668,17.8,,16,21.333333333333332,,,,,
2026,1,2026_01_NE_SEA,2026-09-09,00-0039299,George Holani,RB,SEA,NE,HOME,outdoors,fieldturf,1,7,7,3.5,44.5,0,13,0,297.0,0,1,1,1,1,0,0.6000000000000001,3.533333333333333,2.12,3.921351807731614,0.0,9.1,,,0.0,0.0,0.0,,2.0,4.0,2.4,,0.0,0.0,0.0,,0.0,0.0,0.0,2.0,4.0,2.4,2.0,4.0,2.4,,0.0,0.0,6.0,15.3333,0.0,0.0,6.0,15.3333,0.0,0.3333,0.0,0.0,0.0,,0.0,0.0,0.0,0.0,0.0,0.0,1,3,5,2.0,5.333333333333333,3.2,0.02,0.08666666666666667,0.052000000000000005,,,3.8333333333333335,,,0.8833333333333333,3.8333333333333335,133,0,1,6.1,19.966666666666665,24.52,,25,28.0,,,,,
2026,1,2026_01_NE_SEA,2026-09-09,00-0039305,Jack Westover,RB,NE,SEA,AWAY,outdoors,fieldturf,0,7,7,3.5,44.5,0,4,0,248.0,0,1,1,1,0,0,1.0,0.3333333333333333,0.25,0.5,0.0,1.0,,,0.0,0.0,0.0,,0.0,0.0,0.0,,1.0,0.6667,0.5,,1.0,0.3333,0.25,1.0,0.3333,0.25,1.0,0.6667,0.5,,0.0,0.0,0.0,0.0,0.0,0.0,0.0,0.0,0.0,0.0,0.05,0.028160919540229885,0.021120689655172414,,0.0,0.0019047619047619048,0.0014285714285714286,0.07500000000000001,0.04357471264367816,0.03268103448275862,1,3,4,21.0,18.666666666666668,21.75,0.36,0.30333333333333334,0.3425,,,,0.0,0.0,0.5,0.0,133,0,1,12.6,16.433333333333334,18.04,,17,28.666666666666668,,,,,
2026,1,2026_01_WAS_PHI,2026-09-13,00-0039325,Carson Steele,RB,PHI,WAS,HOME,outdoors,grass,1,7,7,4.5,47.5,1,13,0,616.0,0,1,1,1,1,1,4.7,2.3333333333333335,1.8,1.881488772222678,0.0,4.7,,,0.0,0.0,0.0,,8.0,3.0,2.4,,2.0,1.3333,1.0,,2.0,1.0,0.8,10.0,4.0,3.2,10.0,4.3333,3.4,,0.0,0.0,25.0,9.6667,2.0,3.6667,27.0,13.3333,0.0,0.0,0.11764705882352941,0.05773420479302832,0.0410921357790428,,-0.05,-0.0195906432748538,-0.014385964912280702,0.1414705882352941,0.07288785689714482,0.0515680282299677,1,3,5,23.0,12.333333333333334,11.6,0.68,0.29000000000000004,0.242,,,3.2222222222222223,2.75,3.6666666666666665,0.5384615384615384,3.076923076923077,133,0,1,22.200000000000003,27.166666666666668,26.080000000000005,,22,31.666666666666668,,,,,
2026,1,2026_01_CHI_CAR,2026-09-13,00-0039344,Jonathon Brooks,RB,CAR,CHI,HOME,outdoors,grass,1,7,7,-2.5,47.5,0,3,0,644.0,0,1,1,1,0,0,-0.30000000000000004,2.5000000000000004,2.5000000000000004,4.014971979976947,-0.30000000000000004,7.1000000000000005,,,0.0,0.0,0.0,,1.0,3.0,3.0,,0.0,1.0,1.0,,0.0,1.0,1.0,1.0,4.0,4.0,1.0,4.0,4.0,,0.0,0.0,-3.0,7.3333,0.0,7.6667,-3.0,15.0,0.0,0.0,0.0,0.024390243902439022,0.024390243902439022,,0.0,-0.006046863189720333,-0.006046863189720333,0.0,0.0323525616208543,0.0323525616208543,1,3,3,3.0,7.666666666666667,7.666666666666667,0.04,0.10999999999999999,0.10999999999999999,,,2.4444444444444446,7.666666666666667,7.666666666666667,0.6250000000000001,3.75,133,0,1,26.8,24.033333333333335,19.860000000000003,,33,32.0,,,,,
2026,1,2026_01_TB_CIN,2026-09-13,00-0039361,Bucky Irving,RB,TB,CIN,AWAY,outdoors,fieldturf,0,7,7,3.5,51.5,0,27,0,253.0,0,1,1,1,1,0,10.8,8.733333333333334,10.080000000000002,3.630702411379925,7.1000000000000005,16.1,,,0.0,0.0,0.0,,26.0,18.0,17.0,,2.0,2.6667,2.8,,1.0,2.0,1.8,27.0,20.0,18.8,28.0,20.6667,19.8,,0.0,0.0,85.0,58.3333,13.0,9.0,98.0,67.3333,0.0,0.0,0.09090909090909091,0.07575757575757576,0.08563311688311688,,0.02112676056338028,-0.004068857589984351,-0.0011502887576965563,0.15115236875800256,0.1107881633233746,0.12764447319428773,1,3,5,42.0,39.333333333333336,38.2,0.63,0.5966666666666667,0.564,,,3.240740740740741,3.375,4.5,0.42258064516129035,3.2580645161290325,132,0,1,13.700000000000001,18.133333333333336,19.84,,22,24.0,,,,,
2026,1,2026_01_SF_LA,2026-09-10,00-0039363,Isaac Guerendo,RB,SF,LA,AWAY,dome,matrixturf,0,7,7,3.5,48.5,1,23,0,284.0,0,1,1,1,1,0,0.0,0.0,0.0,0.0,0.0,0.0,,,0.0,0.0,0.0,,0.0,0.0,0.0,,0.0,0.0,0.0,,0.0,0.0,0.0,0.0,0.0,0.0,0.0,0.0,0.0,,0.0,0.0,0.0,0.0,0.0,0.0,0.0,0.0,0.0,0.0,0.0,0.0,0.0,,0.0,0.0,0.0,0.0,0.0,0.0,1,3,5,0.0,0.0,0.0,0.0,0.0,0.0,,,,,,,,133,0,1,18.400000000000002,34.46666666666667,26.78,,19,28.666666666666668,,,,,
2026,1,2026_01_NO_DET,2026-09-13,00-0039364,Sione Vaki,RB,DET,NO,HOME,dome,fieldturf,1,7,7,7.0,48.5,0,17,0,252.0,0,1,1,1,1,0,0.0,0.0,0.0,0.0,0.0,0.0,,,0.0,0.0,0.0,,0.0,0.0,0.0,,0.0,0.0,0.0,,0.0,0.0,0.0,0.0,0.0,0.0,0.0,0.0,0.0,,0.0,0.0,0.0,0.0,0.0,0.0,0.0,0.0,0.0,0.0,0.0,0.0,0.0,,0.0,0.0,0.0,0.0,0.0,0.0,1,3,5,0.0,0.0,0.0,0.0,0.0,0.0,,,,,,,,133,0,1,10.2,13.833333333333334,18.04,,27,27.333333333333332,,,,,
2026,1,2026_01_NO_DET,2026-09-13,00-0039373,Audric Estimé,RB,NO,DET,AWAY,dome,fieldturf,0,7,7,7.0,48.5,0,18,0,252.0,0,1,1,1,1,0,15.600000000000001,13.0,9.620000000000001,6.550725150698967,1.1,16.8,,,0.0,0.0,0.0,,21.0,13.3333,9.2,,5.0,3.3333,2.6,,5.0,3.0,2.4,26.0,16.3333,11.6,26.0,16.6667,11.8,,0.0,0.0,63.0,58.6667,43.0,21.3333,106.0,80.0,0.0,0.3333,0.14705882352941177,0.08973408118172406,0.07319528741871187,,0.03202846975088968,0.009096377752666229,-0.0012336231625266563,0.2430081641197404,0.14096858619945243,0.10892939491429914,1,3,5,57.0,47.666666666666664,35.6,0.84,0.7266666666666666,0.542,,,4.4,6.4,7.111111111111111,0.78,4.8,133,0,1,11.700000000000001,27.433333333333337,26.5,,19,26.666666666666668,,,,,
2026,1,2026_01_DAL_NYG,2026-09-13,00-0039384,Tyrone Tracy Jr.,RB,NYG,DAL,HOME,outdoors,fieldturf,1,7,7,-2.5,48.5,1,32,0,252.0,0,1,1,1,1,0,27.9,14.799999999999999,14.680000000000001,10.844445582877901,4.300000000000001,27.9,,,0.0,0.0,0.0,,18.0,16.0,14.6,,9.0,4.3333,3.6,,8.0,3.6667,3.0,26.0,19.6667,17.6,27.0,20.3333,18.2,,0.0,0.0,103.0,78.6667,56.0,19.3333,159.0,98.0,1.0,0.3333,0.28125,0.16802055702917773,0.13136788977306219,,0.08152173913043478,0.043148030928424175,0.0340991320049817,0.4789402173913043,0.2822344571936635,0.22092122706308048,1,3,5,52.0,43.0,41.6,0.69,0.6566666666666666,0.644,,,4.916666666666667,4.461538461538462,5.2727272727272725,0.7278688524590163,4.819672131147541,133,0,1,38.5,28.0,29.54,,36,26.0,,,,,
2026,1,2026_01_ARI_LAC,2026-09-13,00-0039391,Kimani Vidal,RB,LAC,ARI,HOME,dome,matrixturf,1,7,7,10.5,46.5,0,22,0,252.0,0,1,1,1,1,0,2.0,2.966666666666667,8.200000000000001,8.079294523657373,1.1,20.700000000000003,,,0.0,0.0,0.0,,3.0,6.6667,11.8,,1.0,0.6667,1.2,,1.0,0.6667,0.8,4.0,7.3333,12.6,4.0,7.3333,13.0,,0.0,0.0,12.0,18.6667,-2.0,4.3333,10.0,23.0,0.0,0.0,0.02631578947368421,0.021592442645074223,0.04856623163259319,,-0.007594936708860759,-0.009265652303626987,0.007509657566269742,0.03415722851432378,0.025902707355072444,0.0781061077452786,1,3,5,14.0,25.666666666666668,35.8,0.2,0.38999999999999996,0.524,,,2.8,6.5,6.5,0.40454545454545454,3.1363636363636362,133,0,1,19.0,32.46666666666667,34.06,,31,36.0,,,,,
2026,1,2026_01_BUF_HOU,2026-09-13,00-0039405,Jawhar Jordan,RB,HOU,BUF,HOME,,astroturf,1,7,7,-1.5,44.5,0,4,0,252.0,0,1,1,1,0,0,0.30000000000000004,5.3,7.425000000000001,6.505574532660432,0.30000000000000004,13.8,,,0.0,0.0,0.0,,5.0,9.3333,10.75,,0.0,1.6667,1.75,,0.0,1.6667,1.75,5.0,11.0,12.5,5.0,11.0,12.5,,0.0,0.0,3.0,30.6667,0.0,5.6667,3.0,36.3333,0.0,0.0,0.0,0.049019607843137254,0.055995475113122174,,0.0,0.0032786885245901644,-0.016771752837326608,0.0,0.075824493731919,0.07225298568355464,1,3,4,10.0,17.0,19.75,0.15,0.26,0.3,,,3.2857142857142856,3.4,3.4,0.4818181818181818,3.303030303030303,132,0,1,7.4,13.833333333333334,21.12,,22,26.333333333333332,,,,,
2026,1,2026_01_MIA_LV,2026-09-13,00-0039407,Dylan Laube,RB,LV,MIA,HOME,dome,grass,1,7,7,3.5,40.5,0,23,0,252.0,0,1,1,1,1,0,0.0,0.0,0.08,0.17888543819998318,0.0,0.4,,,0.0,0.0,0.0,,0.0,0.0,0.4,,0.0,0.0,0.0,,0.0,0.0,0.0,0.0,0.0,0.4,0.0,0.0,0.4,,0.0,0.0,0.0,0.0,0.0,0.0,0.0,0.0,0.0,0.0,0.0,0.0,0.0,,0.0,0.0,0.0,0.0,0.0,0.0,1,3,5,0.0,0.0,0.4,0.0,0.0,0.01,,,,,,,,133,0,1,53.89999999999999,37.46666666666666,29.339999999999996,,27,26.333333333333332,,,,,
2026,1,2026_01_BUF_HOU,2026-09-13,00-0039471,Frank Gore Jr.,RB,BUF,HOU,AWAY,,astroturf,0,7,7,-1.5,44.5,0,0,0,,1,1,0,0,0,0,,,,,,,,,,,,,,,,,,,,,,,,,,,,,,,,,,,,,,,,,,,,,,,,,,,0,0,0,,,,,,,,,,,,,,133,0,1,13.700000000000001,22.5,19.32,,28,26.333333333333332,,,,,
2026,1,2026_01_BUF_HOU,2026-09-13,00-0039603,British Brooks,RB,HOU,BUF,HOME,,astroturf,1,7,7,-1.5,44.5,0,10,0,252.0,0,1,1,1,1,0,6.300000000000001,2.1,1.2600000000000002,2.8174456516497353,0.0,6.300000000000001,,,0.0,0.0,0.0,,13.0,4.3333,2.6,,0.0,0.0,0.0,,0.0,0.0,0.0,13.0,4.3333,2.6,13.0,4.3333,2.6,,0.0,0.0,63.0,21.0,0.0,0.0,63.0,21.0,0.0,0.0,0.0,0.0,0.0,,0.0,0.0,0.0,0.0,0.0,0.0,1,3,5,18.0,7.666666666666667,4.8,0.26,0.11,0.06999999999999999,,,4.846153846153846,,,0.48461538461538467,4.846153846153846,132,0,1,7.4,13.833333333333334,21.12,,22,26.333333333333332,,,,,
2026,1,2026_01_NO_DET,2026-09-13,00-0039652,Jabari Small,RB,DET,NO,HOME,dome,fieldturf,1,7,7,7.0,48.5,0,0,0,,1,1,0,0,0,0,,,,,,,,,,,,,,,,,,,,,,,,,,,,,,,,,,,,,,,,,,,,,,,,,,,0,0,0,,,,,,,,,,,,,,133,0,1,10.2,13.833333333333334,18.04,,27,27.333333333333332,,,,,
2026,1,2026_01_DEN_KC,2026-09-14,00-0039703,Cody Schrader,RB,DEN,KC,AWAY,outdoors,grass,0,7,7,3.0,42.5,1,1,0,617.0,0,1,1,0,0,1,1.9,1.9,1.9,,1.9,1.9,,,0.0,0.0,0.0,,1.0,1.0,1.0,,1.0,1.0,1.0,,1.0,1.0,1.0,2.0,2.0,2.0,2.0,2.0,2.0,,0.0,0.0,3.0,3.0,6.0,6.0,9.0,9.0,0.0,0.0,0.025,0.025,0.025,,0.0,0.0,0.0,0.037500000000000006,0.037500000000000006,0.037500000000000006,1,1,1,2.0,2.0,2.0,0.03,0.03,0.03,,,3.0,6.0,6.0,0.95,4.5,133,0,1,14.4,22.933333333333337,20.9,,33,33.666666666666664,,,,,
2026,1,2026_01_SF_LA,2026-09-10,00-0039738,Blake Corum,RB,LA,SF,HOME,dome,matrixturf,1,7,7,3.5,48.5,1,32,0,249.0,0,1,1,1,1,0,7.9,7.600000000000001,12.4,8.962142600963233,1.8,26.1,,,0.0,0.0,0.0,,13.0,11.0,11.2,,1.0,1.0,0.8,,1.0,0.6667,0.6,14.0,11.6667,11.8,14.0,12.0,12.0,,0.0,0.0,59.0,41.6667,10.0,7.6667,69.0,49.3333,0.0,0.3333,0.02702702702702703,0.022897897897897895,0.020190351641964543,,0.008356545961002786,0.010472447535568363,0.008077190494435189,0.04639012271324249,0.0416775601217447,0.03593956080905145,1,3,5,25.0,22.666666666666668,24.6,0.33,0.29000000000000004,0.328,,,3.787878787878788,7.666666666666667,11.5,0.6333333333333334,4.111111111111111,133,0,1,36.0,28.266666666666666,26.359999999999996,,41,29.333333333333332,,,,,
2026,1,2026_01_WAS_PHI,2026-09-13,00-0039746,Will Shipley,RB,PHI,WAS,HOME,outdoors,grass,1,7,7,4.5,47.5,1,27,0,252.0,0,1,1,1,1,0,3.3,1.5999999999999999,1.22,1.3103434664239755,0.0,3.3,,,0.0,0.0,0.0,,1.0,1.0,0.6,,3.0,1.3333,1.0,,2.0,1.0,0.8,3.0,2.0,1.4,4.0,2.3333,1.6,,0.0,0.0,2.0,1.3333,11.0,4.6667,13.0,6.0,0.0,0.0,0.08823529411764706,0.04090601757944557,0.029806768442404187,,-0.015665796344647518,-0.013513806078398262,-0.007618087568607585,0.12138688373521733,0.05189936211428958,0.03937749136558097,1,3,5,26.0,13.0,10.0,0.41,0.20333333333333334,0.154,,,1.3333333333333333,3.5,4.666666666666667,0.6857142857142857,2.5714285714285716,133,0,1,22.200000000000003,27.166666666666668,26.080000000000005,,22,31.666666666666668,,,,,
2026,1,2026_01_NYJ_TEN,2026-09-13,00-0039794,Braelon Allen,RB,NYJ,TEN,AWAY,outdoors,grass,0,7,7,3.0,38.5,0,21,0,349.0,0,1,1,1,1,0,0.6000000000000001,2.8000000000000003,3.9200000000000004,2.9886451780029026,0.6000000000000001,6.9,,,0.0,0.0,0.0,,4.0,4.0,4.4,,0.0,1.0,1.2,,0.0,0.6667,0.8,4.0,4.6667,5.2,4.0,5.0,5.6,,0.0,0.0,26.0,22.3333,0.0,5.6667,26.0,28.0,0.0,0.0,0.0,0.034920634920634915,0.03809523809523809,,0.0,0.016563146997929604,0.013356691617561183,0.0,0.06397515527950311,0.06649254127514996,1,3,5,6.0,12.666666666666666,14.4,0.1,0.20666666666666667,0.23000000000000004,,,5.583333333333333,5.666666666666667,8.5,0.56,5.6,133,0,1,13.100000000000001,15.100000000000001,17.060000000000002,,20,18.666666666666668,,,,,
2026,1,2026_01_BAL_IND,2026-09-13,00-0039796,Rasheen Ali,RB,BAL,IND,AWAY,,fieldturf,0,7,7,-3.5,48.5,0,20,0,252.0,0,1,1,1,1,0,0.0,1.6666666666666667,3.9,4.270831300812524,0.0,11.2,,,0.0,0.0,0.0,,1.0,0.3333,0.4,,0.0,1.6667,2.0,,0.0,1.3333,1.6,1.0,1.6667,2.0,1.0,2.0,2.4,,0.0,0.0,0.0,0.0,0.0,3.3333,0.0,3.3333,0.0,0.0,0.0,0.08333333333333333,0.10151515151515152,,0.0,-0.00034113060428849856,-0.0009466926599217551,0.0,0.12476120857699806,0.15161004241078205,1,3,5,8.0,11.666666666666666,14.6,0.16,0.19333333333333336,0.238,,,0.0,2.0,2.5,0.8333333333333334,1.6666666666666667,133,0,1,15.3,21.166666666666668,18.400000000000002,,34,31.0,,,,,
2026,1,2026_01_NYJ_TEN,2026-09-13,00-0039798,Isaiah Davis,RB,NYJ,TEN,AWAY,outdoors,grass,0,7,7,3.0,38.5,0,29,0,259.0,0,1,1,1,1,0,3.0,8.833333333333334,5.74,5.730445008897651,0.0,13.5,,,0.0,0.0,0.0,,3.0,5.0,3.4,,1.0,2.0,1.4,,1.0,2.0,1.2,4.0,7.0,4.6,4.0,7.0,4.8,,0.0,0.0,11.0,25.6667,9.0,22.6667,20.0,48.3333,0.0,0.3333,0.03125,0.06004901960784314,0.04248102466793169,,-0.03333333333333333,-0.024216327275171135,-0.010768040879209264,0.02354166666666667,0.0731221003191449,0.05618390838645104,1,3,5,8.0,19.333333333333332,16.0,0.13,0.29,0.246,,,5.133333333333334,11.333333333333334,11.333333333333334,1.2619047619047619,6.904761904761905,133,0,1,13.100000000000001,15.100000000000001,17.060000000000002,,20,18.666666666666668,,,,,
2026,1,2026_01_GB_MIN,2026-09-13,00-0039811,MarShawn Lloyd,RB,GB,MIN,AWAY,dome,sportturf,0,7,7,1.5,45.5,1,1,0,728.0,0,1,1,0,0,0,2.8,2.8,2.8,,2.8,2.8,,,0.0,0.0,0.0,,6.0,6.0,6.0,,1.0,1.0,1.0,,1.0,1.0,1.0,7.0,7.0,7.0,7.0,7.0,7.0,,0.0,0.0,15.0,15.0,3.0,3.0,18.0,18.0,0.0,0.0,0.07692307692307693,0.07692307692307693,0.07692307692307693,,-0.052083333333333336,-0.052083333333333336,-0.052083333333333336,0.07892628205128205,0.07892628205128205,0.07892628205128205,1,1,1,10.0,10.0,10.0,0.14,0.14,0.14,,,2.5,3.0,3.0,0.39999999999999997,2.5714285714285716,133,0,1,11.900000000000002,13.233333333333334,16.220000000000002,,32,31.333333333333332,,,,,
2026,1,2026_01_MIA_LV,2026-09-13,00-0039874,Jaylen Wright,RB,MIA,LV,AWAY,dome,grass,0,7,7,3.5,40.5,0,22,0,252.0,0,1,1,1,1,0,4.0,7.300000000000001,8.14,6.137018820241634,2.1,16.700000000000003,,,0.0,0.0,0.0,,13.0,9.0,10.4,,2.0,1.3333,1.6,,2.0,1.0,0.8,15.0,10.0,11.2,15.0,10.3333,12.0,,0.0,0.0,23.0,38.0,17.0,11.6667,40.0,49.6667,0.0,0.3333,0.08333333333333333,0.05076628352490422,0.06672350637867878,,-0.05,-0.025606641123882504,-0.049048195200645295,0.09,0.058224776500638564,0.0657515229275665,1,3,5,26.0,17.333333333333332,18.0,0.46,0.30666666666666664,0.30399999999999994,,,4.222222222222222,8.75,11.666666666666666,0.7064516129032259,4.806451612903226,133,0,1,15.3,19.03333333333333,21.84,,29,28.666666666666668,,,,,
2026,1,2026_01_BUF_HOU,2026-09-13,00-0039875,Ray Davis,RB,BUF,HOU,AWAY,,astroturf,0,7,7,-1.5,44.5,0,34,0,252.0,0,1,1,1,1,0,25.400000000000002,11.133333333333335,7.140000000000001,10.385952050726983,0.0,25.400000000000002,,,0.0,0.0,0.0,,21.0,8.3333,5.0,,2.0,1.6667,1.2,,2.0,1.6667,1.2,23.0,10.0,6.2,23.0,10.0,6.2,,0.0,0.0,151.0,56.3333,23.0,18.3333,174.0,74.6667,1.0,0.3333,0.07142857142857142,0.07094757094757094,0.050260850260850254,,-0.03015075376884422,0.0009690324902750675,-0.0001593212465756999,0.08603732950466618,0.10709967916454897,0.0752797505186724,1,3,5,48.0,22.0,15.2,0.64,0.31,0.21600000000000003,,,6.76,11.0,11.0,1.1133333333333335,7.466666666666667,133,0,1,13.700000000000001,22.5,19.32,,28,26.333333333333332,,,,,
2026,1,2026_01_ARI_LAC,2026-09-13,00-0039921,Trey Benson,RB,ARI,LAC,AWAY,dome,matrixturf,0,7,7,10.5,46.5,0,16,0,353.0,0,1,1,1,1,0,10.4,8.966666666666667,7.5200000000000005,3.1091799561942377,2.2,10.4,,,0.0,0.0,0.0,,8.0,7.0,6.8,,5.0,5.0,3.2,,5.0,4.0,2.6,13.0,11.0,9.4,13.0,12.0,10.0,,0.0,0.0,35.0,30.3333,19.0,19.3333,54.0,49.6667,0.0,0.0,0.125,0.16088235294117648,0.10342596348884381,,-0.04201680672268908,-0.03243780563072687,-0.02187232193265299,0.15808823529411764,0.21861706547025586,0.1398283198804086,1,3,5,37.0,33.666666666666664,26.8,0.55,0.5333333333333333,0.418,,,4.333333333333333,3.8666666666666667,4.833333333333333,0.7472222222222222,4.138888888888889,133,0,1,15.700000000000001,12.966666666666667,12.8,,31,28.0,,,,,
2026,1,2026_01_DAL_NYG,2026-09-13,00-0040021,Phil Mafah,RB,DAL,NYG,AWAY,outdoors,fieldturf,0,7,7,-2.5,48.5,1,1,0,252.0,0,1,1,0,0,0,10.9,10.9,10.9,,10.9,10.9,,,0.0,0.0,0.0,,5.0,5.0,5.0,,2.0,2.0,2.0,,2.0,2.0,2.0,7.0,7.0,7.0,7.0,7.0,7.0,,0.0,0.0,18.0,18.0,11.0,11.0,29.0,29.0,1.0,1.0,0.08695652173913043,0.08695652173913043,0.08695652173913043,,-0.06179775280898876,-0.06179775280898876,-0.06179775280898876,0.08717635564240352,0.08717635564240352,0.08717635564240352,1,1,1,10.0,10.0,10.0,0.18,0.18,0.18,,,3.6,5.5,5.5,1.5571428571428572,4.142857142857143,133,0,1,25.9,17.0,18.080000000000002,,26,25.0,,,,,
2026,1,2026_01_ARI_LAC,2026-09-13,00-0040039,Amar Johnson,RB,LAC,ARI,HOME,dome,matrixturf,1,7,7,10.5,46.5,0,1,0,301.0,0,1,1,0,0,0,0.8,0.8,0.8,,0.8,0.8,,,0.0,0.0,0.0,,2.0,2.0,2.0,,1.0,1.0,1.0,,0.0,0.0,0.0,2.0,2.0,2.0,3.0,3.0,3.0,,0.0,0.0,8.0,8.0,0.0,0.0,8.0,8.0,0.0,0.0,0.041666666666666664,0.041666666666666664,0.041666666666666664,,-0.010869565217391304,-0.010869565217391304,-0.010869565217391304,0.05489130434782609,0.05489130434782609,0.05489130434782609,1,1,1,4.0,4.0,4.0,0.08,0.08,0.08,,,4.0,0.0,,0.26666666666666666,2.6666666666666665,133,0,1,19.0,32.46666666666667,34.06,,31,36.0,,,,,
2026,1,2026_01_NE_SEA,2026-09-09,00-0040067,Jacardia Wright,RB,SEA,NE,HOME,outdoors,fieldturf,1,7,7,3.5,44.5,0,1,0,353.0,0,1,1,0,0,0,2.0,2.0,2.0,,2.0,2.0,,,0.0,0.0,0.0,,5.0,5.0,5.0,,0.0,0.0,0.0,,0.0,0.0,0.0,5.0,5.0,5.0,5.0,5.0,5.0,,0.0,0.0,20.0,20.0,0.0,0.0,20.0,20.0,0.0,0.0,0.0,0.0,0.0,,0.0,0.0,0.0,0.0,0.0,0.0,1,1,1,5.0,5.0,5.0,0.09,0.09,0.09,,,4.0,,,0.4,4.0,133,0,1,6.1,19.966666666666665,24.52,,25,28.0,,,,,
2026,1,2026_01_DEN_KC,2026-09-14,00-0040078,Brashard Smith,RB,KC,DEN,HOME,outdoors,grass,1,7,7,3.0,42.5,1,17,0,253.0,0,1,1,1,1,0,7.800000000000001,6.233333333333334,3.9,4.401704215414752,0.1,9.5,,,0.0,0.0,0.0,,12.0,4.0,3.0,,4.0,3.0,1.8,,2.0,2.0,1.2,14.0,6.0,4.2,16.0,7.0,4.8,,0.0,0.0,56.0,18.6667,2.0,3.6667,58.0,22.3333,0.0,0.3333,0.13333333333333333,0.12626262626262627,0.07575757575757576,,-0.07623318385650224,-0.07898248985692931,-0.04738949391415759,0.14663677130044844,0.1341061964940889,0.08046371789645333,1,3,5,34.0,16.0,11.2,0.53,0.2833333333333334,0.196,,,4.666666666666667,1.2222222222222223,1.8333333333333333,0.8904761904761906,3.1904761904761907,133,0,1,9.0,14.366666666666667,15.240000000000004,,17,20.666666666666668,,,,,
2026,1,2026_01_MIA_LV,2026-09-13,00-0040122,Ashton Jeanty,RB,LV,MIA,HOME,dome,grass,1,7,7,3.5,40.5,0,17,0,252.0,0,1,1,1,1,0,12.4,17.833333333333332,13.5,10.501428474260061,5.800000000000001,31.8,,,0.0,0.0,0.0,,26.0,22.0,17.0,,5.0,3.0,3.8,,3.0,2.0,2.4,29.0,24.0,19.4,31.0,25.0,20.8,,0.0,0.0,87.0,91.6667,7.0,26.6667,94.0,118.3333,0.0,0.6667,0.19230769230769232,0.11821511821511821,0.14750049950049948,,-0.06637168141592921,0.04320859910360927,0.0490460997652896,0.24200136147038803,0.2075686966952038,0.255583019086452,1,3,5,60.0,52.666666666666664,44.6,0.97,0.9033333333333333,0.8240000000000001,,,4.166666666666667,8.88888888888889,13.333333333333334,0.7133333333333334,4.733333333333333,133,0,1,53.89999999999999,37.46666666666666,29.339999999999996,,27,26.333333333333332,,,,,
2026,1,2026_01_ATL_PIT,2026-09-13,00-0040142,Kaleb Johnson,RB,PIT,ATL,HOME,outdoors,grass,1,7,7,3.0,42.5,0,10,0,272.0,0,1,1,1,1,0,0.4,0.3666666666666667,0.58,0.5167204273105525,0.30000000000000004,1.5,,,0.0,0.0,0.0,,2.0,2.0,2.6,,0.0,0.0,0.0,,0.0,0.0,0.0,2.0,2.0,2.6,2.0,2.0,2.6,,0.0,0.0,4.0,3.6667,0.0,0.0,4.0,3.6667,0.0,0.0,0.0,0.0,0.0,,0.0,0.0,0.0,0.0,0.0,0.0,1,3,5,2.0,2.6666666666666665,4.0,0.03,0.05333333333333334,0.072,,,1.8333333333333333,,,0.18333333333333335,1.8333333333333333,133,0,1,16.700000000000003,15.9,15.7,,28,25.333333333333332,,,,,
2026,1,2026_01_CLE_JAX,2026-09-13,00-0040162,Dylan Sampson,RB,CLE,JAX,AWAY,outdoors,grass,0,7,7,7.5,40.5,0,15,0,252.0,0,1,1,1,1,0,6.4,7.3,8.080000000000002,5.262793934784071,2.3000000000000003,16.200000000000003,,,0.0,0.0,0.0,,10.0,7.6667,6.8,,3.0,4.0,3.0,,2.0,3.3333,2.4,12.0,11.0,9.2,13.0,11.6667,9.8,,0.0,0.0,32.0,21.0,12.0,25.3333,44.0,46.3333,0.0,0.0,0.14285714285714285,0.14372888743598125,0.11957066579492208,,-0.03571428571428571,-0.03811114002370833,-0.041328222475763454,0.18928571428571428,0.18891553313737605,0.1504262429593487,1,3,5,26.0,23.333333333333332,20.2,0.5,0.41,0.358,,,2.739130434782609,6.333333333333333,7.6,0.6257142857142857,3.9714285714285715,133,0,1,19.2,21.666666666666668,19.8,,27,25.0,,,,,
2026,1,2026_01_SF_LA,2026-09-10,00-0040177,Jordan James,RB,SF,LA,AWAY,dome,matrixturf,0,7,7,3.5,48.5,1,0,0,,1,1,0,0,0,0,,,,,,,,,,,,,,,,,,,,,,,,,,,,,,,,,,,,,,,,,,,,,,,,,,,0,0,0,,,,,,,,,,,,,,133,0,1,18.400000000000002,34.46666666666667,26.78,,19,28.666666666666668,,,,,
2026,1,2026_01_BAL_IND,2026-09-13,00-0040179,DJ Giddens,RB,IND,BAL,HOME,,fieldturf,1,7,7,-3.5,48.5,0,5,0,252.0,0,1,1,1,1,0,3.0,1.8333333333333333,1.9200000000000004,1.7541379649275028,0.0,4.1000000000000005,,,0.0,0.0,0.0,,8.0,4.6667,5.2,,0.0,0.3333,0.4,,0.0,0.0,0.0,8.0,4.6667,5.2,8.0,5.0,5.6,,0.0,0.0,30.0,18.3333,0.0,0.0,30.0,18.3333,0.0,0.0,0.0,0.01075268817204301,0.012512218963831867,,0.0,0.0,-0.00364741641337386,0.0,0.016129032258064516,0.0162151369563861,1,3,5,20.0,12.333333333333334,12.0,0.31,0.19666666666666668,0.18200000000000002,,,3.9285714285714284,0.0,,0.36666666666666664,3.6666666666666665,133,0,1,36.3,21.03333333333333,23.24,,33,20.333333333333332,,,,,
2026,1,2026_01_MIA_LV,2026-09-13,00-0040198,Ollie Gordon II,RB,MIA,LV,AWAY,dome,grass,0,7,7,3.5,40.5,0,17,0,252.0,0,1,1,1,1,0,2.1,0.6666666666666666,1.9400000000000002,3.350074626034471,-0.1,7.7,,,0.0,0.0,0.0,,9.0,3.3333,3.4,,1.0,0.3333,0.2,,1.0,0.3333,0.2,10.0,3.6667,3.6,10.0,3.6667,3.6,,0.0,0.0,9.0,2.6667,2.0,0.6667,11.0,3.3333,0.0,0.0,0.041666666666666664,0.013888888888888888,0.008333333333333333,,-0.05625,-0.01875,-0.01125,0.023125,0.0077083333333333335,0.004625,1,3,5,20.0,10.333333333333334,10.6,0.36,0.18666666666666668,0.186,,,0.8,2.0,2.0,0.18181818181818182,0.9090909090909091,133,0,1,15.3,19.03333333333333,21.84,,29,28.666666666666668,,,,,
2026,1,2026_01_NO_DET,2026-09-13,00-0040202,Devin Neal,RB,NO,DET,AWAY,dome,fieldturf,0,7,7,7.0,48.5,0,9,0,273.0,0,1,1,1,1,0,10.2,11.833333333333334,10.540000000000001,3.323100961451518,6.1,15.4,,,0.0,0.0,0.0,,7.0,13.3333,10.2,,1.0,1.6667,3.0,,1.0,1.6667,2.6,8.0,15.0,12.8,8.0,15.0,13.2,,0.0,0.0,28.0,48.3333,4.0,13.3333,32.0,61.6667,1.0,0.6667,0.03225806451612903,0.05683111954459203,0.08973373433856202,,0.011152416356877323,-0.010548523206751056,-0.024072843697513415,0.056193788224007675,0.07786271307216232,0.11774961091958365,1,3,5,22.0,40.666666666666664,41.0,0.32,0.6166666666666666,0.5879999999999999,,,3.625,8.0,8.0,0.7888888888888889,4.111111111111111,133,0,1,11.700000000000001,27.433333333333337,26.5,,19,26.666666666666668,,,,,
2026,1,2026_01_NYJ_TEN,2026-09-13,00-0040205,Kalel Mullings,RB,TEN,NYJ,HOME,outdoors,grass,1,7,7,3.0,38.5,0,4,0,259.0,0,1,1,1,0,0,0.4,0.23333333333333336,0.17500000000000002,0.20615528128088306,0.0,0.4,,,0.0,0.0,0.0,,1.0,1.0,0.75,,0.0,0.0,0.0,,0.0,0.0,0.0,1.0,1.0,0.75,1.0,1.0,0.75,,0.0,0.0,4.0,2.3333,0.0,0.0,4.0,2.3333,0.0,0.0,0.0,0.0,0.0,,0.0,0.0,0.0,0.0,0.0,0.0,1,3,4,1.0,2.6666666666666665,2.0,0.01,0.04,0.030000000000000002,,,2.3333333333333335,,,0.23333333333333336,2.3333333333333335,133,0,1,50.10000000000001,30.96666666666667,35.64000000000001,,43,31.0,,,,,
2026,1,2026_01_TB_CIN,2026-09-13,00-0040208,Tahj Brooks,RB,CIN,TB,HOME,outdoors,fieldturf,1,7,7,3.5,51.5,0,12,0,259.0,0,1,1,1,1,0,2.9000000000000004,1.2000000000000002,0.9200000000000002,1.136661779070626,0.0,2.9000000000000004,,,0.0,0.0,0.0,,3.0,2.3333,2.0,,1.0,0.3333,0.4,,1.0,0.3333,0.2,4.0,2.6667,2.2,4.0,2.6667,2.4,,0.0,0.0,10.0,5.6667,9.0,3.0,19.0,8.6667,0.0,0.0,0.030303030303030304,0.010101010101010102,0.011942959001782532,,-0.007462686567164179,-0.0024875621890547263,-0.0032782515991471215,0.04023066485753053,0.013410221619176843,0.01561966238327081,1,3,5,11.0,6.0,6.8,0.14,0.08333333333333333,0.1,,,2.4285714285714284,9.0,9.0,0.45000000000000007,3.25,133,0,1,6.7,13.066666666666668,17.8,,16,21.333333333333332,,,,,
2026,1,2026_01_CHI_CAR,2026-09-13,00-0040236,Kyle Monangai,RB,CHI,CAR,AWAY,outdoors,grass,0,7,7,-2.5,47.5,0,17,0,252.0,0,1,1,1,1,0,5.9,8.633333333333333,7.58,3.34245418816773,3.3000000000000003,12.3,,,0.0,0.0,0.0,,6.0,7.6667,9.6,,1.0,3.0,2.6,,1.0,2.3333,1.6,7.0,10.0,11.2,7.0,10.6667,12.2,,0.0,0.0,14.0,34.0,15.0,22.3333,29.0,56.3333,0.0,0.0,0.034482758620689655,0.09165929855585027,0.08409610823403926,,0.026923076923076925,0.015651461729951754,0.0034604316444384114,0.07057029177718832,0.14844497104474166,0.12856646450216577,1,3,5,23.0,26.333333333333332,27.2,0.42,0.4266666666666667,0.422,,,4.434782608695652,7.444444444444445,9.571428571428571,0.809375,5.28125,133,0,1,16.5,23.933333333333337,23.7,,41,36.0,,,,,
2026,1,2026_01_CLE_JAX,2026-09-13,00-0040238,LeQuint Allen Jr.,RB,JAX,CLE,HOME,outdoors,grass,1,7,7,7.5,40.5,0,16,0,259.0,0,1,1,1,1,0,0.30000000000000004,1.3,1.34,1.295376393176902,0.0,2.8,,,0.0,0.0,0.0,,1.0,3.0,1.8,,0.0,0.3333,0.6,,0.0,0.3333,0.6,1.0,3.3333,2.4,1.0,3.3333,2.4,,0.0,0.0,3.0,8.0,0.0,1.6667,3.0,9.6667,0.0,0.0,0.0,0.011904761904761904,0.020046082949308756,,0.0,-0.0019267822736030828,-0.005360273568366054,0.0,0.016508395265620698,0.026316932926106894,1,3,5,13.0,17.333333333333332,16.6,0.19,0.26,0.254,,,2.6666666666666665,5.0,5.0,0.39,2.9,133,0,1,27.2,26.599999999999998,28.1,,31,26.666666666666668,,,,,
2026,1,2026_01_WAS_PHI,2026-09-13,00-0040242,Jacory Croskey-Merritt,RB,WAS,PHI,AWAY,outdoors,grass,0,7,7,4.5,47.5,1,17,0,252.0,0,1,1,1,1,0,2.9000000000000004,11.299999999999999,10.54,8.441741526486108,2.9000000000000004,22.5,,,0.0,0.0,0.0,,13.0,10.6667,11.4,,0.0,0.0,0.0,,0.0,0.0,0.0,13.0,10.6667,11.4,13.0,10.6667,11.4,,0.0,0.0,29.0,53.0,0.0,0.0,29.0,53.0,0.0,1.0,0.0,0.0,0.0,,0.0,0.0,0.0,0.0,0.0,0.0,1,3,5,25.0,21.333333333333332,21.2,0.36,0.4000000000000001,0.38199999999999995,,,4.96875,,,1.059375,4.96875,133,0,1,20.300000000000004,22.333333333333332,20.580000000000002,,32,31.666666666666668,,,,,
2026,1,2026_01_CLE_JAX,2026-09-13,00-0040260,Ahmani Marshall,RB,CLE,JAX,AWAY,outdoors,grass,0,7,7,7.5,40.5,0,0,0,,1,1,0,0,0,0,,,,,,,,,,,,,,,,,,,,,,,,,,,,,,,,,,,,,,,,,,,,,,,,,,,0,0,0,,,,,,,,,,,,,,133,0,1,19.2,21.666666666666668,19.8,,27,25.0,,,,,
2026,1,2026_01_NO_DET,2026-09-13,00-0040393,Kye Robichaux,RB,DET,NO,HOME,dome,fieldturf,1,7,7,7.0,48.5,0,0,0,,1,1,0,0,0,0,,,,,,,,,,,,,,,,,,,,,,,,,,,,,,,,,,,,,,,,,,,,,,,,,,,0,0,0,,,,,,,,,,,,,,133,0,1,10.2,13.833333333333334,18.04,,27,27.333333333333332,,,,,
2026,1,2026_01_CHI_CAR,2026-09-13,00-0040394,Anthony Tyus III,RB,CAR,CHI,HOME,outdoors,grass,1,7,7,-2.5,47.5,0,0,0,,1,1,0,0,0,0,,,,,,,,,,,,,,,,,,,,,,,,,,,,,,,,,,,,,,,,,,,,,,,,,,,0,0,0,,,,,,,,,,,,,,133,0,1,26.8,24.033333333333335,19.860000000000003,,33,32.0,,,,,
2026,1,2026_01_MIA_LV,2026-09-13,00-0040400,Donovan Edwards,RB,MIA,LV,AWAY,dome,grass,0,7,7,3.5,40.5,0,0,0,,1,1,0,0,0,0,,,,,,,,,,,,,,,,,,,,,,,,,,,,,,,,,,,,,,,,,,,,,,,,,,,0,0,0,,,,,,,,,,,,,,133,0,1,15.3,19.03333333333333,21.84,,29,28.666666666666668,,,,,
2026,1,2026_01_TB_CIN,2026-09-13,00-0040429,Josh Williams,RB,TB,CIN,AWAY,outdoors,fieldturf,0,7,7,3.5,51.5,0,2,0,322.0,0,1,1,0,0,0,1.1,0.55,0.55,0.7778174593052023,0.0,1.1,,,0.0,0.0,0.0,,4.0,2.0,2.0,,0.0,0.0,0.0,,0.0,0.0,0.0,4.0,2.0,2.0,4.0,2.0,2.0,,0.0,0.0,11.0,5.5,0.0,0.0,11.0,5.5,0.0,0.0,0.0,0.0,0.0,,0.0,0.0,0.0,0.0,0.0,0.0,1,2,2,6.0,4.0,4.0,0.1,0.065,0.065,,,2.75,,,0.275,2.75,132,0,1,13.700000000000001,18.133333333333336,19.84,,22,24.0,,,,,
2026,1,2026_01_CLE_JAX,2026-09-13,00-0040466,Raheim Sanders,RB,CLE,JAX,AWAY,outdoors,grass,0,7,7,7.5,40.5,0,4,0,252.0,0,1,1,1,0,0,4.300000000000001,4.666666666666667,5.075,1.053169818531972,4.1,6.3,,,0.0,0.0,0.0,,5.0,8.0,6.75,,1.0,1.3333,1.0,,1.0,1.0,0.75,6.0,9.0,7.5,6.0,9.3333,7.75,,0.0,0.0,26.0,29.6667,7.0,7.0,33.0,36.6667,0.0,0.0,0.047619047619047616,0.05720420213173836,0.04290315159880377,,-0.01020408163265306,0.03401908267332698,0.025514312004995234,0.06428571428571428,0.10961966106893643,0.08221474580170232,1,3,4,14.0,18.666666666666668,14.75,0.27,0.33,0.2575,,,3.7083333333333335,5.25,7.0,0.5,3.9285714285714284,133,0,1,19.2,21.666666666666668,19.8,,27,25.0,,,,,
2026,1,2026_01_BAL_IND,2026-09-13,00-0040476,Ulysses Bentley IV,RB,IND,BAL,HOME,,fieldturf,1,7,7,-3.5,48.5,0,1,0,371.0,0,1,1,0,0,0,0.0,0.0,0.0,,0.0,0.0,,,0.0,0.0,0.0,,1.0,1.0,1.0,,0.0,0.0,0.0,,0.0,0.0,0.0,1.0,1.0,1.0,1.0,1.0,1.0,,0.0,0.0,0.0,0.0,0.0,0.0,0.0,0.0,0.0,0.0,0.0,0.0,0.0,,0.0,0.0,0.0,0.0,0.0,0.0,1,1,1,2.0,2.0,2.0,0.03,0.03,0.03,,,0.0,,,0.0,0.0,133,0,1,36.3,21.03333333333333,23.24,,33,20.333333333333332,,,,,
2026,1,2026_01_ATL_PIT,2026-09-13,00-0040547,Nate Carter,RB,ATL,PIT,AWAY,outdoors,grass,0,7,7,3.0,42.5,0,2,0,322.0,0,1,1,0,0,0,1.4000000000000001,2.0000000000000004,2.0000000000000004,0.8485281374238572,1.4000000000000001,2.6000000000000005,,,0.0,0.0,0.0,,2.0,4.5,4.5,,0.0,0.0,0.0,,0.0,0.0,0.0,2.0,4.5,4.5,2.0,4.5,4.5,,0.0,0.0,14.0,30.0,0.0,0.0,14.0,30.0,0.0,0.0,0.0,0.0,0.0,,0.0,0.0,0.0,0.0,0.0,0.0,0,0,0,,,,,,,,,6.666666666666667,,,0.44444444444444453,6.666666666666667,133,0,1,14.600000000000001,16.533333333333335,18.5,,25,25.0,,,,,
2026,1,2026_01_ARI_LAC,2026-09-13,00-0040556,Corey Kiner,RB,ARI,LAC,AWAY,dome,matrixturf,0,7,7,10.5,46.5,0,4,0,252.0,0,1,1,1,0,0,4.800000000000001,2.733333333333334,2.325,2.0742468512691543,0.2,4.800000000000001,,,0.0,0.0,0.0,,3.0,3.3333,3.0,,3.0,1.0,0.75,,2.0,0.6667,0.5,5.0,4.0,3.5,6.0,4.3333,3.75,,0.0,0.0,13.0,15.6667,15.0,5.0,28.0,20.6667,0.0,0.0,0.10714285714285714,0.03571428571428571,0.026785714285714284,,0.043824701195219126,0.014608233731739709,0.010956175298804782,0.19139157655093908,0.06379719218364636,0.04784789413773477,1,3,4,14.0,8.333333333333334,7.5,0.25,0.15,0.1325,,,4.7,5.0,7.5,0.6307692307692309,4.769230769230769,133,0,1,15.700000000000001,12.966666666666667,12.8,,31,28.0,,,,,
2026,1,2026_01_NE_SEA,2026-09-09,00-0040568,Lan Larison,RB,NE,SEA,AWAY,outdoors,fieldturf,0,7,7,3.5,44.5,0,0,0,,1,1,0,0,0,0,,,,,,,,,,,,,,,,,,,,,,,,,,,,,,,,,,,,,,,,,,,,,,,,,,,0,0,0,,,,,,,,,,,,,,133,0,1,12.6,16.433333333333334,18.04,,17,28.666666666666668,,,,,
2026,1,2026_01_BUF_HOU,2026-09-13,00-0040583,Woody Marks,RB,HOU,BUF,HOME,,astroturf,1,7,7,-1.5,44.5,0,16,0,252.0,0,1,1,1,1,0,6.800000000000001,6.7,8.680000000000001,4.106945336865345,4.800000000000001,15.600000000000001,,,0.0,0.0,0.0,,10.0,12.0,16.2,,3.0,2.0,2.0,,2.0,1.3333,1.4,12.0,13.3333,17.6,13.0,14.0,18.2,,0.0,0.0,48.0,49.6667,0.0,4.0,48.0,53.6667,0.0,0.0,0.10714285714285714,0.07417582417582418,0.07297771672771672,,0.046632124352331605,0.04052846096644672,0.0313110544989045,0.1933567727609178,0.13963365894024896,0.13138431324080824,1,3,5,31.0,30.0,38.4,0.46,0.45333333333333337,0.554,,,4.138888888888889,2.0,3.0,0.4785714285714286,3.8333333333333335,132,0,1,7.4,13.833333333333334,21.12,,22,26.333333333333332,,,,,
2026,1,2026_01_DAL_NYG,2026-09-13,00-0040586,Jaydon Blue,RB,DAL,NYG,AWAY,outdoors,fieldturf,0,7,7,-2.5,48.5,1,5,0,252.0,0,1,1,1,1,0,12.4,6.566666666666667,4.08,4.96960763038693,0.0,12.4,,,0.0,0.0,0.0,,16.0,10.3333,7.6,,0.0,0.3333,0.2,,0.0,0.3333,0.2,16.0,10.6667,7.8,16.0,10.6667,7.8,,0.0,0.0,64.0,40.6667,0.0,1.6667,64.0,42.3333,1.0,0.3333,0.0,0.011111111111111112,0.006666666666666666,,0.0,-0.007861635220125786,-0.004716981132075472,0.0,0.011163522012578619,0.006698113207547171,1,3,5,33.0,20.666666666666668,15.6,0.6,0.33666666666666667,0.25599999999999995,,,3.935483870967742,5.0,5.0,0.6156250000000001,3.96875,133,0,1,25.9,17.0,18.080000000000002,,26,25.0,,,,,
2026,1,2026_01_SF_LA,2026-09-10,00-0040601,Jordan Waters,RB,LA,SF,HOME,dome,matrixturf,1,7,7,3.5,48.5,1,0,0,,1,1,0,0,0,0,,,,,,,,,,,,,,,,,,,,,,,,,,,,,,,,,,,,,,,,,,,,,,,,,,,0,0,0,,,,,,,,,,,,,,133,0,1,36.0,28.266666666666666,26.359999999999996,,41,29.333333333333332,,,,,
2026,1,2026_01_ATL_PIT,2026-09-13,00-0040618,Max Hurleman,RB,PIT,ATL,HOME,outdoors,grass,1,7,7,3.0,42.5,0,0,0,,1,1,0,0,0,0,,,,,,,,,,,,,,,,,,,,,,,,,,,,,,,,,,,,,,,,,,,,,,,,,,,0,0,0,,,,,,,,,,,,,,133,0,1,16.700000000000003,15.9,15.7,,28,25.333333333333332,,,,,
2026,1,2026_01_CHI_CAR,2026-09-13,00-0040644,Trevor Etienne,RB,CAR,CHI,HOME,outdoors,grass,1,7,7,-2.5,47.5,0,17,0,253.0,0,1,1,1,1,0,0.0,0.0,0.27999999999999997,0.6260990336999411,0.0,1.4,,,0.0,0.0,0.0,,0.0,0.0,0.0,,0.0,0.0,0.2,,0.0,0.0,0.2,0.0,0.0,0.2,0.0,0.0,0.2,,0.0,0.0,0.0,0.0,0.0,0.0,0.0,0.0,0.0,0.0,0.0,0.0,0.01,,0.0,0.0,0.0012903225806451613,0.0,0.0,0.015903225806451614,1,3,5,1.0,1.6666666666666667,2.0,0.02,0.03333333333333333,0.036,,,,,,,,133,0,1,26.8,24.033333333333335,19.860000000000003,,33,32.0,,,,,
2026,1,2026_01_GB_MIN,2026-09-13,00-0040651,Damien Martinez,RB,GB,MIN,AWAY,dome,sportturf,0,7,7,1.5,45.5,1,0,0,,1,1,0,0,0,0,,,,,,,,,,,,,,,,,,,,,,,,,,,,,,,,,,,,,,,,,,,,,,,,,,,0,0,0,,,,,,,,,,,,,,133,0,1,11.900000000000002,13.233333333333334,16.220000000000002,,32,31.333333333333332,,,,,
2026,1,2026_01_ARI_LAC,2026-09-13,00-0040666,Omarion Hampton,RB,LAC,ARI,HOME,dome,matrixturf,1,7,7,10.5,46.5,0,9,0,260.0,0,1,1,1,1,0,20.0,14.666666666666666,14.34,4.620930642197521,7.5,20.0,,,0.0,0.0,0.0,,14.0,15.0,14.0,,8.0,3.6667,3.8,,8.0,3.3333,3.6,22.0,18.3333,17.6,22.0,18.6667,17.8,,0.0,0.0,29.0,58.3333,31.0,15.0,60.0,73.3333,1.0,0.6667,0.25806451612903225,0.12265154200638072,0.1284822295516545,,-0.09285714285714286,-0.03441325987794389,-0.04751293113819824,0.3220967741935484,0.15988803109501035,0.159464292530743,1,3,5,51.0,36.666666666666664,34.4,0.81,0.5733333333333334,0.522,,,3.888888888888889,4.090909090909091,4.5,0.7857142857142857,3.9285714285714284,133,0,1,19.0,32.46666666666667,34.06,,31,36.0,,,,,
2026,1,2026_01_SF_LA,2026-09-10,00-0040692,Jarquez Hunter,RB,LA,SF,HOME,dome,matrixturf,1,7,7,3.5,48.5,1,0,0,,1,1,0,0,0,0,,,,,,,,,,,,,,,,,,,,,,,,,,,,,,,,,,,,,,,,,,,,,,,,,,,0,0,0,,,,,,,,,,,,,,133,0,1,36.0,28.266666666666666,26.359999999999996,,41,29.333333333333332,,,,,
2026,1,2026_01_DAL_NYG,2026-09-13,00-0040715,Cam Skattebo,RB,NYG,DAL,HOME,outdoors,fieldturf,1,7,7,-2.5,48.5,1,8,0,322.0,0,1,1,1,1,0,10.0,19.8,17.36,8.201707139370438,10.0,31.0,,,0.0,0.0,0.0,,3.0,12.6667,15.6,,2.0,3.3333,3.8,,1.0,2.0,2.8,4.0,14.6667,18.4,5.0,16.0,19.4,,0.0,0.0,12.0,56.6667,18.0,21.3333,30.0,78.0,1.0,1.6667,0.09090909090909091,0.11655011655011656,0.12582750582750585,,0.07234042553191489,0.010468251005765003,-0.018459153354957635,0.18700193423597677,0.18215295052921032,0.17581985139278838,1,3,5,11.0,35.333333333333336,42.6,0.21,0.5066666666666667,0.5900000000000001,,,4.473684210526316,6.4,10.666666666666666,1.2375,4.875,133,0,1,38.5,28.0,29.54,,36,26.0,,,,,
2026,1,2026_01_CLE_JAX,2026-09-13,00-0040719,Bhayshul Tuten,RB,JAX,CLE,HOME,outdoors,grass,1,7,7,7.5,40.5,0,15,0,252.0,0,1,1,1,1,0,8.3,5.366666666666667,5.340000000000001,4.928285706003661,-1.5,9.3,,,0.0,0.0,0.0,,5.0,2.6667,4.6,,0.0,0.3333,0.6,,0.0,0.3333,0.4,5.0,3.0,5.0,5.0,3.0,5.2,,0.0,0.0,23.0,11.6667,0.0,5.3333,23.0,17.0,1.0,0.6667,0.0,0.011904761904761904,0.02180952380952381,,0.0,0.01252408477842004,0.009733939728607307,0.0,0.026624002202036885,0.03952804352431083,1,3,5,16.0,9.666666666666666,12.0,0.26,0.15666666666666665,0.194,,,4.375,16.0,16.0,1.788888888888889,5.666666666666667,133,0,1,27.2,26.599999999999998,28.1,,31,26.666666666666668,,,,,
2026,1,2026_01_DEN_KC,2026-09-14,00-0040730,RJ Harvey,RB,DEN,KC,AWAY,outdoors,grass,0,7,7,3.0,42.5,1,17,0,253.0,0,1,1,1,1,0,4.300000000000001,15.0,15.5,7.839961734600495,4.300000000000001,22.1,,,0.0,0.0,0.0,,15.0,12.0,14.4,,4.0,5.0,4.4,,1.0,3.3333,3.2,16.0,15.3333,17.6,19.0,17.0,18.8,,0.0,0.0,28.0,40.3333,5.0,36.3333,33.0,76.6667,0.0,0.6667,0.17391304347826086,0.1482569526047787,0.12853750489620056,,-0.19230769230769232,-0.0569453430936338,-0.03940456395731547,0.1262541806020067,0.1825236887416244,0.16522306257418,1,3,5,33.0,39.666666666666664,43.0,0.56,0.6,0.632,,,3.361111111111111,7.266666666666667,10.9,0.8823529411764706,4.509803921568627,133,0,1,14.4,22.933333333333337,20.9,,33,33.666666666666664,,,,,
2026,1,2026_01_NE_SEA,2026-09-09,00-0040734,TreVeyon Henderson,RB,NE,SEA,AWAY,outdoors,fieldturf,0,7,7,3.5,44.5,0,17,0,248.0,0,1,1,1,1,0,17.3,9.233333333333334,13.88,10.5908923136816,2.2,30.1,,,0.0,0.0,0.0,,13.0,12.3333,12.4,,0.0,0.3333,1.6,,0.0,0.3333,1.2,13.0,12.6667,13.6,13.0,12.6667,14.0,,0.0,0.0,53.0,46.0,0.0,3.0,53.0,49.0,2.0,0.6667,0.0,0.007936507936507936,0.0587012987012987,,0.0,0.0014064697609001405,0.013972018357041923,0.0,0.012889290737392001,0.0978323609018774,1,3,5,24.0,24.0,25.8,0.41,0.3733333333333333,0.418,,,3.72972972972973,9.0,9.0,0.7289473684210527,3.8684210526315788,133,0,1,12.6,16.433333333333334,18.04,,17,28.666666666666668,,,,,
2026,1,2026_01_CLE_JAX,2026-09-13,00-0040784,Quinshon Judkins,RB,CLE,JAX,AWAY,outdoors,grass,0,7,7,7.5,40.5,0,14,0,266.0,0,1,1,1,1,0,10.100000000000001,8.066666666666668,11.360000000000001,4.972725610769208,4.7,16.7,,,0.0,0.0,0.0,,8.0,11.3333,14.6,,6.0,4.3333,3.2,,5.0,3.0,2.4,13.0,14.3333,17.0,14.0,15.6667,17.8,,0.0,0.0,22.0,23.0,29.0,27.6667,51.0,50.6667,0.0,0.0,0.2222222222222222,0.14340061623593034,0.11212732626329731,,-0.014492753623188406,-0.00925299942681367,-0.014800354569382997,0.32318840579710145,0.2086238247551259,0.15783074119637788,1,3,5,26.0,32.0,31.8,0.39,0.5066666666666667,0.522,,,2.0294117647058822,6.384615384615385,9.222222222222221,0.5148936170212767,3.234042553191489,133,0,1,19.2,21.666666666666668,19.8,,27,25.0,,,,,
2026,1,2026_01_NYJ_TEN,2026-09-13,00-0040886,Nicholas Singleton,RB,TEN,NYJ,HOME,outdoors,grass,1,7,7,3.0,38.5,0,0,0,,1,1,0,0,0,0,,,,,,,,,,,,,,,,,,,,,,,,,,,,,,,,,,,,,,,,,,,,,,,,,,,0,0,0,,,,,,,,,,,,,,133,0,1,50.10000000000001,30.96666666666667,35.64000000000001,,43,31.0,,,,,
2026,1,2026_01_BAL_IND,2026-09-13,00-0040888,Adam Randall,RB,BAL,IND,AWAY,,fieldturf,0,7,7,-3.5,48.5,0,0,0,,1,1,0,0,0,0,,,,,,,,,,,,,,,,,,,,,,,,,,,,,,,,,,,,,,,,,,,,,,,,,,,0,0,0,,,,,,,,,,,,,,133,0,1,15.3,21.166666666666668,18.400000000000002,,34,31.0,,,,,
2026,1,2026_01_GB_MIN,2026-09-13,00-0040946,Jaden Nixon,RB,GB,MIN,AWAY,dome,sportturf,0,7,7,1.5,45.5,1,0,0,,1,1,0,0,0,0,,,,,,,,,,,,,,,,,,,,,,,,,,,,,,,,,,,,,,,,,,,,,,,,,,,0,0,0,,,,,,,,,,,,,,133,0,1,11.900000000000002,13.233333333333334,16.220000000000002,,32,31.333333333333332,,,,,
2026,1,2026_01_DEN_KC,2026-09-14,00-0040959,Jaydn Ott,RB,KC,DEN,HOME,outdoors,grass,1,7,7,3.0,42.5,1,0,0,,1,1,0,0,0,0,,,,,,,,,,,,,,,,,,,,,,,,,,,,,,,,,,,,,,,,,,,,,,,,,,,0,0,0,,,,,,,,,,,,,,133,0,1,9.0,14.366666666666667,15.240000000000004,,17,20.666666666666668,,,,,
2026,1,2026_01_DEN_KC,2026-09-14,00-0040964,E.J. Smith,RB,KC,DEN,HOME,outdoors,grass,1,7,7,3.0,42.5,1,0,0,,1,1,0,0,0,0,,,,,,,,,,,,,,,,,,,,,,,,,,,,,,,,,,,,,,,,,,,,,,,,,,,0,0,0,,,,,,,,,,,,,,133,0,1,9.0,14.366666666666667,15.240000000000004,,17,20.666666666666668,,,,,
2026,1,2026_01_BAL_IND,2026-09-13,00-0040984,Dontae McMillan,RB,BAL,IND,AWAY,,fieldturf,0,7,7,-3.5,48.5,0,0,0,,1,1,0,0,0,0,,,,,,,,,,,,,,,,,,,,,,,,,,,,,,,,,,,,,,,,,,,,,,,,,,,0,0,0,,,,,,,,,,,,,,133,0,1,15.3,21.166666666666668,18.400000000000002,,34,31.0,,,,,
2026,1,2026_01_BAL_IND,2026-09-13,00-0040991,Elijah Tau-Tolliver,RB,BAL,IND,AWAY,,fieldturf,0,7,7,-3.5,48.5,0,0,0,,1,1,0,0,0,0,,,,,,,,,,,,,,,,,,,,,,,,,,,,,,,,,,,,,,,,,,,,,,,,,,,0,0,0,,,,,,,,,,,,,,133,0,1,15.3,21.166666666666668,18.400000000000002,,34,31.0,,,,,
2026,1,2026_01_MIA_LV,2026-09-13,00-0040998,Roman Hemby,RB,LV,MIA,HOME,dome,grass,1,7,7,3.5,40.5,0,0,0,,1,1,0,0,0,0,,,,,,,,,,,,,,,,,,,,,,,,,,,,,,,,,,,,,,,,,,,,,,,,,,,0,0,0,,,,,,,,,,,,,,133,0,1,53.89999999999999,37.46666666666666,29.339999999999996,,27,26.333333333333332,,,,,
2026,1,2026_01_DEN_KC,2026-09-14,00-0041013,Emmett Johnson,RB,KC,DEN,HOME,outdoors,grass,1,7,7,3.0,42.5,1,0,0,,1,1,0,0,0,0,,,,,,,,,,,,,,,,,,,,,,,,,,,,,,,,,,,,,,,,,,,,,,,,,,,0,0,0,,,,,,,,,,,,,,133,0,1,9.0,14.366666666666667,15.240000000000004,,17,20.666666666666668,,,,,
2026,1,2026_01_ARI_LAC,2026-09-13,00-0041027,Jeremiyah Love,RB,ARI,LAC,AWAY,dome,matrixturf,0,7,7,10.5,46.5,0,0,0,,1,1,0,0,0,0,,,,,,,,,,,,,,,,,,,,,,,,,,,,,,,,,,,,,,,,,,,,,,,,,,,0,0,0,,,,,,,,,,,,,,133,0,1,15.700000000000001,12.966666666666667,12.8,,31,28.0,,,,,
2026,1,2026_01_SF_LA,2026-09-10,00-0041052,Kaelon Black,RB,SF,LA,AWAY,dome,matrixturf,0,7,7,3.5,48.5,1,0,0,,1,1,0,0,0,0,,,,,,,,,,,,,,,,,,,,,,,,,,,,,,,,,,,,,,,,,,,,,,,,,,,0,0,0,,,,,,,,,,,,,,133,0,1,18.400000000000002,34.46666666666667,26.78,,19,28.666666666666668,,,,,
2026,1,2026_01_WAS_PHI,2026-09-13,00-0041096,Kaytron Allen,RB,WAS,PHI,AWAY,outdoors,grass,0,7,7,4.5,47.5,1,0,0,,1,1,0,0,0,0,,,,,,,,,,,,,,,,,,,,,,,,,,,,,,,,,,,,,,,,,,,,,,,,,,,0,0,0,,,,,,,,,,,,,,133,0,1,20.300000000000004,22.333333333333332,20.580000000000002,,32,31.666666666666668,,,,,
2026,1,2026_01_GB_MIN,2026-09-13,00-0041104,Demond Claiborne,RB,MIN,GB,HOME,dome,sportturf,1,7,7,1.5,45.5,1,0,0,,1,1,0,0,0,0,,,,,,,,,,,,,,,,,,,,,,,,,,,,,,,,,,,,,,,,,,,,,,,,,,,0,0,0,,,,,,,,,,,,,,133,0,1,18.5,31.333333333333332,25.18,,32,36.666666666666664,,,,,
2026,1,2026_01_BAL_IND,2026-09-13,00-0041125,Seth McGowan,RB,IND,BAL,HOME,,fieldturf,1,7,7,-3.5,48.5,0,0,0,,1,1,0,0,0,0,,,,,,,,,,,,,,,,,,,,,,,,,,,,,,,,,,,,,,,,,,,,,,,,,,,0,0,0,,,,,,,,,,,,,,133,0,1,36.3,21.03333333333333,23.24,,33,20.333333333333332,,,,,
2026,1,2026_01_NE_SEA,2026-09-09,00-0041129,Jam Miller,RB,NE,SEA,AWAY,outdoors,fieldturf,0,7,7,3.5,44.5,0,0,0,,1,1,0,0,0,0,,,,,,,,,,,,,,,,,,,,,,,,,,,,,,,,,,,,,,,,,,,,,,,,,,,0,0,0,,,,,,,,,,,,,,133,0,1,12.6,16.433333333333334,18.04,,17,28.666666666666668,,,,,
2026,1,2026_01_DAL_NYG,2026-09-13,00-0041139,Damon Bankston,RB,NYG,DAL,HOME,outdoors,fieldturf,1,7,7,-2.5,48.5,1,0,0,,1,1,0,0,0,0,,,,,,,,,,,,,,,,,,,,,,,,,,,,,,,,,,,,,,,,,,,,,,,,,,,0,0,0,,,,,,,,,,,,,,133,0,1,38.5,28.0,29.54,,36,26.0,,,,,
2026,1,2026_01_WAS_PHI,2026-09-13,00-0041178,Robert Henry,RB,WAS,PHI,AWAY,outdoors,grass,0,7,7,4.5,47.5,1,0,0,,1,1,0,0,0,0,,,,,,,,,,,,,,,,,,,,,,,,,,,,,,,,,,,,,,,,,,,,,,,,,,,0,0,0,,,,,,,,,,,,,,133,0,1,20.300000000000004,22.333333333333332,20.580000000000002,,32,31.666666666666668,,,,,
2026,1,2026_01_ATL_PIT,2026-09-13,00-0041191,Cash Jones,RB,ATL,PIT,AWAY,outdoors,grass,0,7,7,3.0,42.5,0,0,0,,1,1,0,0,0,0,,,,,,,,,,,,,,,,,,,,,,,,,,,,,,,,,,,,,,,,,,,,,,,,,,,0,0,0,,,,,,,,,,,,,,133,0,1,14.600000000000001,16.533333333333335,18.5,,25,25.0,,,,,
2026,1,2026_01_NYJ_TEN,2026-09-13,00-0041200,Sam Scott,RB,NYJ,TEN,AWAY,outdoors,grass,0,7,7,3.0,38.5,0,0,0,,1,1,0,0,0,0,,,,,,,,,,,,,,,,,,,,,,,,,,,,,,,,,,,,,,,,,,,,,,,,,,,0,0,0,,,,,,,,,,,,,,133,0,1,13.100000000000001,15.100000000000001,17.060000000000002,,20,18.666666666666668,,,,,
2026,1,2026_01_CLE_JAX,2026-09-13,00-0041217,J'mari Taylor,RB,JAX,CLE,HOME,outdoors,grass,1,7,7,7.5,40.5,0,0,0,,1,1,0,0,0,0,,,,,,,,,,,,,,,,,,,,,,,,,,,,,,,,,,,,,,,,,,,,,,,,,,,0,0,0,,,,,,,,,,,,,,133,0,1,27.2,26.599999999999998,28.1,,31,26.666666666666668,,,,,
2026,1,2026_01_NYJ_TEN,2026-09-13,00-0041239,Chip Trayanum,RB,NYJ,TEN,AWAY,outdoors,grass,0,7,7,3.0,38.5,0,0,0,,1,1,0,0,0,0,,,,,,,,,,,,,,,,,,,,,,,,,,,,,,,,,,,,,,,,,,,,,,,,,,,0,0,0,,,,,,,,,,,,,,133,0,1,13.100000000000001,15.100000000000001,17.060000000000002,,20,18.666666666666668,,,,,
2026,1,2026_01_TB_CIN,2026-09-13,00-0041241,Kentrel Bullock,RB,CIN,TB,HOME,outdoors,fieldturf,1,7,7,3.5,51.5,0,0,0,,1,1,0,0,0,0,,,,,,,,,,,,,,,,,,,,,,,,,,,,,,,,,,,,,,,,,,,,,,,,,,,0,0,0,,,,,,,,,,,,,,133,0,1,6.7,13.066666666666668,17.8,,16,21.333333333333332,,,,,
2026,1,2026_01_TB_CIN,2026-09-13,00-0041244,Jamal Haynes,RB,CIN,TB,HOME,outdoors,fieldturf,1,7,7,3.5,51.5,0,0,0,,1,1,0,0,0,0,,,,,,,,,,,,,,,,,,,,,,,,,,,,,,,,,,,,,,,,,,,,,,,,,,,0,0,0,,,,,,,,,,,,,,133,0,1,6.7,13.066666666666668,17.8,,16,21.333333333333332,,,,,
2026,1,2026_01_CLE_JAX,2026-09-13,00-0041277,Davon Booth,RB,CLE,JAX,AWAY,outdoors,grass,0,7,7,7.5,40.5,0,0,0,,1,1,0,0,0,0,,,,,,,,,,,,,,,,,,,,,,,,,,,,,,,,,,,,,,,,,,,,,,,,,,,0,0,0,,,,,,,,,,,,,,133,0,1,19.2,21.666666666666668,19.8,,27,25.0,,,,,
2026,1,2026_01_BUF_HOU,2026-09-13,00-0041312,Noah Whittington,RB,HOU,BUF,HOME,,astroturf,1,7,7,-1.5,44.5,0,0,0,,1,1,0,0,0,0,,,,,,,,,,,,,,,,,,,,,,,,,,,,,,,,,,,,,,,,,,,,,,,,,,,0,0,0,,,,,,,,,,,,,,132,0,1,7.4,13.833333333333334,21.12,,22,26.333333333333332,,,,,
2026,1,2026_01_NE_SEA,2026-09-09,00-0041323,Myles Montgomery,RB,NE,SEA,AWAY,outdoors,fieldturf,0,7,7,3.5,44.5,0,0,0,,1,1,0,0,0,0,,,,,,,,,,,,,,,,,,,,,,,,,,,,,,,,,,,,,,,,,,,,,,,,,,,0,0,0,,,,,,,,,,,,,,133,0,1,12.6,16.433333333333334,18.04,,17,28.666666666666668,,,,,
2026,1,2026_01_NO_DET,2026-09-13,00-0041326,C.J. Donaldson,RB,NO,DET,AWAY,dome,fieldturf,0,7,7,7.0,48.5,0,0,0,,1,1,0,0,0,0,,,,,,,,,,,,,,,,,,,,,,,,,,,,,,,,,,,,,,,,,,,,,,,,,,,0,0,0,,,,,,,,,,,,,,133,0,1,11.700000000000001,27.433333333333337,26.5,,19,26.666666666666668,,,,,
2026,1,2026_01_SF_LA,2026-09-10,00-0041415,Dean Connors,RB,LA,SF,HOME,dome,matrixturf,1,7,7,3.5,48.5,1,0,0,,1,1,0,0,0,0,,,,,,,,,,,,,,,,,,,,,,,,,,,,,,,,,,,,,,,,,,,,,,,,,,,0,0,0,,,,,,,,,,,,,,133,0,1,36.0,28.266666666666666,26.359999999999996,,41,29.333333333333332,,,,,
2026,1,2026_01_TB_CIN,2026-09-13,00-0041433,Kadarius Calloway,RB,TB,CIN,AWAY,outdoors,fieldturf,0,7,7,3.5,51.5,0,0,0,,1,1,0,0,0,0,,,,,,,,,,,,,,,,,,,,,,,,,,,,,,,,,,,,,,,,,,,,,,,,,,,0,0,0,,,,,,,,,,,,,,132,0,1,13.700000000000001,18.133333333333336,19.84,,22,24.0,,,,,
2026,1,2026_01_CHI_CAR,2026-09-13,00-0041485,Miles Davis,RB,CAR,CHI,HOME,outdoors,grass,1,7,7,-2.5,47.5,0,0,0,,1,1,0,0,0,0,,,,,,,,,,,,,,,,,,,,,,,,,,,,,,,,,,,,,,,,,,,,,,,,,,,0,0,0,,,,,,,,,,,,,,133,0,1,26.8,24.033333333333335,19.860000000000003,,33,32.0,,,,,
2026,1,2026_01_BAL_IND,2026-09-13,00-0041486,Anderson Castle,RB,IND,BAL,HOME,,fieldturf,1,7,7,-3.5,48.5,0,0,0,,1,1,0,0,0,0,,,,,,,,,,,,,,,,,,,,,,,,,,,,,,,,,,,,,,,,,,,,,,,,,,,0,0,0,,,,,,,,,,,,,,133,0,1,36.3,21.03333333333333,23.24,,33,20.333333333333332,,,,,
2026,1,2026_01_ATL_PIT,2026-09-13,00-0041490,Eli Heidenreich,RB,PIT,ATL,HOME,outdoors,grass,1,7,7,3.0,42.5,0,0,0,,1,1,0,0,0,0,,,,,,,,,,,,,,,,,,,,,,,,,,,,,,,,,,,,,,,,,,,,,,,,,,,0,0,0,,,,,,,,,,,,,,133,0,1,16.700000000000003,15.9,15.7,,28,25.333333333333332,,,,,
2026,1,2026_01_DEN_KC,2026-09-14,00-0041496,Jonah Coleman,RB,DEN,KC,AWAY,outdoors,grass,0,7,7,3.0,42.5,1,0,0,,1,1,0,0,0,0,,,,,,,,,,,,,,,,,,,,,,,,,,,,,,,,,,,,,,,,,,,,,,,,,,,0,0,0,,,,,,,,,,,,,,133,0,1,14.4,22.933333333333337,20.9,,33,33.666666666666664,,,,,
2026,1,2026_01_NE_SEA,2026-09-09,00-0041512,Jadarian Price,RB,SEA,NE,HOME,outdoors,fieldturf,1,7,7,3.5,44.5,0,0,0,,1,1,0,0,0,0,,,,,,,,,,,,,,,,,,,,,,,,,,,,,,,,,,,,,,,,,,,,,,,,,,,0,0,0,,,,,,,,,,,,,,133,0,1,6.1,19.966666666666665,24.52,,25,28.0,,,,,
2026,1,2026_01_DEN_KC,2026-09-14,00-0030506,Travis Kelce,TE,KC,DEN,HOME,outdoors,grass,1,7,7,3.0,42.5,1,128,0,253.0,0,1,1,1,1,0,4.2,4.8,6.04,5.267637041406706,1.6,14.0,,,0.0,0.0,0.0,,0.0,0.0,0.0,,6.0,5.3333,6.0,,3.0,3.0,3.4,3.0,3.0,3.4,6.0,5.3333,6.0,,0.0,0.0,0.0,0.0,12.0,18.0,12.0,18.0,0.0,0.0,0.2,0.2272727272727273,0.23084639498432602,,0.21524663677130046,0.2592488789237668,0.23853894673142273,0.4506726457399104,0.5223833061557276,0.5132468551884849,1,3,5,51.0,42.666666666666664,49.2,0.8,0.8533333333333334,0.89,,,,3.375,6.0,0.8999999999999999,3.375,133,0,1,7.500000000000001,11.233333333333333,13.2,,8,7.666666666666667,,,,,
2026,1,2026_01_ATL_PIT,2026-09-13,00-0032392,Austin Hooper,TE,ATL,PIT,AWAY,outdoors,grass,0,7,7,3.0,42.5,0,120,0,252.0,0,1,1,1,1,1,1.5,5.333333333333333,4.58,3.773194932679731,0.0,9.1,,,0.0,0.0,0.0,,0.0,0.0,0.0,,1.0,2.3333,2.4,,1.0,1.6667,1.6,1.0,1.6667,1.6,1.0,2.3333,2.4,,0.0,0.0,0.0,0.0,5.0,16.6667,5.0,16.6667,0.0,0.3333,0.05,0.07507936507936508,0.07618659501418122,,0.011673151750972763,0.053986946249173516,0.06722622258355895,0.08317120622568094,0.15040990999346907,0.16133824832976312,1,3,5,24.0,24.666666666666668,29.6,0.41,0.37666666666666665,0.45,,,,7.142857142857143,10.0,2.2857142857142856,7.142857142857143,133,0,1,8.600000000000001,12.866666666666667,18.52,,5,7.333333333333333,,,,,
2026,1,2026_01_NE_SEA,2026-09-09,00-0033090,Hunter Henry,TE,NE,SEA,AWAY,outdoors,fieldturf,0,7,7,3.5,44.5,0,104,0,248.0,0,1,1,1,1,0,10.600000000000001,13.333333333333334,10.82,4.898673289779591,2.8,15.5,,,0.0,0.0,0.0,,0.0,0.0,0.0,,5.0,5.0,4.8,,5.0,4.6667,3.8,5.0,4.6667,3.8,5.0,5.0,4.8,,0.0,0.0,0.0,0.0,56.0,46.6667,56.0,46.6667,0.0,0.6667,0.25,0.17888888888888888,0.1746060606060606,,0.10116731517509728,0.09778074295633277,0.1273536247634283,0.44581712062256806,0.3367798534027662,0.3510566282434907,1,3,5,34.0,45.666666666666664,46.2,0.58,0.68,0.732,,,,9.333333333333334,10.0,2.6666666666666665,9.333333333333334,132,0,1,7.9,10.966666666666667,10.56,,7,7.666666666666667,,,,,
2026,1,2026_01_SF_LA,2026-09-10,00-0033110,Tyler Higbee,TE,LA,SF,HOME,dome,matrixturf,1,7,7,3.5,48.5,1,102,0,249.0,0,1,1,1,1,0,20.1,9.9,8.98,6.735874108087235,3.3000000000000003,20.1,,,0.0,0.0,0.0,,0.0,0.0,0.0,,6.0,3.6667,4.2,,5.0,3.0,3.0,5.0,3.0,3.0,6.0,3.6667,4.2,,0.0,0.0,0.0,0.0,91.0,49.0,91.0,49.0,1.0,0.3333,0.16216216216216217,0.10815717678462777,0.12706439404731626,,0.22841225626740946,0.08946470048546151,0.08168300001959457,0.4031318226304299,0.22486105551676472,0.24777469108469058,1,3,5,48.0,35.0,34.6,0.64,0.5233333333333333,0.4920000000000001,,,,13.363636363636363,16.333333333333332,2.7,13.363636363636363,133,0,1,6.4,15.066666666666665,16.220000000000002,,6,11.0,,,,,
2026,1,2026_01_BAL_IND,2026-09-13,00-0033217,Mo Alie-Cox,TE,IND,BAL,HOME,,fieldturf,1,7,7,-3.5,48.5,0,100,0,252.0,0,1,1,1,1,0,5.2,6.6000000000000005,4.34,4.196188746946448,0.0,11.0,,,0.0,0.0,0.0,,0.0,0.0,0.0,,4.0,3.0,2.4,,3.0,2.6667,1.8,3.0,2.6667,1.8,4.0,3.0,2.4,,0.0,0.0,0.0,0.0,22.0,19.3333,22.0,19.3333,0.0,0.3333,0.12121212121212122,0.09340531754324859,0.07360591454028606,,0.03459119496855346,0.03185886848440737,0.0435509450053058,0.20603201829616924,0.16240918425395803,0.14089453331414314,1,3,5,27.0,21.333333333333332,21.6,0.42,0.35333333333333333,0.364,,,,6.444444444444445,7.25,2.2,6.444444444444445,133,0,1,9.500000000000002,10.733333333333334,9.44,,7,6.333333333333333,,,,,
2026,1,2026_01_WAS_PHI,2026-09-13,00-0033246,Johnny Mundt,TE,PHI,WAS,HOME,outdoors,grass,1,7,7,4.5,47.5,1,64,0,252.0,0,1,1,1,1,1,2.6,1.6000000000000003,2.48,1.6361540269791228,0.0,4.5,,,0.0,0.0,0.0,,0.0,0.0,0.0,,1.0,1.3333,1.8,,1.0,0.6667,1.0,1.0,0.6667,1.0,1.0,1.3333,1.8,,0.0,0.0,0.0,0.0,16.0,9.3333,16.0,9.3333,0.0,0.0,0.03225806451612903,0.04198391940327425,0.06985438326251789,,0.020338983050847456,0.03749599027968929,0.045107395043396115,0.06262438490978676,0.08922307230069387,0.13635675142415415,1,3,5,19.0,22.0,27.4,0.31,0.3466666666666667,0.42000000000000004,,,,7.0,14.0,1.2000000000000002,7.0,132,0,1,17.1,14.833333333333334,17.74,,8,5.666666666666667,,,,,
2026,1,2026_01_SF_LA,2026-09-10,00-0033288,George Kittle,TE,SF,LA,AWAY,dome,matrixturf,0,7,7,3.5,48.5,1,109,0,250.0,0,1,1,1,1,0,7.9,18.4,15.940000000000001,7.365663581782703,7.9,24.5,,,0.0,0.0,0.0,,0.0,0.0,0.0,,7.0,8.0,7.8,,5.0,6.6667,6.0,5.0,6.6667,6.0,7.0,8.0,7.8,,0.0,0.0,0.0,0.0,29.0,77.3333,29.0,77.3333,0.0,0.6667,0.25925925925925924,0.27437069103735773,0.27060067549197986,,0.2248062015503876,0.20231887075108504,0.23747769222123133,0.5462532299741601,0.553179246081796,0.5721353977928316,1,3,5,40.0,50.666666666666664,54.8,0.95,0.8433333333333334,0.8620000000000001,,,,9.666666666666666,11.6,2.3,9.666666666666666,132,0,1,28.8,16.46666666666667,12.24,,13,7.333333333333333,,,,,
2026,1,2026_01_NE_SEA,2026-09-09,00-0033576,Eric Saubert,TE,SEA,NE,HOME,outdoors,fieldturf,1,7,7,3.5,44.5,0,63,0,249.0,0,1,1,1,1,0,3.0,1.6666666666666667,1.3800000000000001,1.331164903383499,0.0,3.0,,,0.0,0.0,0.0,,0.0,0.0,0.0,,3.0,1.6667,1.2,,2.0,0.6667,0.6,2.0,0.6667,0.6,3.0,1.6667,1.2,,0.0,0.0,0.0,0.0,10.0,3.3333,10.0,3.3333,0.0,0.0,0.11538461538461539,0.06410256410256411,0.04452214452214452,,0.0,0.0425531914893617,0.028851416968305815,0.17307692307692307,0.12594108019639935,0.08697920866103084,1,3,5,48.0,36.0,30.4,0.7,0.5333333333333333,0.47400000000000003,,,,2.0,5.0,1.0,2.0,132,0,1,7.8999999999999995,7.166666666666667,10.879999999999999,,5,5.333333333333333,,,,,
2026,1,2026_01_ATL_PIT,2026-09-13,00-0033757,Robert Tonyan,TE,PIT,ATL,HOME,outdoors,grass,1,7,7,3.0,42.5,0,70,0,301.0,0,1,1,1,1,1,1.1,0.3666666666666667,2.1,2.9120439557122073,0.0,7.0,,,0.0,0.0,0.0,,0.0,0.0,0.0,,1.0,0.6667,1.4,,1.0,0.3333,1.0,1.0,0.3333,1.0,1.0,0.6667,1.4,,0.0,0.0,0.0,0.0,1.0,0.3333,1.0,0.3333,0.0,0.0,0.023255813953488372,0.028585271317829456,0.05251348163127738,,0.0030864197530864196,0.04093490987074711,0.061573357269966,0.03704421475739305,0.07153234388626717,0.12187157253589227,1,3,5,8.0,12.0,23.2,0.11,0.19999999999999998,0.34,,,,0.5,1.0,0.55,0.5,133,0,1,13.3,20.266666666666666,14.820000000000002,,8,12.0,,,,,
2026,1,2026_01_DEN_KC,2026-09-14,00-0033881,Evan Engram,TE,DEN,KC,AWAY,outdoors,grass,0,7,7,3.0,42.5,1,109,0,253.0,0,1,1,1,1,0,7.5,6.3999999999999995,4.84,2.256767599909215,2.2,7.5,,,0.0,0.0,0.0,,0.0,0.0,0.0,,4.0,4.0,3.4,,3.0,3.0,2.4,3.0,3.0,2.4,4.0,4.0,3.4,,0.0,0.0,0.0,0.0,45.0,34.0,45.0,34.0,0.0,0.0,0.17391304347826086,0.12299255777516648,0.10365664577621099,,1.1538461538461537,0.4174715698814559,0.2548115739664839,1.0685618729096988,0.4767189355797688,0.3338530704408552,1,3,5,23.0,24.666666666666668,24.0,0.39,0.38000000000000006,0.35600000000000004,,,,8.5,11.333333333333334,1.5999999999999999,8.5,132,0,1,7.7,12.5,10.559999999999999,,5,7.333333333333333,,,,,
2026,1,2026_01_ARI_LAC,2026-09-13,00-0033885,David Njoku,TE,LAC,ARI,HOME,dome,matrixturf,1,7,7,10.5,46.5,0,96,0,280.0,0,1,1,1,1,1,7.1,3.733333333333333,6.999999999999998,5.0931326312987375,1.7000000000000002,13.7,,,0.0,0.0,0.0,,0.0,0.0,0.0,,1.0,1.6667,2.4,,1.0,1.3333,2.0,1.0,1.3333,2.0,1.0,1.6667,2.4,,0.0,0.0,0.0,0.0,1.0,4.0,1.0,4.0,1.0,0.3333,0.02631578947368421,0.06442410373760489,0.08145749254559323,,0.003278688524590164,0.021010717750182,0.03632437936805792,0.041768766177739426,0.11134365803153473,0.14761330437603037,1,3,5,6.0,24.666666666666668,31.2,0.09,0.41666666666666674,0.5039999999999999,,,,2.4,3.0,2.2399999999999998,2.4,132,0,1,39.7,24.433333333333337,23.279999999999998,,14,10.0,,,,,
2026,1,2026_01_NO_DET,2026-09-13,00-0034270,Tyler Conklin,TE,DET,NO,HOME,dome,fieldturf,1,7,7,7.0,48.5,0,95,0,252.0,0,1,1,1,1,1,1.6,2.9333333333333336,2.02,1.8498648599289624,0.0,5.0,,,0.0,0.0,0.0,,0.0,0.0,0.0,,1.0,1.6667,1.6,,1.0,1.3333,1.0,1.0,1.3333,1.0,1.0,1.6667,1.6,,0.0,0.0,0.0,0.0,6.0,16.0,6.0,16.0,0.0,0.0,0.02631578947368421,0.05012293992557151,0.044225810738968634,,0.010126582278481013,0.048180023018057495,0.025422945420105737,0.04656229180546302,0.1089104260009975,0.08413477790252696,1,3,5,23.0,22.0,20.0,0.32,0.3133333333333333,0.278,,,,9.6,12.0,1.7600000000000002,9.6,133,0,1,11.8,13.700000000000001,10.36,,9,9.666666666666666,,,,,
2026,1,2026_01_WAS_PHI,2026-09-13,00-0034351,Dallas Goedert,TE,PHI,WAS,HOME,outdoors,grass,1,7,7,4.5,47.5,1,107,0,259.0,0,1,1,1,1,0,9.8,15.666666666666666,13.5,7.588807547961669,4.7,25.0,,,0.0,0.0,0.0,,0.0,0.0,0.0,,6.0,5.3333,6.0,,3.0,4.0,4.4,3.0,4.0,4.4,6.0,5.3333,6.0,,0.0,0.0,0.0,0.0,8.0,36.6667,8.0,36.6667,1.0,1.3333,0.2727272727272727,0.25502147915941015,0.2323111331096812,,0.10077519379844961,0.1449666747306456,0.13364549738271045,0.4796335447498238,0.48400889105056716,0.4420185478324191,1,3,5,43.0,51.666666666666664,53.8,0.8,0.8033333333333333,0.8460000000000001,,,,6.875,9.166666666666666,2.9375,6.875,132,0,1,17.1,14.833333333333334,17.74,,8,5.666666666666667,,,,,
2026,1,2026_01_MIA_LV,2026-09-13,00-0034365,Ian Thomas,TE,LV,MIA,HOME,dome,grass,1,7,7,3.5,40.5,0,80,0,280.0,0,1,1,1,1,0,3.7,4.366666666666667,3.6,2.3717082451262845,1.8,7.6,,,0.0,0.0,0.0,,0.0,0.0,0.0,,2.0,2.3333,1.8,,2.0,2.3333,1.8,2.0,2.3333,1.8,2.0,2.3333,1.8,,0.0,0.0,0.0,0.0,17.0,20.3333,17.0,20.3333,0.0,0.0,0.07142857142857142,0.0707070707070707,0.0528156054471844,,0.02459016393442623,0.02187477609756344,0.03104854691555265,0.12435597189695549,0.12137294932890046,0.10095739101166343,1,3,5,25.0,32.0,24.8,0.5,0.54,0.41400000000000003,,,,8.714285714285714,8.714285714285714,1.8714285714285717,8.714285714285714,133,0,1,13.100000000000001,13.5,15.62,,7,6.333333333333333,,,,,
2026,1,2026_01_BUF_HOU,2026-09-13,00-0034383,Dalton Schultz,TE,HOU,BUF,HOME,,astroturf,1,7,7,-1.5,44.5,0,111,0,252.0,0,1,1,1,1,0,11.3,10.233333333333333,11.5,6.969576744681129,4.9,21.6,,,0.0,0.0,0.0,,0.0,0.0,0.0,,4.0,4.3333,5.2,,4.0,4.0,4.6,4.0,4.0,4.6,4.0,4.3333,5.2,,0.0,0.0,0.0,0.0,73.0,42.3333,73.0,42.3333,0.0,0.3333,0.14285714285714285,0.14792070674423616,0.18761282290694056,,0.19170984455958548,0.0934114782411733,0.14385969344603505,0.3484826054774241,0.28726909488517555,0.38212101977263535,1,3,5,38.0,45.0,48.0,0.56,0.6833333333333332,0.7160000000000001,,,,9.76923076923077,10.583333333333334,2.3615384615384616,9.76923076923077,131,0,1,11.100000000000001,11.133333333333335,13.34,,7,5.666666666666667,,,,,
2026,1,2026_01_TB_CIN,2026-09-13,00-0034613,Tanner Hudson,TE,CIN,TB,HOME,outdoors,fieldturf,1,7,7,3.5,51.5,0,45,0,259.0,0,1,1,1,1,0,5.1,3.6999999999999997,4.32,2.7743467699622553,1.4,8.4,,,0.0,0.0,0.0,,0.0,0.0,0.0,,2.0,2.6667,2.2,,2.0,2.0,1.6,2.0,2.0,1.6,2.0,2.6667,2.2,,0.0,0.0,0.0,0.0,31.0,17.0,31.0,17.0,0.0,0.0,0.06060606060606061,0.07725100467035952,0.06099706744868035,,0.014925373134328358,0.03679147048341512,0.04037755386259746,0.10135685210312076,0.14163053634392986,0.11975988887683875,1,3,5,20.0,18.0,13.2,0.26,0.25333333333333335,0.186,,,,6.375,8.5,1.3875,6.375,133,0,1,14.3,16.599999999999998,21.78,,6,7.666666666666667,,,,,
2026,1,2026_01_BAL_IND,2026-09-13,00-0034753,Mark Andrews,TE,BAL,IND,AWAY,,fieldturf,0,7,7,-3.5,48.5,0,121,0,252.0,0,1,1,1,1,0,3.4000000000000004,4.866666666666667,4.06,1.7882952776317453,1.9,6.800000000000001,,,0.0,0.0,0.0,,0.0,0.3333,0.2,,3.0,3.3333,3.6,,2.0,2.6667,2.2,2.0,3.0,2.4,3.0,3.3333,3.6,,0.0,0.0,0.0,1.0,14.0,21.0,14.0,22.0,0.0,0.0,0.17647058823529413,0.1754901960784314,0.18559714795008914,,0.06779661016949153,0.17247703769782272,0.18961417484021204,0.3121635094715852,0.383969220506123,0.41112564431328213,1,3,5,30.0,28.333333333333332,31.2,0.59,0.48,0.506,,,3.0,6.3,7.875,1.4600000000000002,6.6,133,0,1,13.200000000000001,15.933333333333335,12.22,,6,7.333333333333333,,,,,
2026,1,2026_01_BAL_IND,2026-09-13,00-0034798,Durham Smythe,TE,BAL,IND,AWAY,,fieldturf,0,7,7,-3.5,48.5,0,96,0,252.0,0,1,1,1,1,1,0.0,0.7000000000000001,0.9399999999999998,0.920869154657707,0.0,2.1,,,0.0,0.0,0.0,,0.0,0.0,0.0,,0.0,0.3333,0.6,,0.0,0.3333,0.6,0.0,0.3333,0.6,0.0,0.3333,0.6,,0.0,0.0,0.0,0.0,0.0,3.6667,0.0,3.6667,0.0,0.0,0.0,0.008547008547008546,0.018937728937728937,,0.0,0.0044004400440044,0.0037370065374519117,0.0,0.015900820851315903,0.03102249798280975,1,3,5,12.0,17.0,18.0,0.22,0.26999999999999996,0.27799999999999997,,,,11.0,11.0,2.1,11.0,133,0,1,13.200000000000001,15.933333333333335,12.22,,6,7.333333333333333,,,,,
2026,1,2026_01_TB_CIN,2026-09-13,00-0034829,Mike Gesicki,TE,CIN,TB,HOME,outdoors,fieldturf,1,7,7,3.5,51.5,0,121,0,252.0,0,1,1,1,1,0,3.3,7.5,9.040000000000001,7.618923808517842,2.1,20.6,,,0.0,0.0,0.0,,0.0,0.0,0.0,,2.0,2.6667,3.2,,2.0,2.3333,2.8,2.0,2.3333,2.8,2.0,2.6667,3.2,,0.0,0.0,0.0,0.0,13.0,31.6667,13.0,31.6667,0.0,0.3333,0.05263157894736842,0.08075663253931505,0.09289842396803347,,0.04145077720207254,0.13814153922570555,0.15178342090260516,0.1079629124625034,0.21783402626696646,0.2455960305838738,1,3,5,26.0,24.333333333333332,28.2,0.38,0.3633333333333333,0.41600000000000004,,,,11.875,13.571428571428571,2.8125,11.875,133,0,1,14.3,16.599999999999998,21.78,,6,7.666666666666667,,,,,
2026,1,2026_01_BUF_HOU,2026-09-13,00-0034981,Foster Moreau,TE,HOU,BUF,HOME,,astroturf,1,7,7,-1.5,44.5,0,84,0,266.0,0,1,1,1,1,1,1.5,2.466666666666667,2.2,1.4713938969562161,0.0,3.6,,,0.0,0.0,0.0,,0.0,0.0,0.0,,1.0,1.3333,1.6,,1.0,1.3333,1.2,1.0,1.3333,1.2,1.0,1.3333,1.6,,0.0,0.0,0.0,0.0,5.0,11.3333,5.0,11.3333,0.0,0.0,0.02127659574468085,0.04336670838548185,0.053748110898909865,,-0.009478672985781991,0.013216142305133044,0.015094936192141315,0.02527982252697388,0.0743013621918159,0.09118862168286371,1,3,5,22.0,25.0,28.0,0.28,0.37000000000000005,0.404,,,,8.5,8.5,1.85,8.5,131,0,1,11.100000000000001,11.133333333333335,13.34,,7,5.666666666666667,,,,,
2026,1,2026_01_CHI_CAR,2026-09-13,00-0035039,Stephen Carlson,TE,CHI,CAR,AWAY,outdoors,grass,0,7,7,-2.5,47.5,0,13,0,2079.0,0,1,1,1,1,1,0.0,0.7000000000000001,0.42000000000000004,0.9391485505499118,0.0,2.1,,,0.0,0.0,0.0,,0.0,0.0,0.0,,0.0,0.3333,0.2,,0.0,0.3333,0.2,0.0,0.3333,0.2,0.0,0.3333,0.2,,0.0,0.0,0.0,0.0,0.0,3.6667,0.0,3.6667,0.0,0.0,0.0,0.012345679012345678,0.007407407407407407,,0.0,0.0,0.0,0.0,0.018518518518518517,0.01111111111111111,1,3,5,16.0,9.333333333333334,7.4,0.26,0.16,0.12999999999999998,,,,11.0,11.0,2.1,11.0,133,0,1,22.4,13.066666666666668,11.239999999999998,,10,5.666666666666667,,,,,
2026,1,2026_01_GB_MIN,2026-09-13,00-0035229,T.J. Hockenson,TE,MIN,GB,HOME,dome,sportturf,1,7,7,1.5,45.5,1,97,0,266.0,0,1,1,1,1,0,1.2,7.0,7.760000000000001,4.294531406335271,1.2,11.9,,,0.0,0.0,0.0,,0.0,0.0,0.2,,1.0,3.0,3.8,,1.0,2.3333,3.4,1.0,2.3333,3.6,1.0,3.0,3.8,,0.0,0.0,0.0,0.0,2.0,26.6667,2.0,26.6667,0.0,0.3333,0.043478260869565216,0.12741545893719808,0.16227303015159086,,0.008,0.10729432763734677,0.12871192592372543,0.07081739130434782,0.2662292177519398,0.33350789337399406,1,3,5,46.0,42.0,39.4,0.75,0.7033333333333335,0.716,,,,8.88888888888889,11.428571428571429,2.3333333333333335,8.88888888888889,132,0,1,9.6,10.5,10.8,,7,7.666666666666667,,,,,
2026,1,2026_01_GB_MIN,2026-09-13,00-0035249,Josh Oliver,TE,MIN,GB,HOME,dome,sportturf,1,7,7,1.5,45.5,1,63,0,252.0,0,1,1,1,1,0,4.9,3.5333333333333337,5.960000000000001,5.950882287526783,1.8,16.4,,,0.0,0.0,0.0,,0.0,0.0,0.0,,2.0,2.3333,2.0,,2.0,1.6667,1.6,2.0,1.6667,1.6,2.0,2.3333,2.0,,0.0,0.0,0.0,0.0,29.0,18.6667,29.0,18.6667,0.0,0.0,0.06666666666666667,0.11331953071083505,0.09371635610766045,,0.030303030303030304,0.07585225388210462,0.07546646690521364,0.12121212121212122,0.22307587378372581,0.19340106099514023,1,3,5,31.0,37.666666666666664,37.4,0.46,0.6366666666666667,0.63,,,,8.0,11.2,1.5142857142857145,8.0,132,0,1,9.6,10.5,10.8,,7,7.666666666666667,,,,,
2026,1,2026_01_TB_CIN,2026-09-13,00-0035631,Drew Sample,TE,CIN,TB,HOME,outdoors,fieldturf,1,7,7,3.5,51.5,0,70,0,252.0,0,1,1,1,1,0,4.7,3.8666666666666667,3.5,1.3802173741842259,1.8,5.1,,,0.0,0.0,0.0,,0.0,0.0,0.2,,3.0,2.0,2.0,,3.0,2.0,1.8,3.0,2.0,2.0,3.0,2.0,2.0,,0.0,0.0,0.0,0.0,17.0,18.6667,17.0,18.6667,0.0,0.0,0.07894736842105263,0.05792217591878033,0.054955325753288396,,-0.015544041450777202,-0.01428903451986266,-0.005230203513993209,0.10754022361603491,0.07688093971426664,0.07877184617013736,1,3,5,49.0,46.333333333333336,45.8,0.72,0.6766666666666667,0.632,,,,9.333333333333334,9.333333333333334,1.9333333333333333,9.333333333333334,133,0,1,14.3,16.599999999999998,21.78,,6,7.666666666666667,,,,,
2026,1,2026_01_NO_DET,2026-09-13,00-0035644,Noah Fant,TE,NO,DET,AWAY,dome,fieldturf,0,7,7,7.0,48.5,0,105,0,252.0,0,1,1,1,1,1,-0.5,0.6666666666666666,1.04,1.2641202474448385,-0.5,2.5,,,0.0,0.0,0.0,,0.0,0.0,0.0,,1.0,1.3333,1.4,,1.0,0.6667,0.8,1.0,0.6667,0.8,1.0,1.3333,1.4,,0.0,0.0,0.0,0.0,5.0,6.6667,5.0,6.6667,0.0,0.0,0.02631578947368421,0.037391458444090024,0.03740813709853957,,-0.0051813471502590676,0.011765451840597007,0.011338719725912088,0.035846741205344965,0.06432300395455294,0.06404930945594783,1,3,5,15.0,19.0,22.0,0.22,0.2866666666666667,0.31199999999999994,,,,5.0,10.0,0.5,5.0,133,0,1,30.700000000000003,15.733333333333334,18.520000000000003,,16,9.333333333333334,,,,,
2026,1,2026_01_BUF_HOU,2026-09-13,00-0035689,Dawson Knox,TE,BUF,HOU,AWAY,,astroturf,0,7,7,-1.5,44.5,0,96,0,252.0,0,1,1,1,1,0,10.4,6.8,11.28,6.872917866525105,2.0,18.7,,,0.0,0.0,0.0,,0.0,0.0,0.0,,2.0,3.0,4.0,,2.0,2.6667,3.4,2.0,2.6667,3.4,2.0,3.0,4.0,,0.0,0.0,0.0,0.0,24.0,21.3333,24.0,21.3333,1.0,0.3333,0.07142857142857142,0.11135161135161135,0.1494320494320494,,0.10552763819095477,0.09897577622839208,0.1298764218093867,0.18101220387652547,0.2363104603872915,0.3150615694146448,1,3,5,4.0,28.666666666666668,33.2,0.05,0.45333333333333337,0.51,,,,7.111111111111111,8.0,2.2666666666666666,7.111111111111111,133,0,1,12.8,15.066666666666668,18.04,,12,9.333333333333334,,,,,
2026,1,2026_01_NO_DET,2026-09-13,00-0036040,Juwan Johnson,TE,NO,DET,AWAY,dome,fieldturf,0,7,7,7.0,48.5,0,79,0,252.0,0,1,1,1,1,0,7.1000000000000005,12.5,10.46,4.50144421269441,7.0,16.9,,,0.0,0.0,0.0,,0.0,0.0,0.0,,5.0,6.0,5.2,,3.0,5.0,4.6,3.0,5.0,4.6,5.0,6.0,5.2,,0.0,0.0,0.0,0.0,61.0,81.6667,61.0,81.6667,0.0,0.0,0.14705882352941177,0.16223211112656252,0.16314571828884075,,0.2775800711743772,0.20689819611115476,0.16135128414356453,0.41489428511618165,0.3881769039676521,0.3576644763337563,1,3,5,51.0,47.0,42.8,0.75,0.7066666666666667,0.6519999999999999,,,,13.61111111111111,16.333333333333332,2.0833333333333335,13.61111111111111,133,0,1,30.700000000000003,15.733333333333334,18.520000000000003,,16,9.333333333333334,,,,,
2026,1,2026_01_WAS_PHI,2026-09-13,00-0036145,Lawrence Cager,TE,WAS,PHI,AWAY,outdoors,grass,0,7,7,4.5,47.5,1,13,0,1001.0,0,1,1,1,1,1,1.9,3.3000000000000003,2.7199999999999998,3.3282127335853997,0.0,8.0,,,0.0,0.0,0.0,,0.0,0.0,0.0,,1.0,1.0,1.0,,1.0,0.6667,0.8,1.0,0.6667,0.8,1.0,1.0,1.0,,0.0,0.0,0.0,0.0,9.0,6.3333,9.0,6.3333,0.0,0.3333,0.029411764705882353,0.0354449472096531,0.03506007177406772,,0.02145922746781116,0.035782932673319466,0.023808940890541388,0.059139106286291335,0.07821547368580327,0.06925636628448054,1,3,5,3.0,8.333333333333334,14.2,0.05,0.14666666666666667,0.22799999999999998,,,,6.333333333333333,9.5,3.3000000000000003,6.333333333333333,133,0,1,11.600000000000001,7.033333333333334,6.540000000000001,,4,4.0,,,,,
2026,1,2026_01_SF_LA,2026-09-10,00-0036244,Colby Parkinson,TE,LA,SF,HOME,dome,matrixturf,1,7,7,3.5,48.5,1,65,0,249.0,0,1,1,1,1,0,19.6,11.666666666666666,14.340000000000003,7.898923977352865,4.1,24.5,,,0.0,0.0,0.0,,0.0,0.0,0.0,,7.0,6.0,6.0,,4.0,4.0,4.0,4.0,4.0,4.0,7.0,6.0,6.0,,0.0,0.0,0.0,0.0,36.0,36.6667,36.0,36.6667,2.0,0.6667,0.1891891891891892,0.15565565565565567,0.16249356317268032,,0.1532033426183844,0.0929842421868066,0.08985983782015286,0.39102612361665284,0.2985724530142481,0.30664223123312745,1,3,5,63.0,64.33333333333333,60.6,0.84,0.8266666666666667,0.8059999999999998,,,,6.111111111111111,9.166666666666666,1.9444444444444444,6.111111111111111,133,0,1,6.4,15.066666666666665,16.220000000000002,,6,11.0,,,,,
2026,1,2026_01_CHI_CAR,2026-09-13,00-0036290,Cole Kmet,TE,CHI,CAR,AWAY,outdoors,grass,0,7,7,-2.5,47.5,0,97,0,252.0,0,1,1,1,1,0,5.6,4.2,4.720000000000001,1.2214745187681975,3.4000000000000004,6.2,,,0.0,0.0,0.0,,0.0,0.0,0.0,,3.0,3.0,3.2,,2.0,2.0,2.0,2.0,2.0,2.0,3.0,3.0,3.2,,0.0,0.0,0.0,0.0,16.0,15.3333,16.0,15.3333,0.0,0.0,0.10344827586206896,0.09460654288240494,0.10782212678764402,,-0.015384615384615385,0.03647323598267333,0.08363622957007989,0.14440318302387267,0.16744107951147877,0.22027855088052198,1,3,5,49.0,46.0,47.8,0.89,0.7566666666666667,0.752,,,,5.111111111111111,7.666666666666667,1.4,5.111111111111111,133,0,1,22.4,13.066666666666668,11.239999999999998,,10,5.666666666666667,,,,,
2026,1,2026_01_DEN_KC,2026-09-14,00-0036422,Adam Trautman,TE,DEN,KC,AWAY,outdoors,grass,0,7,7,3.0,42.5,1,75,0,263.0,0,1,1,1,1,0,4.4,3.8333333333333335,4.2,2.1760055146988946,1.8,7.7,,,0.0,0.0,0.0,,0.0,0.0,0.0,,2.0,2.3333,2.4,,2.0,2.0,2.0,2.0,2.0,2.0,2.0,2.3333,2.4,,0.0,0.0,0.0,0.0,24.0,18.3333,24.0,18.3333,0.0,0.0,0.05405405405405406,0.05827566697131914,0.05912560690113774,,0.10194174757281553,0.06277571024293334,0.06114156686328004,0.15244030438205197,0.13135649762703205,0.1314875071560026,1,3,5,52.0,48.333333333333336,45.4,0.72,0.68,0.658,,,,7.857142857142857,9.166666666666666,1.6428571428571428,7.857142857142857,132,0,1,7.7,12.5,10.559999999999999,,5,7.333333333333333,,,,,
2026,1,2026_01_MIA_LV,2026-09-13,00-0036423,Albert Okwuegbunam,TE,LV,MIA,HOME,dome,grass,1,7,7,3.5,40.5,0,26,0,343.0,0,1,1,1,1,0,8.6,2.8666666666666667,4.720000000000001,6.063579800744771,0.0,13.5,,,0.0,0.0,0.0,,0.0,0.0,0.0,,6.0,2.6667,3.0,,5.0,1.6667,1.8,5.0,1.6667,1.8,6.0,2.6667,3.0,,0.0,0.0,0.0,0.0,36.0,12.0,36.0,12.0,0.0,0.0,0.16666666666666666,0.07864357864357864,0.08578263841421736,,0.07377049180327869,0.06254087356235105,0.08538996129588057,0.3016393442622951,0.1617439794590137,0.18844693052844244,1,3,5,31.0,30.666666666666668,28.8,0.46,0.45,0.418,,,,4.5,7.2,1.075,4.5,133,0,1,13.100000000000001,13.5,15.62,,7,6.333333333333333,,,,,
2026,1,2026_01_ATL_PIT,2026-09-13,00-0036429,Charlie Woerner,TE,ATL,PIT,AWAY,outdoors,grass,0,7,7,3.0,42.5,0,46,0,258.0,0,1,1,1,1,0,0.0,1.5,2.46,2.036663938896155,0.0,5.4,,,0.0,0.0,0.0,,0.0,0.0,0.0,,0.0,1.0,1.4,,0.0,1.0,1.4,0.0,1.0,1.4,0.0,1.0,1.4,,0.0,0.0,0.0,0.0,0.0,5.0,0.0,5.0,0.0,0.0,0.0,0.026064084170253465,0.05363845050215208,,0.0,0.008485341447127285,0.01211372294848676,0.0,0.0450358652683693,0.08893728181716884,1,3,5,43.0,47.333333333333336,40.2,0.81,0.7133333333333334,0.63,,,,5.0,5.0,1.5,5.0,133,0,1,8.600000000000001,12.866666666666667,18.52,,5,7.333333333333333,,,,,
2026,1,2026_01_BUF_HOU,2026-09-13,00-0036534,Shane Zylstra,TE,BUF,HOU,AWAY,,astroturf,0,7,7,-1.5,44.5,0,14,0,266.0,0,1,1,1,1,1,5.0,2.733333333333333,1.98,2.1522081683703367,0.0,5.0,,,0.0,0.0,0.0,,0.0,0.0,0.0,,5.0,2.0,1.8,,3.0,1.3333,1.0,3.0,1.3333,1.0,5.0,2.0,1.8,,0.0,0.0,0.0,0.0,20.0,14.0,20.0,14.0,0.0,0.0,0.09615384615384616,0.04280397022332507,0.04553609164287696,,0.11746031746031746,0.05144852112065227,0.03824433548879065,0.22645299145299147,0.10021992011944418,0.09507517230646889,1,3,5,49.0,27.0,26.2,0.66,0.38999999999999996,0.382,,,,7.0,10.5,1.3666666666666665,7.0,133,0,1,12.8,15.066666666666668,18.04,,12,9.333333333333334,,,,,
2026,1,2026_01_BUF_HOU,2026-09-13,00-0036556,Brevin Jordan,TE,HOU,BUF,HOME,,astroturf,1,7,7,-1.5,44.5,0,29,0,728.0,0,1,1,1,1,0,1.4,4.2,3.94,3.601805103000439,1.3,9.9,,,0.0,0.0,0.0,,0.0,0.0,0.0,,1.0,1.6667,1.8,,1.0,1.3333,1.4,1.0,1.3333,1.4,1.0,1.6667,1.8,,0.0,0.0,0.0,0.0,4.0,8.6667,4.0,8.6667,0.0,0.3333,0.029411764705882353,0.0528146742567995,0.05007115749525617,,0.010830324909747292,-0.003125373892355797,0.02298478883981709,0.05169887449564663,0.07703424966055018,0.09119608843075622,1,3,5,27.0,32.666666666666664,27.2,0.44,0.48666666666666664,0.392,,,,5.2,6.5,2.5200000000000005,5.2,131,0,1,11.100000000000001,11.133333333333335,13.34,,7,5.666666666666667,,,,,
2026,1,2026_01_CLE_JAX,2026-09-13,00-0036590,Quintin Morris,TE,JAX,CLE,HOME,outdoors,grass,1,7,7,7.5,40.5,0,32,0,252.0,0,1,1,1,1,0,7.5,3.0,2.6,3.1898275815473163,0.0,7.5,,,0.0,0.0,0.0,,0.0,0.0,0.0,,1.0,0.6667,0.8,,1.0,0.6667,0.8,1.0,0.6667,0.8,1.0,0.6667,0.8,,0.0,0.0,0.0,0.0,5.0,3.3333,5.0,3.3333,1.0,0.3333,0.03225806451612903,0.020276497695852533,0.026451612903225806,,0.006779661016949152,0.007004845487263003,0.008249150066924275,0.053132859486057955,0.035318138384862904,0.0454518244016857,1,3,5,26.0,18.333333333333332,18.4,0.43,0.28,0.28400000000000003,,,,5.0,5.0,4.5,5.0,133,0,1,7.5,11.533333333333333,11.379999999999999,,6,7.666666666666667,,,,,
2026,1,2026_01_WAS_PHI,2026-09-13,00-0036628,John Bates,TE,WAS,PHI,AWAY,outdoors,grass,0,7,7,4.5,47.5,1,59,0,252.0,0,1,1,1,1,0,9.3,4.066666666666667,3.0200000000000005,3.7982890885239375,0.0,9.3,,,0.0,0.0,0.0,,0.0,0.0,0.0,,2.0,1.3333,1.2,,2.0,1.0,1.0,2.0,1.0,1.0,2.0,1.3333,1.2,,0.0,0.0,0.0,0.0,13.0,10.6667,13.0,10.6667,1.0,0.3333,0.10526315789473684,0.0725877192982456,0.052441520467836254,,-0.016260162601626018,0.030804139918388953,0.01881693211156849,0.14651262302096704,0.1304444768902407,0.09183413317985231,1,3,5,41.0,36.666666666666664,37.6,0.59,0.5933333333333333,0.582,,,,8.0,10.666666666666666,3.0500000000000003,8.0,133,0,1,11.600000000000001,7.033333333333334,6.540000000000001,,4,4.0,,,,,
2026,1,2026_01_DEN_KC,2026-09-14,00-0036637,Noah Gray,TE,KC,DEN,HOME,outdoors,grass,1,7,7,3.0,42.5,1,70,0,253.0,0,1,1,1,1,0,6.0,2.4,3.02,2.6385602134497517,0.0,6.0,,,0.0,0.0,0.0,,0.0,0.0,0.0,,5.0,2.0,2.6,,3.0,1.3333,1.6,3.0,1.3333,1.6,5.0,2.0,2.6,,0.0,0.0,0.0,0.0,30.0,10.6667,30.0,10.6667,0.0,0.0,0.16666666666666666,0.07222222222222223,0.08262763966853781,,0.11210762331838565,0.03736920777279522,0.054699051058850576,0.32847533632286996,0.13449177877429,0.16223079524400214,1,3,5,36.0,26.666666666666668,28.0,0.56,0.52,0.466,,,,5.333333333333333,8.0,1.2,5.333333333333333,133,0,1,7.500000000000001,11.233333333333333,13.2,,8,7.666666666666667,,,,,
2026,1,2026_01_CLE_JAX,2026-09-13,00-0036741,Jack Stoll,TE,CLE,JAX,AWAY,outdoors,grass,0,7,7,7.5,40.5,0,35,0,266.0,0,1,1,1,1,1,1.4,1.0333333333333334,0.9600000000000002,0.8848728722251575,0.0,1.7000000000000002,,,0.0,0.0,0.0,,0.0,0.0,0.0,,2.0,1.3333,1.2,,1.0,0.6667,0.6,1.0,0.6667,0.6,2.0,1.3333,1.2,,0.0,0.0,0.0,0.0,4.0,3.6667,4.0,3.6667,0.0,0.0,0.0425531914893617,0.041603752001830245,0.03361341399179583,,0.011848341232227487,-0.012928190053392526,-0.00418082363341343,0.07212362609660179,0.053355894965370604,0.047493544444304335,1,3,5,23.0,15.333333333333334,12.8,0.29,0.21666666666666665,0.176,,,,2.75,5.5,0.775,2.75,132,0,1,4.6000000000000005,12.166666666666666,8.7,,8,8.333333333333334,,,,,
2026,1,2026_01_NO_DET,2026-09-13,00-0036754,Brock Wright,TE,DET,NO,HOME,dome,fieldturf,1,7,7,7.0,48.5,0,50,0,294.0,0,1,1,1,1,0,5.9,2.9,3.22,2.413917977065501,0.0,5.9,,,0.0,0.0,0.0,,0.0,0.0,0.0,,4.0,4.0,3.2,,3.0,1.6667,1.8,3.0,1.6667,1.8,4.0,4.0,3.2,,0.0,0.0,0.0,0.0,29.0,12.3333,29.0,12.3333,0.0,0.0,0.10526315789473684,0.11031920077972708,0.09317564745196324,,0.04072398190045249,0.006079007642272171,0.01926656914167773,0.186401524172422,0.16973410651918117,0.15325006957711929,1,3,5,60.0,45.333333333333336,41.6,0.88,0.7000000000000001,0.638,,,,3.0833333333333335,7.4,0.725,3.0833333333333335,133,0,1,11.8,13.700000000000001,10.36,,9,9.666666666666666,,,,,
2026,1,2026_01_CHI_CAR,2026-09-13,00-0036825,Feleipe Franks,TE,CAR,CHI,HOME,outdoors,grass,1,7,7,-2.5,47.5,0,28,0,252.0,0,1,1,1,1,1,0.0,0.06666666666666667,0.04,0.08944271909999159,0.0,0.2,,,0.0,0.0,0.0,,0.0,0.3333,0.2,,0.0,0.0,0.0,,0.0,0.0,0.0,0.0,0.3333,0.2,0.0,0.0,0.0,,0.0,0.0,0.0,0.6667,0.0,0.0,0.0,0.6667,0.0,0.0,0.0,0.0,0.0,,0.0,0.0,0.0,0.0,0.0,0.0,1,3,5,2.0,1.6666666666666667,1.0,0.03,0.02666666666666667,0.016,,,2.0,,,,,132,0,1,2.2,9.333333333333334,10.14,,3,5.333333333333333,,,,,
2026,1,2026_01_NYJ_TEN,2026-09-13,00-0036876,Kylen Granson,TE,TEN,NYJ,HOME,outdoors,grass,1,7,7,3.0,38.5,0,66,0,252.0,0,1,1,1,1,1,7.0,2.3333333333333335,1.4,3.1304951684997055,0.0,7.0,,,0.0,0.0,0.0,,0.0,0.0,0.0,,5.0,1.6667,1.0,,4.0,1.3333,0.8,4.0,1.3333,0.8,5.0,1.6667,1.0,,0.0,0.0,0.0,0.0,30.0,10.0,30.0,10.0,0.0,0.0,0.14705882352941177,0.049019607843137254,0.029411764705882353,,0.08093994778067885,0.026979982593559618,0.01618798955613577,0.27724619874059286,0.09241539958019762,0.05544923974811857,1,3,5,49.0,22.333333333333332,17.4,0.77,0.3566666666666667,0.272,,,,6.0,7.5,1.4,6.0,132,0,1,25.300000000000004,27.80666666666667,20.163999999999998,,9,10.666666666666666,,,,,
2026,1,2026_01_SF_LA,2026-09-10,00-0036887,Luke Farrell,TE,SF,LA,AWAY,dome,matrixturf,0,7,7,3.5,48.5,1,47,0,262.0,0,1,1,1,1,0,0.0,0.43333333333333335,2.16,4.141618041297386,0.0,9.5,,,0.0,0.0,0.0,,0.0,0.0,0.0,,0.0,0.6667,0.8,,0.0,0.3333,0.6,0.0,0.3333,0.6,0.0,0.6667,0.8,,0.0,0.0,0.0,0.0,0.0,1.0,0.0,1.0,0.0,0.0,0.0,0.024909420289855072,0.025202062430323302,,0.0,0.007634470792365529,0.00812678176619946,0.0,0.04270825998943848,0.043491840881824576,1,3,5,27.0,20.0,18.6,0.41,0.29666666666666663,0.29,,,,1.5,3.0,0.65,1.5,132,0,1,28.8,16.46666666666667,12.24,,13,7.333333333333333,,,,,
2026,1,2026_01_ATL_PIT,2026-09-13,00-0036894,Pat Freiermuth,TE,PIT,ATL,HOME,outdoors,grass,1,7,7,3.0,42.5,0,74,0,252.0,0,1,1,1,1,0,8.100000000000001,7.800000000000001,6.76,2.4633310780323465,2.9,9.3,,,0.0,0.0,0.0,,0.0,0.0,0.0,,5.0,4.6667,4.4,,3.0,3.3333,3.0,3.0,3.3333,3.0,5.0,4.6667,4.4,,0.0,0.0,0.0,0.0,51.0,44.6667,51.0,44.6667,0.0,0.0,0.11363636363636363,0.11801155222207854,0.12602578655210234,,0.13538461538461538,0.11296882658233798,0.17126776026441512,0.2652237762237762,0.2560955069407544,0.30892611201324405,1,3,5,52.0,43.333333333333336,37.8,0.69,0.6066666666666666,0.568,,,,9.571428571428571,13.4,1.6714285714285715,9.571428571428571,133,0,1,13.3,20.266666666666666,14.820000000000002,,8,12.0,,,,,
2026,1,2026_01_ATL_PIT,2026-09-13,00-0036970,Kyle Pitts,TE,ATL,PIT,AWAY,outdoors,grass,0,7,7,3.0,42.5,0,78,0,252.0,0,1,1,1,1,0,11.8,11.366666666666667,18.939999999999998,15.910939632843814,3.6,45.6,,,0.0,0.0,0.0,,0.0,0.0,0.0,,9.0,7.0,8.6,,6.0,5.0,6.4,6.0,5.0,6.4,9.0,7.0,8.6,,0.0,0.0,0.0,0.0,58.0,43.6667,58.0,43.6667,0.0,0.3333,0.3,0.23823529411764702,0.27290633326501335,,0.17647058823529413,0.24560732223221518,0.30036375332071036,0.5735294117647058,0.5292780667390212,0.6196141272220173,1,3,5,58.0,58.0,60.2,0.92,0.9033333333333333,0.9179999999999999,,,,6.238095238095238,8.733333333333333,1.6238095238095238,6.238095238095238,133,0,1,8.600000000000001,12.866666666666667,18.52,,5,7.333333333333333,,,,,
2026,1,2026_01_CLE_JAX,2026-09-13,00-0037004,Hunter Long,TE,JAX,CLE,HOME,outdoors,grass,1,7,7,7.5,40.5,0,23,0,315.0,0,1,1,1,1,0,1.6,3.033333333333333,4.340000000000001,4.059926107701962,1.3,11.3,,,0.0,0.0,0.0,,0.0,0.0,0.0,,3.0,3.0,2.6,,1.0,1.6667,1.8,1.0,1.6667,1.8,3.0,3.0,2.6,,0.0,0.0,0.0,0.0,6.0,13.6667,6.0,13.6667,0.0,0.0,0.09090909090909091,0.07538914985723497,0.07323348991434098,,0.04498269896193772,0.034215178070326625,0.038706042688304756,0.16785152563699274,0.13703434943508105,0.1369444647533248,1,3,5,53.0,53.333333333333336,43.4,0.66,0.6866666666666666,0.596,,,,4.555555555555555,8.2,1.011111111111111,4.555555555555555,133,0,1,7.5,11.533333333333333,11.379999999999999,,6,7.666666666666667,,,,,
2026,1,2026_01_CHI_CAR,2026-09-13,00-0037005,Tommy Tremble,TE,CAR,CHI,HOME,outdoors,grass,1,7,7,-2.5,47.5,0,70,0,253.0,0,1,1,1,1,0,12.8,5.333333333333333,4.1,4.93051721424842,1.2,12.8,,,0.0,0.0,0.0,,0.0,0.0,0.0,,4.0,2.0,2.4,,3.0,1.6667,1.6,3.0,1.6667,1.6,4.0,2.0,2.4,,0.0,0.0,0.0,0.0,38.0,16.6667,38.0,16.6667,1.0,0.3333,0.13333333333333333,0.07107014848950333,0.10264208909370201,,0.09090909090909091,0.06906272022551092,0.082035586501947,0.26363636363636367,0.15494912689211265,0.2113880441919159,1,3,5,46.0,36.666666666666664,34.8,0.9,0.7000000000000001,0.63,,,,8.333333333333334,10.0,2.6666666666666665,8.333333333333334,132,0,1,2.2,9.333333333333334,10.14,,3,5.333333333333333,,,,,
2026,1,2026_01_CHI_CAR,2026-09-13,00-0037031,Nikola Kalinic,TE,CHI,CAR,AWAY,outdoors,grass,0,7,7,-2.5,47.5,0,3,0,252.0,0,1,1,1,0,0,0.0,0.0,0.0,0.0,0.0,0.0,,,0.0,0.0,0.0,,0.0,0.0,0.0,,0.0,0.0,0.0,,0.0,0.0,0.0,0.0,0.0,0.0,0.0,0.0,0.0,,0.0,0.0,0.0,0.0,0.0,0.0,0.0,0.0,0.0,0.0,0.0,0.0,0.0,,0.0,0.0,0.0,0.0,0.0,0.0,1,3,3,0.0,0.3333333333333333,0.3333333333333333,0.0,0.006666666666666667,0.006666666666666667,,,,,,,,133,0,1,22.4,13.066666666666668,11.239999999999998,,10,5.666666666666667,,,,,
2026,1,2026_01_MIA_LV,2026-09-13,00-0037078,Cole Turner,TE,MIA,LV,AWAY,dome,grass,0,7,7,3.5,40.5,0,15,0,1015.0,0,1,1,1,1,1,1.2,2.266666666666667,1.7399999999999998,1.4152738250953418,0.0,3.9000000000000004,,,0.0,0.0,0.0,,0.0,0.0,0.0,,1.0,1.0,0.8,,1.0,1.0,0.8,1.0,1.0,0.8,1.0,1.0,0.8,,0.0,0.0,0.0,0.0,2.0,12.6667,2.0,12.6667,0.0,0.0,0.045454545454545456,0.03066378066378066,0.022564935064935062,,0.0,0.01567760942760943,0.013033508661747004,0.06818181818181818,0.056969997594997594,0.0429708586606255,1,3,5,7.0,10.0,9.4,0.13,0.14,0.132,,,,12.666666666666666,12.666666666666666,2.266666666666667,12.666666666666666,132,0,1,10.2,10.166666666666666,12.679999999999998,,11,7.333333333333333,,,,,
2026,1,2026_01_WAS_PHI,2026-09-13,00-0037086,Grant Calcaterra,TE,PHI,WAS,HOME,outdoors,grass,1,7,7,4.5,47.5,1,33,0,252.0,0,1,1,1,1,0,10.1,4.266666666666667,2.92,4.070257977082043,0.0,10.1,,,0.0,0.0,0.0,,0.0,0.0,0.0,,3.0,1.6667,1.4,,2.0,1.3333,1.0,2.0,1.3333,1.0,3.0,1.6667,1.4,,0.0,0.0,0.0,0.0,21.0,9.3333,21.0,9.3333,1.0,0.3333,0.08823529411764706,0.06308179837591603,0.052100286755018224,,0.06266318537859007,0.03486470755278819,0.048103348429909785,0.17621717094148365,0.11902799285082577,0.11182277403346416,1,3,5,28.0,28.0,24.8,0.44,0.44333333333333336,0.394,,,,5.6,7.0,2.56,5.6,132,0,1,17.1,14.833333333333334,17.74,,8,5.666666666666667,,,,,
2026,1,2026_01_SF_LA,2026-09-10,00-0037112,Jake Tonges,TE,SF,LA,AWAY,dome,matrixturf,0,7,7,3.5,48.5,1,13,0,256.0,0,1,1,1,1,0,19.0,6.8999999999999995,7.94,7.741963575217853,0.0,19.0,,,0.0,0.0,0.0,,0.0,0.0,0.0,,9.0,3.6667,3.8,,7.0,2.6667,3.0,7.0,2.6667,3.0,9.0,3.6667,3.8,,0.0,0.0,0.0,0.0,60.0,22.3333,60.0,22.3333,1.0,0.3333,0.2727272727272727,0.1111111111111111,0.1109561174077303,,0.21739130434782608,0.08892467346573625,0.07418544215145914,0.5612648221343873,0.22891393809268204,0.21836398561761686,1,3,5,50.0,23.666666666666668,26.6,0.69,0.34,0.39,,,,6.090909090909091,8.375,1.8818181818181818,6.090909090909091,132,0,1,28.8,16.46666666666667,12.24,,13,7.333333333333333,,,,,
2026,1,2026_01_MIA_LV,2026-09-13,00-0037252,Greg Dulcich,TE,MIA,LV,AWAY,dome,grass,0,7,7,3.5,40.5,0,25,0,252.0,0,1,1,1,1,0,6.1,9.266666666666667,8.3,4.396020928066654,5.6000000000000005,16.1,,,0.0,0.0,0.0,,0.0,0.3333,0.2,,4.0,4.3333,3.6,,3.0,3.6667,3.2,3.0,4.0,3.4,4.0,4.3333,3.6,,0.0,0.0,0.0,-2.3333,31.0,45.0,31.0,42.6667,0.0,0.3333,0.16666666666666666,0.1809474050853361,0.1525244870072456,,0.09375,0.09250055386139129,0.09199156038701022,0.315625,0.33617149533097807,0.2931808227817756,1,3,5,29.0,22.0,24.0,0.52,0.38999999999999996,0.418,,,-7.0,10.384615384615385,12.272727272727273,2.138461538461539,9.846153846153847,132,0,1,10.2,10.166666666666666,12.679999999999998,,11,7.333333333333333,,,,,
2026,1,2026_01_ARI_LAC,2026-09-13,00-0037277,Teagan Quitoriano,TE,ARI,LAC,AWAY,dome,matrixturf,0,7,7,10.5,46.5,0,12,0,258.0,0,1,1,1,1,1,0.0,1.0666666666666667,1.06,1.5026643005009468,0.0,3.2,,,0.0,0.0,0.0,,0.0,0.0,0.0,,0.0,0.3333,0.6,,0.0,0.3333,0.4,0.0,0.3333,0.4,0.0,0.3333,0.6,,0.0,0.0,0.0,0.0,0.0,7.3333,0.0,7.3333,0.0,0.0,0.0,0.010416666666666666,0.017797714514835604,,0.0,0.015927189988623438,0.010325544762404831,0.0,0.026774032992036404,0.033924453105936794,1,3,5,15.0,24.333333333333332,22.8,0.28,0.43333333333333335,0.386,,,,22.0,22.0,3.2,22.0,133,0,1,7.5,5.766666666666667,9.42,,4,4.0,,,,,
2026,1,2026_01_CHI_CAR,2026-09-13,00-0037282,James Mitchell,TE,CAR,CHI,HOME,outdoors,grass,1,7,7,-2.5,47.5,0,12,0,343.0,0,1,1,1,1,0,2.1,3.066666666666667,2.46,1.0310189135025605,1.4,3.7,,,0.0,0.0,0.0,,0.0,0.0,0.0,,1.0,1.3333,1.2,,1.0,1.3333,1.2,1.0,1.3333,1.2,1.0,1.3333,1.2,,0.0,0.0,0.0,0.0,11.0,17.3333,11.0,17.3333,0.0,0.0,0.037037037037037035,0.04393170051772202,0.038669626371239274,,0.004098360655737705,0.031024214612115547,0.026914167913393405,0.058424408014571945,0.08761450100506392,0.0768443570962343,1,3,5,13.0,25.333333333333332,21.2,0.19,0.4166666666666667,0.34199999999999997,,,,13.0,13.0,2.3000000000000003,13.0,132,0,1,2.2,9.333333333333334,10.14,,3,5.333333333333333,,,,,
2026,1,2026_01_BAL_IND,2026-09-13,00-0037292,Andrew Ogletree,TE,IND,BAL,HOME,,fieldturf,1,7,7,-3.5,48.5,0,34,0,265.0,0,1,1,1,1,0,2.1,1.3,2.54,3.634281221919955,0.0,8.8,,,0.0,0.0,0.0,,0.0,0.0,0.0,,2.0,1.0,1.0,,1.0,0.6667,0.8,1.0,0.6667,0.8,2.0,1.0,1.0,,0.0,0.0,0.0,0.0,11.0,6.3333,11.0,6.3333,0.0,0.0,0.05555555555555555,0.03185185185185185,0.032014336917562725,,0.06824925816023739,0.03453426450459091,0.030792501148797714,0.13110781404549948,0.07195176293099141,0.06957625618050248,1,3,5,5.0,10.0,12.0,0.08,0.16333333333333336,0.19199999999999998,,,,6.333333333333333,9.5,1.3,6.333333333333333,133,0,1,9.500000000000002,10.733333333333334,9.44,,7,6.333333333333333,,,,,
2026,1,2026_01_TB_CIN,2026-09-13,00-0037311,Ko Kieft,TE,TB,CIN,AWAY,outdoors,fieldturf,0,7,7,3.5,51.5,0,28,0,357.0,0,1,1,1,1,0,0.0,0.0,0.0,0.0,0.0,0.0,,,0.0,0.0,0.0,,0.0,0.0,0.0,,0.0,0.0,0.0,,0.0,0.0,0.0,0.0,0.0,0.0,0.0,0.0,0.0,,0.0,0.0,0.0,0.0,0.0,0.0,0.0,0.0,0.0,0.0,0.0,0.0,0.0,,0.0,0.0,0.0,0.0,0.0,0.0,1,3,5,16.0,11.666666666666666,8.4,0.22,0.17333333333333334,0.122,,,,,,,,132,0,1,1.6,12.600000000000001,16.06,,3,8.333333333333334,,,,,
2026,1,2026_01_NO_DET,2026-09-13,00-0037340,Zaire Mitchell-Paden,TE,NO,DET,AWAY,dome,fieldturf,0,7,7,7.0,48.5,0,3,0,308.0,0,1,1,1,0,0,2.4000000000000004,1.2333333333333334,1.2333333333333334,1.2013880860626736,0.0,2.4000000000000004,,,0.0,0.0,0.0,,0.0,0.0,0.0,,1.0,1.0,1.0,,1.0,0.6667,0.6667,1.0,0.6667,0.6667,1.0,1.0,1.0,,0.0,0.0,0.0,0.0,14.0,5.6667,14.0,5.6667,0.0,0.0,0.038461538461538464,0.04139194139194139,0.04139194139194139,,0.03515625,0.019074720546154597,0.019074720546154597,0.0823016826923077,0.07544021647022031,0.07544021647022031,1,3,3,26.0,17.333333333333332,17.333333333333332,0.38,0.30333333333333334,0.30333333333333334,,,,5.666666666666667,8.5,1.2333333333333334,5.666666666666667,133,0,1,30.700000000000003,15.733333333333334,18.520000000000003,,16,9.333333333333334,,,,,
2026,1,2026_01_DAL_NYG,2026-09-13,00-0037348,Tanner Conner,TE,NYG,DAL,HOME,outdoors,fieldturf,1,7,7,-2.5,48.5,1,14,0,318.0,0,1,1,1,1,1,0.0,2.1333333333333333,2.3600000000000003,1.5453155017665485,0.0,3.8000000000000003,,,0.0,0.0,0.0,,0.0,0.0,0.0,,1.0,2.0,1.8,,0.0,1.0,1.2,0.0,1.0,1.2,1.0,2.0,1.8,,0.0,0.0,0.0,0.0,0.0,11.3333,0.0,11.3333,0.0,0.0,0.02702702702702703,0.0670337003670337,0.05865159276923983,,0.07380073800738007,0.08611552796543893,0.06742711482204214,0.09220105714570659,0.16083142012635782,0.13517636952928927,1,3,5,29.0,26.0,18.4,0.45,0.4033333333333333,0.292,,,,5.666666666666667,11.333333333333334,1.0666666666666667,5.666666666666667,133,0,1,11.8,8.4,8.34,,3,3.6666666666666665,,,,,
2026,1,2026_01_WAS_PHI,2026-09-13,00-0037475,Stone Smartt,TE,PHI,WAS,HOME,outdoors,grass,1,7,7,4.5,47.5,1,30,0,259.0,0,1,1,1,1,1,3.8,4.066666666666666,2.44,3.71591173199795,0.0,8.4,,,0.0,0.0,0.0,,0.0,0.0,0.0,,3.0,2.6667,1.8,,2.0,2.3333,1.4,2.0,2.3333,1.4,3.0,2.6667,1.8,,0.0,0.0,0.0,0.0,18.0,17.3333,18.0,17.3333,0.0,0.0,0.09375,0.08026960784313726,0.05441176470588236,,0.07333333333333333,0.05511929107021132,0.044144239001988377,0.19195833333333334,0.1589879155138538,0.1125186143602154,1,3,5,16.0,15.666666666666666,10.4,0.26,0.24,0.162,,,,6.5,7.428571428571429,1.525,6.5,132,0,1,17.1,14.833333333333334,17.74,,8,5.666666666666667,,,,,
2026,1,2026_01_DEN_KC,2026-09-14,00-0037539,Lucas Krull,TE,DEN,KC,AWAY,outdoors,grass,0,7,7,3.0,42.5,1,19,0,358.0,0,1,1,1,1,0,1.9,1.6000000000000003,2.54,1.5372052563011875,1.3,5.1,,,0.0,0.0,0.0,,0.0,0.0,0.0,,2.0,1.6667,2.0,,1.0,1.0,1.6,1.0,1.0,1.6,2.0,1.6667,2.0,,0.0,0.0,0.0,0.0,9.0,6.0,9.0,6.0,0.0,0.0,0.08695652173913043,0.05775621343643784,0.06253834344647809,,0.040892193308550186,0.02622714290700835,0.03285977528148765,0.15905931792468078,0.1049933201895626,0.11680935786675847,1,3,5,22.0,22.666666666666668,24.0,0.42,0.36999999999999994,0.386,,,,3.6,6.0,0.9600000000000002,3.6,132,0,1,7.7,12.5,10.559999999999999,,5,7.333333333333333,,,,,
2026,1,2026_01_ARI_LAC,2026-09-13,00-0037744,Trey McBride,TE,ARI,LAC,AWAY,dome,matrixturf,0,7,7,10.5,46.5,0,62,0,252.0,0,1,1,1,1,0,13.5,14.6,18.4,12.315640462436374,6.7,37.4,,,0.0,0.0,0.0,,0.0,0.0,0.0,,8.0,9.6667,10.2,,7.0,7.0,7.6,7.0,7.0,7.6,8.0,9.6667,10.2,,0.0,0.0,0.0,0.0,65.0,56.0,65.0,56.0,0.0,0.3333,0.2857142857142857,0.3110016420361248,0.29593112876234473,,0.1553784860557769,0.2266466298548496,0.21539138700381888,0.5373363688104724,0.6251551039525819,0.5946706640461903,1,3,5,52.0,54.0,56.6,0.95,0.9566666666666667,0.952,,,,5.793103448275862,8.0,1.5103448275862068,5.793103448275862,133,0,1,7.5,5.766666666666667,9.42,,4,4.0,,,,,
2026,1,2026_01_NYJ_TEN,2026-09-13,00-0037755,Jelani Woods,TE,NYJ,TEN,AWAY,outdoors,grass,0,7,7,3.0,38.5,0,14,0,259.0,0,1,1,1,1,0,1.4,1.0999999999999999,3.1,2.950423698386386,0.0,7.3,,,0.0,0.0,0.0,,0.0,0.0,0.0,,1.0,2.3333,3.2,,1.0,0.6667,1.6,1.0,0.6667,1.6,1.0,2.3333,3.2,,0.0,0.0,0.0,0.0,4.0,4.3333,4.0,4.3333,0.0,0.0,0.03125,0.06924019607843136,0.10688803299097419,,0.02,0.046922370899956524,0.10269463041451513,0.060875,0.13670595374761663,0.23221829077662184,1,3,5,22.0,24.333333333333332,28.2,0.35,0.35666666666666663,0.45999999999999996,,,,1.8571428571428572,6.5,0.4714285714285714,1.8571428571428572,133,0,1,27.299999999999997,15.133333333333333,20.14,,8,6.0,,,,,
2026,1,2026_01_NYJ_TEN,2026-09-13,00-0037805,Jeremy Ruckert,TE,NYJ,TEN,AWAY,outdoors,grass,0,7,7,3.0,38.5,0,40,0,259.0,0,1,1,1,1,0,1.2,2.6333333333333333,3.0,1.041633332799983,1.2,3.9000000000000004,,,0.0,0.0,0.0,,0.0,0.0,0.0,,3.0,2.6667,2.6,,1.0,1.6667,1.8,1.0,1.6667,1.8,3.0,2.6667,2.6,,0.0,0.0,0.0,0.0,2.0,9.6667,2.0,9.6667,0.0,0.0,0.09375,0.08149509803921569,0.08055028462998103,,0.02666666666666667,0.04173353687222175,0.038360294374420456,0.15929166666666666,0.15145612286937873,0.14767763300706585,1,3,5,38.0,44.0,38.2,0.61,0.6733333333333333,0.594,,,,3.625,5.8,0.9875,3.625,133,0,1,27.299999999999997,15.133333333333333,20.14,,8,6.0,,,,,
2026,1,2026_01_WAS_PHI,2026-09-13,00-0037809,Chig Okonkwo,TE,WAS,PHI,AWAY,outdoors,grass,0,7,7,4.5,47.5,1,66,0,252.0,0,1,1,1,1,1,2.2,11.033333333333333,8.88,6.306108150039927,2.2,16.4,,,0.0,0.0,0.0,,0.0,0.0,0.0,,5.0,6.6667,5.6,,2.0,3.6667,3.4,2.0,3.6667,3.4,5.0,6.6667,5.6,,0.0,0.0,0.0,0.0,2.0,33.6667,2.0,33.6667,0.0,0.6667,0.15151515151515152,0.2159371492704826,0.19000673400673398,,0.11811023622047244,0.09938203069112157,0.06077864370202927,0.30994989262705797,0.39347314538950906,0.32755515160152154,1,3,5,43.0,38.0,35.2,0.8,0.5866666666666667,0.5619999999999999,,,,5.05,9.181818181818182,1.655,5.05,133,0,1,11.600000000000001,7.033333333333334,6.540000000000001,,4,4.0,,,,,
2026,1,2026_01_DAL_NYG,2026-09-13,00-0037838,Isaiah Likely,TE,NYG,DAL,HOME,outdoors,fieldturf,1,7,7,-2.5,48.5,1,55,0,252.0,0,1,1,1,1,1,5.2,3.6333333333333333,7.18,5.344810567269901,0.0,12.5,,,0.0,0.0,0.0,,0.0,0.0,0.0,,2.0,1.6667,3.4,,2.0,1.6667,2.8,2.0,1.6667,2.8,2.0,1.6667,3.4,,0.0,0.0,0.0,0.0,32.0,19.6667,32.0,19.6667,0.0,0.0,0.11764705882352941,0.0892156862745098,0.12989304812834226,,0.13559322033898305,0.11603107344632768,0.13101349889382272,0.27138584247258224,0.21504528082419405,0.2865490214181893,1,3,5,25.0,33.333333333333336,35.8,0.49,0.53,0.542,,,,11.8,11.8,2.18,11.8,133,0,1,11.8,8.4,8.34,,3,3.6666666666666665,,,,,
2026,1,2026_01_DAL_NYG,2026-09-13,00-0038041,Jake Ferguson,TE,DAL,NYG,AWAY,outdoors,fieldturf,0,7,7,-2.5,48.5,1,59,0,252.0,0,1,1,1,1,0,1.5,4.666666666666667,5.68,3.6162134892729996,1.5,10.8,,,0.0,0.0,0.0,,0.0,0.0,0.0,,2.0,2.6667,3.8,,1.0,1.6667,2.4,1.0,1.6667,2.4,2.0,2.6667,3.8,,0.0,0.0,0.0,0.0,5.0,10.0,5.0,10.0,0.0,0.3333,0.08695652173913043,0.08917069243156199,0.10614679235863322,,0.0,0.03737638161721931,0.07161079383196516,0.13043478260869565,0.1599195057793965,0.20934774422032545,1,3,5,33.0,33.333333333333336,43.2,0.6,0.5266666666666667,0.6180000000000001,,,,3.75,6.0,1.75,3.75,132,0,1,8.7,10.566666666666666,10.1,,6,6.666666666666667,,,,,
2026,1,2026_01_ARI_LAC,2026-09-13,00-0038046,Charlie Kolar,TE,LAC,ARI,HOME,dome,matrixturf,1,7,7,10.5,46.5,0,33,0,260.0,0,1,1,1,1,1,0.0,0.9333333333333332,1.6800000000000002,1.5352524222420234,0.0,2.9000000000000004,,,0.0,0.0,0.0,,0.0,0.0,0.0,,1.0,0.6667,0.8,,0.0,0.3333,0.6,0.0,0.3333,0.6,1.0,0.6667,0.8,,0.0,0.0,0.0,0.0,0.0,6.0,0.0,6.0,0.0,0.0,0.05,0.03333333333333333,0.03272727272727273,,0.0625,0.03642787524366472,0.04087895826200098,0.11875000000000001,0.0754995126705653,0.07770617987430979,1,3,5,37.0,28.333333333333332,22.8,0.49,0.49666666666666665,0.38,,,,9.0,18.0,1.4,9.0,132,0,1,39.7,24.433333333333337,23.279999999999998,,14,10.0,,,,,
2026,1,2026_01_NYJ_TEN,2026-09-13,00-0038115,Daniel Bellinger,TE,TEN,NYJ,HOME,outdoors,grass,1,7,7,3.0,38.5,0,50,0,252.0,0,1,1,1,1,1,11.8,7.133333333333333,4.279999999999999,4.987684833667822,0.0,11.8,,,0.0,0.0,0.0,,0.0,0.0,0.0,,2.0,3.0,2.4,,2.0,2.3333,1.4,2.0,2.3333,1.4,2.0,3.0,2.4,,0.0,0.0,0.0,0.0,38.0,28.0,38.0,28.0,1.0,0.3333,0.0625,0.09235312899106002,0.07407313500112689,,0.021739130434782608,0.052103928779203945,0.04427103195017634,0.10896739130434782,0.1750024436320328,0.14209942486681376,1,3,5,69.0,49.666666666666664,46.8,0.92,0.7166666666666667,0.6479999999999999,,,,9.333333333333334,12.0,2.3777777777777778,9.333333333333334,132,0,1,25.300000000000004,27.80666666666667,20.163999999999998,,9,10.666666666666666,,,,,
2026,1,2026_01_TB_CIN,2026-09-13,00-0038129,Cade Otton,TE,TB,CIN,AWAY,outdoors,fieldturf,0,7,7,3.5,51.5,0,62,0,253.0,0,1,1,1,1,0,22.4,11.066666666666668,8.2,8.11664955508121,2.9,22.4,,,0.0,0.0,0.0,,0.0,0.0,0.0,,9.0,5.0,4.2,,7.0,4.3333,3.6,7.0,4.3333,3.6,9.0,5.0,4.2,,0.0,0.0,0.0,0.0,94.0,47.3333,94.0,47.3333,1.0,0.3333,0.4090909090909091,0.19333333333333336,0.15995604395604396,,0.33098591549295775,0.1437294233885037,0.11278447677557715,0.8453265044814341,0.3906105963719526,0.31888319967696993,1,3,5,64.0,63.0,61.6,0.96,0.9566666666666667,0.9299999999999999,,,,9.466666666666667,10.923076923076923,2.2133333333333334,9.466666666666667,132,0,1,1.6,12.600000000000001,16.06,,3,8.333333333333334,,,,,
2026,1,2026_01_BAL_IND,2026-09-13,00-0038394,Will Mallory,TE,IND,BAL,HOME,,fieldturf,1,7,7,-3.5,48.5,0,19,0,259.0,0,1,1,1,1,0,2.6,1.4333333333333336,1.2600000000000002,1.1949895397031725,0.0,2.6,,,0.0,0.0,0.0,,0.0,0.0,0.0,,1.0,1.0,1.2,,1.0,0.6667,0.6,1.0,0.6667,0.6,1.0,1.0,1.2,,0.0,0.0,0.0,0.0,16.0,7.6667,16.0,7.6667,0.0,0.0,0.034482758620689655,0.034642401021711365,0.039402952133764144,,0.05555555555555555,0.037889291447710964,0.03730634983083873,0.09061302681992336,0.07848610554596472,0.08521887308223333,1,3,5,11.0,11.333333333333334,11.6,0.19,0.17,0.178,,,,7.666666666666667,11.5,1.4333333333333336,7.666666666666667,133,0,1,9.500000000000002,10.733333333333334,9.44,,7,6.333333333333333,,,,,
2026,1,2026_01_WAS_PHI,2026-09-13,00-0038498,E.J. Jenkins,TE,PHI,WAS,HOME,outdoors,grass,1,7,7,4.5,47.5,1,3,0,329.0,0,1,1,1,0,0,0.0,2.566666666666667,2.566666666666667,4.445597072760118,0.0,7.7,,,0.0,0.0,0.0,,0.0,0.0,0.0,,0.0,0.6667,0.6667,,0.0,0.3333,0.3333,0.0,0.3333,0.3333,0.0,0.6667,0.6667,,0.0,0.0,0.0,0.0,0.0,2.3333,0.0,2.3333,0.0,0.3333,0.0,0.026648599819331525,0.026648599819331525,,0.0,0.013573850188703385,0.013573850188703385,0.0,0.049474594861089655,0.049474594861089655,1,3,3,5.0,22.333333333333332,22.333333333333332,0.1,0.34,0.34,,,,3.5,7.0,3.85,3.5,132,0,1,17.1,14.833333333333334,17.74,,8,5.666666666666667,,,,,
2026,1,2026_01_DAL_NYG,2026-09-13,00-0038547,Luke Schoonmaker,TE,DAL,NYG,AWAY,outdoors,fieldturf,0,7,7,-2.5,48.5,1,38,0,252.0,0,1,1,1,1,0,2.2,3.2000000000000006,2.5800000000000005,1.1256109452204168,1.1,3.9000000000000004,,,0.0,0.0,0.0,,0.0,0.0,0.0,,1.0,1.3333,1.4,,1.0,1.3333,1.2,1.0,1.3333,1.2,1.0,1.3333,1.4,,0.0,0.0,0.0,0.0,12.0,18.6667,12.0,18.6667,0.0,0.0,0.043478260869565216,0.04253508166551645,0.03943709270258761,,0.0056179775280898875,0.013482037732824864,0.014152058800629396,0.06914997557401074,0.07324004891125208,0.069062080214322,1,3,5,16.0,26.333333333333332,23.8,0.29,0.35000000000000003,0.316,,,,14.0,14.0,2.4000000000000004,14.0,132,0,1,8.7,10.566666666666666,10.1,,6,6.666666666666667,,,,,
2026,1,2026_01_ATL_PIT,2026-09-13,00-0038558,Darnell Washington,TE,PIT,ATL,HOME,outdoors,grass,1,7,7,3.0,42.5,0,34,0,259.0,0,1,1,1,1,0,3.5,4.533333333333333,4.459999999999999,1.6801785619391767,2.2,6.5,,,0.0,0.0,0.0,,0.0,0.0,0.0,,2.0,3.3333,3.0,,2.0,2.6667,2.2,2.0,2.6667,2.2,2.0,3.3333,3.0,,0.0,0.0,0.0,0.0,15.0,25.3333,15.0,25.3333,0.0,0.0,0.05405405405405406,0.10248845336564634,0.10391731444363024,,0.017543859649122806,0.022763376101946408,0.09511756098005136,0.09336178283546705,0.16966704331983198,0.22245826435148133,1,3,5,9.0,35.666666666666664,31.2,0.14,0.5166666666666667,0.526,,,,7.6,9.5,1.3599999999999999,7.6,133,0,1,13.3,20.266666666666666,14.820000000000002,,8,12.0,,,,,
2026,1,2026_01_WAS_PHI,2026-09-13,00-0038564,Cameron Latu,TE,PHI,WAS,HOME,outdoors,grass,1,7,7,4.5,47.5,1,10,0,252.0,0,1,1,1,1,0,0.0,0.0,0.0,0.0,0.0,0.0,,,0.0,0.0,0.0,,0.0,0.0,0.0,,0.0,0.0,0.0,,0.0,0.0,0.0,0.0,0.0,0.0,0.0,0.0,0.0,,0.0,0.0,0.0,0.0,0.0,0.0,0.0,0.0,0.0,0.0,0.0,0.0,0.0,,0.0,0.0,0.0,0.0,0.0,0.0,1,3,5,19.0,9.666666666666666,6.6,0.3,0.15333333333333332,0.10400000000000001,,,,,,,,132,0,1,17.1,14.833333333333334,17.74,,8,5.666666666666667,,,,,
2026,1,2026_01_GB_MIN,2026-09-13,00-0038589,Josh Whyle,TE,GB,MIN,AWAY,dome,sportturf,0,7,7,1.5,45.5,1,30,0,252.0,0,1,1,1,1,0,1.4,2.1,1.48,1.1256109452204168,0.0,3.1,,,0.0,0.0,0.0,,0.0,0.0,0.0,,1.0,1.0,1.0,,1.0,1.0,0.8,1.0,1.0,0.8,1.0,1.0,1.0,,0.0,0.0,0.0,0.0,4.0,11.0,4.0,11.0,0.0,0.0,0.1,0.061159420289855077,0.053116013421860495,,-0.037037037037037035,0.0062434341834569475,0.0050209530336695635,0.1240740740740741,0.09610953436320248,0.08318868725635944,1,3,5,37.0,29.666666666666668,29.6,0.73,0.5966666666666667,0.542,,,,11.0,11.0,2.1,11.0,133,0,1,2.7,0.9,2.8200000000000003,,3,2.3333333333333335,,,,,
2026,1,2026_01_SF_LA,2026-09-10,00-0038643,Brayden Willis,TE,SF,LA,AWAY,dome,matrixturf,0,7,7,3.5,48.5,1,12,0,256.0,0,1,1,1,1,0,0.0,0.0,0.0,0.0,0.0,0.0,,,0.0,0.0,0.0,,0.0,0.0,0.0,,0.0,0.0,0.0,,0.0,0.0,0.0,0.0,0.0,0.0,0.0,0.0,0.0,,0.0,0.0,0.0,0.0,0.0,0.0,0.0,0.0,0.0,0.0,0.0,0.0,0.0,,0.0,0.0,0.0,0.0,0.0,0.0,1,3,5,1.0,1.3333333333333333,1.4,0.01,0.013333333333333334,0.018,,,,,,,,132,0,1,28.8,16.46666666666667,12.24,,13,7.333333333333333,,,,,
2026,1,2026_01_CLE_JAX,2026-09-13,00-0038710,Blake Whiteheart,TE,CLE,JAX,AWAY,outdoors,grass,0,7,7,7.5,40.5,0,16,0,252.0,0,1,1,1,1,0,0.0,0.0,0.0,0.0,0.0,0.0,,,0.0,0.0,0.0,,0.0,0.0,0.0,,1.0,1.0,0.6,,0.0,0.0,0.0,0.0,0.0,0.0,1.0,1.0,0.6,,0.0,0.0,0.0,0.0,0.0,0.0,0.0,0.0,0.0,0.0,0.047619047619047616,0.03913769932076568,0.023482619592459408,,0.05102040816326531,0.02137838742054199,0.012827032452325193,0.10714285714285714,0.07367142017552791,0.04420285210531675,1,3,5,34.0,31.666666666666668,22.2,0.65,0.5633333333333334,0.384,,,,0.0,,0.0,0.0,132,0,1,4.6000000000000005,12.166666666666666,8.7,,8,8.333333333333334,,,,,
2026,1,2026_01_DAL_NYG,2026-09-13,00-0038735,Princeton Fant,TE,DAL,NYG,AWAY,outdoors,fieldturf,0,7,7,-2.5,48.5,1,2,0,314.0,0,1,1,0,0,0,0.0,0.0,0.0,0.0,0.0,0.0,,,0.0,0.0,0.0,,0.0,0.0,0.0,,0.0,0.0,0.0,,0.0,0.0,0.0,0.0,0.0,0.0,0.0,0.0,0.0,,0.0,0.0,0.0,0.0,0.0,0.0,0.0,0.0,0.0,0.0,0.0,0.0,0.0,,0.0,0.0,0.0,0.0,0.0,0.0,1,2,2,0.0,0.0,0.0,0.0,0.0,0.0,,,,,,,,132,0,1,8.7,10.566666666666666,10.1,,6,6.666666666666667,,,,,
2026,1,2026_01_DEN_KC,2026-09-14,00-0038783,Nate Adkins,TE,DEN,KC,AWAY,outdoors,grass,0,7,7,3.0,42.5,1,26,0,267.0,0,1,1,1,1,0,0.0,1.3333333333333333,2.8600000000000003,4.505330176579737,0.0,10.3,,,0.0,0.0,0.0,,0.0,0.0,0.0,,1.0,1.6667,1.6,,0.0,0.6667,0.8,0.0,0.6667,0.8,1.0,1.6667,1.6,,0.0,0.0,0.0,0.0,0.0,6.6667,0.0,6.6667,0.0,0.0,0.021739130434782608,0.040000219089246,0.044940302393718545,,0.013363028953229399,0.018195368341764395,0.03376837404489092,0.04196281591943449,0.07273708647310408,0.09104831542200145,1,3,5,7.0,16.333333333333332,19.8,0.11,0.22666666666666668,0.28400000000000003,,,,4.0,10.0,0.8,4.0,132,0,1,7.7,12.5,10.559999999999999,,5,7.333333333333333,,,,,
2026,1,2026_01_BUF_HOU,2026-09-13,00-0038933,Dalton Kincaid,TE,BUF,HOU,AWAY,,astroturf,0,7,7,-1.5,44.5,0,41,0,252.0,0,1,1,1,1,0,7.800000000000001,4.733333333333333,6.8,5.0472764933179555,0.0,14.100000000000001,,,0.0,0.0,0.0,,0.0,0.0,0.0,,3.0,2.6667,3.2,,3.0,2.0,2.4,3.0,2.0,2.4,3.0,2.6667,3.2,,0.0,0.0,0.0,0.0,48.0,27.3333,48.0,27.3333,0.0,0.0,0.10714285714285714,0.10551485551485551,0.11573056573056573,,0.15577889447236182,0.16599629101532556,0.15245294384704938,0.26975951184493896,0.27446968698301116,0.28031290928878316,1,3,5,10.0,18.0,18.8,0.13,0.29,0.29400000000000004,,,,10.25,13.666666666666666,1.7750000000000001,10.25,133,0,1,12.8,15.066666666666668,18.04,,12,9.333333333333334,,,,,
2026,1,2026_01_CLE_JAX,2026-09-13,00-0038935,Brenton Strange,TE,JAX,CLE,HOME,outdoors,grass,1,7,7,7.5,40.5,0,33,0,252.0,0,1,1,1,1,0,17.2,13.5,9.959999999999999,5.8705195681472695,3.6,17.2,,,0.0,0.0,0.0,,0.0,0.0,0.0,,6.0,6.0,5.4,,6.0,4.6667,3.6,6.0,4.6667,3.6,6.0,6.0,5.4,,0.0,0.0,0.0,0.0,52.0,48.3333,52.0,48.3333,1.0,0.6667,0.1935483870967742,0.17622784074396977,0.16587495329430815,,0.08813559322033898,0.10025470994003043,0.0986051511215457,0.3520174958993985,0.33452005807397595,0.3178360357265442,1,3,5,38.0,48.666666666666664,49.6,0.62,0.7233333333333333,0.7580000000000001,,,,8.055555555555555,10.357142857142858,2.25,8.055555555555555,133,0,1,7.5,11.533333333333333,11.379999999999999,,6,7.666666666666667,,,,,
2026,1,2026_01_GB_MIN,2026-09-13,00-0038996,Tucker Kraft,TE,GB,MIN,AWAY,dome,sportturf,0,7,7,1.5,45.5,1,39,0,315.0,0,1,1,1,1,0,4.0,18.03333333333333,15.4,11.011130732127377,4.0,33.3,,,0.0,0.0,0.0,,0.0,0.0,0.0,,3.0,7.3333,5.8,,2.0,4.6667,4.2,2.0,4.6667,4.2,3.0,7.3333,5.8,,0.0,0.0,0.0,0.0,20.0,73.6667,20.0,73.6667,0.0,1.0,0.08571428571428572,0.23333333333333336,0.18316239316239316,,0.04923076923076923,0.10877777314022567,0.08556317273157682,0.16303296703296702,0.4261444411981579,0.33463781065569354,1,3,5,32.0,47.0,55.2,0.49,0.7666666666666666,0.834,,,,10.045454545454545,15.785714285714286,2.459090909090909,10.045454545454545,133,0,1,2.7,0.9,2.8200000000000003,,3,2.3333333333333335,,,,,
2026,1,2026_01_NYJ_TEN,2026-09-13,00-0039023,Joel Wilson,TE,TEN,NYJ,HOME,outdoors,grass,1,7,7,3.0,38.5,0,0,0,,1,1,0,0,0,0,,,,,,,,,,,,,,,,,,,,,,,,,,,,,,,,,,,,,,,,,,,,,,,,,,,0,0,0,,,,,,,,,,,,,,132,0,1,25.300000000000004,27.80666666666667,20.163999999999998,,9,10.666666666666666,,,,,
2026,1,2026_01_ARI_LAC,2026-09-13,00-0039041,Elijah Higgins,TE,ARI,LAC,AWAY,dome,matrixturf,0,7,7,10.5,46.5,0,43,0,252.0,0,1,1,1,1,0,5.800000000000001,7.300000000000001,4.840000000000001,6.678547746329288,0.0,16.1,,,0.0,0.0,0.0,,0.0,0.0,0.0,,3.0,4.0,3.0,,3.0,3.3333,2.4,3.0,3.3333,2.4,3.0,4.0,3.0,,0.0,0.0,0.0,0.0,28.0,39.6667,28.0,39.6667,0.0,0.0,0.10714285714285714,0.137192118226601,0.09738704127088883,,0.07171314741035857,0.07624356375666923,0.060447842799456086,0.2109134889015367,0.25915867196956993,0.18839405186595248,1,3,5,33.0,34.333333333333336,38.0,0.6,0.61,0.638,,,,9.916666666666666,11.9,1.8250000000000002,9.916666666666666,133,0,1,7.5,5.766666666666667,9.42,,4,4.0,,,,,
2026,1,2026_01_TB_CIN,2026-09-13,00-0039050,Payne Durham,TE,TB,CIN,AWAY,outdoors,fieldturf,0,7,7,3.5,51.5,0,22,0,253.0,0,1,1,1,1,0,0.0,0.7000000000000001,0.42000000000000004,0.9391485505499118,0.0,2.1,,,0.0,0.0,0.0,,0.0,0.0,0.0,,1.0,0.6667,0.6,,0.0,0.3333,0.2,0.0,0.3333,0.2,1.0,0.6667,0.6,,0.0,0.0,0.0,0.0,0.0,3.6667,0.0,3.6667,0.0,0.0,0.045454545454545456,0.027972027972027972,0.021434379573914458,,0.09154929577464789,0.03051643192488263,0.016891419438617522,0.1322663252240717,0.06331954430545979,0.04397556296790395,1,3,5,18.0,22.333333333333332,20.8,0.27,0.33666666666666667,0.318,,,,5.5,11.0,1.05,5.5,132,0,1,1.6,12.600000000000001,16.06,,3,8.333333333333334,,,,,
2026,1,2026_01_NO_DET,2026-09-13,00-0039065,Sam LaPorta,TE,DET,NO,HOME,dome,fieldturf,1,7,7,7.0,48.5,0,42,0,308.0,0,1,1,1,1,0,10.3,12.166666666666666,14.64,7.1741201551131,4.5,21.700000000000003,,,0.0,0.0,0.0,,0.0,0.0,0.0,,5.0,5.3333,5.6,,5.0,4.6667,4.8,5.0,4.6667,4.8,5.0,5.3333,5.6,,0.0,0.0,0.0,0.0,53.0,55.0,53.0,55.0,0.0,0.3333,0.15625,0.1618716931216931,0.19374137336093858,,0.10982658959537572,0.1314681304159485,0.19582739028003474,0.311253612716763,0.33483523097370355,0.42769123323743213,1,3,5,53.0,61.0,58.6,0.76,0.91,0.9259999999999999,,,,10.3125,11.785714285714286,2.28125,10.3125,133,0,1,11.8,13.700000000000001,10.36,,9,9.666666666666666,,,,,
2026,1,2026_01_MIA_LV,2026-09-13,00-0039066,Michael Mayer,TE,LV,MIA,HOME,dome,grass,1,7,7,3.5,40.5,0,37,0,252.0,0,1,1,1,1,0,7.7,9.2,5.999999999999999,7.236366491548088,0.0,17.9,,,0.0,0.0,0.0,,0.0,0.0,0.0,,5.0,6.0,3.8,,3.0,4.3333,2.8,3.0,4.3333,2.8,5.0,6.0,3.8,,0.0,0.0,0.0,0.0,47.0,48.6667,47.0,48.6667,0.0,0.0,0.19230769230769232,0.2286047286047286,0.14192474192474192,,0.17256637168141592,0.18606503806546196,0.11385508932127167,0.40925799863852963,0.47315261955291626,0.29258567541200303,1,3,5,59.0,50.0,34.2,0.95,0.85,0.5800000000000001,,,,8.11111111111111,11.23076923076923,1.5333333333333332,8.11111111111111,133,0,1,13.100000000000001,13.5,15.62,,7,6.333333333333333,,,,,
2026,1,2026_01_SF_LA,2026-09-10,00-0039074,Davis Allen,TE,LA,SF,HOME,dome,matrixturf,1,7,7,3.5,48.5,1,29,0,249.0,0,1,1,1,1,0,0.0,3.3333333333333335,3.1,2.293468988235943,0.0,5.4,,,0.0,0.0,0.0,,0.0,0.0,0.0,,1.0,3.3333,2.6,,0.0,1.6667,1.6,0.0,1.6667,1.6,1.0,3.3333,2.6,,0.0,0.0,0.0,0.0,0.0,16.6667,0.0,16.6667,0.0,0.0,0.02702702702702703,0.07881895052947685,0.06760200353154514,,0.052924791086350974,0.03733296247186164,0.01877175159183601,0.07758789430098623,0.1443614995245184,0.1145432314116029,1,3,5,53.0,55.666666666666664,47.4,0.71,0.7033333333333333,0.6399999999999999,,,,5.0,10.0,1.0,5.0,133,0,1,6.4,15.066666666666665,16.220000000000002,,6,11.0,,,,,
2026,1,2026_01_GB_MIN,2026-09-13,00-0039144,Luke Musgrave,TE,GB,MIN,AWAY,dome,sportturf,0,7,7,1.5,45.5,1,31,0,267.0,0,1,1,1,1,0,6.800000000000001,6.733333333333333,5.04,2.9703535143144153,1.7000000000000002,9.2,,,0.0,0.0,0.0,,0.0,0.0,0.0,,3.0,4.3333,3.2,,3.0,3.0,2.2,3.0,3.0,2.2,3.0,4.3333,3.2,,0.0,0.0,0.0,0.0,38.0,37.3333,38.0,37.3333,0.0,0.0,0.125,0.15519323671497584,0.1190601128007425,,0.1746987951807229,0.15439006116947088,0.11165859567781536,0.309789156626506,0.3408628978910934,0.25675118617558446,1,3,5,55.0,36.666666666666664,34.4,0.76,0.56,0.53,,,,8.615384615384615,12.444444444444445,1.5538461538461539,8.615384615384615,133,0,1,2.7,0.9,2.8200000000000003,,3,2.3333333333333335,,,,,
2026,1,2026_01_GB_MIN,2026-09-13,00-0039275,Messiah Swinson,TE,GB,MIN,AWAY,dome,sportturf,0,7,7,1.5,45.5,1,0,0,,1,1,0,0,0,0,,,,,,,,,,,,,,,,,,,,,,,,,,,,,,,,,,,,,,,,,,,,,,,,,,,0,0,0,,,,,,,,,,,,,,133,0,1,2.7,0.9,2.8200000000000003,,3,2.3333333333333335,,,,,
2026,1,2026_01_MIA_LV,2026-09-13,00-0039338,Brock Bowers,TE,LV,MIA,HOME,dome,grass,1,7,7,3.5,40.5,0,29,0,266.0,0,1,1,1,1,0,14.3,12.566666666666668,14.3,5.054206169122902,8.8,22.3,,,0.0,0.0,0.0,,0.0,0.0,0.0,,5.0,6.0,6.2,,5.0,5.0,5.0,5.0,5.0,5.0,5.0,6.0,6.2,,0.0,0.0,0.0,0.0,33.0,35.6667,33.0,35.6667,1.0,0.6667,0.22727272727272727,0.24194805194805194,0.22438961038961042,,0.09473684210526316,0.12532572538677347,0.22265249894397546,0.4072248803827751,0.45065008569281934,0.4924411648451983,1,3,5,53.0,47.0,52.8,0.98,0.96,0.9640000000000001,,,,5.944444444444445,7.133333333333334,2.0944444444444446,5.944444444444445,133,0,1,13.100000000000001,13.5,15.62,,7,6.333333333333333,,,,,
2026,1,2026_01_CHI_CAR,2026-09-13,00-0039356,Ja'Tavion Sanders,TE,CAR,CHI,HOME,outdoors,grass,1,7,7,-2.5,47.5,0,27,0,266.0,0,1,1,1,1,0,8.9,3.8000000000000003,3.8400000000000007,3.6308401231670886,0.0,8.9,,,0.0,0.0,0.0,,0.0,0.0,0.0,,2.0,1.3333,1.8,,2.0,1.3333,1.8,2.0,1.3333,1.8,2.0,1.3333,1.8,,0.0,0.0,0.0,0.0,9.0,4.6667,9.0,4.6667,1.0,0.3333,0.06451612903225806,0.054838709677419356,0.0584924513956772,,0.0234375,0.012690548780487804,0.0206565270889835,0.11318044354838709,0.0911414486624705,0.10219824605580426,1,3,5,31.0,30.666666666666668,31.2,0.57,0.5266666666666667,0.5259999999999999,,,,3.5,3.5,2.85,3.5,132,0,1,2.2,9.333333333333334,10.14,,3,5.333333333333333,,,,,
2026,1,2026_01_BUF_HOU,2026-09-13,00-0039359,Cade Stover,TE,HOU,BUF,HOME,,astroturf,1,7,7,-1.5,44.5,0,20,0,252.0,0,1,1,1,1,0,1.9,3.266666666666667,2.74,1.975601174326438,0.0,5.2,,,0.0,0.0,0.0,,0.0,0.0,0.8,,2.0,2.6667,2.4,,1.0,2.0,1.6,1.0,2.0,2.4,2.0,2.6667,2.4,,0.0,0.0,0.0,0.0,9.0,12.6667,9.0,12.6667,0.0,0.0,0.07142857142857142,0.09168282697694463,0.08179541047188106,,0.010362694300518135,0.011767715156825835,0.015981470157793706,0.11439674315321983,0.14576164107519501,0.1338801448182772,1,3,5,33.0,35.666666666666664,31.6,0.49,0.5366666666666667,0.472,,,,4.75,6.333333333333333,1.225,4.75,131,0,1,11.100000000000001,11.133333333333335,13.34,,7,5.666666666666667,,,,,
2026,1,2026_01_ATL_PIT,2026-09-13,00-0039420,Jaheim Bell,TE,PIT,ATL,HOME,outdoors,grass,1,7,7,3.0,42.5,0,4,0,616.0,0,1,1,1,0,1,2.9000000000000004,0.9666666666666668,1.0,1.3686976778431874,0.0,2.9000000000000004,,,0.0,0.0,0.0,,0.0,0.0,0.0,,1.0,0.6667,0.75,,1.0,0.3333,0.5,1.0,0.3333,0.5,1.0,0.6667,0.75,,0.0,0.0,0.0,0.0,19.0,6.3333,19.0,6.3333,0.0,0.0,0.03571428571428571,0.020913770913770915,0.022095584595584597,,0.06007067137809187,0.03069022379269729,0.021356538276416655,0.09562089853609287,0.052853813025544476,0.048092953686868556,1,3,4,30.0,12.666666666666666,10.25,0.47,0.19999999999999998,0.15999999999999998,,,,9.5,19.0,1.4500000000000002,9.5,133,0,1,13.3,20.266666666666666,14.820000000000002,,8,12.0,,,,,
2026,1,2026_01_CLE_JAX,2026-09-13,00-0039458,Brenden Bates,TE,CLE,JAX,AWAY,outdoors,grass,0,7,7,7.5,40.5,0,6,0,252.0,0,1,1,1,1,0,1.6,1.5,1.7600000000000002,1.868956928342652,0.0,4.300000000000001,,,0.0,0.0,0.0,,0.0,0.0,0.0,,1.0,1.0,1.0,,1.0,0.6667,0.8,1.0,0.6667,0.8,1.0,1.0,1.0,,0.0,0.0,0.0,0.0,6.0,8.3333,6.0,8.3333,0.0,0.0,0.047619047619047616,0.04271144850854996,0.03853009491158159,,0.015306122448979591,0.031096979854743828,0.036418805673464054,0.08214285714285714,0.08583505866114562,0.08328830633879722,1,3,5,24.0,25.666666666666668,20.8,0.46,0.4533333333333333,0.36,,,,8.333333333333334,12.5,1.5,8.333333333333334,132,0,1,4.6000000000000005,12.166666666666666,8.7,,8,8.333333333333334,,,,,
2026,1,2026_01_SF_LA,2026-09-10,00-0039489,Hayden Rucci,TE,SF,LA,AWAY,dome,matrixturf,0,7,7,3.5,48.5,1,1,0,319.0,0,1,1,0,0,1,0.0,0.0,0.0,,0.0,0.0,,,0.0,0.0,0.0,,0.0,0.0,0.0,,0.0,0.0,0.0,,0.0,0.0,0.0,0.0,0.0,0.0,0.0,0.0,0.0,,0.0,0.0,0.0,0.0,0.0,0.0,0.0,0.0,0.0,0.0,0.0,0.0,0.0,,0.0,0.0,0.0,0.0,0.0,0.0,1,1,1,11.0,11.0,11.0,0.16,0.16,0.16,,,,,,,,132,0,1,28.8,16.46666666666667,12.24,,13,7.333333333333333,,,,,
2026,1,2026_01_NO_DET,2026-09-13,00-0039518,Treyton Welch,TE,NO,DET,AWAY,dome,fieldturf,0,7,7,7.0,48.5,0,0,0,,1,1,0,0,0,0,,,,,,,,,,,,,,,,,,,,,,,,,,,,,,,,,,,,,,,,,,,,,,,,,,,0,0,0,,,,,,,,,,,,,,133,0,1,30.700000000000003,15.733333333333334,18.520000000000003,,16,9.333333333333334,,,,,
2026,1,2026_01_DAL_NYG,2026-09-13,00-0039530,Brevyn Spann-Ford,TE,DAL,NYG,AWAY,outdoors,fieldturf,0,7,7,-2.5,48.5,1,27,0,252.0,0,1,1,1,1,0,5.0,3.033333333333333,2.16,2.3114930239998563,0.0,5.0,,,0.0,0.0,0.0,,0.0,0.0,0.0,,3.0,1.6667,1.4,,2.0,1.0,0.8,2.0,1.0,0.8,3.0,1.6667,1.4,,0.0,0.0,0.0,0.0,30.0,20.3333,30.0,20.3333,0.0,0.0,0.13043478260869565,0.061996779388083734,0.04716767249607212,,0.20224719101123595,0.08661293801596172,0.0605817656673031,0.3372252076209086,0.15362422569329878,0.11315874471122034,1,3,5,17.0,25.333333333333332,22.0,0.31,0.34,0.296,,,,12.2,20.333333333333332,1.8199999999999998,12.2,132,0,1,8.7,10.566666666666666,10.1,,6,6.666666666666667,,,,,
2026,1,2026_01_TB_CIN,2026-09-13,00-0039631,Cam Grandy,TE,CIN,TB,HOME,outdoors,fieldturf,1,7,7,3.5,51.5,0,6,0,266.0,0,1,1,1,1,0,1.1,1.5333333333333332,1.9,0.7842193570679061,1.1,3.2,,,0.0,0.0,0.0,,0.0,0.0,0.0,,1.0,1.0,1.2,,1.0,1.0,1.2,1.0,1.0,1.2,1.0,1.0,1.2,,0.0,0.0,0.0,0.0,1.0,5.3333,1.0,5.3333,0.0,0.0,0.03225806451612903,0.030819577804150036,0.03400195076412267,,-0.021505376344086023,-0.007045412146687466,0.0036729162617279735,0.03333333333333333,0.04129757820354382,0.0535739675293936,1,3,5,5.0,8.666666666666666,10.0,0.08,0.13666666666666666,0.142,,,,5.333333333333333,5.333333333333333,1.5333333333333332,5.333333333333333,133,0,1,14.3,16.599999999999998,21.78,,6,7.666666666666667,,,,,
2026,1,2026_01_NYJ_TEN,2026-09-13,00-0039648,David Martin-Robinson,TE,TEN,NYJ,HOME,outdoors,grass,1,7,7,3.0,38.5,0,15,0,252.0,0,1,1,1,1,0,2.4000000000000004,1.4333333333333336,1.1800000000000002,1.1144505372604028,0.0,2.4000000000000004,,,0.0,0.0,0.0,,0.0,0.0,0.0,,3.0,1.3333,1.0,,1.0,0.6667,0.6,1.0,0.6667,0.6,3.0,1.3333,1.0,,0.0,0.0,0.0,0.0,14.0,7.6667,14.0,7.6667,0.0,0.0,0.09090909090909091,0.03982683982683983,0.0318961038961039,,0.11023622047244094,0.0438946472173552,0.02633678833041312,0.213528990694345,0.09046651279240837,0.06627990767544503,1,3,5,22.0,17.333333333333332,16.2,0.41,0.2733333333333333,0.262,,,,5.75,11.5,1.0750000000000002,5.75,132,0,1,25.300000000000004,27.80666666666667,20.163999999999998,,9,10.666666666666666,,,,,
2026,1,2026_01_WAS_PHI,2026-09-13,00-0039686,Colson Yankoff,TE,WAS,PHI,AWAY,outdoors,grass,0,7,7,4.5,47.5,1,14,0,273.0,0,1,1,1,1,0,0.0,0.8000000000000002,0.76,1.099090533122727,0.0,2.4000000000000004,,,0.0,0.0,0.0,,0.0,0.0,0.0,,0.0,0.6667,0.6,,0.0,0.3333,0.4,0.0,0.3333,0.4,0.0,0.6667,0.6,,0.0,0.0,0.0,0.0,0.0,4.6667,0.0,4.6667,0.0,0.0,0.0,0.024074074074074078,0.021340996168582378,,0.0,0.01884057971014493,0.012209325201652568,0.0,0.04929951690821257,0.04055802189403036,1,3,5,8.0,8.0,9.2,0.13,0.13333333333333333,0.146,,,,7.0,14.0,1.2000000000000002,7.0,133,0,1,11.600000000000001,7.033333333333334,6.540000000000001,,4,4.0,,,,,
2026,1,2026_01_ARI_LAC,2026-09-13,00-0039737,Tip Reiman,TE,ARI,LAC,AWAY,dome,matrixturf,0,7,7,10.5,46.5,0,11,0,343.0,0,1,1,1,1,0,0.0,1.5999999999999999,2.0,1.16619037896906,0.0,2.8,,,0.0,0.0,0.0,,0.0,0.0,0.0,,1.0,1.6667,1.8,,0.0,1.0,1.2,0.0,1.0,1.2,1.0,1.6667,1.8,,0.0,0.0,0.0,0.0,0.0,6.0,0.0,6.0,0.0,0.0,0.03333333333333333,0.052017128690556684,0.055828273818748275,,0.0430622009569378,0.04699309768471339,0.03381852498464749,0.08014354066985646,0.11092086141513441,0.10741537821737564,1,3,5,25.0,30.666666666666668,29.0,0.37,0.4633333333333334,0.42800000000000005,,,,3.6,6.0,0.96,3.6,133,0,1,7.5,5.766666666666667,9.42,,4,4.0,,,,,
2026,1,2026_01_TB_CIN,2026-09-13,00-0039754,Devin Culp,TE,TB,CIN,AWAY,outdoors,fieldturf,0,7,7,3.5,51.5,0,6,0,276.0,0,1,1,1,1,0,7.6,2.533333333333333,2.6399999999999997,3.683476618630828,0.0,7.6,,,0.0,0.0,0.0,,0.0,0.0,0.0,,1.0,0.3333,0.6,,1.0,0.3333,0.6,1.0,0.3333,0.6,1.0,0.3333,0.6,,0.0,0.0,0.0,0.0,6.0,2.0,6.0,2.0,1.0,0.3333,0.03125,0.010416666666666666,0.019153225806451613,,0.016713091922005572,0.005571030640668524,0.0211720757487422,0.0585741643454039,0.019524721448467966,0.043550291733796966,1,3,5,20.0,9.333333333333334,8.8,0.29,0.14333333333333334,0.13399999999999998,,,,6.0,6.0,7.6,6.0,132,0,1,1.6,12.600000000000001,16.06,,3,8.333333333333334,,,,,
2026,1,2026_01_NE_SEA,2026-09-09,00-0039793,AJ Barner,TE,SEA,NE,HOME,outdoors,fieldturf,1,7,7,3.5,44.5,0,32,0,249.0,0,1,1,1,1,0,3.4000000000000004,10.566666666666668,8.620000000000001,5.16981624431662,3.4000000000000004,15.0,,,0.0,0.0,0.0,,0.0,0.3333,0.2,,3.0,4.0,4.4,,2.0,3.0,3.0,2.0,3.3333,3.2,3.0,4.0,4.4,,0.0,0.0,0.0,0.3333,14.0,35.3333,14.0,35.6667,0.0,0.6667,0.11538461538461539,0.141439205955335,0.14789382660350406,,0.07142857142857142,0.09860530125960924,0.08923070984208888,0.22307692307692306,0.2811825198147289,0.2843022367947182,1,3,5,42.0,52.666666666666664,49.8,0.61,0.7799999999999999,0.768,,,1.0,8.833333333333334,11.777777777777779,2.641666666666667,8.916666666666666,132,0,1,7.8999999999999995,7.166666666666667,10.879999999999999,,5,5.333333333333333,,,,,
2026,1,2026_01_TB_CIN,2026-09-13,00-0039814,Erick All,TE,CIN,TB,HOME,outdoors,fieldturf,1,7,7,3.5,51.5,0,8,0,679.0,0,1,1,1,1,0,4.4,3.2000000000000006,3.12,1.98292712927127,0.0,5.2,,,0.0,0.0,0.0,,0.0,0.0,0.0,,2.0,1.6667,2.0,,2.0,1.3333,1.6,2.0,1.3333,1.6,2.0,1.6667,2.0,,0.0,0.0,0.0,0.0,24.0,18.6667,24.0,18.6667,0.0,0.0,0.05405405405405406,0.05042542542542542,0.06659862203340464,,0.07766990291262135,0.048186726575520755,0.037846579662464866,0.13545001311991603,0.10936884674100267,0.1263905388138324,1,3,5,15.0,22.333333333333332,25.0,0.2,0.3733333333333333,0.414,,,,11.2,14.0,1.9200000000000004,11.2,133,0,1,14.3,16.599999999999998,21.78,,6,7.666666666666667,,,,,
2026,1,2026_01_DEN_KC,2026-09-14,00-0039824,Jared Wiley,TE,KC,DEN,HOME,outdoors,grass,1,7,7,3.0,42.5,1,3,0,253.0,0,1,1,1,0,0,0.0,1.0333333333333334,1.0333333333333334,0.9073771725877466,0.0,1.7000000000000002,,,0.0,0.0,0.0,,0.0,0.0,0.0,,0.0,0.6667,0.6667,,0.0,0.6667,0.6667,0.0,0.6667,0.6667,0.0,0.6667,0.6667,,0.0,0.0,0.0,0.0,0.0,3.6667,0.0,3.6667,0.0,0.0,0.0,0.024909420289855072,0.024909420289855072,,0.0,0.007264957264957266,0.007264957264957266,0.0,0.0424496005202527,0.0424496005202527,1,3,3,12.0,11.0,11.0,0.19,0.17,0.17,,,,5.5,5.5,1.55,5.5,133,0,1,7.500000000000001,11.233333333333333,13.2,,8,7.666666666666667,,,,,
2026,1,2026_01_CHI_CAR,2026-09-13,00-0039843,Qadir Ismail,TE,CHI,CAR,AWAY,outdoors,grass,0,7,7,-2.5,47.5,0,0,0,,1,1,0,0,0,0,,,,,,,,,,,,,,,,,,,,,,,,,,,,,,,,,,,,,,,,,,,,,,,,,,,0,0,0,,,,,,,,,,,,,,133,0,1,22.4,13.066666666666668,11.239999999999998,,10,5.666666666666667,,,,,
2026,1,2026_01_DAL_NYG,2026-09-13,00-0039847,Theo Johnson,TE,NYG,DAL,HOME,outdoors,fieldturf,1,7,7,-2.5,48.5,1,26,0,266.0,0,1,1,1,1,0,0.0,5.366666666666667,6.679999999999998,4.294997089638128,0.0,10.7,,,0.0,0.0,0.0,,0.0,0.0,0.0,,2.0,4.6667,4.6,,0.0,2.0,2.4,0.0,2.0,2.4,2.0,4.6667,4.6,,0.0,0.0,0.0,0.0,0.0,33.6667,0.0,33.6667,0.0,0.0,0.15384615384615385,0.19943019943019943,0.17665609126055373,,0.08333333333333333,0.24770531400966186,0.21830422356226514,0.28910256410256413,0.4725390189520624,0.4177970933844161,1,3,5,54.0,54.0,58.4,0.96,0.9066666666666666,0.884,,,,7.214285714285714,16.833333333333332,1.1500000000000001,7.214285714285714,133,0,1,11.8,8.4,8.34,,3,3.6666666666666665,,,,,
2026,1,2026_01_WAS_PHI,2026-09-13,00-0039912,Ben Sinnott,TE,WAS,PHI,AWAY,outdoors,grass,0,7,7,4.5,47.5,1,16,0,252.0,0,1,1,1,1,0,2.3,3.233333333333333,3.22,1.930543964793343,1.5,5.9,,,0.0,0.0,0.0,,0.0,0.0,0.0,,2.0,2.6667,2.0,,2.0,2.0,1.6,2.0,2.0,1.6,2.0,2.6667,2.0,,0.0,0.0,0.0,0.0,3.0,12.3333,3.0,12.3333,0.0,0.0,0.10526315789473684,0.13191311612364243,0.10164786967418546,,0.0,0.144494636458078,0.1036851988632638,0.15789473684210525,0.29901591970611824,0.22505144371556285,1,3,5,38.0,34.0,30.0,0.55,0.6166666666666666,0.534,,,,4.625,6.166666666666667,1.2125,4.625,133,0,1,11.600000000000001,7.033333333333334,6.540000000000001,,4,4.0,,,,,
2026,1,2026_01_ARI_LAC,2026-09-13,00-0040046,Rivaldo Fairweather,TE,ARI,LAC,AWAY,dome,matrixturf,0,7,7,10.5,46.5,0,0,0,,1,1,0,0,0,0,,,,,,,,,,,,,,,,,,,,,,,,,,,,,,,,,,,,,,,,,,,,,,,,,,,0,0,0,,,,,,,,,,,,,,133,0,1,7.5,5.766666666666667,9.42,,4,4.0,,,,,
2026,1,2026_01_NE_SEA,2026-09-09,00-0040058,Nick Kallerup,TE,SEA,NE,HOME,outdoors,fieldturf,1,7,7,3.5,44.5,0,4,0,269.0,0,1,1,1,0,0,0.0,0.0,0.0,0.0,0.0,0.0,,,0.0,0.0,0.0,,0.0,0.0,0.0,,0.0,0.0,0.25,,0.0,0.0,0.0,0.0,0.0,0.0,0.0,0.0,0.25,,0.0,0.0,0.0,0.0,0.0,0.0,0.0,0.0,0.0,0.0,0.0,0.0,0.020833333333333332,,0.0,0.0,0.015625,0.0,0.0,0.0421875,1,3,4,10.0,14.0,18.0,0.17,0.20333333333333334,0.27249999999999996,,,,,,,,132,0,1,7.8999999999999995,7.166666666666667,10.879999999999999,,5,5.333333333333333,,,,,
2026,1,2026_01_DEN_KC,2026-09-14,00-0040081,Jake Briningstool,TE,KC,DEN,HOME,outdoors,grass,1,7,7,3.0,42.5,1,0,0,,1,1,0,0,0,0,,,,,,,,,,,,,,,,,,,,,,,,,,,,,,,,,,,,,,,,,,,,,,,,,,,0,0,0,,,,,,,,,,,,,,133,0,1,7.500000000000001,11.233333333333333,13.2,,8,7.666666666666667,,,,,
2026,1,2026_01_DEN_KC,2026-09-14,00-0040094,Tre Watson,TE,KC,DEN,HOME,outdoors,grass,1,7,7,3.0,42.5,1,0,0,,1,1,0,0,0,0,,,,,,,,,,,,,,,,,,,,,,,,,,,,,,,,,,,,,,,,,,,,,,,,,,,0,0,0,,,,,,,,,,,,,,133,0,1,7.500000000000001,11.233333333333333,13.2,,8,7.666666666666667,,,,,
2026,1,2026_01_CHI_CAR,2026-09-13,00-0040126,Colston Loveland,TE,CHI,CAR,AWAY,outdoors,grass,0,7,7,-2.5,47.5,0,16,0,252.0,0,1,1,1,1,0,25.1,17.5,15.1,7.94260662503186,6.0,25.1,,,0.0,0.0,0.0,,0.0,0.0,0.2,,13.0,9.3333,7.6,,10.0,6.3333,5.4,10.0,6.3333,5.6,13.0,9.3333,7.6,,0.0,0.0,0.0,0.0,91.0,71.6667,91.0,71.6667,1.0,0.6667,0.4482758620689655,0.2923666371942234,0.2481713050678568,,0.36153846153846153,0.27410612546265084,0.230303821708341,0.9254907161803714,0.6304242436151907,0.5334696327976238,1,3,5,50.0,52.333333333333336,48.2,0.91,0.8533333333333334,0.76,,,,7.678571428571429,11.31578947368421,1.875,7.678571428571429,133,0,1,22.4,13.066666666666668,11.239999999999998,,10,5.666666666666667,,,,,
2026,1,2026_01_BAL_IND,2026-09-13,00-0040128,Tyler Warren,TE,IND,BAL,HOME,,fieldturf,1,7,7,-3.5,48.5,0,17,0,252.0,0,1,1,1,1,0,7.6,7.633333333333333,6.3,2.207940216581962,3.7,9.3,,,0.0,0.0,0.0,,0.0,0.0,0.2,,8.0,7.3333,6.8,,5.0,4.3333,3.6,5.0,4.3333,3.8,8.0,7.3333,6.8,,0.0,0.0,0.0,0.0,26.0,33.0,26.0,33.0,0.0,0.0,0.24242424242424243,0.22161267850923025,0.21245478659271763,,0.11635220125786164,0.13365369561656162,0.16920387351369606,0.4450829045168668,0.42597660469543847,0.4371248913486637,1,3,5,53.0,51.666666666666664,53.8,0.82,0.8533333333333334,0.8619999999999999,,,,4.5,7.615384615384615,1.0409090909090908,4.5,133,0,1,9.500000000000002,10.733333333333334,9.44,,7,6.333333333333333,,,,,
2026,1,2026_01_CHI_CAR,2026-09-13,00-0040187,Mitchell Evans,TE,CAR,CHI,HOME,outdoors,grass,1,7,7,-2.5,47.5,0,14,0,253.0,0,1,1,1,1,0,1.5,2.8000000000000003,2.68,2.3445681905203783,0.0,5.300000000000001,,,0.0,0.0,0.0,,0.0,0.3333,0.2,,2.0,2.3333,2.0,,1.0,1.6667,1.6,1.0,2.0,1.8,2.0,2.3333,2.0,,0.0,0.0,0.0,0.3333,5.0,11.0,5.0,11.3333,0.0,0.0,0.06666666666666667,0.086226318484383,0.0817357910906298,,0.003952569169960474,0.03505056569231241,0.01715937167345196,0.10276679841897234,0.15387487371119318,0.13461524680736106,1,3,5,23.0,23.0,25.6,0.45,0.43999999999999995,0.458,,,1.0,4.714285714285714,6.6,1.2,4.857142857142857,132,0,1,2.2,9.333333333333334,10.14,,3,5.333333333333333,,,,,
2026,1,2026_01_ARI_LAC,2026-09-13,00-0040189,Oronde Gadsden II,TE,LAC,ARI,HOME,dome,matrixturf,1,7,7,10.5,46.5,0,15,0,252.0,0,1,1,1,1,0,4.300000000000001,6.066666666666666,6.0,4.876474136094643,1.7000000000000002,12.2,,,0.0,0.0,0.0,,0.0,0.0,0.0,,2.0,3.0,3.6,,2.0,2.0,2.2,2.0,2.0,2.2,2.0,3.0,3.6,,0.0,0.0,0.0,0.0,23.0,20.6667,23.0,20.6667,0.0,0.3333,0.05263157894736842,0.09396475058614277,0.1296229975088763,,0.0379746835443038,0.08666247638766579,0.15085270468781836,0.10552964690206529,0.2016108593505802,0.3000313895447873,1,3,5,33.0,39.0,39.4,0.46,0.5933333333333333,0.584,,,,6.888888888888889,10.333333333333334,2.022222222222222,6.888888888888889,132,0,1,39.7,24.433333333333337,23.279999999999998,,14,10.0,,,,,
2026,1,2026_01_BUF_HOU,2026-09-13,00-0040194,Jackson Hawes,TE,BUF,HOU,AWAY,,astroturf,0,7,7,-1.5,44.5,0,13,0,252.0,0,1,1,1,1,0,1.0,2.5,3.3600000000000003,2.5793410011086166,1.0,7.3,,,0.0,0.0,0.0,,0.0,0.0,0.0,,1.0,1.3333,1.2,,1.0,1.3333,1.2,1.0,1.3333,1.2,1.0,1.3333,1.2,,0.0,0.0,0.0,0.0,0.0,11.6667,0.0,11.6667,0.0,0.0,0.03571428571428571,0.06176231176231176,0.053160446638707504,,0.0,0.025742271196816654,0.020096525508787665,0.05357142857142857,0.11066305748123928,0.09380823781421263,1,3,5,22.0,28.333333333333332,34.2,0.29,0.4566666666666667,0.52,,,,8.75,8.75,1.875,8.75,133,0,1,12.8,15.066666666666668,18.04,,12,9.333333333333334,,,,,
2026,1,2026_01_GB_MIN,2026-09-13,00-0040215,Gavin Bartholomew,TE,MIN,GB,HOME,dome,sportturf,1,7,7,1.5,45.5,1,0,0,,1,1,0,0,0,0,,,,,,,,,,,,,,,,,,,,,,,,,,,,,,,,,,,,,,,,,,,,,,,,,,,0,0,0,,,,,,,,,,,,,,132,0,1,9.6,10.5,10.8,,7,7.666666666666667,,,,,
2026,1,2026_01_DAL_NYG,2026-09-13,00-0040225,Thomas Fidone II,TE,NYG,DAL,HOME,outdoors,fieldturf,1,7,7,-2.5,48.5,1,1,0,329.0,0,1,1,0,0,0,0.0,0.0,0.0,,0.0,0.0,,,0.0,0.0,0.0,,0.0,0.0,0.0,,0.0,0.0,0.0,,0.0,0.0,0.0,0.0,0.0,0.0,0.0,0.0,0.0,,0.0,0.0,0.0,0.0,0.0,0.0,0.0,0.0,0.0,0.0,0.0,0.0,0.0,,0.0,0.0,0.0,0.0,0.0,0.0,1,1,1,3.0,3.0,3.0,0.04,0.04,0.04,,,,,,,,133,0,1,11.8,8.4,8.34,,3,3.6666666666666665,,,,,
2026,1,2026_01_DEN_KC,2026-09-14,00-0040240,Caleb Lohner,TE,DEN,KC,AWAY,outdoors,grass,0,7,7,3.0,42.5,1,0,0,,1,1,0,0,0,0,,,,,,,,,,,,,,,,,,,,,,,,,,,,,,,,,,,,,,,,,,,,,,,,,,,0,0,0,,,,,,,,,,,,,,132,0,1,7.7,12.5,10.559999999999999,,5,7.333333333333333,,,,,
2026,1,2026_01_NO_DET,2026-09-13,00-0040244,Moliki Matavao,TE,NO,DET,AWAY,dome,fieldturf,0,7,7,7.0,48.5,0,1,0,259.0,0,1,1,0,0,0,3.0,3.0,3.0,,3.0,3.0,,,0.0,0.0,0.0,,0.0,0.0,0.0,,2.0,2.0,2.0,,2.0,2.0,2.0,2.0,2.0,2.0,2.0,2.0,2.0,,0.0,0.0,0.0,0.0,10.0,10.0,10.0,10.0,0.0,0.0,0.07407407407407407,0.07407407407407407,0.07407407407407407,,0.01773049645390071,0.01773049645390071,0.01773049645390071,0.1235224586288416,0.1235224586288416,0.1235224586288416,1,1,1,27.0,27.0,27.0,0.5,0.5,0.5,,,,5.0,5.0,1.5,5.0,133,0,1,30.700000000000003,15.733333333333334,18.520000000000003,,16,9.333333333333334,,,,,
2026,1,2026_01_CLE_JAX,2026-09-13,00-0040331,Patrick Herbert,TE,JAX,CLE,HOME,outdoors,grass,1,7,7,7.5,40.5,0,0,0,,1,1,0,0,0,0,,,,,,,,,,,,,,,,,,,,,,,,,,,,,,,,,,,,,,,,,,,,,,,,,,,0,0,0,,,,,,,,,,,,,,133,0,1,7.5,11.533333333333333,11.379999999999999,,6,7.666666666666667,,,,,
2026,1,2026_01_BUF_HOU,2026-09-13,00-0040363,Keleki Latu,TE,BUF,HOU,AWAY,,astroturf,0,7,7,-1.5,44.5,0,3,0,252.0,0,1,1,1,0,0,6.1,2.5,2.5,3.195309061734091,0.0,6.1,,,0.0,0.0,0.0,,0.0,0.0,0.0,,3.0,1.3333,1.3333,,3.0,1.3333,1.3333,3.0,1.3333,1.3333,3.0,1.3333,1.3333,,0.0,0.0,0.0,0.0,31.0,11.6667,31.0,11.6667,0.0,0.0,0.10714285714285714,0.046825396825396826,0.046825396825396826,,0.04020100502512563,0.017253899555581376,0.017253899555581376,0.18885498923187363,0.08231582492700219,0.08231582492700219,1,3,3,51.0,24.333333333333332,24.333333333333332,0.68,0.3333333333333333,0.3333333333333333,,,,8.75,8.75,1.875,8.75,133,0,1,12.8,15.066666666666668,18.04,,12,9.333333333333334,,,,,
2026,1,2026_01_NO_DET,2026-09-13,00-0040387,Zach Horton,TE,DET,NO,HOME,dome,fieldturf,1,7,7,7.0,48.5,0,0,0,,1,1,0,0,0,0,,,,,,,,,,,,,,,,,,,,,,,,,,,,,,,,,,,,,,,,,,,,,,,,,,,0,0,0,,,,,,,,,,,,,,133,0,1,11.8,13.700000000000001,10.36,,9,9.666666666666666,,,,,
2026,1,2026_01_MIA_LV,2026-09-13,00-0040488,Carter Runyon,TE,LV,MIA,HOME,dome,grass,1,7,7,3.5,40.5,0,3,0,266.0,0,1,1,1,0,0,0.0,0.43333333333333335,0.43333333333333335,0.7505553499465135,0.0,1.3,,,0.0,0.0,0.0,,0.0,0.0,0.0,,0.0,0.3333,0.3333,,0.0,0.3333,0.3333,0.0,0.3333,0.3333,0.0,0.3333,0.3333,,0.0,0.0,0.0,0.0,0.0,1.0,0.0,1.0,0.0,0.0,0.0,0.0196078431372549,0.0196078431372549,,0.0,-0.0196078431372549,-0.0196078431372549,0.0,0.015686274509803918,0.015686274509803918,1,3,3,4.0,3.3333333333333335,3.3333333333333335,0.07,0.07666666666666667,0.07666666666666667,,,,3.0,3.0,1.3,3.0,133,0,1,13.100000000000001,13.5,15.62,,7,6.333333333333333,,,,,
2026,1,2026_01_GB_MIN,2026-09-13,00-0040504,Bryson Nesbit,TE,MIN,GB,HOME,dome,sportturf,1,7,7,1.5,45.5,1,0,0,,1,1,0,0,0,0,,,,,,,,,,,,,,,,,,,,,,,,,,,,,,,,,,,,,,,,,,,,,,,,,,,0,0,0,,,,,,,,,,,,,,132,0,1,9.6,10.5,10.8,,7,7.666666666666667,,,,,
2026,1,2026_01_GB_MIN,2026-09-13,00-0040509,Ben Yurosek,TE,MIN,GB,HOME,dome,sportturf,1,7,7,1.5,45.5,1,6,0,252.0,0,1,1,1,1,0,1.9,0.6333333333333333,0.6799999999999999,0.9418067742376882,0.0,1.9,,,0.0,0.0,0.0,,0.0,0.0,0.0,,1.0,0.3333,0.6,,1.0,0.3333,0.4,1.0,0.3333,0.4,1.0,0.3333,0.6,,0.0,0.0,0.0,0.0,9.0,3.0,9.0,3.0,0.0,0.0,0.03333333333333333,0.011111111111111112,0.02,,0.025252525252525252,0.008417508417508417,0.01616161616161616,0.06767676767676768,0.02255892255892256,0.041313131313131315,1,3,5,26.0,18.0,16.4,0.39,0.27666666666666667,0.272,,,,9.0,9.0,1.9,9.0,132,0,1,9.6,10.5,10.8,,7,7.666666666666667,,,,,
2026,1,2026_01_ATL_PIT,2026-09-13,00-0040552,Joshua Simon,TE,ATL,PIT,AWAY,outdoors,grass,0,7,7,3.0,42.5,0,0,0,,1,1,0,0,0,0,,,,,,,,,,,,,,,,,,,,,,,,,,,,,,,,,,,,,,,,,,,,,,,,,,,0,0,0,,,,,,,,,,,,,,133,0,1,8.600000000000001,12.866666666666667,18.52,,5,7.333333333333333,,,,,
2026,1,2026_01_NE_SEA,2026-09-09,00-0040566,CJ Dippre,TE,NE,SEA,AWAY,outdoors,fieldturf,0,7,7,3.5,44.5,0,0,0,,1,1,0,0,0,0,,,,,,,,,,,,,,,,,,,,,,,,,,,,,,,,,,,,,,,,,,,,,,,,,,,0,0,0,,,,,,,,,,,,,,132,0,1,7.9,10.966666666666667,10.56,,7,7.666666666666667,,,,,
2026,1,2026_01_NYJ_TEN,2026-09-13,00-0040584,Gunnar Helm,TE,TEN,NYJ,HOME,outdoors,grass,1,7,7,3.0,38.5,0,16,0,259.0,0,1,1,1,1,0,1.1,6.300000000000001,5.8,5.821511831131154,1.1,14.9,,,0.0,0.0,0.0,,0.0,0.0,0.0,,2.0,3.0,3.6,,1.0,2.3333,2.8,1.0,2.3333,2.8,2.0,3.0,3.6,,0.0,0.0,0.0,0.0,1.0,19.6667,1.0,19.6667,0.0,0.3333,0.05714285714285714,0.1054673721340388,0.11928042328042329,,-0.002680965147453083,0.07471117160507827,0.07615781160227574,0.08383761011106855,0.21049887832461298,0.23223110304222794,1,3,5,43.0,40.333333333333336,39.2,0.58,0.5933333333333333,0.5960000000000001,,,,6.555555555555555,8.428571428571429,2.1,6.555555555555555,132,0,1,25.300000000000004,27.80666666666667,20.163999999999998,,9,10.666666666666666,,,,,
2026,1,2026_01_SF_LA,2026-09-10,00-0040598,Mark Redman,TE,LA,SF,HOME,dome,matrixturf,1,7,7,3.5,48.5,1,0,0,,1,1,0,0,0,0,,,,,,,,,,,,,,,,,,,,,,,,,,,,,,,,,,,,,,,,,,,,,,,,,,,0,0,0,,,,,,,,,,,,,,133,0,1,6.4,15.066666666666665,16.220000000000002,,6,11.0,,,,,
2026,1,2026_01_GB_MIN,2026-09-13,00-0040628,Drake Dabney,TE,GB,MIN,AWAY,dome,sportturf,0,7,7,1.5,45.5,1,1,0,252.0,0,1,1,0,0,0,1.3,1.3,1.3,,1.3,1.3,,,0.0,0.0,0.0,,0.0,0.0,0.0,,2.0,2.0,2.0,,1.0,1.0,1.0,1.0,1.0,1.0,2.0,2.0,2.0,,0.0,0.0,0.0,0.0,3.0,3.0,3.0,3.0,0.0,0.0,0.2,0.2,0.2,,0.37037037037037035,0.37037037037037035,0.37037037037037035,0.5592592592592593,0.5592592592592593,0.5592592592592593,1,1,1,45.0,45.0,45.0,0.88,0.88,0.88,,,,1.5,3.0,0.65,1.5,133,0,1,2.7,0.9,2.8200000000000003,,3,2.3333333333333335,,,,,
2026,1,2026_01_CLE_JAX,2026-09-13,00-0040663,Harold Fannin Jr.,TE,CLE,JAX,AWAY,outdoors,grass,0,7,7,7.5,40.5,0,16,0,259.0,0,1,1,1,1,0,11.0,14.166666666666666,15.84,6.3947634827255335,11.0,25.4,,,0.0,0.0,0.0,,0.0,0.6667,0.6,,2.0,7.3333,7.6,,2.0,4.3333,4.8,2.0,5.0,5.4,2.0,7.3333,7.6,,0.0,0.0,0.0,1.0,30.0,37.3333,30.0,38.3333,1.0,1.0,0.08695652173913043,0.25359721572905297,0.2535313271491023,,0.15343915343915343,0.2838913981115158,0.24891723249905198,0.23784219001610304,0.5791198022716405,0.5545390534729899,1,3,5,12.0,41.333333333333336,48.8,0.23,0.6833333333333332,0.774,,,1.5,5.090909090909091,8.615384615384615,1.9318181818181819,5.2272727272727275,132,0,1,4.6000000000000005,12.166666666666666,8.7,,8,8.333333333333334,,,,,
2026,1,2026_01_NO_DET,2026-09-13,00-0040697,Thomas Gordon,TE,DET,NO,HOME,dome,fieldturf,1,7,7,7.0,48.5,0,0,0,,1,1,0,0,0,0,,,,,,,,,,,,,,,,,,,,,,,,,,,,,,,,,,,,,,,,,,,,,,,,,,,0,0,0,,,,,,,,,,,,,,133,0,1,11.8,13.700000000000001,10.36,,9,9.666666666666666,,,,,
2026,1,2026_01_NYJ_TEN,2026-09-13,00-0040736,Mason Taylor,TE,NYJ,TEN,AWAY,outdoors,grass,0,7,7,3.0,38.5,0,13,0,280.0,0,1,1,1,1,0,10.100000000000001,6.433333333333334,5.540000000000001,3.2531523173684938,1.4,10.100000000000001,,,0.0,0.0,0.0,,0.0,0.0,0.0,,8.0,5.6667,4.6,,5.0,3.3333,3.0,5.0,3.3333,3.0,8.0,5.6667,4.6,,0.0,0.0,0.0,0.0,51.0,31.0,51.0,31.0,0.0,0.0,0.25,0.1880724810832338,0.1799763557828074,,0.1384083044982699,0.12022831675543166,0.14320209357034555,0.4718858131487889,0.3662685433536528,0.3702059991734529,1,3,5,38.0,48.333333333333336,45.2,0.66,0.79,0.78,,,,5.470588235294118,9.3,1.1352941176470588,5.470588235294118,133,0,1,27.299999999999997,15.133333333333333,20.14,,8,6.0,,,,,
2026,1,2026_01_SF_LA,2026-09-10,00-0040737,Terrance Ferguson,TE,LA,SF,HOME,dome,matrixturf,1,7,7,3.5,48.5,1,11,0,255.0,0,1,1,1,1,0,13.4,9.1,5.46,6.788814329468733,0.0,13.4,,,0.0,0.0,0.0,,0.0,0.0,0.0,,4.0,3.3333,2.6,,2.0,2.0,1.2,2.0,2.0,1.2,4.0,3.3333,2.6,,0.0,0.0,0.0,0.0,54.0,31.0,54.0,31.0,1.0,0.6667,0.1111111111111111,0.08235867446393762,0.0706816323964032,,0.14035087719298245,0.11064258142987293,0.10253594554643705,0.2649122807017544,0.20098781869681748,0.1777976104771107,1,3,5,32.0,52.666666666666664,44.2,0.49,0.6766666666666667,0.6040000000000001,,,,9.3,15.5,2.73,9.3,133,0,1,6.4,15.066666666666665,16.220000000000002,,6,11.0,,,,,
2026,1,2026_01_NE_SEA,2026-09-09,00-0040739,Elijah Arroyo,TE,SEA,NE,HOME,outdoors,fieldturf,1,7,7,3.5,44.5,0,13,0,276.0,0,1,1,1,1,0,0.0,0.5,0.6,0.8215838362577491,0.0,1.5,,,0.0,0.0,0.0,,0.0,0.0,0.0,,1.0,1.3333,1.4,,0.0,0.3333,0.4,0.0,0.3333,0.4,1.0,1.3333,1.4,,0.0,0.0,0.0,0.0,0.0,1.6667,0.0,1.6667,0.0,0.0,0.03333333333333333,0.05342995169082126,0.05824844720496893,,0.06666666666666667,0.13605442176870747,0.10133294545888531,0.09666666666666666,0.17538302277432713,0.15830573262867315,1,3,5,7.0,16.666666666666668,22.0,0.11,0.2866666666666667,0.33999999999999997,,,,1.25,5.0,0.375,1.25,132,0,1,7.8999999999999995,7.166666666666667,10.879999999999999,,5,5.333333333333333,,,,,
2026,1,2026_01_BAL_IND,2026-09-13,00-0040853,Carson Towt,TE,IND,BAL,HOME,,fieldturf,1,7,7,-3.5,48.5,0,0,0,,1,1,0,0,0,0,,,,,,,,,,,,,,,,,,,,,,,,,,,,,,,,,,,,,,,,,,,,,,,,,,,0,0,0,,,,,,,,,,,,,,133,0,1,9.500000000000002,10.733333333333334,9.44,,7,6.333333333333333,,,,,
2026,1,2026_01_BAL_IND,2026-09-13,00-0040879,Matthew Hibner,TE,BAL,IND,AWAY,,fieldturf,0,7,7,-3.5,48.5,0,0,0,,1,1,0,0,0,0,,,,,,,,,,,,,,,,,,,,,,,,,,,,,,,,,,,,,,,,,,,,,,,,,,,0,0,0,,,,,,,,,,,,,,133,0,1,13.200000000000001,15.933333333333335,12.22,,6,7.333333333333333,,,,,
2026,1,2026_01_BAL_IND,2026-09-13,00-0040887,Josh Cuevas,TE,BAL,IND,AWAY,,fieldturf,0,7,7,-3.5,48.5,0,0,0,,1,1,0,0,0,0,,,,,,,,,,,,,,,,,,,,,,,,,,,,,,,,,,,,,,,,,,,,,,,,,,,0,0,0,,,,,,,,,,,,,,133,0,1,13.200000000000001,15.933333333333335,12.22,,6,7.333333333333333,,,,,
2026,1,2026_01_NYJ_TEN,2026-09-13,00-0040901,Jaren Kanak,TE,TEN,NYJ,HOME,outdoors,grass,1,7,7,3.0,38.5,0,0,0,,1,1,0,0,0,0,,,,,,,,,,,,,,,,,,,,,,,,,,,,,,,,,,,,,,,,,,,,,,,,,,,0,0,0,,,,,,,,,,,,,,132,0,1,25.300000000000004,27.80666666666667,20.163999999999998,,9,10.666666666666666,,,,,
2026,1,2026_01_DAL_NYG,2026-09-13,00-0040938,D.J. Rogers,TE,DAL,NYG,AWAY,outdoors,fieldturf,0,7,7,-2.5,48.5,1,0,0,,1,1,0,0,0,0,,,,,,,,,,,,,,,,,,,,,,,,,,,,,,,,,,,,,,,,,,,,,,,,,,,0,0,0,,,,,,,,,,,,,,132,0,1,8.7,10.566666666666666,10.1,,6,6.666666666666667,,,,,
2026,1,2026_01_DAL_NYG,2026-09-13,00-0040939,Michael Trigg,TE,DAL,NYG,AWAY,outdoors,fieldturf,0,7,7,-2.5,48.5,1,0,0,,1,1,0,0,0,0,,,,,,,,,,,,,,,,,,,,,,,,,,,,,,,,,,,,,,,,,,,,,,,,,,,0,0,0,,,,,,,,,,,,,,132,0,1,8.7,10.566666666666666,10.1,,6,6.666666666666667,,,,,
2026,1,2026_01_DEN_KC,2026-09-14,00-0040955,John Michael Gyllenborg,TE,KC,DEN,HOME,outdoors,grass,1,7,7,3.0,42.5,1,0,0,,1,1,0,0,0,0,,,,,,,,,,,,,,,,,,,,,,,,,,,,,,,,,,,,,,,,,,,,,,,,,,,0,0,0,,,,,,,,,,,,,,133,0,1,7.500000000000001,11.233333333333333,13.2,,8,7.666666666666667,,,,,
2026,1,2026_01_NYJ_TEN,2026-09-13,00-0041032,Kenyon Sadiq,TE,NYJ,TEN,AWAY,outdoors,grass,0,7,7,3.0,38.5,0,0,0,,1,1,0,0,0,0,,,,,,,,,,,,,,,,,,,,,,,,,,,,,,,,,,,,,,,,,,,,,,,,,,,0,0,0,,,,,,,,,,,,,,133,0,1,27.299999999999997,15.133333333333333,20.14,,8,6.0,,,,,
2026,1,2026_01_NO_DET,2026-09-13,00-0041041,Oscar Delp,TE,NO,DET,AWAY,dome,fieldturf,0,7,7,7.0,48.5,0,0,0,,1,1,0,0,0,0,,,,,,,,,,,,,,,,,,,,,,,,,,,,,,,,,,,,,,,,,,,,,,,,,,,0,0,0,,,,,,,,,,,,,,133,0,1,30.700000000000003,15.733333333333334,18.520000000000003,,16,9.333333333333334,,,,,
2026,1,2026_01_DEN_KC,2026-09-14,00-0041077,Justin Joly,TE,DEN,KC,AWAY,outdoors,grass,0,7,7,3.0,42.5,1,0,0,,1,1,0,0,0,0,,,,,,,,,,,,,,,,,,,,,,,,,,,,,,,,,,,,,,,,,,,,,,,,,,,0,0,0,,,,,,,,,,,,,,132,0,1,7.7,12.5,10.559999999999999,,5,7.333333333333333,,,,,
2026,1,2026_01_CLE_JAX,2026-09-13,00-0041084,Tanner Koziol,TE,JAX,CLE,HOME,outdoors,grass,1,7,7,7.5,40.5,0,0,0,,1,1,0,0,0,0,,,,,,,,,,,,,,,,,,,,,,,,,,,,,,,,,,,,,,,,,,,,,,,,,,,0,0,0,,,,,,,,,,,,,,133,0,1,7.5,11.533333333333333,11.379999999999999,,6,7.666666666666667,,,,,
2026,1,2026_01_CLE_JAX,2026-09-13,00-0041087,Joe Royer,TE,CLE,JAX,AWAY,outdoors,grass,0,7,7,7.5,40.5,0,0,0,,1,1,0,0,0,0,,,,,,,,,,,,,,,,,,,,,,,,,,,,,,,,,,,,,,,,,,,,,,,,,,,0,0,0,,,,,,,,,,,,,,132,0,1,4.6000000000000005,12.166666666666666,8.7,,8,8.333333333333334,,,,,
2026,1,2026_01_TB_CIN,2026-09-13,00-0041094,Bauer Sharp,TE,TB,CIN,AWAY,outdoors,fieldturf,0,7,7,3.5,51.5,0,0,0,,1,1,0,0,0,0,,,,,,,,,,,,,,,,,,,,,,,,,,,,,,,,,,,,,,,,,,,,,,,,,,,0,0,0,,,,,,,,,,,,,,132,0,1,1.6,12.600000000000001,16.06,,3,8.333333333333334,,,,,
2026,1,2026_01_TB_CIN,2026-09-13,00-0041116,Jack Endries,TE,CIN,TB,HOME,outdoors,fieldturf,1,7,7,3.5,51.5,0,0,0,,1,1,0,0,0,0,,,,,,,,,,,,,,,,,,,,,,,,,,,,,,,,,,,,,,,,,,,,,,,,,,,0,0,0,,,,,,,,,,,,,,133,0,1,14.3,16.599999999999998,21.78,,6,7.666666666666667,,,,,
2026,1,2026_01_CLE_JAX,2026-09-13,00-0041131,Carsen Ryan,TE,CLE,JAX,AWAY,outdoors,grass,0,7,7,7.5,40.5,0,0,0,,1,1,0,0,0,0,,,,,,,,,,,,,,,,,,,,,,,,,,,,,,,,,,,,,,,,,,,,,,,,,,,0,0,0,,,,,,,,,,,,,,132,0,1,4.6000000000000005,12.166666666666666,8.7,,8,8.333333333333334,,,,,
2026,1,2026_01_DEN_KC,2026-09-14,00-0041133,Dallen Bentley,TE,DEN,KC,AWAY,outdoors,grass,0,7,7,3.0,42.5,1,0,0,,1,1,0,0,0,0,,,,,,,,,,,,,,,,,,,,,,,,,,,,,,,,,,,,,,,,,,,,,,,,,,,0,0,0,,,,,,,,,,,,,,132,0,1,7.7,12.5,10.559999999999999,,5,7.333333333333333,,,,,
2026,1,2026_01_CHI_CAR,2026-09-13,00-0041170,Hayden Large,TE,CHI,CAR,AWAY,outdoors,grass,0,7,7,-2.5,47.5,0,0,0,,1,1,0,0,0,0,,,,,,,,,,,,,,,,,,,,,,,,,,,,,,,,,,,,,,,,,,,,,,,,,,,0,0,0,,,,,,,,,,,,,,133,0,1,22.4,13.066666666666668,11.239999999999998,,10,5.666666666666667,,,,,
2026,1,2026_01_WAS_PHI,2026-09-13,00-0041180,Quentin Moore,TE,WAS,PHI,AWAY,outdoors,grass,0,7,7,4.5,47.5,1,0,0,,1,1,0,0,0,0,,,,,,,,,,,,,,,,,,,,,,,,,,,,,,,,,,,,,,,,,,,,,,,,,,,0,0,0,,,,,,,,,,,,,,133,0,1,11.600000000000001,7.033333333333334,6.540000000000001,,4,4.0,,,,,
2026,1,2026_01_ATL_PIT,2026-09-13,00-0041195,Jack Velling,TE,ATL,PIT,AWAY,outdoors,grass,0,7,7,3.0,42.5,0,0,0,,1,1,0,0,0,0,,,,,,,,,,,,,,,,,,,,,,,,,,,,,,,,,,,,,,,,,,,,,,,,,,,0,0,0,,,,,,,,,,,,,,133,0,1,8.600000000000001,12.866666666666667,18.52,,5,7.333333333333333,,,,,
2026,1,2026_01_NYJ_TEN,2026-09-13,00-0041237,Chase Curtis,TE,NYJ,TEN,AWAY,outdoors,grass,0,7,7,3.0,38.5,0,0,0,,1,1,0,0,0,0,,,,,,,,,,,,,,,,,,,,,,,,,,,,,,,,,,,,,,,,,,,,,,,,,,,0,0,0,,,,,,,,,,,,,,133,0,1,27.299999999999997,15.133333333333333,20.14,,8,6.0,,,,,
2026,1,2026_01_TB_CIN,2026-09-13,00-0041246,Josh Kattus,TE,CIN,TB,HOME,outdoors,fieldturf,1,7,7,3.5,51.5,0,0,0,,1,1,0,0,0,0,,,,,,,,,,,,,,,,,,,,,,,,,,,,,,,,,,,,,,,,,,,,,,,,,,,0,0,0,,,,,,,,,,,,,,133,0,1,14.3,16.599999999999998,21.78,,6,7.666666666666667,,,,,
2026,1,2026_01_TB_CIN,2026-09-13,00-0041252,Kenny Fletcher,TE,TB,CIN,AWAY,outdoors,fieldturf,0,7,7,3.5,51.5,0,0,0,,1,1,0,0,0,0,,,,,,,,,,,,,,,,,,,,,,,,,,,,,,,,,,,,,,,,,,,,,,,,,,,0,0,0,,,,,,,,,,,,,,132,0,1,1.6,12.600000000000001,16.06,,3,8.333333333333334,,,,,
2026,1,2026_01_ATL_PIT,2026-09-13,00-0041263,Lake McRee,TE,PIT,ATL,HOME,outdoors,grass,1,7,7,3.0,42.5,0,0,0,,1,1,0,0,0,0,,,,,,,,,,,,,,,,,,,,,,,,,,,,,,,,,,,,,,,,,,,,,,,,,,,0,0,0,,,,,,,,,,,,,,133,0,1,13.3,20.266666666666666,14.820000000000002,,8,12.0,,,,,
2026,1,2026_01_NE_SEA,2026-09-09,00-0041314,Tanner Arkin,TE,NE,SEA,AWAY,outdoors,fieldturf,0,7,7,3.5,44.5,0,0,0,,1,1,0,0,0,0,,,,,,,,,,,,,,,,,,,,,,,,,,,,,,,,,,,,,,,,,,,,,,,,,,,0,0,0,,,,,,,,,,,,,,132,0,1,7.9,10.966666666666667,10.56,,7,7.666666666666667,,,,,
2026,1,2026_01_NO_DET,2026-09-13,00-0041327,Cody Hardy,TE,NO,DET,AWAY,dome,fieldturf,0,7,7,7.0,48.5,0,0,0,,1,1,0,0,0,0,,,,,,,,,,,,,,,,,,,,,,,,,,,,,,,,,,,,,,,,,,,,,,,,,,,0,0,0,,,,,,,,,,,,,,133,0,1,30.700000000000003,15.733333333333334,18.520000000000003,,16,9.333333333333334,,,,,
2026,1,2026_01_ARI_LAC,2026-09-13,00-0041366,Jameson Geers,TE,ARI,LAC,AWAY,dome,matrixturf,0,7,7,10.5,46.5,0,0,0,,1,1,0,0,0,0,,,,,,,,,,,,,,,,,,,,,,,,,,,,,,,,,,,,,,,,,,,,,,,,,,,0,0,0,,,,,,,,,,,,,,133,0,1,7.5,5.766666666666667,9.42,,4,4.0,,,,,
2026,1,2026_01_ARI_LAC,2026-09-13,00-0041384,Evan Svoboda,TE,LAC,ARI,HOME,dome,matrixturf,1,7,7,10.5,46.5,0,0,0,,1,1,0,0,0,0,,,,,,,,,,,,,,,,,,,,,,,,,,,,,,,,,,,,,,,,,,,,,,,,,,,0,0,0,,,,,,,,,,,,,,132,0,1,39.7,24.433333333333337,23.279999999999998,,14,10.0,,,,,
2026,1,2026_01_NE_SEA,2026-09-09,00-0041395,Eli Raridon,TE,NE,SEA,AWAY,outdoors,fieldturf,0,7,7,3.5,44.5,0,0,0,,1,1,0,0,0,0,,,,,,,,,,,,,,,,,,,,,,,,,,,,,,,,,,,,,,,,,,,,,,,,,,,0,0,0,,,,,,,,,,,,,,132,0,1,7.9,10.966666666666667,10.56,,7,7.666666666666667,,,,,
2026,1,2026_01_SF_LA,2026-09-10,00-0041403,Rohan Jones,TE,LA,SF,HOME,dome,matrixturf,1,7,7,3.5,48.5,1,0,0,,1,1,0,0,0,0,,,,,,,,,,,,,,,,,,,,,,,,,,,,,,,,,,,,,,,,,,,,,,,,,,,0,0,0,,,,,,,,,,,,,,133,0,1,6.4,15.066666666666665,16.220000000000002,,6,11.0,,,,,
2026,1,2026_01_SF_LA,2026-09-10,00-0041422,Dan Villari,TE,LA,SF,HOME,dome,matrixturf,1,7,7,3.5,48.5,1,0,0,,1,1,0,0,0,0,,,,,,,,,,,,,,,,,,,,,,,,,,,,,,,,,,,,,,,,,,,,,,,,,,,0,0,0,,,,,,,,,,,,,,133,0,1,6.4,15.066666666666665,16.220000000000002,,6,11.0,,,,,
2026,1,2026_01_ARI_LAC,2026-09-13,00-0041452,Johnny Pascuzzi,TE,LAC,ARI,HOME,dome,matrixturf,1,7,7,10.5,46.5,0,0,0,,1,1,0,0,0,0,,,,,,,,,,,,,,,,,,,,,,,,,,,,,,,,,,,,,,,,,,,,,,,,,,,0,0,0,,,,,,,,,,,,,,132,0,1,39.7,24.433333333333337,23.279999999999998,,14,10.0,,,,,
2026,1,2026_01_BUF_HOU,2026-09-13,00-0041472,Marlin Klein,TE,HOU,BUF,HOME,,astroturf,1,7,7,-1.5,44.5,0,0,0,,1,1,0,0,0,0,,,,,,,,,,,,,,,,,,,,,,,,,,,,,,,,,,,,,,,,,,,,,,,,,,,0,0,0,,,,,,,,,,,,,,131,0,1,11.100000000000001,11.133333333333335,13.34,,7,5.666666666666667,,,,,
2026,1,2026_01_WAS_PHI,2026-09-13,00-0041483,Eli Stowers,TE,PHI,WAS,HOME,outdoors,grass,1,7,7,4.5,47.5,1,0,0,,1,1,0,0,0,0,,,,,,,,,,,,,,,,,,,,,,,,,,,,,,,,,,,,,,,,,,,,,,,,,,,0,0,0,,,,,,,,,,,,,,132,0,1,17.1,14.833333333333334,17.74,,8,5.666666666666667,,,,,
2026,1,2026_01_CLE_JAX,2026-09-13,00-0041503,Nate Boerkircher,TE,JAX,CLE,HOME,outdoors,grass,1,7,7,7.5,40.5,0,0,0,,1,1,0,0,0,0,,,,,,,,,,,,,,,,,,,,,,,,,,,,,,,,,,,,,,,,,,,,,,,,,,,0,0,0,,,,,,,,,,,,,,133,0,1,7.5,11.533333333333333,11.379999999999999,,6,7.666666666666667,,,,,
2026,1,2026_01_SF_LA,2026-09-10,00-0041510,Max Klare,TE,LA,SF,HOME,dome,matrixturf,1,7,7,3.5,48.5,1,0,0,,1,1,0,0,0,0,,,,,,,,,,,,,,,,,,,,,,,,,,,,,,,,,,,,,,,,,,,,,,,,,,,0,0,0,,,,,,,,,,,,,,133,0,1,6.4,15.066666666666665,16.220000000000002,,6,11.0,,,,,
2026,1,2026_01_MIA_LV,2026-09-13,00-0041524,Will Kacmarek,TE,MIA,LV,AWAY,dome,grass,0,7,7,3.5,40.5,0,0,0,,1,1,0,0,0,0,,,,,,,,,,,,,,,,,,,,,,,,,,,,,,,,,,,,,,,,,,,,,,,,,,,0,0,0,,,,,,,,,,,,,,132,0,1,10.2,10.166666666666666,12.679999999999998,,11,7.333333333333333,,,,,
2026,1,2026_01_BUF_HOU,2026-09-13,00-0041535,Louis Hansen,TE,HOU,BUF,HOME,,astroturf,1,7,7,-1.5,44.5,0,0,0,,1,1,0,0,0,0,,,,,,,,,,,,,,,,,,,,,,,,,,,,,,,,,,,,,,,,,,,,,,,,,,,0,0,0,,,,,,,,,,,,,,131,0,1,11.100000000000001,11.133333333333335,13.34,,7,5.666666666666667,,,,,
2026,1,2026_01_DAL_NYG,2026-09-13,00-0031235,Odell Beckham Jr.,WR,NYG,DAL,HOME,outdoors,fieldturf,1,7,7,-2.5,48.5,1,71,0,644.0,0,1,1,1,1,1,1.1,1.0,2.0,1.5329709716755893,0.0,3.7,,,0.0,0.0,0.0,,0.0,0.0,0.0,,1.0,2.0,2.4,,1.0,0.6667,1.2,1.0,0.6667,1.2,1.0,2.0,2.4,,0.0,0.0,0.0,0.0,1.0,3.3333,1.0,3.3333,0.0,0.0,0.022222222222222223,0.046900161030595806,0.06528295376121464,,0.0,0.08745152302421023,0.10016864459223049,0.03333333333333333,0.13156630766284086,0.1680424818563833,1,3,5,10.0,13.666666666666666,14.8,0.14,0.19666666666666668,0.22999999999999998,,,,1.6666666666666667,5.0,0.5,1.6666666666666667,133,0,1,27.6,36.76666666666666,37.040000000000006,,20,18.666666666666668,,,,,
2026,1,2026_01_SF_LA,2026-09-10,00-0031381,Davante Adams,WR,LA,SF,HOME,dome,matrixturf,1,7,7,3.5,48.5,1,119,0,270.0,0,1,1,1,1,0,11.100000000000001,13.266666666666667,14.02,7.9358049371188555,6.9,23.2,,,0.0,0.0,0.0,,0.0,0.0,0.0,,9.0,6.6667,7.2,,4.0,4.0,3.6,4.0,4.0,3.6,9.0,6.6667,7.2,,0.0,0.0,0.0,0.0,71.0,52.6667,71.0,52.6667,0.0,0.6667,0.23684210526315788,0.20519189251503908,0.2294332182976945,,0.34394904458598724,0.2739608706472902,0.3516406473814973,0.5960274891049279,0.4995604482256617,0.5902982806135898,1,3,5,33.0,34.0,37.8,0.46,0.5466666666666666,0.654,,,,7.9,13.166666666666666,1.9900000000000002,7.9,133,0,1,20.5,32.86666666666667,25.22,,12,16.333333333333332,,,,,
2026,1,2026_01_SF_LA,2026-09-10,00-0031408,Mike Evans,WR,SF,LA,AWAY,dome,matrixturf,0,7,7,3.5,48.5,1,115,0,250.0,0,1,1,1,1,1,5.4,10.533333333333333,10.16,7.53146732051597,0.0,19.200000000000003,,,0.0,0.0,0.0,,0.0,0.0,0.0,,2.0,6.0,6.8,,2.0,3.3333,3.2,2.0,3.3333,3.2,2.0,6.0,6.8,,0.0,0.0,0.0,0.0,34.0,32.0,34.0,32.0,0.0,0.6667,0.09090909090909091,0.20333333333333334,0.213,,0.20422535211267606,0.3153402633115346,0.33062558664159847,0.2793213828425096,0.5257381843180743,0.5509379106491189,1,3,5,50.0,47.333333333333336,38.8,0.75,0.7200000000000001,0.5820000000000001,,,,5.333333333333333,9.6,1.7555555555555555,5.333333333333333,133,0,1,20.9,24.7,37.720000000000006,,8,11.666666666666666,,,,,
2026,1,2026_01_MIA_LV,2026-09-13,00-0032208,Phillip Dorsett,WR,LV,MIA,HOME,dome,grass,1,7,7,3.5,40.5,0,44,0,987.0,0,1,1,1,1,1,0.0,1.4666666666666668,2.38,3.4383135400949114,0.0,7.5,,,0.0,0.0,0.2,,0.0,0.0,0.0,,2.0,3.0,2.6,,0.0,1.0,1.2,0.0,1.0,1.2,2.0,3.0,2.6,,0.0,0.0,0.0,0.0,0.0,4.6667,0.0,4.6667,0.0,0.0,0.06666666666666667,0.0802579365079365,0.07625182448458309,,0.23553719008264462,0.144889044607265,0.1379680551427374,0.26487603305785123,0.2218092359869903,0.21095537532679082,1,3,5,28.0,24.333333333333332,33.2,0.41,0.35333333333333333,0.5,,,,1.5555555555555556,4.666666666666667,0.48888888888888893,1.5555555555555556,133,0,1,21.6,40.73333333333333,33.7,,11,19.333333333333332,,,,,
2026,1,2026_01_CHI_CAR,2026-09-13,00-0032464,Kalif Raymond,WR,CHI,CAR,AWAY,outdoors,grass,0,7,7,-2.5,47.5,0,100,0,252.0,0,1,1,1,1,1,8.2,8.633333333333333,6.919999999999999,5.787659285065077,1.5,16.2,,,0.0,0.0,0.0,,0.0,0.0,0.0,,3.0,3.3333,2.6,,3.0,2.6667,2.2,3.0,2.6667,2.2,3.0,3.3333,2.6,,0.0,0.0,0.0,0.0,52.0,39.6667,52.0,39.6667,0.0,0.3333,0.08333333333333333,0.08281756557618626,0.06548001302992229,,0.052,0.038848315652335756,0.05688443242607487,0.1614,0.15142016932091443,0.13803912224313583,1,3,5,14.0,13.0,15.4,0.19,0.18000000000000002,0.22200000000000003,,,,11.9,14.875,2.59,11.9,133,0,1,14.3,21.833333333333332,30.3,,8,15.333333333333334,,,,,
2026,1,2026_01_SF_LA,2026-09-10,00-0032775,Demarcus Robinson,WR,SF,LA,AWAY,dome,matrixturf,0,7,7,3.5,48.5,1,113,0,250.0,0,1,1,1,1,0,5.4,6.900000000000001,5.38,3.4368590311503904,0.6000000000000001,10.3,,,0.0,0.0,0.0,,0.0,0.0,0.2,,4.0,2.6667,2.2,,3.0,2.3333,1.8,3.0,2.3333,2.0,4.0,2.6667,2.2,,0.0,0.0,0.0,0.0,24.0,25.6667,24.0,25.6667,0.0,0.3333,0.14814814814814814,0.08978675645342311,0.0768534203316812,,0.23255813953488372,0.1393900999282417,0.11674073101706543,0.38501291989664077,0.23225320462990387,0.1969986422094676,1,3,5,37.0,30.333333333333332,28.6,0.88,0.5566666666666666,0.48199999999999993,,,,9.625,11.0,2.5875000000000004,9.625,133,0,1,20.9,24.7,37.720000000000006,,8,11.666666666666666,,,,,
2026,1,2026_01_BAL_IND,2026-09-13,00-0032951,Laquon Treadwell,WR,IND,BAL,HOME,,fieldturf,1,7,7,-3.5,48.5,0,53,0,259.0,0,1,1,1,1,0,0.0,0.0,0.0,0.0,0.0,0.0,,,0.0,0.0,0.0,,0.0,0.0,0.0,,0.0,0.0,0.0,,0.0,0.0,0.0,0.0,0.0,0.0,0.0,0.0,0.0,,0.0,0.0,0.0,0.0,0.0,0.0,0.0,0.0,0.0,0.0,0.0,0.0,0.0,,0.0,0.0,0.0,0.0,0.0,0.0,1,3,5,1.0,7.333333333333333,4.6,0.02,0.11666666666666668,0.074,,,,,,,,133,0,1,33.099999999999994,44.833333333333336,37.980000000000004,,22,23.0,,,,,
2026,1,2026_01_ARI_LAC,2026-09-13,00-0033307,Kendrick Bourne,WR,ARI,LAC,AWAY,dome,matrixturf,0,7,7,10.5,46.5,0,114,0,253.0,0,1,1,1,1,1,0.0,3.0666666666666664,2.58,2.5073890802984686,0.0,5.7,,,0.0,0.0,0.0,,0.0,0.0,0.0,,1.0,2.3333,2.2,,0.0,1.3333,1.2,0.0,1.3333,1.2,1.0,2.3333,2.2,,0.0,0.0,0.0,0.0,0.0,17.3333,0.0,17.3333,0.0,0.0,0.037037037037037035,0.07295173961840629,0.07389526737352824,,0.06201550387596899,0.09640501180777554,0.09758179628875123,0.09896640826873385,0.17691111769305232,0.17915015846241822,1,3,5,22.0,29.0,28.6,0.52,0.49333333333333335,0.454,,,,7.428571428571429,13.0,1.3142857142857143,7.428571428571429,133,0,1,11.6,36.76666666666667,32.5,,11,18.0,,,,,
2026,1,2026_01_NYJ_TEN,2026-09-13,00-0033375,Tim Patrick,WR,NYJ,TEN,AWAY,outdoors,grass,0,7,7,3.0,38.5,0,79,0,252.0,0,1,1,1,1,1,1.4,1.1666666666666667,4.880000000000001,7.82860140765897,0.0,18.8,,,0.0,0.0,0.0,,0.0,0.0,0.0,,1.0,1.0,2.0,,1.0,0.6667,1.6,1.0,0.6667,1.6,1.0,1.0,2.0,,0.0,0.0,0.0,0.0,4.0,5.0,4.0,5.0,0.0,0.0,0.03225806451612903,0.029285506704861543,0.06428098144227176,,0.003389830508474576,0.019031675674823053,0.06401159799748643,0.05075997813012575,0.05725043302966845,0.14122959076164815,1,3,5,22.0,17.333333333333332,20.2,0.36,0.26333333333333336,0.312,,,,5.0,7.5,1.1666666666666667,5.0,133,0,1,40.2,33.699999999999996,33.720000000000006,,22,17.333333333333332,,,,,
2026,1,2026_01_NE_SEA,2026-09-09,00-0033555,Mack Hollins,WR,NE,SEA,AWAY,outdoors,fieldturf,0,7,7,3.5,44.5,0,98,0,262.0,0,1,1,1,1,0,13.9,9.100000000000001,8.540000000000001,3.7219618482730312,5.0,13.9,,,0.0,0.0,0.0,,0.0,0.0,0.0,,9.0,7.0,6.4,,7.0,4.6667,4.0,7.0,4.6667,4.0,9.0,7.0,6.4,,0.0,0.0,0.0,0.0,69.0,44.3333,69.0,44.3333,0.0,0.0,0.21428571428571427,0.2370851370851371,0.2089177489177489,,0.2320675105485232,0.3434202954198211,0.3050066341010863,0.48387582881253766,0.5960219124215803,0.5268812672473838,1,3,5,49.0,46.333333333333336,51.4,0.66,0.7333333333333334,0.782,,,,6.333333333333333,9.5,1.3000000000000003,6.333333333333333,133,0,1,12.9,28.766666666666666,22.58,,11,16.0,,,,,
2026,1,2026_01_CHI_CAR,2026-09-13,00-0033589,David Moore,WR,CAR,CHI,HOME,outdoors,grass,1,7,7,-2.5,47.5,0,70,0,350.0,0,1,1,1,1,0,1.2000000000000002,0.9,2.66,3.0826936273330827,0.0,7.9,,,0.0,0.0,0.0,,1.0,0.3333,0.2,,0.0,0.3333,1.0,,0.0,0.3333,0.6,1.0,0.6667,0.8,0.0,0.3333,1.0,,0.0,0.0,12.0,4.0,0.0,1.6667,12.0,5.6667,0.0,0.0,0.0,0.013888888888888888,0.034567099567099566,,0.0,0.012531328320802004,0.047005798122817695,0.0,0.029605263157894735,0.08475470803662173,1,3,5,1.0,23.0,24.4,0.01,0.38999999999999996,0.4119999999999999,,,12.0,5.0,5.0,2.7,17.0,133,0,1,49.29999999999999,39.73333333333333,36.76,,27,20.0,,,,,
2026,1,2026_01_NE_SEA,2026-09-09,00-0033908,Cooper Kupp,WR,SEA,NE,HOME,outdoors,fieldturf,1,7,7,3.5,44.5,0,105,0,249.0,0,1,1,1,1,0,4.9,4.466666666666667,6.9,3.890372732785382,1.6,11.5,,,0.0,0.0,0.0,,0.0,0.0,0.0,,3.0,3.3333,4.0,,2.0,2.0,2.6,2.0,2.0,2.6,3.0,3.3333,4.0,,0.0,0.0,0.0,0.0,29.0,24.6667,29.0,24.6667,0.0,0.0,0.11538461538461539,0.11993382961124897,0.13438454019099183,,0.15873015873015872,0.16405627391513214,0.15515819686067311,0.2841880341880342,0.2947401361574659,0.31018754808895893,1,3,5,53.0,58.0,52.2,0.77,0.86,0.8039999999999999,,,,7.4,12.333333333333334,1.34,7.4,133,0,1,23.799999999999997,25.233333333333334,23.14,,14,15.666666666666666,,,,,
2026,1,2026_01_TB_CIN,2026-09-13,00-0033921,Chris Godwin Jr.,WR,TB,CIN,AWAY,outdoors,fieldturf,0,7,7,3.5,51.5,0,104,0,253.0,0,1,1,1,1,0,1.8,11.200000000000001,11.62,8.136461147206443,1.8,23.8,,,0.0,0.0,0.0,,0.0,0.0,0.0,,1.0,5.0,5.6,,1.0,4.3333,4.4,1.0,4.3333,4.4,1.0,5.0,5.6,,0.0,0.0,0.0,0.0,8.0,48.6667,8.0,48.6667,0.0,0.3333,0.045454545454545456,0.15575757575757576,0.18184740259740256,,0.035211267605633804,0.13023721184107342,0.10823800350042942,0.09282970550576183,0.324802411925115,0.34853770634640446,1,3,5,47.0,47.0,51.6,0.7,0.71,0.756,,,,9.733333333333333,11.23076923076923,2.24,9.733333333333333,132,0,1,16.0,23.333333333333332,21.98,,12,13.666666666666666,,,,,
2026,1,2026_01_DAL_NYG,2026-09-13,00-0034272,Marquez Valdes-Scantling,WR,DAL,NYG,AWAY,outdoors,fieldturf,0,7,7,-2.5,48.5,1,111,0,252.0,0,1,1,1,1,1,8.4,5.033333333333333,4.8,3.9730341050637867,0.0,8.9,,,0.0,0.0,0.0,,0.0,0.0,0.0,,7.0,6.3333,4.2,,5.0,3.0,2.0,5.0,3.0,2.0,7.0,6.3333,4.2,,0.0,0.0,0.0,0.0,34.0,20.3333,34.0,20.3333,0.0,0.0,0.1590909090909091,0.1604271735850683,0.10972431761905446,,0.23692307692307693,0.28384037974768533,0.21538216058035853,0.4044825174825175,0.4393290262009822,0.3153539888348327,1,3,5,63.0,49.333333333333336,39.6,0.84,0.6933333333333334,0.582,,,,3.210526315789474,6.777777777777778,0.7947368421052632,3.210526315789474,133,0,1,15.8,20.833333333333332,27.3,,14,14.666666666666666,,,,,
2026,1,2026_01_DEN_KC,2026-09-14,00-0034348,Courtland Sutton,WR,DEN,KC,AWAY,outdoors,grass,0,7,7,3.0,42.5,1,114,0,253.0,0,1,1,1,1,0,1.5,10.033333333333333,13.319999999999999,9.257807515821444,1.5,24.3,,,0.0,0.0,0.0,,0.0,0.0,0.0,,2.0,8.0,8.8,,1.0,3.6667,4.8,1.0,3.6667,4.8,2.0,8.0,8.8,,0.0,0.0,0.0,0.0,5.0,43.6667,5.0,43.6667,0.0,0.3333,0.08695652173913043,0.2060321190755973,0.24167482700091397,,0.34615384615384615,0.4436833879176085,0.44764278128857676,0.3727424749163879,0.6196265501557219,0.6758621874033747,1,3,5,46.0,55.666666666666664,55.0,0.78,0.8466666666666667,0.8139999999999998,,,,5.458333333333333,11.909090909090908,1.2541666666666667,5.458333333333333,133,0,1,9.3,20.3,23.48,,15,17.0,,,,,
2026,1,2026_01_BUF_HOU,2026-09-13,00-0034386,Justin Watson,WR,HOU,BUF,HOME,,astroturf,1,7,7,-1.5,44.5,0,73,0,252.0,0,1,1,1,1,0,0.0,2.0,4.3,5.69166056612655,0.0,14.0,,,0.0,0.0,0.0,,0.0,0.0,0.0,,0.0,1.3333,1.8,,0.0,1.0,1.2,0.0,1.0,1.2,0.0,1.3333,1.8,,0.0,0.0,0.0,0.0,0.0,10.0,0.0,10.0,0.0,0.0,0.0,0.053676865271068165,0.0780265525991734,,0.0,0.05961041542436892,0.1513218048101769,0.0,0.12224258870366049,0.22296509226588396,1,3,5,13.0,22.666666666666668,24.4,0.19,0.38666666666666666,0.49400000000000005,,,,7.5,10.0,1.5,7.5,132,0,1,16.599999999999998,16.133333333333333,21.54,,17,13.333333333333334,,,,,
2026,1,2026_01_NO_DET,2026-09-13,00-0034418,Cedrick Wilson Jr.,WR,DET,NO,HOME,dome,fieldturf,1,7,7,7.0,48.5,0,74,0,252.0,0,1,1,1,1,1,0.0,1.3,1.6400000000000001,0.9813256340277676,0.0,2.6,,,0.0,0.0,0.0,,0.0,0.0,0.0,,2.0,1.6667,1.6,,0.0,0.6667,0.8,0.0,0.6667,0.8,2.0,1.6667,1.6,,0.0,0.0,0.0,0.0,0.0,6.3333,0.0,6.3333,0.0,0.0,0.08333333333333333,0.06957506095437128,0.06715044197802819,,0.1125,0.0719501785388485,0.07715661940222499,0.20375,0.15472771640875088,0.15473529654859977,1,3,5,36.0,35.0,25.8,0.64,0.62,0.45,,,,3.8,9.5,0.78,3.8,133,0,1,24.9,26.399999999999995,24.159999999999997,,16,18.0,,,,,
2026,1,2026_01_DAL_NYG,2026-09-13,00-0034419,Braxton Berrios,WR,NYG,DAL,HOME,outdoors,fieldturf,1,7,7,-2.5,48.5,1,91,0,308.0,0,1,1,1,1,1,0.0,2.9333333333333336,1.9400000000000002,3.8546076324316076,0.0,8.8,,,0.0,0.0,0.0,,0.0,0.0,0.0,,0.0,1.6667,1.6,,0.0,1.6667,1.2,0.0,1.6667,1.2,0.0,1.6667,1.6,,0.0,0.0,0.0,0.0,0.0,12.6667,0.0,12.6667,0.0,0.0,0.0,0.043859649122807015,0.03935926773455377,,0.0,0.025641025641025644,0.014441219158200291,0.0,0.08373819163292846,0.06914775501257087,1,3,5,1.0,8.0,13.0,0.01,0.09999999999999999,0.168,,,,7.6,7.6,1.7600000000000002,7.6,133,0,1,27.6,36.76666666666666,37.040000000000006,,20,18.666666666666668,,,,,
2026,1,2026_01_BUF_HOU,2026-09-13,00-0034487,Trent Sherfield,WR,BUF,HOU,AWAY,,astroturf,0,7,7,-1.5,44.5,0,84,0,280.0,0,1,1,1,1,1,0.0,1.2666666666666666,1.02,1.0521406750050109,0.0,2.5,,,0.0,0.0,0.0,,0.0,0.0,0.0,,1.0,1.3333,1.0,,0.0,0.6667,0.6,0.0,0.6667,0.6,1.0,1.3333,1.0,,0.0,0.0,0.0,0.0,0.0,6.0,0.0,6.0,0.0,0.0,0.022727272727272728,0.03720538720538721,0.027728637728637727,,0.017045454545454544,0.052316824385557535,0.029512160359034055,0.04602272727272727,0.09242985787797109,0.062251468844280435,1,3,5,9.0,15.666666666666666,15.8,0.15,0.25,0.236,,,,4.5,9.0,0.95,4.5,133,0,1,41.900000000000006,28.200000000000003,25.939999999999998,,17,14.333333333333334,,,,,
2026,1,2026_01_SF_LA,2026-09-10,00-0034775,Christian Kirk,WR,SF,LA,AWAY,dome,matrixturf,0,7,7,3.5,48.5,1,104,0,249.0,0,1,1,1,1,1,0.7,3.1666666666666665,5.5,6.520352751193757,0.7,16.4,,,0.0,0.0,0.0,,0.0,0.0,0.0,,2.0,4.0,4.2,,1.0,2.0,2.4,1.0,2.0,2.4,2.0,4.0,4.2,,0.0,0.0,0.0,0.0,-3.0,11.6667,-3.0,11.6667,0.0,0.0,0.07142857142857142,0.13693169575522515,0.14723838253250016,,-0.015544041450777202,0.05567077033607973,0.0789407490514101,0.0962620281273131,0.24436708286809358,0.27611609813473736,1,3,5,39.0,36.0,30.4,0.57,0.5466666666666667,0.46399999999999997,,,,2.9166666666666665,5.833333333333333,0.7916666666666666,2.9166666666666665,133,0,1,20.9,24.7,37.720000000000006,,8,11.666666666666666,,,,,
2026,1,2026_01_BUF_HOU,2026-09-13,00-0034827,DJ Moore,WR,BUF,HOU,AWAY,,astroturf,0,7,7,-1.5,44.5,0,131,0,252.0,0,1,1,1,1,1,2.1,8.566666666666666,9.84,11.484250084354658,0.6,22.9,,,0.0,0.0,0.0,,0.0,0.3333,0.2,,3.0,4.6667,4.4,,1.0,2.3333,2.4,1.0,2.6667,2.6,3.0,4.6667,4.4,,0.0,0.0,0.0,4.0,11.0,38.3333,11.0,42.3333,0.0,0.3333,0.10344827586206896,0.14913056292366636,0.14794394621980828,,0.18076923076923077,0.2083258999848393,0.21880884078407012,0.28171087533156497,0.36952397437488704,0.3750821078785615,1,3,5,47.0,56.333333333333336,57.0,0.85,0.9066666666666667,0.8859999999999999,,,12.0,8.214285714285714,16.428571428571427,1.8357142857142856,9.071428571428571,133,0,1,41.900000000000006,28.200000000000003,25.939999999999998,,17,14.333333333333334,,,,,
2026,1,2026_01_NYJ_TEN,2026-09-13,00-0034837,Calvin Ridley,WR,TEN,NYJ,HOME,outdoors,grass,1,7,7,3.0,38.5,0,90,0,301.0,0,1,1,1,1,0,2.3,7.733333333333334,6.380000000000001,6.631515663858452,2.3,18.1,,,0.0,0.0,0.0,,0.0,0.0,0.0,,1.0,4.0,4.4,,1.0,2.3333,2.0,1.0,2.3333,2.0,1.0,4.0,4.4,,0.0,0.0,0.0,0.0,13.0,54.0,13.0,54.0,0.0,0.0,0.027777777777777776,0.10915327091797682,0.1327553896607605,,0.029850746268656716,0.16141219862775258,0.2288530090770783,0.06256218905472637,0.27671844541639196,0.35933019084509554,1,3,5,1.0,17.0,27.8,0.02,0.26,0.43800000000000006,,,,13.5,23.142857142857142,1.9333333333333336,13.5,133,0,1,25.1,38.300000000000004,34.58,,14,18.0,,,,,
2026,1,2026_01_SF_LA,2026-09-10,00-0034867,Malik Turner,WR,SF,LA,AWAY,dome,matrixturf,0,7,7,3.5,48.5,1,26,0,326.0,0,1,1,1,1,0,0.0,0.0,3.4400000000000004,7.692073842599276,0.0,17.200000000000003,,,0.0,0.0,0.0,,0.0,0.0,0.0,,0.0,0.3333,0.8,,0.0,0.0,0.6,0.0,0.0,0.6,0.0,0.3333,0.8,,0.0,0.0,0.0,0.0,0.0,0.0,0.0,0.0,0.0,0.0,0.0,0.006944444444444444,0.01880081300813008,,0.0,-0.005747126436781609,0.0029444182018579746,0.0,0.006393678160919541,0.0302623122534957,1,3,5,10.0,5.333333333333333,5.8,0.15,0.07333333333333333,0.08,,,,0.0,,0.0,0.0,133,0,1,20.9,24.7,37.720000000000006,,8,11.666666666666666,,,,,
2026,1,2026_01_CLE_JAX,2026-09-13,00-0034960,Jakobi Meyers,WR,JAX,CLE,HOME,outdoors,grass,1,7,7,7.5,40.5,0,100,0,252.0,0,1,1,1,1,0,9.4,8.633333333333333,10.559999999999999,2.855345863463829,7.9,14.8,,,0.0,0.0,0.0,,0.0,0.3333,0.8,,6.0,7.6667,8.0,,5.0,5.0,4.8,5.0,5.3333,5.6,6.0,7.6667,8.0,,0.0,0.0,0.0,0.3333,44.0,42.6667,44.0,43.0,0.0,0.0,0.1935483870967742,0.22178768630381537,0.24758874081454726,,0.14915254237288136,0.2173279294392371,0.22697715308786837,0.3947293603061782,0.4848110800631889,0.5302671183833286,1,3,5,48.0,57.666666666666664,56.0,0.79,0.8633333333333333,0.858,,,1.0,5.565217391304348,8.533333333333333,1.126086956521739,5.608695652173913,133,0,1,46.199999999999996,23.966666666666665,26.939999999999998,,22,17.333333333333332,,,,,
2026,1,2026_01_BAL_IND,2026-09-13,00-0035021,Ashton Dulin,WR,IND,BAL,HOME,,fieldturf,1,7,7,-3.5,48.5,0,69,0,252.0,0,1,1,1,1,0,0.0,1.9333333333333336,1.6,2.533771891863986,0.0,5.800000000000001,,,0.0,0.0,0.0,,0.0,0.0,0.2,,2.0,1.0,0.6,,0.0,0.3333,0.2,0.0,0.3333,0.4,2.0,1.0,0.6,,0.0,0.0,0.0,0.0,0.0,16.0,0.0,16.0,0.0,0.0,0.06060606060606061,0.030954708374063212,0.01857282502443793,,0.16666666666666666,0.06994404476418865,0.04196642685851319,0.20757575757575758,0.09539289389602688,0.057235736337616125,1,3,5,24.0,13.333333333333334,12.2,0.37,0.2233333333333333,0.188,,,,16.0,48.0,1.9333333333333336,16.0,133,0,1,33.099999999999994,44.833333333333336,37.980000000000004,,22,23.0,,,,,
2026,1,2026_01_BUF_HOU,2026-09-13,00-0035140,Mecole Hardman,WR,BUF,HOU,AWAY,,astroturf,0,7,7,-1.5,44.5,0,78,0,266.0,0,1,1,1,1,0,0.0,0.0,1.1199999999999999,1.78801565988668,0.0,4.1,,,0.0,0.0,0.0,,0.0,0.0,0.6,,0.0,0.3333,0.8,,0.0,0.0,0.4,0.0,0.0,1.0,0.0,0.3333,0.8,,0.0,0.0,0.0,0.0,0.0,0.0,0.0,0.0,0.0,0.0,0.0,0.011111111111111112,0.026021505376344085,,0.0,0.0443159922928709,0.0213264374809857,0.0,0.04768786127167629,0.05396076430120611,1,3,5,0.0,4.0,5.8,0.0,0.06,0.094,,,,0.0,,0.0,0.0,133,0,1,41.900000000000006,28.200000000000003,25.939999999999998,,17,14.333333333333334,,,,,
2026,1,2026_01_ATL_PIT,2026-09-13,00-0035208,Olamide Zaccheaus,WR,ATL,PIT,AWAY,outdoors,grass,0,7,7,3.0,42.5,0,88,0,267.0,0,1,1,1,1,1,5.300000000000001,4.666666666666667,3.9,3.37268439080801,0.0,8.7,,,0.0,0.0,0.0,,0.0,0.0,0.0,,5.0,3.6667,3.0,,2.0,1.3333,1.4,2.0,1.3333,1.4,5.0,3.6667,3.0,,0.0,0.0,0.0,0.0,33.0,13.3333,33.0,13.3333,0.0,0.3333,0.1724137931034483,0.13022258711913884,0.10355021893814997,,0.16012084592145015,0.12534839667790457,0.0907723364968705,0.3707052818001875,0.28307775835324145,0.21886596395503427,1,3,5,55.0,54.666666666666664,42.2,0.86,0.8233333333333333,0.6199999999999999,,,,3.6363636363636362,10.0,1.2727272727272727,3.6363636363636362,133,0,1,42.400000000000006,38.26666666666667,29.26,,10,16.666666666666668,,,,,
2026,1,2026_01_CHI_CAR,2026-09-13,00-0035298,Scott Miller,WR,CHI,CAR,AWAY,outdoors,grass,0,7,7,-2.5,47.5,0,63,0,252.0,0,1,1,1,1,1,2.9,4.433333333333334,3.04,2.240089283934906,0.0,5.5,,,0.0,0.0,0.0,,0.0,0.0,0.0,,2.0,4.0,2.8,,2.0,2.6667,1.8,2.0,2.6667,1.8,2.0,4.0,2.8,,0.0,0.0,0.0,0.0,9.0,17.6667,9.0,17.6667,0.0,0.0,0.045454545454545456,0.10453036768826242,0.07786973576447262,,0.006153846153846154,0.09054303381876046,0.07559637931949584,0.07248951048951048,0.22017567520552594,0.16972206917035598,1,3,5,16.0,24.333333333333332,18.8,0.21,0.35000000000000003,0.288,,,,4.416666666666667,6.625,1.1083333333333334,4.416666666666667,133,0,1,14.3,21.833333333333332,30.3,,8,15.333333333333334,,,,,
2026,1,2026_01_TB_CIN,2026-09-13,00-0035359,David Sills,WR,TB,CIN,AWAY,outdoors,fieldturf,0,7,7,3.5,51.5,0,23,0,252.0,0,1,1,1,1,1,2.1,2.9333333333333336,4.5200000000000005,5.86489556599263,0.0,13.8,,,0.0,0.0,0.0,,0.0,0.0,0.0,,1.0,2.0,4.0,,1.0,1.3333,2.0,1.0,1.3333,2.0,1.0,2.0,4.0,,0.0,0.0,0.0,0.0,11.0,16.0,11.0,16.0,0.0,0.0,0.03333333333333333,0.08758169934640524,0.12990093598414976,,0.01809954751131222,0.10262173129451413,0.17654656527929763,0.06266968325791855,0.20320776092576776,0.31843399967173297,1,3,5,45.0,28.333333333333332,42.4,0.71,0.4266666666666666,0.6319999999999999,,,,8.0,12.0,1.4666666666666668,8.0,132,0,1,16.0,23.333333333333332,21.98,,12,13.666666666666666,,,,,
2026,1,2026_01_DEN_KC,2026-09-14,00-0035406,Lil'Jordan Humphrey,WR,DEN,KC,AWAY,outdoors,grass,0,7,7,3.0,42.5,1,47,0,263.0,0,1,1,1,1,0,4.300000000000001,6.466666666666666,5.02,5.070207096362041,0.0,13.2,,,0.0,0.0,0.0,,0.0,0.0,0.0,,5.0,3.6667,3.0,,2.0,2.0,1.8,2.0,2.0,1.8,5.0,3.6667,3.0,,0.0,0.0,0.0,0.0,23.0,24.6667,23.0,24.6667,0.0,0.3333,0.13513513513513514,0.10120446533490013,0.08204050865830441,,0.18932038834951456,0.1337189350055853,0.09504617581816599,0.3352269745473629,0.24540995250625985,0.1895930860601728,1,3,5,43.0,34.0,28.8,0.6,0.49333333333333335,0.41200000000000003,,,,6.7272727272727275,12.333333333333334,1.7636363636363634,6.7272727272727275,133,0,1,9.3,20.3,23.48,,15,17.0,,,,,
2026,1,2026_01_NO_DET,2026-09-13,00-0035500,Greg Dortch,WR,DET,NO,HOME,dome,fieldturf,1,7,7,7.0,48.5,0,68,0,287.0,0,1,1,1,1,1,3.4000000000000004,12.933333333333335,9.18,8.025708691449,0.9,18.6,,,0.0,0.0,0.0,,0.0,0.6667,1.0,,2.0,5.6667,3.4,,2.0,4.6667,2.8,2.0,5.3333,3.8,2.0,5.6667,3.4,,0.0,0.0,0.0,-1.6667,14.0,44.3333,14.0,42.6667,0.0,0.6667,0.05405405405405406,0.11894969503665155,0.07136981702199094,,-0.010380622837370242,0.06088709691262195,0.036532258147573174,0.07381464509492192,0.2210455103938127,0.13262730623628763,1,3,5,20.0,41.666666666666664,33.8,0.33,0.54,0.44400000000000006,,,-2.5,7.823529411764706,9.5,2.282352941176471,7.529411764705882,133,0,1,24.9,26.399999999999995,24.159999999999997,,16,18.0,,,,,
2026,1,2026_01_DAL_NYG,2026-09-13,00-0035535,Darius Slayton,WR,NYG,DAL,HOME,outdoors,fieldturf,1,7,7,-2.5,48.5,1,103,0,252.0,0,1,1,1,1,0,9.4,5.6000000000000005,8.040000000000001,4.611182061033809,1.8,14.100000000000001,,,0.0,0.0,0.0,,0.0,0.0,0.0,,9.0,4.6667,5.4,,4.0,2.3333,2.6,4.0,2.3333,2.6,9.0,4.6667,5.4,,0.0,0.0,0.0,0.0,34.0,26.0,34.0,26.0,0.0,0.0,0.28125,0.17951480990274093,0.18826444149720012,,0.21195652173913043,0.2309746893311003,0.27168390358854894,0.5702445652173913,0.43095449738588165,0.4725753947577845,1,3,5,65.0,55.0,53.2,0.87,0.8466666666666667,0.834,,,,5.571428571428571,11.142857142857142,1.2,5.571428571428571,133,0,1,27.6,36.76666666666666,37.040000000000006,,20,18.666666666666668,,,,,
2026,1,2026_01_NO_DET,2026-09-13,00-0035544,Tom Kennedy,WR,DET,NO,HOME,dome,fieldturf,1,7,7,7.0,48.5,0,20,0,252.0,0,1,1,1,1,0,0.0,0.0,0.0,0.0,0.0,0.0,,,0.0,0.0,0.0,,0.0,0.0,0.0,,0.0,0.0,0.0,,0.0,0.0,0.0,0.0,0.0,0.0,0.0,0.0,0.0,,0.0,0.0,0.0,0.0,0.0,0.0,0.0,0.0,0.0,0.0,0.0,0.0,0.0,,0.0,0.0,0.0,0.0,0.0,0.0,1,3,5,1.0,0.6666666666666666,1.4,0.01,0.006666666666666667,0.019999999999999997,,,,,,,,133,0,1,24.9,26.399999999999995,24.159999999999997,,16,18.0,,,,,
2026,1,2026_01_ATL_PIT,2026-09-13,00-0035640,DK Metcalf,WR,PIT,ATL,HOME,outdoors,grass,1,7,7,3.0,42.5,0,112,0,266.0,0,1,1,1,1,0,8.2,14.833333333333334,13.020000000000001,6.142637869840612,6.2,21.8,,,0.0,0.0,0.0,,0.0,0.0,0.4,,9.0,8.0,7.4,,4.0,4.6667,4.4,4.0,4.6667,4.8,9.0,8.0,7.4,,0.0,0.0,0.0,0.0,42.0,81.6667,42.0,81.6667,0.0,0.3333,0.23684210526315788,0.23719652667021088,0.23938536468247845,,0.31343283582089554,0.48504911863977895,0.38069889267147067,0.5746661429693637,0.6953291730531617,0.6255672718937471,1,3,5,65.0,53.333333333333336,51.6,0.88,0.8333333333333334,0.842,,,,10.208333333333334,17.5,1.8541666666666667,10.208333333333334,133,0,1,30.3,26.400000000000002,38.00000000000001,,21,17.333333333333332,,,,,
2026,1,2026_01_WAS_PHI,2026-09-13,00-0035659,Terry McLaurin,WR,WAS,PHI,AWAY,outdoors,grass,0,7,7,4.5,47.5,1,107,0,252.0,0,1,1,1,1,0,9.7,9.766666666666667,10.459999999999999,3.421695486158872,7.1000000000000005,15.9,,,0.0,0.0,0.0,,0.0,0.0,0.0,,4.0,5.0,5.0,,4.0,4.0,3.6,4.0,4.0,3.6,4.0,5.0,5.0,,0.0,0.0,0.0,0.0,57.0,57.6667,57.0,57.6667,0.0,0.0,0.21052631578947367,0.247953216374269,0.2587719298245614,,0.36585365853658536,0.3887976436230378,0.3613430481513281,0.5718870346598203,0.6440881750975299,0.6410980284427718,1,3,5,48.0,43.666666666666664,41.8,0.7,0.7966666666666665,0.752,,,,11.533333333333333,14.416666666666666,1.9533333333333334,11.533333333333333,133,0,1,17.0,22.733333333333334,17.639999999999997,,13,15.0,,,,,
2026,1,2026_01_WAS_PHI,2026-09-13,00-0035662,Marquise Brown,WR,PHI,WAS,HOME,outdoors,grass,1,7,7,4.5,47.5,1,89,0,252.0,0,1,1,1,1,1,9.4,5.433333333333334,6.159999999999999,3.493279261668039,1.7000000000000002,10.0,,,0.0,0.0,0.0,,0.0,0.0,0.0,,6.0,4.0,3.2,,3.0,2.3333,2.0,3.0,2.3333,2.0,6.0,4.0,3.2,,0.0,0.0,0.0,0.0,64.0,31.0,64.0,31.0,0.0,0.0,0.2,0.16212121212121214,0.12356583072100316,,0.5919282511210763,0.3074284646594064,0.25191094269414444,0.7143497757847534,0.4583817434434027,0.36168640596740576,1,3,5,52.0,34.0,30.6,0.81,0.6466666666666666,0.544,,,,7.75,13.285714285714286,1.3583333333333334,7.75,133,0,1,25.5,36.199999999999996,31.4,,21,23.0,,,,,
