season,week,game_id,game_date,player_id,player_name,player_display_name,position,team,opponent,game_location,is_home,team_rest,opponent_rest,source_spread_line,total_line,div_game,roof,surface,target_fantasy_points_ppr,data_split,feature_version,prior_games_count,prior_games_current_season,previous_game_season,previous_game_week,previous_game_date,previous_team,days_since_previous_game,is_first_observed_game,is_first_observed_game_of_season,has_previous_game,has_3_prior_games,has_5_prior_games,team_changed_since_previous_game,fantasy_points_ppr_prev_game,fantasy_points_ppr_avg_last_3_games,fantasy_points_ppr_avg_last_5_games,fantasy_points_ppr_stddev_last_5_games,fantasy_points_ppr_min_last_5_games,fantasy_points_ppr_max_last_5_games,fantasy_points_ppr_season_to_date,fantasy_points_ppr_stddev_season_to_date,attempts_prev_game,attempts_avg_last_3_games,attempts_avg_last_5_games,attempts_season_to_date,carries_prev_game,carries_avg_last_3_games,carries_avg_last_5_games,carries_season_to_date,targets_prev_game,targets_avg_last_3_games,targets_avg_last_5_games,targets_season_to_date,receptions_prev_game,receptions_avg_last_3_games,receptions_avg_last_5_games,touches_prev_game,touches_avg_last_3_games,touches_avg_last_5_games,opportunities_prev_game,opportunities_avg_last_3_games,opportunities_avg_last_5_games,opportunities_season_to_date,passing_yards_prev_game,passing_yards_avg_last_3_games,rushing_yards_prev_game,rushing_yards_avg_last_3_games,receiving_yards_prev_game,receiving_yards_avg_last_3_games,yards_from_scrimmage_prev_game,yards_from_scrimmage_avg_last_3_games,total_offensive_tds_prev_game,total_offensive_tds_avg_last_3_games,target_share_prev_game,target_share_avg_last_3_games,target_share_avg_last_5_games,target_share_season_to_date,air_yards_share_prev_game,air_yards_share_avg_last_3_games,air_yards_share_avg_last_5_games,wopr_prev_game,wopr_avg_last_3_games,wopr_avg_last_5_games,has_previous_snap_record,snap_records_last_3_games,snap_records_last_5_games,offense_snaps_prev_game,offense_snaps_avg_last_3_games,offense_snaps_avg_last_5_games,offense_pct_prev_game,offense_pct_avg_last_3_games,offense_pct_avg_last_5_games,completion_pct_avg_last_3_games,passing_yards_per_attempt_avg_last_3_games,rushing_yards_per_carry_avg_last_3_games,receiving_yards_per_target_avg_last_3_games,receiving_yards_per_reception_avg_last_3_games,fantasy_points_per_opportunity_avg_last_3_games,total_yards_per_opportunity_avg_last_3_games,opponent_prior_position_games,opponent_prior_position_games_current_season,has_opponent_history,opp_ppr_allowed_prev_game,opp_ppr_allowed_avg_last_3_games,opp_ppr_allowed_avg_last_5_games,opp_ppr_allowed_season_to_date,opp_opportunities_allowed_prev_game,opp_opportunities_allowed_avg_last_3_games,opp_opportunities_allowed_season_to_date,opp_passing_yards_allowed_season_to_date,opp_rushing_yards_allowed_season_to_date,opp_receiving_yards_allowed_season_to_date,opp_offensive_tds_allowed_season_to_date,created_at
2025,1,2025_01_KC_LAC,2025-09-05,00-0033873,P.Mahomes,Patrick Mahomes,QB,KC,LAC,AWAY,0,7,7,-3.0,47.5,1,dome,,26.02,test,v1_prior_game,111,0,2024.0,17.0,2024-12-25,KC,254.0,0,1,1,1,1,0,26.0,21.820000000000004,19.240000000000002,5.264959638971603,14.100000000000001,26.0,,,38.0,39.0,40.0,,1.0,2.6667,2.8,,0.0,0.0,0.0,,0.0,0.0,0.0,1.0,2.6667,2.8,39.0,41.6667,42.8,,320.0,246.3333,12.0,19.6667,0.0,0.0,12.0,19.6667,3.0,2.3333,0.0,0.0,0.0,,0.0,0.0,0.0,0.0,0.0,0.0,1,3,5,62.0,67.66666666666667,68.6,1.0,0.9633333333333334,0.9780000000000001,0.6495726495726496,6.316239316239316,7.375,,,0.52368,6.384,116,0,1,16.300000000000004,15.706666666666669,17.848000000000003,,40.0,37.666666666666664,,,,,,2026-08-21 11:12:46
2025,1,2025_01_BAL_BUF,2025-09-07,00-0034796,L.Jackson,Lamar Jackson,QB,BAL,BUF,AWAY,0,7,7,-1.5,50.5,0,outdoors,a_turf,29.36,test,v1_prior_game,103,0,2024.0,18.0,2025-01-04,BAL,246.0,0,1,1,1,1,0,22.98,24.293333333333337,26.872000000000003,6.121267842530663,20.48,36.1,,,32.0,23.3333,26.2,,9.0,7.3333,7.2,,0.0,0.0,0.0,,0.0,0.0,0.0,9.0,7.3333,7.2,41.0,30.6667,33.4,,217.0,197.3333,63.0,57.3333,0.0,0.0,63.0,57.3333,2.0,2.6667,0.0,0.0,0.0,,0.0,0.0,0.0,0.0,0.0,0.0,1,3,5,67.0,60.333333333333336,60.4,0.96,0.93,0.924,0.5857142857142857,8.457142857142857,7.818181818181818,,,0.7921739130434784,8.304347826086957,115,0,1,19.240000000000002,17.026666666666667,22.588,,40.0,38.666666666666664,,,,,,2026-08-21 11:12:46
2025,1,2025_01_CIN_CLE,2025-09-07,00-0036442,J.Burrow,Joe Burrow,QB,CIN,CLE,AWAY,0,7,7,-5.5,47.5,1,outdoors,grass,8.82,test,v1_prior_game,69,0,2024.0,18.0,2025-01-04,CIN,246.0,0,1,1,1,1,0,12.98,23.98,22.668,9.174819889240334,12.98,36.980000000000004,,,46.0,41.6667,41.2,,1.0,2.3333,1.8,,0.0,0.0,0.0,,0.0,0.0,0.0,1.0,2.3333,1.8,47.0,44.0,43.0,,277.0,313.6667,-1.0,14.3333,0.0,0.0,-1.0,14.3333,1.0,2.6667,0.0,0.0,0.0,,0.0,0.0,0.0,0.0,0.0,0.0,1,3,5,74.0,73.0,71.8,1.0,0.9933333333333333,0.9960000000000001,0.792,7.528,6.142857142857143,,,0.5449999999999999,7.454545454545454,116,0,1,22.98,23.02,20.328,,41.0,35.666666666666664,,,,,,2026-08-21 11:12:46
2025,3,2025_03_MIA_BUF,2025-09-18,00-0034857,J.Allen,Josh Allen,QB,BUF,MIA,HOME,1,4,4,12.5,50.5,1,outdoors,a_turf,23.02,test,v1_prior_game,112,2,2025.0,2.0,2025-09-14,BUF,4.0,0,0,1,1,1,0,11.82,24.52,25.2,14.348470301742971,11.16,41.28,25.29,19.049456685165588,25.0,32.6667,32.2,35.5,6.0,8.3333,8.4,10.0,0.0,0.0,0.0,0.0,0.0,0.0,0.0,6.0,8.3333,8.4,31.0,41.0,40.6,45.5,148.0,241.3333,59.0,35.3333,0.0,0.0,59.0,35.3333,0.0,2.3333,0.0,0.0,0.0,0.0,0.0,0.0,0.0,0.0,0.0,0.0,1,3,5,65.0,70.0,67.8,0.87,0.91,0.946,0.6428571428571429,7.387755102040816,4.24,,,0.5980487804878049,6.747967479674797,118,2,1,26.300000000000004,26.913333333333338,21.131999999999998,27.89,33.0,35.0,34.5,251.0,28.5,0.0,3.0,2026-08-21 11:12:46
2025,3,2025_03_HOU_JAX,2025-09-21,00-0039163,C.Stroud,C.J. Stroud,QB,HOU,JAX,AWAY,0,6,7,1.5,43.5,1,outdoors,grass,10.36,test,v1_prior_game,34,2,2025.0,2.0,2025-09-15,HOU,6.0,0,0,1,1,1,0,14.98,9.9,10.372,4.839433851185487,6.0,16.06,11.850000000000001,4.426488450227787,24.0,19.0,25.4,25.5,4.0,3.0,2.4,4.5,0.0,0.0,0.0,0.0,0.0,0.0,0.0,4.0,3.0,2.4,28.0,22.0,27.8,30.0,207.0,148.3333,27.0,19.6667,0.0,0.0,27.0,19.6667,1.0,0.6667,0.0,0.0,0.0,0.0,0.0,0.0,0.0,0.0,0.0,0.0,1,3,5,49.0,41.0,46.2,1.0,0.7266666666666666,0.812,0.6666666666666666,7.807017543859649,6.555555555555555,,,0.45000000000000007,7.636363636363637,118,2,1,24.78,15.833333333333334,14.2,16.47,46.0,42.0,43.0,235.5,20.5,0.0,2.5,2026-08-21 11:12:46
2025,3,2025_03_DAL_CHI,2025-09-21,00-0039918,C.Williams,Caleb Williams,QB,CHI,DAL,HOME,1,7,7,-1.5,49.5,0,outdoors,grass,29.12,test,v1_prior_game,19,2,2025.0,2.0,2025-09-14,CHI,7.0,0,0,1,1,1,0,16.98,17.36666666666667,16.288000000000004,7.550266220471966,6.58,24.200000000000003,20.590000000000003,5.105310960166876,30.0,31.3333,32.4,32.5,5.0,4.6667,5.0,5.5,0.0,0.0,0.0,0.0,0.0,0.0,0.0,5.0,4.6667,5.0,35.0,36.0,37.4,38.0,207.0,188.3333,27.0,31.6667,0.0,0.0,27.0,31.6667,2.0,1.6667,0.0,0.0,0.0,0.0,0.0,0.0,0.0,0.0,0.0,0.0,1,3,5,57.0,62.0,62.2,0.84,0.9466666666666667,0.968,0.648936170212766,6.01063829787234,6.785714285714286,,,0.4824074074074075,6.111111111111111,117,2,1,30.0,28.180000000000003,26.568,27.14,45.0,40.333333333333336,41.0,301.0,41.0,0.0,2.5,2026-08-21 11:12:46
2025,3,2025_03_IND_TEN,2025-09-21,00-0040676,C.Ward,Cam Ward,QB,TEN,IND,HOME,1,7,7,-6.0,43.5,1,outdoors,grass,11.96,test,v1_prior_game,2,2,2025.0,2.0,2025-09-14,TEN,7.0,0,0,1,0,0,0,9.8,6.140000000000001,6.140000000000001,5.176021638285528,2.4800000000000004,9.8,6.140000000000001,5.176021638285528,33.0,30.5,30.5,30.5,4.0,2.0,2.0,2.0,0.0,0.0,0.0,0.0,0.0,0.0,0.0,4.0,2.0,2.0,37.0,32.5,32.5,32.5,175.0,143.5,8.0,4.0,0.0,0.0,8.0,4.0,1.0,0.5,0.0,0.0,0.0,0.0,0.0,0.0,0.0,0.0,0.0,0.0,1,2,2,66.0,61.5,61.5,1.0,1.0,1.0,0.5081967213114754,4.704918032786885,2.0,,,0.18892307692307694,4.538461538461538,118,2,1,20.240000000000002,13.26,17.704,13.540000000000001,33.0,34.333333333333336,33.0,176.0,15.0,0.0,2.0,2026-08-21 11:12:46
2025,4,2025_04_BAL_KC,2025-09-28,00-0033662,C.Rush,Cooper Rush,QB,BAL,KC,AWAY,0,6,7,-2.5,48.5,0,outdoors,grass,2.08,test,v1_prior_game,32,1,2025.0,2.0,2025-09-14,BAL,14.0,0,0,1,1,1,0,-0.4,6.986666666666667,10.768,7.828340820378225,-0.4,19.060000000000002,-0.4,,0.0,21.0,24.6,0.0,3.0,2.3333,2.6,3.0,0.0,0.0,0.0,0.0,0.0,0.0,0.0,3.0,2.3333,2.6,3.0,23.3333,27.2,3.0,0.0,146.3333,-4.0,-2.0,0.0,0.0,-4.0,-2.0,0.0,0.6667,0.0,0.0,0.0,0.0,0.0,0.0,0.0,0.0,0.0,0.0,1,3,5,3.0,40.666666666666664,51.0,0.05,0.6666666666666666,0.8,0.6507936507936508,6.968253968253968,-0.8571428571428571,,,0.29942857142857143,6.185714285714286,119,3,1,5.4,14.953333333333331,19.360000000000003,14.953333333333331,38.0,36.666666666666664,36.666666666666664,193.0,25.666666666666668,0.0,1.3333333333333333,2026-08-21 11:12:46
2025,4,2025_04_JAX_SF,2025-09-28,00-0036971,T.Lawrence,Trevor Lawrence,QB,JAX,SF,AWAY,0,7,7,3.5,45.5,0,outdoors,grass,11.66,test,v1_prior_game,63,3,2025.0,3.0,2025-09-21,JAX,7.0,0,0,1,1,1,0,7.780000000000001,12.446666666666667,11.428,8.167981390772141,0.2400000000000002,19.56,12.446666666666667,6.018715256043712,40.0,37.6667,30.8,37.6667,2.0,2.6667,2.8,2.6667,0.0,0.0,0.0,0.0,0.0,0.0,0.0,2.0,2.6667,2.8,42.0,40.3333,33.6,40.3333,222.0,223.6667,9.0,8.3333,0.0,0.0,9.0,8.3333,0.0,1.3333,0.0,0.0,0.0,0.0,0.0,0.0,0.0,0.0,0.0,0.0,1,3,5,70.0,69.0,56.0,1.0,1.0,0.8539999999999999,0.5575221238938053,5.938053097345133,3.125,,,0.3085950413223141,5.75206611570248,119,3,1,14.059999999999999,13.746666666666664,19.028,13.746666666666664,41.0,35.0,35.0,172.0,22.0,0.0,1.3333333333333333,2026-08-21 11:12:46
2025,5,2025_05_LV_IND,2025-10-05,00-0030565,G.Smith,Geno Smith,QB,LV,IND,AWAY,0,7,7,7.0,46.5,0,closed,fieldturf,5.920000000000001,test,v1_prior_game,62,4,2025.0,4.0,2025-09-28,LV,7.0,0,0,1,1,1,0,9.78,13.013333333333334,16.568,10.13424491513798,3.2,26.32,14.13,9.86466421121368,21.0,31.0,30.8,31.75,4.0,3.6667,3.0,3.25,0.0,0.0,0.0,0.0,0.0,0.0,0.0,4.0,3.6667,3.0,25.0,34.6667,33.8,35.0,117.0,195.3333,31.0,18.6667,0.0,0.0,31.0,18.6667,2.0,1.6667,0.0,0.0,0.0,0.0,0.0,0.0,0.0,0.0,0.0,0.0,1,3,5,52.0,62.666666666666664,61.2,1.0,1.0,1.0,0.6129032258064516,6.301075268817204,5.090909090909091,,,0.37538461538461537,6.173076923076923,120,4,1,27.4,19.866666666666667,15.828,16.61,45.0,39.666666666666664,38.0,236.5,11.5,0.0,2.0,2026-08-21 11:12:46
2025,5,2025_05_KC_JAX,2025-10-06,00-0036971,T.Lawrence,Trevor Lawrence,QB,JAX,KC,HOME,1,8,8,-3.5,45.5,0,outdoors,grass,26.240000000000002,test,v1_prior_game,64,4,2025.0,4.0,2025-09-28,JAX,8.0,0,0,1,1,1,0,11.66,12.893333333333333,9.847999999999999,6.86123312532084,0.2400000000000002,19.24,12.25,4.929976335304934,31.0,37.6667,30.8,36.0,7.0,3.6667,3.2,3.75,0.0,0.0,0.0,0.0,0.0,0.0,0.0,7.0,3.6667,3.2,38.0,41.3333,34.0,39.75,174.0,222.3333,7.0,6.6667,0.0,0.0,7.0,6.6667,1.0,1.3333,0.0,0.0,0.0,0.0,0.0,0.0,0.0,0.0,0.0,0.0,1,3,5,68.0,69.66666666666667,58.8,1.0,1.0,0.8539999999999999,0.5752212389380531,5.902654867256637,1.8181818181818181,,,0.31193548387096776,5.540322580645161,120,4,1,12.76,9.899999999999999,18.372,14.404999999999998,39.0,36.0,37.25,194.5,31.25,0.0,1.25,2026-08-21 11:12:46
2025,6,2025_06_CIN_GB,2025-10-12,00-0026158,J.Flacco,Joe Flacco,QB,CIN,GB,AWAY,0,7,14,14.0,44.5,0,outdoors,grass,18.759999999999998,test,v1_prior_game,45,4,2025.0,4.0,2025-09-28,CLE,14.0,0,0,1,1,1,1,1.2600000000000002,4.566666666666667,8.091999999999999,5.59684911356381,1.2600000000000002,14.56,6.4750000000000005,4.933055172338268,34.0,38.3333,40.0,40.0,3.0,1.3333,1.2,1.5,0.0,0.0,0.0,0.0,0.0,0.0,0.0,3.0,1.3333,1.2,37.0,39.6667,41.2,41.5,184.0,175.0,-1.0,2.3333,0.0,0.0,-1.0,2.3333,0.0,0.3333,0.0,0.0,0.0,0.0,0.0,0.0,0.0,0.0,0.0,0.0,1,3,5,64.0,65.33333333333333,70.0,0.96,0.9533333333333333,0.9719999999999999,0.5391304347826087,4.565217391304348,1.75,,,0.11512605042016807,4.470588235294118,120,4,1,30.959999999999997,18.113333333333333,15.232,16.31,41.0,42.0,41.5,221.5,4.5,0.0,1.75,2026-08-21 11:12:46
2025,6,2025_06_SF_TB,2025-10-12,00-0034855,B.Mayfield,Baker Mayfield,QB,TB,SF,HOME,1,7,10,3.5,46.5,0,outdoors,grass,19.64,test,v1_prior_game,111,5,2025.0,5.0,2025-10-05,TB,7.0,0,0,1,1,1,0,26.66,21.08,21.144,3.569885152214283,17.72,26.66,21.144,3.569885152214283,33.0,34.0,34.4,34.4,5.0,3.6667,3.8,3.8,0.0,0.0,0.0,0.0,0.0,0.0,0.0,5.0,3.6667,3.8,38.0,37.6667,38.2,38.2,379.0,300.3333,15.0,24.0,0.0,0.0,15.0,24.0,2.0,1.6667,0.0,0.0,0.0,0.0,0.0,0.0,0.0,0.0,0.0,0.0,1,3,5,61.0,68.33333333333333,68.6,1.0,1.0,1.0,0.6862745098039216,8.833333333333334,6.545454545454546,,,0.559646017699115,8.610619469026549,121,5,1,25.560000000000002,17.093333333333334,15.691999999999998,15.691999999999998,48.0,42.333333333333336,38.2,215.8,14.6,0.0,1.6,2026-08-21 11:12:46
2025,6,2025_06_LAC_MIA,2025-10-12,00-0036355,J.Herbert,Justin Herbert,QB,LAC,MIA,AWAY,0,7,7,-3.5,45.5,0,outdoors,grass,18.76,test,v1_prior_game,84,5,2025.0,5.0,2025-10-05,LAC,7.0,0,0,1,1,1,0,14.64,13.920000000000002,17.692,6.152651460955675,12.520000000000001,27.919999999999998,17.692,6.152651460955675,29.0,39.0,35.6,35.6,4.0,2.3333,4.6,4.6,0.0,0.0,0.0,0.0,0.0,0.0,0.0,4.0,2.3333,4.6,33.0,41.3333,40.2,40.2,166.0,223.0,60.0,30.0,0.0,0.0,60.0,30.0,1.0,1.0,0.0,0.0,0.0,0.0,0.0,0.0,0.0,0.0,0.0,0.0,1,3,5,61.0,70.0,66.6,0.91,0.9700000000000001,0.982,0.6239316239316239,5.717948717948718,12.857142857142858,,,0.3367741935483871,6.120967741935484,121,5,1,12.02,20.726666666666663,23.592,23.592,33.0,33.0,33.6,227.8,32.8,0.0,2.6,2026-08-21 11:12:46
2025,7,2025_07_GB_ARI,2025-10-19,00-0036264,J.Love,Jordan Love,QB,GB,ARI,AWAY,0,7,7,-7.0,44.5,0,closed,grass,13.36,test,v1_prior_game,47,5,2025.0,6.0,2025-10-12,GB,7.0,0,0,1,1,1,0,14.959999999999999,17.453333333333337,17.832,5.86545138927943,11.120000000000001,26.28,17.832,5.86545138927943,26.0,31.3333,29.4,29.4,7.0,4.6667,4.0,4.0,0.0,0.0,0.0,0.0,0.0,0.0,0.0,7.0,4.6667,4.0,33.0,36.0,33.4,33.4,259.0,259.6667,26.0,24.0,0.0,0.0,26.0,24.0,1.0,1.6667,0.0,0.0,0.0,0.0,0.0,0.0,0.0,0.0,0.0,0.0,1,3,5,61.0,69.66666666666667,65.0,1.0,1.0,1.0,0.723404255319149,8.287234042553191,5.142857142857143,,,0.48481481481481487,7.87962962962963,122,6,1,22.48,15.520000000000001,16.228,15.433333333333335,35.0,35.333333333333336,42.5,257.5,11.333333333333334,0.0,1.3333333333333333,2026-08-21 11:12:46
2025,7,2025_07_LA_JAX,2025-10-19,00-0036971,T.Lawrence,Trevor Lawrence,QB,JAX,LA,HOME,1,7,7,-3.0,44.5,0,outdoors,grass,17.64,test,v1_prior_game,66,6,2025.0,6.0,2025-10-12,JAX,7.0,0,0,1,1,1,0,19.22,19.040000000000003,16.828,7.223220888218774,7.780000000000001,26.240000000000002,15.743333333333334,6.985624286108341,42.0,32.6667,36.0,35.1667,3.0,6.6667,4.8,4.6667,0.0,0.0,0.0,0.0,0.0,0.0,0.0,3.0,6.6667,4.8,45.0,39.3333,40.8,39.8333,258.0,217.6667,9.0,23.3333,0.0,0.0,9.0,23.3333,2.0,2.0,0.0,0.0,0.0,0.0,0.0,0.0,0.0,0.0,0.0,0.0,1,3,5,76.0,67.33333333333333,68.6,1.0,1.0,1.0,0.673469387755102,6.663265306122449,3.5,,,0.4840677966101695,6.127118644067797,122,6,1,5.500000000000001,12.686666666666667,15.38,14.270000000000001,38.0,41.666666666666664,39.166666666666664,222.16666666666666,20.5,0.0,1.3333333333333333,2026-08-21 11:12:46
2025,8,2025_08_NYG_PHI,2025-10-26,00-0040691,J.Dart,Jaxson Dart,QB,NYG,PHI,AWAY,0,7,7,7.0,43.5,1,outdoors,grass,19.419999999999998,test,v1_prior_game,6,6,2025.0,7.0,2025-10-19,NYG,7.0,0,0,1,1,1,0,28.42,22.53333333333333,17.548000000000002,10.74065733556378,0.30000000000000004,28.42,14.573333333333332,12.057413763600662,33.0,32.6667,23.6,19.6667,5.0,8.3333,7.2,6.1667,0.0,0.0,0.0,0.0,0.0,0.0,0.0,5.0,8.3333,7.2,38.0,41.0,30.8,25.8333,283.0,226.6667,11.0,41.3333,0.0,0.0,11.0,41.3333,4.0,2.6667,0.0,0.0,0.0,0.0,0.0,0.0,0.0,0.0,0.0,0.0,1,3,5,77.0,72.33333333333333,58.8,1.0,0.9899999999999999,0.798,0.5918367346938775,6.938775510204081,4.96,,,0.5495934959349593,6.536585365853658,122,7,1,11.32,17.6,17.1,16.485714285714288,46.0,42.333333333333336,39.0,230.0,27.142857142857142,0.0,1.2857142857142858,2026-08-21 11:12:46
2025,9,2025_09_ATL_NE,2025-11-02,00-0039851,D.Maye,Drake Maye,QB,NE,ATL,HOME,1,7,7,5.5,45.5,0,outdoors,fieldturf,16.36,test,v1_prior_game,21,8,2025.0,8.0,2025-10-26,NE,7.0,0,0,1,1,1,0,26.28,25.53333333333333,22.387999999999998,6.02686651586046,12.120000000000001,27.24,21.655,5.477222966848386,24.0,24.3333,24.0,28.25,7.0,8.0,6.0,6.375,0.0,0.0,0.0,0.125,0.0,0.0,0.0,7.0,8.0,6.0,31.0,32.3333,30.0,34.625,282.0,255.0,50.0,46.6667,0.0,0.0,50.0,46.6667,3.0,2.6667,0.0,0.0,0.0,0.002777777777777778,0.0,0.0,0.0,0.0,0.0,0.0,1,3,5,68.0,62.333333333333336,58.0,1.0,0.9500000000000001,0.9460000000000001,0.7808219178082192,10.479452054794521,5.833333333333333,,,0.7896907216494845,9.329896907216495,121,7,1,24.2,14.926666666666668,14.512,13.994285714285713,27.0,30.0,29.857142857142858,162.71428571428572,20.571428571428573,0.0,1.7142857142857142,2026-08-21 11:12:46
2025,10,2025_10_ARI_SEA,2025-11-09,00-0033119,J.Brissett,Jacoby Brissett,QB,ARI,SEA,AWAY,0,6,7,7.0,44.5,1,outdoors,fieldturf,19.42,test,v1_prior_game,68,5,2025.0,9.0,2025-11-03,ARI,6.0,0,0,1,1,1,0,24.839999999999996,21.766666666666666,13.1,12.02043260452801,0.0,24.839999999999996,13.1,12.02043260452801,31.0,37.0,22.4,22.4,5.0,4.6667,3.0,3.0,0.0,0.0,0.0,0.0,0.0,0.0,0.0,5.0,4.6667,3.0,36.0,41.6667,25.4,25.4,261.0,286.6667,4.0,16.3333,0.0,0.0,4.0,16.3333,3.0,2.3333,0.0,0.0,0.0,0.0,0.0,0.0,0.0,0.0,0.0,0.0,1,3,5,67.0,72.0,44.0,1.0,1.0,0.612,0.6576576576576577,7.747747747747748,3.5,,,0.5224,7.272,124,8,1,15.22,16.03333333333333,18.172,16.2825,32.0,42.666666666666664,41.375,241.125,21.375,0.0,1.5,2026-08-21 11:12:46
2025,10,2025_10_ARI_SEA,2025-11-09,00-0034869,S.Darnold,Sam Darnold,QB,SEA,ARI,HOME,1,7,6,7.0,44.5,1,outdoors,fieldturf,4.920000000000002,test,v1_prior_game,91,8,2025.0,9.0,2025-11-02,SEA,7.0,0,0,1,1,1,0,27.200000000000003,18.606666666666666,19.908,7.984955854605586,8.62,27.64,17.1825,7.866133103374238,24.0,27.3333,28.4,27.0,0.0,2.3333,1.6,1.25,0.0,0.0,0.0,0.0,0.0,0.0,0.0,0.0,2.3333,1.6,24.0,29.6667,30.0,28.25,330.0,279.3333,0.0,1.0,0.0,0.0,0.0,1.0,4.0,2.3333,0.0,0.0,0.0,0.0,0.0,0.0,0.0,0.0,0.0,0.0,1,3,5,48.0,58.333333333333336,60.4,0.94,0.98,0.9879999999999999,0.6585365853658537,10.21951219512195,0.42857142857142855,,,0.6271910112359551,9.44943820224719,124,8,1,15.4,17.080000000000002,15.064000000000002,15.170000000000002,43.0,37.0,41.375,246.75,15.5,0.0,1.25,2026-08-21 11:12:46
2025,11,2025_11_SEA_LA,2025-11-16,00-0034869,S.Darnold,Sam Darnold,QB,SEA,LA,AWAY,0,7,7,3.0,49.5,1,dome,matrixturf,4.26,test,v1_prior_game,92,9,2025.0,10.0,2025-11-09,SEA,7.0,0,0,1,1,1,0,4.920000000000002,13.58,17.676000000000002,10.489465191324104,4.920000000000002,27.64,15.82,8.41719668298181,12.0,22.3333,25.6,25.3333,3.0,2.0,2.0,1.4444,0.0,0.0,0.0,0.0,0.0,0.0,0.0,3.0,2.0,2.0,15.0,24.3333,27.6,26.7778,178.0,240.3333,-2.0,-0.3333,0.0,0.0,-2.0,-0.3333,1.0,2.0,0.0,0.0,0.0,0.0,0.0,0.0,0.0,0.0,0.0,0.0,1,3,5,56.0,58.666666666666664,58.4,0.9,0.9466666666666667,0.968,0.7164179104477612,10.761194029850746,-0.16666666666666666,,,0.558082191780822,9.863013698630137,125,9,1,23.06,16.646666666666665,15.524000000000001,15.062222222222223,40.0,38.333333333333336,38.888888888888886,236.0,16.22222222222222,0.0,1.4444444444444444,2026-08-21 11:12:46
2025,11,2025_11_LAC_JAX,2025-11-16,00-0036355,J.Herbert,Justin Herbert,QB,LAC,JAX,AWAY,0,7,7,-3.0,43.5,0,outdoors,grass,3.3400000000000003,test,v1_prior_game,89,10,2025.0,10.0,2025-11-09,LAC,7.0,0,0,1,1,1,0,14.700000000000001,22.56,22.868000000000002,5.875348500301918,14.700000000000001,27.900000000000002,20.279999999999998,6.293531070339872,33.0,29.0,36.0,35.8,5.0,7.0,5.6,5.1,0.0,0.0,0.0,0.0,0.0,0.0,0.0,5.0,7.0,5.6,38.0,36.0,41.6,40.9,220.0,232.3333,19.0,46.0,0.0,0.0,19.0,46.0,1.0,2.3333,0.0,0.0,0.0,0.0,0.0,0.0,0.0,0.0,0.0,0.0,1,3,5,73.0,70.33333333333333,70.2,1.0,1.0,1.0,0.6551724137931034,8.011494252873563,6.571428571428571,,,0.6266666666666666,7.731481481481482,125,9,1,27.68,27.00666666666667,25.548000000000002,20.966666666666665,48.0,43.333333333333336,41.77777777777778,261.6666666666667,18.333333333333332,0.0,2.6666666666666665,2026-08-21 11:12:46
2025,11,2025_11_BAL_CLE,2025-11-16,00-0040704,D.Gabriel,Dillon Gabriel,QB,CLE,BAL,HOME,1,7,7,-7.5,37.5,1,outdoors,grass,2.9200000000000004,test,v1_prior_game,7,7,2025.0,10.0,2025-11-09,CLE,7.0,0,0,1,1,1,0,20.08,12.486666666666666,12.48,5.680827404524801,5.84,20.08,9.594285714285714,6.905849832190236,32.0,28.3333,34.0,24.8571,5.0,3.3333,2.4,1.7143,0.0,0.0,0.0,0.0,0.0,0.0,0.0,5.0,3.3333,2.4,37.0,31.6667,36.4,26.5714,167.0,146.3333,54.0,26.3333,0.0,0.0,54.0,26.3333,2.0,1.3333,0.0,0.0,0.0,0.0,0.0,0.0,0.0,0.0,0.0,0.0,1,3,5,73.0,60.333333333333336,66.6,1.0,0.9833333333333334,0.99,0.6,5.1647058823529415,7.9,,,0.39431578947368423,5.4526315789473685,125,9,1,14.72,11.686666666666667,14.876,18.482222222222223,47.0,43.0,42.0,258.44444444444446,17.0,0.0,1.8888888888888888,2026-08-21 11:12:46
2025,12,2025_12_ATL_NO,2025-11-23,00-0029604,K.Cousins,Kirk Cousins,QB,ATL,NO,AWAY,0,7,14,1.5,41.5,1,dome,sportturf,14.46,test,v1_prior_game,105,3,2025.0,11.0,2025-11-16,ATL,7.0,0,0,1,1,1,0,2.12,3.4666666666666663,5.328000000000001,3.600155552194933,1.16,9.76,3.4666666666666663,3.2000833322482922,14.0,17.3333,21.2,17.3333,1.0,1.0,1.2,1.0,0.0,0.0,0.0,0.0,0.0,0.0,0.0,1.0,1.0,1.2,15.0,18.3333,22.4,18.3333,48.0,83.3333,2.0,1.3333,0.0,0.0,2.0,1.3333,0.0,0.0,0.0,0.0,0.0,0.0,0.0,0.0,0.0,0.0,0.0,0.0,1,3,5,25.0,30.0,44.4,0.38,0.5366666666666666,0.722,0.6153846153846154,4.8076923076923075,1.3333333333333333,,,0.18909090909090906,4.618181818181818,125,10,1,1.56,10.826666666666668,12.88,16.244,27.0,29.0,33.2,207.6,17.4,0.0,1.9,2026-08-21 11:12:46
2025,12,2025_12_MIN_GB,2025-11-23,00-0036264,J.Love,Jordan Love,QB,GB,MIN,HOME,1,7,7,6.5,41.5,1,outdoors,grass,7.0600000000000005,test,v1_prior_game,52,10,2025.0,11.0,2025-11-16,GB,7.0,0,0,1,1,1,0,17.66,11.506666666666666,15.235999999999999,8.267447006180323,7.84,28.299999999999997,16.534,6.894964668348763,24.0,32.3333,32.6,31.0,2.0,2.6667,2.6,3.3,0.0,0.0,0.0,0.0,0.0,0.0,0.0,2.0,2.6667,2.6,26.0,35.0,35.2,34.3,174.0,207.6667,7.0,12.0,0.0,0.0,7.0,12.0,2.0,0.6667,0.0,0.0,0.0,0.0,0.0,0.0,0.0,0.0,0.0,0.0,1,3,5,48.0,60.333333333333336,60.2,0.87,0.9566666666666667,0.974,0.6082474226804123,6.422680412371134,4.5,,,0.3287619047619047,6.276190476190476,126,10,1,10.32,15.44,19.127999999999997,15.994,36.0,37.0,32.1,208.1,18.7,0.0,1.5,2026-08-21 11:12:46
2025,12,2025_12_MIN_GB,2025-11-23,00-0038128,M.Willis,Malik Willis,QB,GB,MIN,HOME,1,7,7,6.5,41.5,1,outdoors,grass,0.5800000000000001,test,v1_prior_game,16,1,2025.0,11.0,2025-11-16,GB,7.0,0,0,1,1,1,0,5.84,3.58,8.931999999999999,9.586601066071333,1.1600000000000001,25.380000000000003,5.84,,2.0,5.6667,8.2,2.0,1.0,1.6667,3.0,1.0,0.0,0.0,0.0,0.0,0.0,0.0,0.0,1.0,1.6667,3.0,3.0,7.3333,11.2,3.0,6.0,58.6667,16.0,5.6667,0.0,0.0,16.0,5.6667,1.0,0.3333,0.0,0.0,0.0,0.0,0.0,0.0,0.0,0.0,0.0,0.0,1,3,5,7.0,19.666666666666668,29.6,0.13,0.3066666666666667,0.458,0.7647058823529411,10.352941176470589,3.4,,,0.4881818181818182,8.772727272727273,126,10,1,10.32,15.44,19.127999999999997,15.994,36.0,37.0,32.1,208.1,18.7,0.0,1.5,2026-08-21 11:12:46
2025,13,2025_13_CIN_BAL,2025-11-27,00-0034796,L.Jackson,Lamar Jackson,QB,BAL,CIN,HOME,1,4,4,7.0,52.5,1,outdoors,grass,6.539999999999999,test,v1_prior_game,111,8,2025.0,12.0,2025-11-23,BAL,4.0,0,0,1,1,1,0,7.220000000000001,9.526666666666666,12.963999999999999,8.341851113511916,4.72,25.56,18.4375,9.87725489626112,23.0,25.6667,24.0,24.375,7.0,6.6667,6.2,5.75,0.0,0.0,0.0,0.0,0.0,0.0,0.0,7.0,6.6667,6.2,30.0,32.3333,30.2,30.125,153.0,174.0,11.0,19.0,0.0,0.0,11.0,19.0,0.0,0.3333,0.0,0.0,0.0,0.0,0.0,0.0,0.0,0.0,0.0,0.0,1,3,5,63.0,64.66666666666667,57.6,1.0,1.0,0.938,0.5714285714285714,6.779220779220779,2.85,,,0.2946391752577319,5.969072164948454,126,11,1,15.96,24.626666666666665,23.46,20.549090909090914,40.0,37.666666666666664,37.63636363636363,266.90909090909093,14.909090909090908,2.0,2.272727272727273,2026-08-21 11:12:46
2025,13,2025_13_HOU_IND,2025-11-30,00-0039163,C.Stroud,C.J. Stroud,QB,HOU,IND,AWAY,0,10,7,3.0,44.5,1,closed,fieldturf,9.040000000000001,test,v1_prior_game,40,8,2025.0,9.0,2025-11-02,HOU,28.0,0,0,1,1,1,0,4.36,13.246666666666664,17.384,9.121133701464966,4.36,28.759999999999998,15.1225,7.764810272725829,10.0,32.6667,30.6,30.25,2.0,3.6667,3.2,3.625,0.0,0.0,0.0,0.0,0.0,0.0,0.0,2.0,3.6667,3.2,12.0,36.3333,33.8,33.875,79.0,208.6667,12.0,22.3333,0.0,0.0,12.0,22.3333,0.0,1.0,0.0,0.0,0.0,0.0,0.0,0.0,0.0,0.0,0.0,0.0,1,3,5,23.0,59.666666666666664,61.2,0.32,0.7733333333333333,0.8240000000000001,0.6020408163265306,6.387755102040816,6.090909090909091,,,0.3645871559633027,6.3577981651376145,127,11,1,17.08,13.393333333333333,16.168,15.809090909090907,50.0,38.666666666666664,41.36363636363637,264.09090909090907,12.454545454545455,0.0,1.4545454545454546,2026-08-21 11:12:46
2025,13,2025_13_NYG_NE,2025-12-01,00-0040691,J.Dart,Jaxson Dart,QB,NYG,NE,AWAY,0,8,8,7.0,46.5,0,outdoors,fieldturf,13.56,test,v1_prior_game,9,9,2025.0,10.0,2025-11-09,NYG,22.0,0,0,1,1,1,0,26.28,24.313333333333333,24.992,3.586379790262042,19.419999999999998,28.42,17.82,10.914549922007778,29.0,28.6667,28.8,22.6667,6.0,6.6667,7.6,6.3333,0.0,0.0,0.0,0.0,0.0,0.0,0.0,6.0,6.6667,7.6,35.0,35.3333,36.4,29.0,242.0,208.6667,66.0,46.3333,0.0,0.0,66.0,46.3333,2.0,2.3333,0.0,0.0,0.0,0.0,0.0,0.0,0.0,0.0,0.0,0.0,1,3,5,52.0,53.666666666666664,61.0,0.71,0.9033333333333333,0.9359999999999999,0.6627906976744186,7.27906976744186,6.95,,,0.6881132075471698,7.216981132075472,128,12,1,10.180000000000001,17.48,17.344,15.981666666666667,39.0,39.666666666666664,35.833333333333336,226.83333333333334,15.75,0.0,1.75,2026-08-21 11:12:46
2025,14,2025_14_DAL_DET,2025-12-04,00-0033077,D.Prescott,Dak Prescott,QB,DAL,DET,AWAY,0,7,7,3.5,55.5,0,dome,fieldturf,18.439999999999998,test,v1_prior_game,102,12,2025.0,13.0,2025-11-27,DAL,7.0,0,0,1,1,1,0,20.6,23.99333333333333,18.8,8.090896118477852,6.620000000000001,27.06,20.069999999999997,7.920447645751526,39.0,36.0,35.6,36.4167,3.0,4.0,4.4,3.4167,0.0,0.0,0.0,0.0,0.0,0.0,0.0,3.0,4.0,4.4,42.0,40.0,40.0,39.8333,320.0,314.0,-2.0,1.0,0.0,0.0,-2.0,1.0,2.0,3.0,0.0,0.0,0.0,0.0,0.0,0.0,0.0,0.0,0.0,0.0,1,3,5,72.0,71.0,69.0,1.0,1.0,0.976,0.6944444444444444,8.722222222222221,0.25,,,0.5998333333333332,7.875,128,12,1,25.759999999999998,24.166666666666668,22.028,19.561666666666664,35.0,37.666666666666664,37.166666666666664,226.75,18.0,2.75,2.3333333333333335,2026-08-21 11:12:46
2025,14,2025_14_LA_ARI,2025-12-07,00-0033119,J.Brissett,Jacoby Brissett,QB,ARI,LA,HOME,1,7,7,-9.5,49.5,1,closed,grass,19.04,test,v1_prior_game,72,9,2025.0,13.0,2025-11-30,ARI,7.0,0,0,1,1,1,0,19.64,20.066666666666666,20.892,2.50948600314885,18.68,24.839999999999996,16.124444444444446,9.264020605427095,40.0,48.6667,44.2,33.5556,3.0,2.6667,3.4,3.0,0.0,0.0,0.0,0.0,0.0,0.0,0.0,3.0,2.6667,3.4,43.0,51.3333,47.6,36.5556,301.0,356.6667,16.0,11.3333,0.0,0.0,16.0,11.3333,2.0,1.6667,0.0,0.0,0.0,0.0,0.0,0.0,0.0,0.0,0.0,0.0,1,3,5,61.0,74.0,72.4,1.0,0.9933333333333333,0.9879999999999999,0.7465753424657534,7.328767123287672,4.25,,,0.39090909090909093,7.1688311688311686,128,12,1,22.540000000000003,11.14,13.144,14.081666666666665,25.0,36.666666666666664,38.333333333333336,226.0,17.083333333333332,0.0,1.4166666666666667,2026-08-21 11:12:46
2025,15,2025_15_WAS_NYG,2025-12-14,00-0040691,J.Dart,Jaxson Dart,QB,NYG,WAS,HOME,1,13,7,2.5,46.5,1,outdoors,fieldturf,22.14,test,v1_prior_game,10,10,2025.0,13.0,2025-12-01,NYG,13.0,0,0,1,1,1,0,13.56,22.36,22.984,6.325367973485813,13.56,28.42,17.394,10.378139632044956,24.0,28.6667,28.6,22.8,4.0,6.0,5.8,6.1,0.0,0.0,0.0,0.0,0.0,0.0,0.0,4.0,6.0,5.8,28.0,34.6667,34.4,28.9,139.0,190.6667,20.0,47.3333,0.0,0.0,20.0,47.3333,1.0,2.0,0.0,0.0,0.0,0.0,0.0,0.0,0.0,0.0,0.0,0.0,1,3,5,55.0,54.666666666666664,58.6,1.0,0.9033333333333333,0.942,0.6976744186046512,6.651162790697675,7.888888888888889,,,0.645,6.865384615384615,129,13,1,20.419999999999998,14.566666666666668,19.12,19.729230769230767,29.0,32.0,33.84615384615385,260.9230769230769,16.0,0.0,2.076923076923077,2026-08-21 11:12:46
2025,16,2025_16_LV_HOU,2025-12-21,00-0030565,G.Smith,Geno Smith,QB,LV,HOU,AWAY,0,7,7,14.5,39.5,0,closed,astroturf,14.04,test,v1_prior_game,71,13,2025.0,14.0,2025-12-07,LV,14.0,0,0,1,1,1,0,9.040000000000001,11.746666666666668,10.516,3.901702192633364,4.42,14.2,11.747692307692308,7.733246573341792,21.0,29.3333,31.2,30.5385,1.0,2.0,2.6,3.0769,0.0,0.0,0.0,0.0,0.0,0.0,0.0,1.0,2.0,2.6,22.0,31.3333,33.8,33.6154,116.0,188.6667,4.0,2.0,0.0,0.0,4.0,2.0,1.0,1.3333,0.0,0.0,0.0,0.0,0.0,0.0,0.0,0.0,0.0,0.0,1,3,5,37.0,54.666666666666664,56.4,0.74,0.9133333333333334,0.942,0.6931818181818182,6.431818181818182,1.0,,,0.3748936170212766,6.085106382978723,130,14,1,20.560000000000002,14.333333333333334,12.836000000000002,11.865714285714287,43.0,37.0,35.0,197.35714285714286,19.714285714285715,-0.7142857142857143,1.0714285714285714,2026-08-21 11:12:46
2025,16,2025_16_MIN_NYG,2025-12-21,00-0039923,J.McCarthy,J.J. McCarthy,QB,MIN,NYG,AWAY,0,7,7,-2.5,41.5,0,outdoors,fieldturf,8.32,test,v1_prior_game,8,8,2025.0,15.0,2025-12-14,MIN,7.0,0,0,1,1,1,0,23.5,14.799999999999999,13.024000000000001,9.669699064603819,0.48,23.5,13.635,9.21548851507225,24.0,22.0,28.0,25.75,4.0,4.0,3.4,4.125,0.0,0.0,0.0,0.0,0.0,0.0,0.0,4.0,4.0,3.4,28.0,26.0,31.4,29.875,250.0,166.6667,15.0,14.6667,0.0,0.0,15.0,14.6667,3.0,2.0,0.0,0.0,0.0,0.0,0.0,0.0,0.0,0.0,0.0,0.0,1,3,5,55.0,54.333333333333336,56.6,1.0,1.0,1.0,0.6515151515151515,7.575757575757576,3.6666666666666665,,,0.5692307692307692,6.9743589743589745,130,14,1,14.739999999999998,17.459999999999997,20.196,20.46142857142857,29.0,36.0,39.214285714285715,242.42857142857142,25.5,0.0,2.0,2026-08-21 11:12:46
2025,17,2025_17_LA_ATL,2025-12-29,00-0029604,K.Cousins,Kirk Cousins,QB,ATL,LA,HOME,1,8,11,-7.5,48.5,0,closed,fieldturf,9.139999999999999,test,v1_prior_game,110,8,2025.0,16.0,2025-12-21,ATL,8.0,0,0,1,1,1,0,17.58,15.660000000000002,14.959999999999999,8.781605775710956,2.4800000000000004,26.92,10.65,9.076097336253223,35.0,36.3333,33.0,27.125,5.0,1.6667,1.4,1.25,0.0,0.0,0.0,0.0,0.0,0.0,0.0,5.0,1.6667,1.4,40.0,38.0,34.4,28.375,197.0,244.0,-3.0,-1.0,0.0,0.0,-3.0,-1.0,3.0,2.0,0.0,0.0,0.0,0.0,0.0,0.0,0.0,0.0,0.0,0.0,1,3,5,77.0,70.66666666666667,67.4,1.0,1.0,1.0,0.6055045871559633,6.715596330275229,-0.6,,,0.41210526315789475,6.394736842105263,131,15,1,19.5,21.353333333333335,18.644,15.536,37.0,42.0,39.06666666666667,239.4,15.6,0.0,1.6,2026-08-21 11:12:46
2025,17,2025_17_ARI_CIN,2025-12-28,00-0033119,J.Brissett,Jacoby Brissett,QB,ARI,CIN,AWAY,0,7,7,7.0,52.5,0,outdoors,fieldturf,16.48,test,v1_prior_game,75,12,2025.0,16.0,2025-12-21,ARI,7.0,0,0,1,1,1,0,10.620000000000001,16.74,17.708000000000002,4.025707391254362,10.620000000000001,20.560000000000002,16.278333333333332,8.228365388684253,31.0,38.3333,40.8,34.75,1.0,2.6667,2.8,2.9167,0.0,0.0,0.0,0.0,0.0,0.0,0.0,1.0,2.6667,2.8,32.0,41.0,43.6,37.6667,203.0,241.0,5.0,11.0,0.0,0.0,5.0,11.0,1.0,2.0,0.0,0.0,0.0,0.0,0.0,0.0,0.0,0.0,0.0,0.0,1,3,5,57.0,61.666666666666664,65.6,1.0,1.0,0.9960000000000001,0.591304347826087,6.28695652173913,4.125,,,0.40829268292682924,6.146341463414634,130,15,1,6.9,19.68,16.308,19.441333333333336,32.0,28.666666666666668,35.86666666666667,256.2,19.8,1.4666666666666666,2.066666666666667,2026-08-21 11:12:46
2025,17,2025_17_NE_NYJ,2025-12-28,00-0033949,J.Dobbs,Joshua Dobbs,QB,NE,NYJ,AWAY,0,7,7,-12.5,42.5,1,outdoors,fieldturf,1.0999999999999999,test,v1_prior_game,25,2,2025.0,7.0,2025-10-19,NE,70.0,0,0,1,1,1,0,0.27999999999999997,7.6066666666666665,7.107999999999999,9.374994399998329,-0.2,22.74,0.03999999999999998,0.33941125496954283,1.0,15.0,14.4,1.0,2.0,4.3333,3.8,2.5,0.0,0.0,0.0,0.0,0.0,0.0,0.0,2.0,4.3333,3.8,3.0,19.3333,18.2,3.5,12.0,112.6667,-2.0,4.3333,0.0,0.0,-2.0,4.3333,0.0,1.0,0.0,0.0,0.0,0.0,0.0,0.0,0.0,0.0,0.0,0.0,1,3,5,10.0,30.666666666666668,30.0,0.15,0.42333333333333334,0.418,0.6666666666666666,7.511111111111111,1.0,,,0.393448275862069,6.051724137931035,130,15,1,17.12,23.36666666666667,18.136000000000003,18.449333333333335,51.0,38.333333333333336,34.93333333333333,217.73333333333332,20.066666666666666,0.0,1.8666666666666667,2026-08-21 11:12:46
2025,17,2025_17_CHI_SF,2025-12-28,00-0039918,C.Williams,Caleb Williams,QB,CHI,SF,AWAY,0,8,6,3.5,51.5,0,outdoors,grass,23.000000000000004,test,v1_prior_game,32,15,2025.0,16.0,2025-12-20,CHI,8.0,0,0,1,1,1,0,21.0,18.30666666666667,17.208000000000002,5.0624816049048516,9.46,21.660000000000004,18.60666666666667,8.706987888772908,34.0,32.3333,33.6,32.8667,3.0,3.3333,3.8,4.7333,0.0,0.0,0.0,0.1333,0.0,0.0,0.0,3.0,3.3333,3.8,37.0,35.6667,37.4,37.6,250.0,226.0,30.0,19.3333,0.0,0.0,30.0,19.3333,2.0,2.0,0.0,0.0,0.0,0.00392156862745098,0.0,0.0,0.0,0.0,0.0,0.0,1,3,5,64.0,66.66666666666667,70.4,1.0,1.0,1.0,0.5670103092783505,6.989690721649485,5.8,,,0.5132710280373832,6.878504672897196,131,15,1,17.08,14.213333333333333,14.556000000000001,17.265333333333334,36.0,31.0,37.86666666666667,238.8,13.133333333333333,0.0,1.8666666666666667,2026-08-21 11:12:46
2025,18,2025_18_TEN_JAX,2026-01-04,00-0032434,B.Allen,Brandon Allen,QB,TEN,JAX,AWAY,0,7,7,12.5,46.5,1,outdoors,grass,0.8799999999999999,test,v1_prior_game,17,0,2024.0,14.0,2024-12-08,SF,392.0,0,1,1,1,1,1,-2.0,2.1200000000000006,3.3760000000000003,5.340194753002928,-2.0,9.740000000000002,,,1.0,10.0,12.4,,0.0,1.0,1.4,,0.0,0.0,0.0,,0.0,0.0,0.0,0.0,1.0,1.4,1.0,11.0,13.8,,0.0,66.3333,0.0,1.3333,0.0,0.0,0.0,1.3333,0.0,0.3333,0.0,0.0,0.0,,0.0,0.0,0.0,0.0,0.0,0.0,1,3,5,4.0,18.0,24.8,0.07,0.36000000000000004,0.45999999999999996,0.5666666666666667,6.633333333333334,1.3333333333333333,,,0.19272727272727277,6.151515151515151,132,16,1,5.779999999999999,9.966666666666667,9.468,16.222499999999997,32.0,40.666666666666664,41.3125,238.0625,17.0,0.0,1.8125,2026-08-21 11:12:46
2025,18,2025_18_DAL_NYG,2026-01-04,00-0039398,J.Milton,Joe Milton III,QB,DAL,NYG,AWAY,0,10,7,-3.0,50.5,1,outdoors,fieldturf,5.22,test,v1_prior_game,4,3,2025.0,16.0,2025-12-21,DAL,14.0,0,0,1,1,0,0,-0.8599999999999999,1.7000000000000004,6.085000000000001,9.360916977874908,-0.8599999999999999,19.240000000000002,1.7000000000000004,4.008840231288845,2.0,3.6667,10.0,3.6667,1.0,0.3333,2.75,0.3333,0.0,0.0,0.0,0.0,0.0,0.0,0.0,1.0,0.3333,2.75,3.0,4.0,12.75,4.0,11.0,36.6667,7.0,2.3333,0.0,0.0,7.0,2.3333,0.0,0.3333,0.0,0.0,0.0,0.0,0.0,0.0,0.0,0.0,0.0,0.0,1,3,4,5.0,8.0,21.25,0.09,0.11666666666666665,0.325,0.7272727272727273,10.0,7.0,,,0.4250000000000001,9.75,132,16,1,7.7799999999999985,10.873333333333333,14.051999999999998,19.02125,31.0,29.333333333333332,38.0,234.125,23.4375,0.0,1.875,2026-08-21 11:12:46
2025,18,2025_18_IND_HOU,2026-01-04,00-0040206,R.Leonard,Riley Leonard,QB,IND,HOU,AWAY,0,7,8,9.5,37.5,1,closed,astroturf,22.6,test,v1_prior_game,4,4,2025.0,17.0,2025-12-28,IND,7.0,0,0,1,1,0,0,-2.0,2.766666666666667,2.1,5.551576352712805,-2.0,10.3,2.1,5.551576352712805,1.0,10.3333,8.25,8.25,0.0,0.6667,0.75,0.75,0.0,0.0,0.0,0.0,0.0,0.0,0.0,0.0,0.6667,0.75,1.0,11.0,9.0,9.0,0.0,48.3333,0.0,1.6667,0.0,0.0,0.0,1.6667,0.0,0.3333,0.0,0.0,0.0,0.0,0.0,0.0,0.0,0.0,0.0,0.0,1,3,4,1.0,19.666666666666668,16.25,0.02,0.2866666666666667,0.2425,0.5806451612903226,4.67741935483871,2.5,,,0.2515151515151515,4.545454545454546,132,16,1,15.14,16.580000000000002,14.436000000000002,12.20625,38.0,34.666666666666664,34.4375,200.0,19.5625,-0.625,1.125,2026-08-21 11:12:46
2025,1,2025_01_CIN_CLE,2025-09-07,00-0033526,S.Perine,Samaje Perine,RB,CIN,CLE,AWAY,0,7,7,-5.5,47.5,1,outdoors,grass,2.6,test,v1_prior_game,85,0,2024.0,18.0,2025-01-05,KC,245.0,0,1,1,1,1,1,2.4000000000000004,5.1000000000000005,4.5200000000000005,2.2015903342811076,2.4000000000000004,8.0,,,0.0,0.0,0.0,,1.0,1.0,1.0,,1.0,2.0,1.8,,1.0,2.0,1.6,2.0,3.0,2.6,2.0,3.0,2.8,,0.0,0.0,1.0,3.3333,13.0,27.6667,14.0,31.0,0.0,0.0,0.058823529411764705,0.06154194668881674,0.053299437019137995,,0.0,0.01840592380649605,0.0044006204533048755,0.08823529411764705,0.10519706669777233,0.08302958984602041,1,3,5,13.0,13.0,15.0,0.38,0.25333333333333335,0.25199999999999995,,,3.3333333333333335,13.833333333333334,13.833333333333334,1.7000000000000002,10.333333333333334,116,0,1,33.5,19.2,18.64,,30.0,24.666666666666668,,,,,,2026-08-21 11:12:46
2025,1,2025_01_NYG_WAS,2025-09-07,00-0035250,D.Singletary,Devin Singletary,RB,NYG,WAS,AWAY,0,7,7,6.0,45.5,1,outdoors,grass,0.9,test,v1_prior_game,93,0,2024.0,18.0,2025-01-05,NYG,245.0,0,1,1,1,1,0,2.7,2.6333333333333333,4.36,5.048068937722623,0.8,13.100000000000001,,,0.0,0.0,0.0,,7.0,5.3333,5.2,,1.0,0.6667,1.0,,1.0,0.6667,1.0,8.0,6.0,6.2,8.0,6.0,6.2,,0.0,0.0,22.0,18.3333,-5.0,1.3333,17.0,19.6667,0.0,0.0,0.03571428571428571,0.027056277056277056,0.03388082505729565,,-0.04716981132075472,-0.011998875654404273,-0.016154549273239577,0.020552560646900267,0.03218520262633259,0.03951305309467577,1,3,5,16.0,14.666666666666666,16.2,0.3,0.26333333333333336,0.262,,,3.4375,2.0,2.0,0.4388888888888889,3.2777777777777777,116,0,1,21.599999999999998,25.866666666666664,21.66,,34.0,31.333333333333332,,,,,,2026-08-21 11:12:46
2025,1,2025_01_TEN_DEN,2025-09-07,00-0037594,J.Chestnut,Julius Chestnut,RB,TEN,DEN,AWAY,0,7,7,8.5,42.5,0,outdoors,grass,0.2,test,v1_prior_game,19,0,2024.0,18.0,2025-01-05,TEN,245.0,0,1,1,1,1,0,1.1,0.9333333333333335,0.8600000000000001,0.8142481194328913,0.0,1.7000000000000002,,,0.0,0.0,0.0,,2.0,1.6667,1.2,,0.0,0.3333,0.4,,0.0,0.0,0.2,2.0,1.6667,1.4,2.0,2.0,1.6,,0.0,0.0,11.0,9.3333,0.0,0.0,11.0,9.3333,0.0,0.0,0.0,0.011111111111111112,0.014666666666666666,,0.0,0.004694835680751174,0.0028169014084507044,0.0,0.01995305164319249,0.023971830985915495,1,3,5,15.0,13.333333333333334,8.6,0.24,0.19999999999999998,0.12999999999999998,,,5.6,0.0,,0.46666666666666673,4.666666666666667,116,0,1,7.1000000000000005,18.966666666666665,18.04,,12.0,21.0,,,,,,2026-08-21 11:12:46
2025,2,2025_02_JAX_CIN,2025-09-14,00-0040719,B.Tuten,Bhayshul Tuten,RB,JAX,CIN,AWAY,0,7,7,3.5,49.5,0,outdoors,fieldturf,15.4,test,v1_prior_game,1,1,2025.0,1.0,2025-09-07,JAX,7.0,0,0,1,0,0,0,1.1,1.1,1.1,,1.1,1.1,1.1,,0.0,0.0,0.0,0.0,3.0,3.0,3.0,3.0,0.0,0.0,0.0,0.0,0.0,0.0,0.0,3.0,3.0,3.0,3.0,3.0,3.0,3.0,0.0,0.0,11.0,11.0,0.0,0.0,11.0,11.0,0.0,0.0,0.0,0.0,0.0,0.0,0.0,0.0,0.0,0.0,0.0,0.0,1,1,1,4.0,4.0,4.0,0.06,0.06,0.06,,,3.6666666666666665,,,0.3666666666666667,3.6666666666666665,116,1,1,25.1,19.733333333333334,24.0,25.1,30.0,26.333333333333332,30.0,0.0,40.0,61.0,1.0,2026-08-21 11:12:46
2025,3,2025_03_IND_TEN,2025-09-21,00-0037594,J.Chestnut,Julius Chestnut,RB,TEN,IND,HOME,1,7,7,-6.0,43.5,1,outdoors,grass,2.6,test,v1_prior_game,20,1,2025.0,1.0,2025-09-07,TEN,14.0,0,0,1,1,1,0,0.2,1.0000000000000002,0.6000000000000001,0.7648529270389178,0.0,1.7000000000000002,0.2,,0.0,0.0,0.0,0.0,2.0,2.3333,1.4,2.0,0.0,0.3333,0.2,0.0,0.0,0.0,0.0,2.0,2.3333,1.4,2.0,2.6667,1.6,2.0,0.0,0.0,2.0,10.0,0.0,0.0,2.0,10.0,0.0,0.0,0.0,0.011111111111111112,0.006666666666666666,0.0,0.0,0.004694835680751174,0.0028169014084507044,0.0,0.01995305164319249,0.011971830985915494,1,3,5,6.0,15.333333333333334,9.4,0.11,0.23666666666666666,0.146,,,4.285714285714286,0.0,,0.37500000000000006,3.75,118,2,1,23.1,21.566666666666663,21.52,20.450000000000003,26.0,25.666666666666668,20.0,0.0,73.0,31.5,1.0,2026-08-21 11:12:46
2025,3,2025_03_NO_SEA,2025-09-21,00-0038551,K.Miller,Kendre Miller,RB,NO,SEA,AWAY,0,7,7,7.5,41.5,0,outdoors,fieldturf,5.6,test,v1_prior_game,15,2,2025.0,2.0,2025-09-14,NO,7.0,0,0,1,1,1,0,2.0,2.4333333333333336,3.4,1.3729530217745978,2.0,5.1,2.2,0.2828427124746193,0.0,0.0,0.0,0.0,5.0,4.3333,6.0,5.0,1.0,0.6667,1.0,0.5,1.0,0.6667,0.8,6.0,5.0,6.8,6.0,5.0,7.0,5.5,0.0,0.0,8.0,11.6667,2.0,6.0,10.0,17.6667,0.0,0.0,0.029411764705882353,0.0196078431372549,0.032946971892205155,0.014705882352941176,0.008,-0.005491841491841492,0.003456564807384479,0.049717647058823526,0.025567475661593304,0.051840053203476864,1,3,5,11.0,10.0,15.6,0.15,0.14333333333333334,0.25799999999999995,,,2.6923076923076925,9.0,9.0,0.4866666666666667,3.533333333333333,118,2,1,24.1,23.100000000000005,18.9,26.0,29.0,31.333333333333332,36.0,0.0,85.5,89.5,0.0,2026-08-21 11:12:46
2025,3,2025_03_MIA_BUF,2025-09-18,00-0039040,D.Achane,De'Von Achane,RB,MIA,BUF,AWAY,0,4,4,12.5,50.5,1,outdoors,a_turf,16.1,test,v1_prior_game,30,2,2025.0,2.0,2025-09-14,MIA,4.0,0,0,1,1,1,0,26.200000000000003,20.26666666666667,19.520000000000003,9.692626063147179,5.800000000000001,31.0,21.35,6.858935777509513,0.0,0.0,0.0,0.0,11.0,9.6667,11.2,9.0,10.0,4.6667,4.6,7.0,8.0,3.6667,3.8,19.0,13.3333,15.0,21.0,14.3333,15.8,16.0,0.0,0.0,30.0,68.6667,92.0,37.3333,122.0,106.0,1.0,1.0,0.3125,0.14717741935483872,0.15013440860215055,0.22076612903225806,-0.035856573705179286,-0.016225695508564036,0.008281503168634845,0.4436503984063745,0.20940814217626325,0.23099866512127018,1,3,5,53.0,45.666666666666664,43.8,0.93,0.7866666666666666,0.728,,,7.103448275862069,8.0,10.181818181818182,1.4139534883720932,7.395348837209302,117,2,1,8.5,16.733333333333334,16.46,19.049999999999997,19.0,23.333333333333332,21.5,0.0,100.0,15.5,1.0,2026-08-21 11:12:46
2025,4,2025_04_TEN_HOU,2025-09-28,00-0034791,N.Chubb,Nick Chubb,RB,HOU,TEN,HOME,1,7,7,7.5,39.5,1,closed,astroturf,8.2,test,v1_prior_game,88,3,2025.0,3.0,2025-09-21,HOU,7.0,0,0,1,1,1,0,7.0,9.4,7.0200000000000005,4.926662156064691,2.1000000000000005,15.2,9.4,5.0477717856495845,0.0,0.0,0.0,0.0,9.0,11.3333,10.8,11.3333,4.0,2.3333,1.8,2.3333,3.0,1.6667,1.0,12.0,13.0,11.8,13.0,13.6667,12.6,13.6667,0.0,0.0,38.0,47.0,2.0,10.3333,40.0,57.3333,0.0,0.3333,0.1111111111111111,0.07836822329575953,0.05867633938286112,0.07836822329575953,-0.024305555555555556,-0.010377741337043661,-0.006108796315356297,0.14965277777777777,0.11028791600770871,0.08373835165354226,1,3,5,33.0,30.333333333333332,27.6,0.52,0.52,0.45199999999999996,,,4.147058823529412,4.428571428571429,6.2,0.6878048780487804,4.195121951219512,119,3,1,33.699999999999996,26.8,25.4,26.8,24.0,26.333333333333332,26.333333333333332,0.0,118.0,16.666666666666668,1.6666666666666667,2026-08-21 11:12:46
2025,4,2025_04_NYJ_MIA,2025-09-29,00-0038120,B.Hall,Breece Hall,RB,NYJ,MIA,AWAY,0,8,11,2.5,44.5,1,outdoors,grass,16.1,test,v1_prior_game,43,3,2025.0,3.0,2025-09-21,NYJ,8.0,0,0,1,1,1,0,9.2,10.5,11.2,5.793530875036396,5.800000000000001,18.2,10.5,5.467174773134658,0.0,0.0,0.0,0.0,9.0,12.6667,12.0,12.6667,6.0,4.3333,3.8,4.3333,4.0,2.6667,2.4,13.0,15.3333,14.4,15.0,17.0,15.8,17.0,0.0,0.0,21.0,52.3333,31.0,26.0,52.0,78.3333,0.0,0.0,0.17142857142857143,0.16825396825396824,0.13597542242703536,0.16825396825396824,0.07453416149068323,-0.004672274136379291,-0.02240450408296718,0.30931677018633535,0.24911036048548685,0.18827998078247593,1,3,5,38.0,35.0,36.2,0.55,0.59,0.592,,,4.131578947368421,6.0,9.75,0.6176470588235294,4.607843137254902,119,3,1,23.900000000000002,25.933333333333337,23.860000000000003,25.933333333333337,28.0,29.666666666666668,29.666666666666668,0.0,108.0,54.666666666666664,0.3333333333333333,2026-08-21 11:12:46
2025,5,2025_05_DEN_PHI,2025-10-05,00-0034844,S.Barkley,Saquon Barkley,RB,PHI,DEN,HOME,1,7,6,3.5,44.5,0,outdoors,grass,17.8,test,v1_prior_game,94,4,2025.0,4.0,2025-09-28,PHI,7.0,0,0,1,1,1,0,17.4,14.766666666666666,16.32,3.8674280859506607,9.5,18.900000000000002,15.674999999999999,4.143569314813819,0.0,0.0,0.0,0.0,19.0,19.6667,21.6,19.25,4.0,3.6667,3.6,4.0,4.0,3.3333,3.2,23.0,23.0,24.8,23.0,23.3333,25.2,23.25,0.0,0.0,43.0,59.0,31.0,15.3333,74.0,74.3333,1.0,0.6667,0.16666666666666666,0.14285714285714282,0.15793650793650793,0.16964285714285712,-0.029940119760479042,-0.030377201800778006,-0.02611862307898642,0.22904191616766467,0.19302167302516968,0.21862172574947145,1,3,5,48.0,53.666666666666664,52.0,0.84,0.87,0.8300000000000001,,,3.0,4.181818181818182,4.6,0.6328571428571428,3.1857142857142855,120,4,1,10.500000000000002,22.566666666666666,16.580000000000002,18.95,15.0,25.0,24.0,0.0,92.25,42.25,0.5,2026-08-21 11:12:46
2025,7,2025_07_IND_LAC,2025-10-19,00-0034367,N.Miller-Hines,Nyheim Hines,RB,LAC,IND,HOME,1,7,7,2.5,48.5,0,dome,matrixturf,0.0,test,v1_prior_game,82,1,2025.0,6.0,2025-10-12,LAC,7.0,0,0,1,1,1,0,0.0,4.7,4.76,5.05004950470785,0.0,12.0,0.0,,0.0,0.0,0.0,0.0,0.0,0.3333,0.4,0.0,0.0,0.6667,0.8,0.0,0.0,0.3333,0.6,0.0,0.6667,1.0,0.0,1.0,1.2,0.0,0.0,0.0,0.0,0.6667,0.0,3.0,0.0,3.6667,0.0,0.0,0.0,0.02666666666666667,0.028670565302144246,0.0,0.0,0.02702702702702703,0.020254934507270957,0.0,0.05891891891891892,0.05718430210830604,0,2,4,,3.0,4.75,,0.05,0.0775,,,2.0,4.5,9.0,4.7,3.6666666666666665,122,6,1,20.900000000000002,17.666666666666668,18.520000000000003,18.400000000000002,29.0,29.0,24.833333333333332,0.0,78.83333333333333,30.166666666666668,0.6666666666666666,2026-08-21 11:12:46
2025,8,2025_08_CLE_NE,2025-10-26,00-0037267,J.Ford,Jerome Ford,RB,CLE,NE,AWAY,0,7,7,7.0,40.5,0,outdoors,fieldturf,0.9,test,v1_prior_game,51,7,2025.0,7.0,2025-10-19,CLE,7.0,0,0,1,1,1,0,3.0,5.6000000000000005,4.62,2.57914714586043,1.3,8.0,5.0,3.384769809996932,0.0,0.0,0.0,0.0,1.0,2.6667,1.8,3.0,2.0,3.3333,3.2,3.2857,2.0,3.0,2.8,3.0,5.6667,4.6,3.0,6.0,5.0,6.2857,0.0,0.0,0.0,11.6667,10.0,14.3333,10.0,26.0,0.0,0.0,0.1111111111111111,0.09708605664488017,0.09425876411170529,0.09163497254038348,-0.011627906976744186,-0.027832771213381496,-0.021789408354206025,0.15852713178294572,0.12614614511795322,0.1261355603196137,1,3,5,13.0,24.0,22.8,0.23,0.3333333333333333,0.32599999999999996,,,4.375,4.3,4.777777777777778,0.9333333333333333,4.333333333333333,123,7,1,19.1,13.966666666666669,16.360000000000003,17.585714285714285,21.0,21.666666666666668,24.428571428571427,0.0,59.0,39.714285714285715,0.42857142857142855,2026-08-21 11:12:46
2025,8,2025_08_GB_PIT,2025-10-26,00-0038797,E.Wilson,Emanuel Wilson,RB,GB,PIT,AWAY,0,7,10,-3.0,46.5,0,outdoors,grass,11.700000000000001,test,v1_prior_game,28,6,2025.0,7.0,2025-10-19,GB,7.0,0,0,1,1,1,0,2.5,5.1000000000000005,3.56,4.336819110823046,0.0,11.1,3.033333333333333,4.087868230100704,0.0,0.0,0.0,0.0,6.0,5.6667,4.6,4.0,1.0,1.6667,1.0,0.8333,1.0,1.6667,1.0,7.0,7.3333,5.6,7.0,7.3333,5.6,4.8333,0.0,0.0,17.0,24.0,-2.0,10.3333,15.0,34.3333,0.0,0.0,0.03571428571428571,0.052503052503052504,0.0315018315018315,0.026251526251526252,-0.03684210526315789,-0.03604923355735105,-0.02162954013441063,0.027781954887218047,0.05352011526443302,0.032112069158659814,1,3,5,19.0,18.333333333333332,15.0,0.34,0.2733333333333334,0.22400000000000003,,,4.235294117647059,6.2,6.2,0.6954545454545454,4.681818181818182,122,6,1,15.1,19.23333333333333,19.32,20.299999999999997,22.0,25.666666666666668,27.5,0.0,97.5,30.5,0.5,2026-08-21 11:12:46
2025,8,2025_08_TB_NO,2025-10-26,00-0040429,J.Williams,Josh Williams,RB,TB,NO,AWAY,0,6,7,-4.5,46.5,1,dome,sportturf,1.1,test,v1_prior_game,1,1,2025.0,5.0,2025-10-05,TB,21.0,0,0,1,0,0,0,0.0,0.0,0.0,,0.0,0.0,0.0,,0.0,0.0,0.0,0.0,0.0,0.0,0.0,0.0,0.0,0.0,0.0,0.0,0.0,0.0,0.0,0.0,0.0,0.0,0.0,0.0,0.0,0.0,0.0,0.0,0.0,0.0,0.0,0.0,0.0,0.0,0.0,0.0,0.0,0.0,0.0,0.0,0.0,0.0,0.0,0.0,0.0,0.0,1,1,1,2.0,2.0,2.0,0.03,0.03,0.03,,,,,,,,123,7,1,39.3,21.166666666666668,22.1,22.714285714285715,37.0,30.666666666666668,29.428571428571427,0.0,104.0,27.428571428571427,1.0,2026-08-21 11:12:46
2025,9,2025_09_CAR_GB,2025-11-02,00-0038685,C.Brooks,Chris Brooks,RB,GB,CAR,HOME,1,7,7,12.5,43.5,0,outdoors,grass,4.4,test,v1_prior_game,21,7,2025.0,8.0,2025-10-26,GB,7.0,0,0,1,1,1,0,0.0,0.03333333333333333,0.24000000000000005,0.4827007354458868,0.0,1.1,1.1714285714285713,2.073414483176873,0.0,0.0,0.0,0.0,0.0,0.3333,0.2,0.2857,0.0,0.3333,0.4,1.0,0.0,0.0,0.2,0.0,0.3333,0.4,0.0,0.6667,0.6,1.2857,0.0,0.0,0.0,0.3333,0.0,0.0,0.0,0.3333,0.0,0.0,0.0,0.011904761904761904,0.012698412698412698,0.036727822442108156,0.0,0.012280701754385963,0.003446852425180598,0.0,0.02645363408521303,0.021460415745245466,1,3,5,3.0,5.0,5.6,0.05,0.08333333333333333,0.086,,,1.0,0.0,,0.05,0.5,124,8,1,35.800000000000004,21.76666666666667,21.620000000000005,21.475000000000005,33.0,26.333333333333332,25.375,0.0,96.125,24.875,0.875,2026-08-21 11:12:46
2025,10,2025_10_BAL_MIN,2025-11-09,00-0032764,D.Henry,Derrick Henry,RB,BAL,MIN,AWAY,0,10,7,-4.5,48.5,0,dome,sportturf,11.4,test,v1_prior_game,113,8,2025.0,9.0,2025-10-30,BAL,10.0,0,0,1,1,1,0,13.100000000000001,15.4,12.66,4.4263980842215265,7.800000000000001,19.1,13.1875,8.114262135277611,0.0,0.0,0.0,0.125,19.0,21.3333,17.4,16.0,1.0,1.3333,1.6,1.25,1.0,0.6667,0.8,20.0,22.0,18.2,20.0,22.6667,19.0,17.25,0.0,0.0,119.0,104.0,2.0,3.3333,121.0,107.3333,0.0,0.6667,0.043478260869565216,0.05047760210803689,0.060286561264822146,0.0487223338732206,0.004830917874396135,0.017032514523749594,0.007687863144629503,0.06859903381642513,0.08763916332868005,0.09581134609847386,1,3,5,36.0,36.666666666666664,31.8,0.64,0.57,0.548,,,4.875,2.5,5.0,0.6794117647058824,4.735294117647059,124,8,1,16.8,16.066666666666666,20.520000000000003,19.6,27.0,29.0,30.625,0.0,102.875,21.875,0.625,2026-08-21 11:12:46
2025,10,2025_10_LA_SF,2025-11-09,00-0037840,K.Williams,Kyren Williams,RB,LA,SF,AWAY,0,7,7,-5.5,49.5,1,outdoors,grass,22.4,test,v1_prior_game,44,8,2025.0,9.0,2025-11-02,LA,7.0,0,0,1,1,1,0,17.4,14.200000000000001,16.82,8.87000563697679,8.5,31.1,15.899999999999999,7.256917881777164,0.0,0.0,0.0,0.0,25.0,16.6667,15.4,16.5,0.0,1.6667,3.8,3.25,0.0,1.3333,3.0,25.0,18.0,18.4,25.0,18.3333,19.2,19.75,0.0,0.0,114.0,72.6667,0.0,16.0,114.0,88.6667,1.0,0.6667,0.0,0.055944055944055944,0.0970446944359988,0.08875764181470704,0.0,0.06050982232006449,0.049942257028402326,0.0,0.12627295954012904,0.1805266215738798,1,3,5,55.0,45.666666666666664,50.0,0.69,0.68,0.726,,,4.36,9.6,12.0,0.7745454545454545,4.836363636363636,125,9,1,13.8,21.100000000000005,24.360000000000003,21.67777777777778,19.0,27.0,27.666666666666668,0.0,87.55555555555556,33.666666666666664,0.7777777777777778,2026-08-21 11:12:46
2025,10,2025_10_BUF_MIA,2025-11-09,00-0039874,J.Wright,Jaylen Wright,RB,MIA,BUF,HOME,1,10,7,-8.5,50.5,1,outdoors,grass,1.7000000000000002,test,v1_prior_game,14,1,2025.0,8.0,2025-10-26,MIA,14.0,0,0,1,1,1,0,3.8000000000000003,1.2333333333333334,1.56,1.8742998692845283,-0.4,3.8000000000000003,3.8000000000000003,,0.0,0.0,0.0,0.0,9.0,5.3333,5.0,9.0,1.0,0.3333,1.0,1.0,1.0,0.3333,0.6,10.0,5.6667,5.6,10.0,5.6667,6.0,10.0,0.0,0.0,28.0,9.0,0.0,0.0,28.0,9.0,0.0,0.0,0.037037037037037035,0.012345679012345678,0.02574074074074074,0.037037037037037035,-0.0297029702970297,-0.009900990099009901,-0.01090513306649814,0.03476347634763476,0.011587825449211588,0.03097751796456242,1,3,5,11.0,7.666666666666667,10.0,0.16,0.11,0.14200000000000002,,,1.6875,0.0,0.0,0.21764705882352942,1.588235294117647,123,8,1,13.7,25.566666666666666,24.68,23.425,19.0,27.333333333333332,26.375,0.0,107.625,20.375,1.25,2026-08-21 11:12:46
2025,11,2025_11_DET_PHI,2025-11-16,00-0034844,S.Barkley,Saquon Barkley,RB,PHI,DET,HOME,1,6,7,2.5,46.5,0,outdoors,grass,10.0,test,v1_prior_game,99,9,2025.0,10.0,2025-11-10,PHI,6.0,0,0,1,1,1,0,13.100000000000001,17.233333333333338,15.640000000000004,10.99649944300458,5.2,33.400000000000006,15.655555555555557,8.179258999309033,0.0,0.0,0.0,0.0,22.0,18.0,14.4,16.5556,3.0,3.0,3.0,3.4444,3.0,2.6667,2.6,25.0,20.6667,17.0,25.0,21.0,17.4,20.0,0.0,0.0,60.0,84.6667,41.0,21.0,101.0,105.6667,0.0,0.6667,0.13043478260869565,0.14130434782608695,0.1197488249118684,0.14192395034786337,-0.043668122270742356,-0.05553205557598728,-0.019681209976556348,0.16508448832352382,0.17308408283593935,0.16584639038421317,1,3,5,44.0,39.333333333333336,41.6,0.7,0.6900000000000001,0.72,,,4.703703703703703,7.0,7.875,0.8206349206349208,5.031746031746032,125,9,1,14.5,13.666666666666666,14.660000000000002,16.477777777777778,23.0,21.0,22.88888888888889,0.0,71.77777777777777,21.88888888888889,0.5555555555555556,2026-08-21 11:12:46
2025,11,2025_11_NYJ_NE,2025-11-13,00-0035628,D.Johnson,D'Ernest Johnson,RB,NE,NYJ,HOME,1,4,4,12.5,43.5,1,outdoors,fieldturf,0.6000000000000001,test,v1_prior_game,76,2,2025.0,10.0,2025-11-09,NE,4.0,0,0,1,1,1,0,0.1,1.2333333333333334,1.72,1.6604216332004351,0.0,3.6,0.05,0.07071067811865477,0.0,0.0,0.0,0.0,1.0,1.3333,0.8,1.0,0.0,0.6667,1.2,0.0,0.0,0.3333,0.8,1.0,1.6667,1.6,1.0,2.0,2.0,1.0,0.0,0.0,1.0,9.0,0.0,0.0,1.0,9.0,0.0,0.0,0.0,0.02150537634408602,0.04337941628264209,0.0,0.0,0.003703703703703704,-0.0018282813538980512,0.0,0.03485065710872162,0.06378932747623449,1,3,5,6.0,11.0,10.6,0.1,0.15666666666666665,0.15599999999999997,,,6.75,0.0,0.0,0.6166666666666667,4.5,125,9,1,11.5,24.03333333333333,22.439999999999998,21.677777777777777,30.0,30.333333333333332,28.88888888888889,0.0,104.22222222222223,21.444444444444443,1.0,2026-08-21 11:12:46
2025,11,2025_11_KC_DEN,2025-11-16,00-0036567,E.Mitchell,Elijah Mitchell,RB,KC,DEN,AWAY,0,14,10,-3.5,44.5,1,outdoors,grass,0.0,test,v1_prior_game,27,0,2023.0,18.0,2024-01-07,SF,679.0,0,1,1,1,1,1,14.7,10.0,7.4,6.459489143887464,1.3,14.7,,,0.0,0.0,0.0,,14.0,11.3333,9.0,,2.0,0.6667,0.6,,2.0,0.6667,0.6,16.0,12.0,9.6,16.0,12.0,9.6,,0.0,0.0,52.0,48.3333,15.0,5.0,67.0,53.3333,1.0,0.6667,0.08,0.02666666666666667,0.02266666666666667,,0.023809523809523808,0.007936507936507936,0.000460829493087557,0.13666666666666666,0.04555555555555555,0.03432258064516129,1,3,5,32.0,21.0,17.6,0.52,0.3233333333333333,0.272,,,4.264705882352941,7.5,7.5,0.8333333333333334,4.444444444444445,126,10,1,17.8,15.466666666666667,16.52,17.880000000000003,26.0,26.333333333333332,24.7,0.0,78.0,28.8,0.8,2026-08-21 11:12:46
2025,11,2025_11_WAS_MIA,2025-11-16,00-0040242,J.Croskey-Merritt,Jacory Croskey-Merritt,RB,WAS,MIA,AWAY,0,7,7,2.5,47.5,0,outdoors,grass,4.300000000000001,test,v1_prior_game,10,10,2025.0,10.0,2025-11-09,WAS,7.0,0,0,1,1,1,0,3.0,3.5333333333333337,4.12,1.3845576911057194,2.5,5.800000000000001,8.129999999999999,7.647810144086999,0.0,0.0,0.0,0.0,11.0,10.6667,12.4,10.5,0.0,0.6667,1.0,1.2,0.0,0.3333,0.6,11.0,11.0,13.0,11.0,11.3333,13.4,11.7,0.0,0.0,30.0,31.0,0.0,1.0,30.0,32.0,0.0,0.0,0.0,0.026984126984126982,0.037427035330261135,0.047246334590001465,0.0,-0.011127572016460904,-0.008288676001851705,0.0,0.032686890064667844,0.05033847979409552,1,3,5,24.0,28.0,32.0,0.44,0.49,0.5239999999999999,,,2.90625,1.5,3.0,0.311764705882353,2.823529411764706,126,10,1,16.099999999999998,17.366666666666664,22.060000000000002,24.580000000000002,25.0,24.333333333333332,28.4,0.0,112.6,39.2,0.7,2026-08-21 11:12:46
2025,12,2025_12_IND_KC,2025-11-23,00-0032104,A.Abdullah,Ameer Abdullah,RB,IND,KC,AWAY,0,14,7,3.5,50.5,0,outdoors,grass,0.0,test,v1_prior_game,105,6,2025.0,10.0,2025-11-09,IND,14.0,0,0,1,1,1,0,1.8,1.7,2.2800000000000002,0.8927485648266259,1.5,3.7,3.0,1.9359752064528095,0.0,0.0,0.0,0.0,0.0,1.0,1.2,1.3333,1.0,1.0,1.0,0.8333,1.0,1.0,1.0,1.0,2.0,2.2,1.0,2.0,2.2,2.1667,0.0,0.0,0.0,2.6667,8.0,4.3333,8.0,7.0,0.0,0.0,0.038461538461538464,0.03166971916971917,0.03191849816849816,0.026598748473748473,0.014354066985645933,0.002582580519698596,0.0025827759741415715,0.06774015458225985,0.049312385118367774,0.04968569043464636,1,3,5,5.0,6.666666666666667,5.6,0.06,0.10333333333333333,0.088,,,2.6666666666666665,4.333333333333333,4.333333333333333,0.85,3.5,126,10,1,17.4,18.466666666666665,15.6,18.560000000000002,22.0,24.0,22.7,0.0,74.8,31.8,0.6,2026-08-21 11:12:46
2025,12,2025_12_ATL_NO,2025-11-23,00-0033906,A.Kamara,Alvin Kamara,RB,NO,ATL,HOME,1,14,7,1.5,41.5,1,dome,sportturf,3.5,test,v1_prior_game,109,10,2025.0,10.0,2025-11-09,NO,14.0,0,0,1,1,1,0,14.5,7.233333333333333,8.040000000000001,5.553197277244885,0.7000000000000002,14.5,9.72,4.769299971926931,0.0,0.0,0.0,0.0,22.0,11.3333,11.0,12.8,3.0,2.6667,3.2,3.7,3.0,2.0,2.8,25.0,13.3333,13.8,25.0,14.0,14.2,16.5,0.0,0.0,83.0,39.3333,32.0,19.6667,115.0,59.0,0.0,0.0,0.11538461538461539,0.09346153846153847,0.11389330024813896,0.12370464521825193,-0.0078125,0.006694221077561984,0.013584441117219206,0.16760817307692308,0.14487826244660107,0.18034905915426186,1,3,5,43.0,34.666666666666664,37.2,0.63,0.5766666666666667,0.638,,,3.4705882352941178,7.375,9.833333333333334,0.5166666666666666,4.214285714285714,126,10,1,19.0,31.633333333333336,35.02,25.7,34.0,34.333333333333336,30.3,0.0,112.2,33.8,1.1,2026-08-21 11:12:46
2025,13,2025_13_GB_DET,2025-11-27,00-0035685,D.Montgomery,David Montgomery,RB,DET,GB,HOME,1,4,4,2.5,48.5,1,dome,fieldturf,12.8,test,v1_prior_game,99,11,2025.0,12.0,2025-11-23,DET,4.0,0,0,1,1,1,0,6.7,7.166666666666667,7.68,2.733495930123182,4.7,11.0,10.610909090909091,7.682272391090353,0.0,0.0,0.0,0.0909,5.0,8.6667,10.0,10.4545,3.0,1.6667,2.4,2.0,3.0,1.6667,1.8,8.0,10.3333,11.8,8.0,10.3333,12.4,12.4545,0.0,0.0,18.0,38.6667,19.0,9.6667,37.0,48.3333,0.0,0.0,0.07894736842105263,0.04599171539961013,0.07124582289055974,0.06302003922427263,-0.00904977375565611,-0.003588359975352951,-0.004450102420123392,0.11208621100261966,0.06647572111666813,0.10375366264175323,1,3,5,23.0,28.0,27.6,0.34,0.42333333333333334,0.418,,,4.461538461538462,5.8,5.8,0.6935483870967742,4.67741935483871,127,11,1,12.899999999999999,22.566666666666663,22.060000000000002,19.50909090909091,21.0,31.666666666666668,27.727272727272727,0.0,85.27272727272727,28.0,0.5454545454545454,2026-08-21 11:12:46
2025,13,2025_13_NYG_NE,2025-12-01,00-0036875,R.Stevenson,Rhamondre Stevenson,RB,NE,NYG,HOME,1,8,8,7.0,46.5,0,outdoors,fieldturf,11.0,test,v1_prior_game,65,9,2025.0,12.0,2025-11-23,NE,8.0,0,0,1,1,1,0,2.0,8.233333333333334,8.239999999999998,7.086818750327963,1.8,16.8,8.533333333333333,7.103872183534837,0.0,0.0,0.0,0.0,6.0,12.6667,11.6,9.8889,2.0,2.0,1.8,2.3333,1.0,1.3333,1.2,7.0,14.0,12.8,8.0,14.6667,13.4,12.2222,0.0,0.0,5.0,42.3333,5.0,6.6667,10.0,49.0,0.0,0.3333,0.06060606060606061,0.07696530522617478,0.06879823075475248,0.08557844305926146,0.04713804713804714,0.06238142592727309,0.04705326870190376,0.12390572390572391,0.15911495598835335,0.13613463422346136,1,3,5,22.0,40.333333333333336,39.6,0.31,0.6,0.608,,,3.3421052631578947,3.3333333333333335,5.0,0.5613636363636364,3.340909090909091,128,12,1,62.10000000000001,34.800000000000004,38.8,28.875,35.0,28.333333333333332,26.583333333333332,0.0,126.83333333333333,31.916666666666668,1.3333333333333333,2026-08-21 11:12:46
2025,14,2025_14_CHI_GB,2025-12-07,00-0036275,D.Swift,D'Andre Swift,RB,CHI,GB,AWAY,0,9,10,6.5,44.5,1,outdoors,grass,11.200000000000001,test,v1_prior_game,84,11,2025.0,13.0,2025-11-28,CHI,9.0,0,0,1,1,1,0,20.8,10.566666666666668,12.320000000000002,7.1656821029124655,1.9000000000000004,20.8,14.372727272727273,6.564768222731235,0.0,0.0,0.0,0.0,18.0,15.6667,14.2,14.5455,2.0,1.3333,2.8,3.2727,1.0,0.6667,1.8,19.0,16.3333,16.0,20.0,17.0,17.0,17.8182,0.0,0.0,125.0,76.6667,13.0,9.0,138.0,85.6667,1.0,0.3333,0.0625,0.04384920634920635,0.08218253968253968,0.1001684271124618,-0.007936507936507936,0.005975551097502318,0.004539047348543466,0.08819444444444445,0.06995669529206115,0.12645114266778995,1,3,5,46.0,39.333333333333336,38.2,0.53,0.5166666666666667,0.532,,,4.8936170212765955,6.75,13.5,0.6215686274509804,5.03921568627451,128,12,1,24.4,24.299999999999997,24.380000000000003,19.916666666666668,34.0,31.666666666666668,28.25,0.0,86.5,28.5,0.5833333333333334,2026-08-21 11:12:46
2025,14,2025_14_SEA_ATL,2025-12-07,00-0037263,T.Allgeier,Tyler Allgeier,RB,ATL,SEA,HOME,1,7,7,-7.0,44.5,0,closed,fieldturf,8.7,test,v1_prior_game,62,12,2025.0,13.0,2025-11-30,ATL,7.0,0,0,1,1,1,0,13.5,9.666666666666666,9.459999999999999,6.6221597685347335,0.6000000000000001,17.7,8.25,5.796629114486201,0.0,0.0,0.0,0.0,8.0,7.6667,7.2,8.0833,2.0,1.6667,1.0,0.9167,2.0,1.6667,1.0,10.0,9.3333,8.2,10.0,9.3333,8.2,9.0,0.0,0.0,20.0,24.6667,35.0,15.3333,55.0,40.0,1.0,0.6667,0.06451612903225806,0.06116054875787913,0.036696329254727475,0.031567159406696556,-0.025974025974025976,-0.013221569782655757,-0.007932941869593455,0.0785923753665689,0.08248572428895966,0.0494914345733758,1,3,5,17.0,17.666666666666668,18.6,0.25,0.2833333333333333,0.304,,,3.217391304347826,9.2,9.2,1.0357142857142858,4.285714285714286,128,12,1,13.4,15.466666666666667,16.42,18.666666666666668,21.0,23.666666666666668,26.166666666666668,0.0,66.33333333333333,37.0,0.5,2026-08-21 11:12:46
2025,15,2025_15_LAC_KC,2025-12-14,00-0033923,K.Hunt,Kareem Hunt,RB,KC,LAC,HOME,1,7,6,5.5,41.5,1,outdoors,grass,3.0,test,v1_prior_game,101,13,2025.0,14.0,2025-12-07,KC,7.0,0,0,1,1,1,0,9.0,12.666666666666666,12.74,4.498666469077253,9.0,20.0,10.146153846153844,5.953376546775142,0.0,0.0,0.0,0.0,12.0,18.6667,16.0,10.9231,1.0,2.0,2.0,1.4615,0.0,1.3333,1.2,12.0,20.0,17.2,13.0,20.6667,18.0,12.3846,0.0,0.0,30.0,64.0,0.0,16.0,30.0,80.0,1.0,0.6667,0.034482758620689655,0.05558340016038493,0.05644546912590217,0.04190497042526123,0.0,0.003798670465337132,-0.0016010471385724933,0.05172413793103448,0.08603416956631338,0.0835474706918525,1,3,5,38.0,49.333333333333336,50.2,0.59,0.6466666666666666,0.704,,,3.4285714285714284,8.0,12.0,0.6129032258064516,3.870967741935484,129,13,1,19.900000000000002,22.96666666666667,19.940000000000005,20.83076923076923,24.0,30.666666666666668,24.153846153846153,0.0,90.38461538461539,24.846153846153847,0.9230769230769231,2026-08-21 11:12:46
2025,15,2025_15_BUF_NE,2025-12-14,00-0035537,Ty.Johnson,Ty Johnson,RB,BUF,NE,AWAY,0,7,13,-2.5,49.5,1,outdoors,fieldturf,5.800000000000001,test,v1_prior_game,93,13,2025.0,14.0,2025-12-07,BUF,7.0,0,0,1,1,1,0,5.9,6.533333333333334,7.839999999999999,4.216989447461305,4.6,15.0,4.576923076923077,4.377814113259768,0.0,0.0,0.0,0.0,2.0,2.0,1.6,1.9231,3.0,3.6667,3.0,1.8462,2.0,2.6667,2.4,4.0,4.6667,4.0,5.0,5.6667,4.6,3.7692,0.0,0.0,25.0,12.3333,14.0,26.3333,39.0,38.6667,0.0,0.0,0.1111111111111111,0.14075080515297905,0.10804022668153102,0.06581867144994234,-0.09302325581395349,-0.07039831306767606,-0.05131871084180749,0.10155038759689922,0.16184738858209535,0.12613724243303132,1,3,5,16.0,19.666666666666668,20.8,0.25,0.29,0.31799999999999995,,,6.166666666666667,7.181818181818182,9.875,1.1529411764705884,6.823529411764706,129,13,1,23.500000000000004,16.166666666666668,16.64,16.907692307692308,26.0,23.666666666666668,24.23076923076923,0.0,66.15384615384616,32.92307692307692,0.3076923076923077,2026-08-21 11:12:46
2025,16,2025_16_MIN_NYG,2025-12-21,00-0033293,A.Jones,Aaron Jones,RB,MIN,NYG,AWAY,0,7,7,-2.5,41.5,0,outdoors,fieldturf,11.3,test,v1_prior_game,112,10,2025.0,15.0,2025-12-14,MIN,7.0,0,0,1,1,1,0,9.5,7.2,8.28,2.4681977230359804,4.5,11.1,9.209999999999999,4.567384371825957,0.0,0.0,0.0,0.0,12.0,10.6667,11.4,9.3,3.0,2.6667,3.6,3.4,3.0,2.3333,2.6,15.0,13.0,14.0,15.0,13.3333,15.0,12.7,0.0,0.0,34.0,37.6667,31.0,17.6667,65.0,55.3333,0.0,0.0,0.125,0.10213643178410796,0.1432263035149092,0.12803818836806916,-0.01606425702811245,-0.06850948862177998,-0.03998595207274437,0.1762550200803213,0.10524800564091592,0.18684928882144272,1,3,5,32.0,26.666666666666668,29.2,0.58,0.4666666666666666,0.546,,,3.53125,6.625,7.571428571428571,0.54,4.15,130,14,1,16.8,33.833333333333336,28.76,27.564285714285717,28.0,31.0,26.928571428571427,0.0,123.64285714285714,32.714285714285715,1.2142857142857142,2026-08-21 11:12:46
2025,16,2025_16_JAX_DEN,2025-12-21,00-0040238,L.Allen,LeQuint Allen Jr.,RB,JAX,DEN,AWAY,0,7,7,3.5,46.5,0,outdoors,grass,1.0,test,v1_prior_game,14,14,2025.0,15.0,2025-12-14,JAX,7.0,0,0,1,1,1,0,2.6,1.8,1.8399999999999999,1.6334013591276335,0.0,3.6,1.6785714285714288,1.0569757812730631,0.0,0.0,0.0,0.0,4.0,1.3333,2.6,1.2857,1.0,1.0,0.6,0.7857,1.0,1.0,0.6,5.0,2.3333,3.2,5.0,2.3333,3.2,2.0714,0.0,0.0,11.0,3.6667,5.0,4.3333,16.0,8.0,0.0,0.0,0.03571428571428571,0.03341013824884793,0.020046082949308756,0.024074230765041067,-0.005780346820809248,-0.00893378928061009,-0.005360273568366054,0.049525185796862096,0.04386155487684482,0.026316932926106894,1,3,5,18.0,16.333333333333332,14.4,0.29,0.26,0.22599999999999998,,,2.75,4.333333333333333,4.333333333333333,0.7714285714285715,3.4285714285714284,130,14,1,26.100000000000005,16.733333333333334,16.8,17.5,21.0,20.0,23.285714285714285,0.0,74.71428571428571,23.857142857142858,0.8571428571428571,2026-08-21 11:12:46
2025,17,2025_17_NE_NYJ,2025-12-28,00-0036842,K.Nwangwu,Kene Nwangwu,RB,NYJ,NE,HOME,1,7,7,-12.5,42.5,1,outdoors,fieldturf,3.1,test,v1_prior_game,41,8,2025.0,16.0,2025-12-21,NYJ,7.0,0,0,1,1,1,0,0.0,0.0,1.2,2.6832815729997477,0.0,6.0,0.75,2.1213203435596424,0.0,0.0,0.0,0.0,0.0,0.0,0.0,0.0,0.0,0.0,0.0,0.0,0.0,0.0,0.0,0.0,0.0,0.0,0.0,0.0,0.0,0.0,0.0,0.0,0.0,0.0,0.0,0.0,0.0,0.0,0.0,0.0,0.0,0.0,0.0,0.0,0.0,0.0,0.0,0.0,0.0,0.0,1,3,5,0.0,0.0,0.0,0.0,0.0,0.0,,,,,,,,131,15,1,26.3,29.666666666666668,22.8,19.02,29.0,29.333333333333332,25.133333333333333,0.0,74.73333333333333,30.8,0.6,2026-08-21 11:12:46
2025,17,2025_17_DET_MIN,2025-12-25,00-0038440,Z.Scott,Zavier Scott,RB,MIN,DET,HOME,1,4,4,-7.0,45.5,1,dome,sportturf,0.0,test,v1_prior_game,9,9,2025.0,16.0,2025-12-21,MIN,4.0,0,0,1,1,1,0,2.2,2.766666666666667,2.54,1.6241921068642098,0.0,4.4,4.055555555555556,5.029192557237969,0.0,0.0,0.0,0.0,2.0,2.6667,2.0,3.2222,1.0,1.0,1.0,1.6667,1.0,1.0,1.0,3.0,3.6667,3.0,3.0,3.6667,3.0,4.8889,0.0,0.0,4.0,12.0,8.0,5.6667,12.0,17.6667,0.0,0.0,0.043478260869565216,0.04047976011994003,0.03762118940529735,0.04947208935214932,-0.04,-0.030397244726233803,-0.0367568653542588,0.03721739130434783,0.03944156887154638,0.030701978359964865,1,3,5,8.0,8.0,6.0,0.13,0.1366666666666667,0.10600000000000001,,,4.5,5.666666666666667,5.666666666666667,0.7545454545454546,4.818181818181818,131,15,1,52.900000000000006,34.36666666666667,27.640000000000004,19.993333333333336,32.0,27.666666666666668,25.533333333333335,0.0,92.26666666666667,25.666666666666668,0.8,2026-08-21 11:12:46
2025,17,2025_17_DET_MIN,2025-12-25,00-0039139,J.Gibbs,Jahmyr Gibbs,RB,DET,MIN,AWAY,0,4,4,-7.0,45.5,1,dome,sportturf,6.4,test,v1_prior_game,47,15,2025.0,16.0,2025-12-21,DET,4.0,0,0,1,1,1,0,22.8,23.2,27.32,19.08329112076845,9.8,55.400000000000006,22.680000000000003,13.829430315712317,0.0,0.0,0.0,0.0,7.0,10.6667,13.4,13.8,13.0,9.0,8.6,5.7333,10.0,7.0,7.0,17.0,17.6667,20.4,20.0,19.6667,22.0,19.5333,0.0,0.0,2.0,27.6667,66.0,54.3333,68.0,82.0,1.0,1.3333,0.25,0.2200056593095642,0.2247909199522103,0.16691690606143988,0.07301587301587302,0.05528384412645012,0.038600170729263736,0.4261111111111111,0.3687071798528614,0.3642064994388,1,3,5,64.0,53.0,50.6,0.86,0.7866666666666666,0.76,,,2.59375,6.037037037037037,7.761904761904762,1.1796610169491524,4.169491525423729,131,15,1,15.400000000000002,18.933333333333334,21.82,20.566666666666666,30.0,26.333333333333332,30.933333333333334,0.0,107.73333333333333,19.266666666666666,0.8,2026-08-21 11:12:46
2025,17,2025_17_DAL_WAS,2025-12-25,00-0040242,J.Croskey-Merritt,Jacory Croskey-Merritt,RB,WAS,DAL,HOME,1,5,4,-8.5,50.5,1,outdoors,grass,22.5,test,v1_prior_game,15,15,2025.0,16.0,2025-12-20,WAS,5.0,0,0,1,1,1,0,8.5,9.1,6.720000000000001,5.535070008590678,2.0,15.600000000000001,7.66,6.8430152084338625,0.0,0.0,0.0,0.0,8.0,11.0,9.2,10.0667,0.0,0.0,0.2,0.8667,0.0,0.0,0.2,8.0,11.0,9.4,8.0,11.0,9.4,10.9333,0.0,0.0,25.0,51.0,0.0,0.0,25.0,51.0,1.0,0.6667,0.0,0.0,0.006896551724137931,0.033796406968046956,0.0,0.0,-0.0036199095022624436,0.0,0.0,0.007810890934623185,1,3,5,11.0,17.666666666666668,16.8,0.2,0.3033333333333333,0.264,,,4.636363636363637,,,0.8272727272727273,4.636363636363637,131,15,1,19.0,27.566666666666663,22.04,23.880000000000003,27.0,26.0,26.066666666666666,0.0,92.4,44.4,0.9333333333333333,2026-08-21 11:12:46
2025,18,2025_18_MIA_NE,2026-01-04,00-0035628,D.Johnson,D'Ernest Johnson,RB,NE,MIA,HOME,1,7,7,14.0,44.5,1,outdoors,fieldturf,1.3,test,v1_prior_game,78,4,2025.0,17.0,2025-12-28,NE,7.0,0,0,1,1,1,0,0.5,0.4000000000000001,0.9600000000000002,1.4976648490233053,0.0,3.6,0.30000000000000004,0.2943920288775949,0.0,0.0,0.0,0.0,4.0,2.6667,2.2,2.25,0.0,0.0,0.4,0.0,0.0,0.0,0.2,4.0,2.6667,2.4,4.0,2.6667,2.6,2.25,0.0,0.0,5.0,4.0,0.0,0.0,5.0,4.0,0.0,0.0,0.0,0.0,0.012903225806451613,0.0,0.0,0.0,0.0022222222222222222,0.0,0.0,0.020910394265232973,1,3,5,8.0,7.333333333333333,9.8,0.12,0.11333333333333333,0.142,,,1.5,,,0.15000000000000002,1.5,132,16,1,12.8,28.766666666666666,20.84,23.04375,22.0,29.666666666666668,27.75,0.0,101.5625,36.375,0.6875,2026-08-21 11:12:46
2025,18,2025_18_NYJ_BUF,2026-01-04,00-0036842,K.Nwangwu,Kene Nwangwu,RB,NYJ,BUF,AWAY,0,7,7,12.5,39.5,1,outdoors,a_turf,1.8,test,v1_prior_game,42,9,2025.0,17.0,2025-12-28,NYJ,7.0,0,0,1,1,1,0,3.1,1.0333333333333334,0.62,1.3863621460498696,0.0,3.1,1.011111111111111,2.1333333333333333,0.0,0.0,0.0,0.0,6.0,2.0,1.2,0.6667,0.0,0.0,0.0,0.0,0.0,0.0,0.0,6.0,2.0,1.2,6.0,2.0,1.2,0.6667,0.0,0.0,31.0,10.3333,0.0,0.0,31.0,10.3333,0.0,0.0,0.0,0.0,0.0,0.0,0.0,0.0,0.0,0.0,0.0,0.0,1,3,5,11.0,3.6666666666666665,2.2,0.18,0.06,0.036,,,5.166666666666667,,,0.5166666666666667,5.166666666666667,131,16,1,8.9,24.96666666666667,23.48,24.956249999999997,24.0,27.666666666666668,27.0625,0.0,110.25,26.1875,1.25,2026-08-21 11:12:46
2025,18,2025_18_CAR_TB,2026-01-03,00-0037256,R.White,Rachaad White,RB,TB,CAR,HOME,1,6,6,3.0,43.5,1,outdoors,grass,6.1000000000000005,test,v1_prior_game,65,16,2025.0,17.0,2025-12-28,TB,6.0,0,0,1,1,1,0,3.7,5.1000000000000005,5.54,1.887591057406238,3.6,8.0,8.55625,5.64493504538951,0.0,0.0,0.0,0.0,2.0,2.6667,4.2,7.8125,2.0,1.6667,2.0,2.6875,2.0,1.6667,1.8,4.0,4.3333,6.0,4.0,4.3333,6.2,10.5,0.0,0.0,10.0,25.0,7.0,9.3333,17.0,34.3333,0.0,0.0,0.045454545454545456,0.05223484848484849,0.06870354645354645,0.08209442933244687,-0.025,-0.016462364797973278,-0.0293339406179144,0.050681818181818175,0.06682861736869143,0.08252156124777958,1,3,5,32.0,28.666666666666668,29.0,0.48,0.43,0.43200000000000005,,,9.375,5.6,5.6,1.176923076923077,7.923076923076923,132,16,1,33.900000000000006,24.900000000000002,26.920000000000005,24.625,37.0,28.333333333333332,27.875,0.0,106.5,28.5,1.125,2026-08-21 11:12:46
2025,18,2025_18_DAL_NYG,2026-01-04,00-0039384,T.Tracy,Tyrone Tracy Jr.,RB,NYG,DAL,HOME,1,7,10,-3.0,50.5,1,outdoors,fieldturf,27.9,test,v1_prior_game,31,14,2025.0,17.0,2025-12-28,NYG,7.0,0,0,1,1,1,0,6.7,13.733333333333334,12.3,8.201524248577213,4.300000000000001,24.700000000000003,9.492857142857144,6.234206418649424,0.0,0.0,0.0,0.0,14.0,15.0,15.0,11.2857,2.0,2.6667,2.6,2.7857,1.0,2.0,2.0,15.0,17.0,17.0,16.0,17.6667,17.6,14.0714,0.0,0.0,62.0,67.6667,-5.0,9.6667,57.0,77.3333,0.0,0.6667,0.06896551724137931,0.11130759406621475,0.09864730153776806,0.09544865560965966,0.09554140127388536,0.03690435044308545,0.0187727792889192,0.1703272567537887,0.19279443640948193,0.1611118978088955,1,3,5,42.0,43.0,42.8,0.66,0.68,0.648,,,4.511111111111111,3.625,4.833333333333333,0.7773584905660378,4.377358490566038,132,16,1,26.5,19.3,24.7,24.043750000000003,15.0,22.333333333333332,25.375,0.0,93.0625,42.375,1.0,2026-08-21 11:12:46
2025,18,2025_18_ARI_LA,2026-01-04,00-0039738,B.Corum,Blake Corum,RB,LA,ARI,HOME,1,6,7,14.5,49.5,1,dome,matrixturf,7.9,test,v1_prior_game,31,16,2025.0,17.0,2025-12-29,LA,6.0,0,0,1,1,1,0,1.8,9.333333333333334,13.64,8.60569578825559,1.8,26.1,7.14375,6.703229942845962,0.0,0.0,0.0,0.0,6.0,10.3333,10.0,8.25,0.0,0.6667,0.6,0.8125,0.0,0.3333,0.4,6.0,10.6667,10.4,6.0,11.0,10.6,9.0625,0.0,0.0,18.0,45.6667,0.0,4.3333,18.0,50.0,0.0,0.6667,0.0,0.013888888888888888,0.014784946236559137,0.022343398883984438,0.0,0.007686932215234102,0.006405881302234631,0.0,0.026214185883997206,0.02666153626640295,1,3,5,16.0,25.333333333333332,23.0,0.25,0.3333333333333333,0.328,,,4.419354838709677,6.5,13.0,0.8484848484848486,4.545454545454546,132,16,1,40.300000000000004,34.46666666666667,34.660000000000004,26.675,33.0,37.0,29.1875,0.0,112.9375,34.4375,1.3125,2026-08-21 11:12:46
2025,1,2025_01_MIN_CHI,2025-09-08,00-0035229,T.Hockenson,T.J. Hockenson,TE,MIN,CHI,AWAY,0,7,7,-1.5,43.5,1,outdoors,grass,4.5,test,v1_prior_game,82,0,2024.0,18.0,2025-01-05,MIN,246.0,0,1,1,1,1,0,2.9,6.466666666666666,7.62,3.7318896017969236,2.9,11.8,,,0.0,0.0,0.0,,0.0,0.0,0.0,,8.0,6.3333,6.2,,2.0,3.0,3.6,2.0,3.0,3.6,8.0,6.3333,6.2,,0.0,0.0,0.0,0.0,9.0,34.6667,9.0,34.6667,0.0,0.0,0.21052631578947367,0.16657497402041688,0.1734971079643737,,0.275,0.21555740108236252,0.18956394482222064,0.5082894736842105,0.400752641788279,0.392940423322115,1,3,5,51.0,49.0,46.8,0.78,0.7233333333333333,0.6880000000000001,,,,5.473684210526316,11.555555555555555,1.0210526315789472,5.473684210526316,115,0,1,10.5,10.833333333333334,13.040000000000001,,8.0,7.0,,,,,,2026-08-21 11:12:46
2025,1,2025_01_DET_GB,2025-09-07,00-0038996,T.Kraft,Tucker Kraft,TE,GB,DET,HOME,1,7,7,1.5,48.5,1,outdoors,grass,9.9,test,v1_prior_game,31,0,2024.0,18.0,2025-01-05,GB,245.0,0,1,1,1,1,0,7.6,8.133333333333333,8.58,2.914961406262526,5.4,13.100000000000001,,,0.0,0.0,0.0,,0.0,0.3333,0.2,,7.0,4.6667,4.2,,4.0,3.0,2.8,4.0,3.3333,3.0,7.0,4.6667,4.2,,0.0,0.0,0.0,0.6667,36.0,50.6667,36.0,51.3333,0.0,0.0,0.28,0.1771988080034057,0.17433547913402722,,0.1796116504854369,0.11809065788687052,0.13752511420687838,0.5457281553398059,0.348461672525918,0.3577707986458557,1,3,5,62.0,53.0,52.0,0.95,0.8099999999999999,0.8400000000000001,,,2.0,10.857142857142858,16.88888888888889,1.7428571428571427,11.0,116,0,1,6.5,12.066666666666668,13.2,,11.0,7.333333333333333,,,,,,2026-08-21 11:12:46
2025,1,2025_01_DET_GB,2025-09-07,00-0039065,S.LaPorta,Sam LaPorta,TE,DET,GB,AWAY,0,7,7,1.5,48.5,1,outdoors,grass,13.9,test,v1_prior_game,33,0,2024.0,18.0,2025-01-05,DET,245.0,0,1,1,1,1,0,13.3,15.333333333333334,14.9,3.3786091813052304,10.4,18.4,,,0.0,0.0,0.0,,0.0,0.0,0.0,,7.0,7.3333,7.8,,7.0,5.6667,5.8,7.0,5.6667,5.8,7.0,7.3333,7.8,,0.0,0.0,0.0,0.0,63.0,56.6667,63.0,56.6667,0.0,0.6667,0.21875,0.22664141414141414,0.20802188552188552,,0.24074074074074073,0.2611237087427563,0.2651298366359386,0.4966435185185185,0.5227487173320506,0.49762371392798527,1,3,5,68.0,64.66666666666667,68.6,1.0,0.9500000000000001,0.9440000000000002,,,,7.7272727272727275,10.0,2.090909090909091,7.7272727272727275,115,0,1,2.3,8.6,8.44,,2.0,4.666666666666667,,,,,,2026-08-21 11:12:46
2025,1,2025_01_NYG_WAS,2025-09-07,00-0039686,C.Yankoff,Colson Yankoff,TE,WAS,NYG,HOME,1,7,7,6.0,45.5,1,outdoors,grass,0.0,test,v1_prior_game,4,0,2024.0,7.0,2024-10-20,WAS,322.0,0,1,1,1,0,0,0.0,0.0,0.0,0.0,0.0,0.0,,,0.0,0.0,0.0,,0.0,0.0,0.0,,0.0,0.0,0.0,,0.0,0.0,0.0,0.0,0.0,0.0,0.0,0.0,0.0,,0.0,0.0,0.0,0.0,0.0,0.0,0.0,0.0,0.0,0.0,0.0,0.0,0.0,,0.0,0.0,0.0,0.0,0.0,0.0,1,3,4,5.0,2.0,1.5,0.07,0.02666666666666667,0.02,,,,,,,,115,0,1,20.2,9.433333333333334,13.080000000000002,,11.0,6.666666666666667,,,,,,2026-08-21 11:12:46
2025,1,2025_01_SF_SEA,2025-09-07,00-0039793,A.Barner,AJ Barner,TE,SEA,SF,HOME,1,7,7,-2.5,43.5,1,outdoors,fieldturf,1.2,test,v1_prior_game,15,0,2024.0,18.0,2025-01-05,SEA,245.0,0,1,1,1,1,0,14.4,8.4,7.38,5.418210036534206,1.5,14.4,,,0.0,0.0,0.0,,0.0,0.0,0.0,,5.0,3.3333,2.6,,5.0,2.6667,2.2,5.0,2.6667,2.2,5.0,3.3333,2.6,,0.0,0.0,0.0,0.0,34.0,17.3333,34.0,17.3333,1.0,0.6667,0.18518518518518517,0.10985947545087331,0.08660534044293777,,0.03255813953488372,0.07210783467437992,0.03768974018549228,0.3005684754521964,0.21526469744837592,0.15629082879425127,1,3,5,31.0,22.333333333333332,23.4,0.56,0.3833333333333333,0.388,,,,5.2,6.5,2.5200000000000005,5.2,116,0,1,19.5,17.2,11.879999999999999,,11.0,9.0,,,,,,2026-08-21 11:12:46
2025,2,2025_02_JAX_CIN,2025-09-14,00-0036590,Q.Morris,Quintin Morris,TE,JAX,CIN,AWAY,0,7,7,3.5,49.5,0,outdoors,fieldturf,0.0,test,v1_prior_game,21,0,2024.0,18.0,2025-01-05,BUF,252.0,0,1,1,1,1,1,5.0,1.6666666666666667,1.48,2.2253089673121798,0.0,5.0,,,0.0,0.0,0.0,,0.0,0.0,0.0,,4.0,1.6667,1.2,,3.0,1.0,0.8,3.0,1.0,0.8,4.0,1.6667,1.2,,0.0,0.0,0.0,0.0,20.0,6.6667,20.0,6.6667,0.0,0.0,0.12903225806451613,0.05535643170051772,0.04432497013142174,,0.048672566371681415,0.055439875065070275,0.044074735849852976,0.22761918355695118,0.12184256009632577,0.0973397702920297,1,3,5,62.0,25.333333333333332,20.4,0.93,0.3766666666666667,0.31399999999999995,,,,4.0,6.666666666666667,1.0,4.0,116,1,1,20.3,15.766666666666666,18.8,20.3,15.0,10.333333333333334,15.0,0.0,3.0,100.0,0.0,2026-08-21 11:12:46
2025,2,2025_02_LA_TEN,2025-09-14,00-0037809,C.Okonkwo,Chig Okonkwo,TE,TEN,LA,HOME,1,7,7,-5.5,41.5,0,outdoors,grass,7.5,test,v1_prior_game,50,1,2025.0,1.0,2025-09-07,TEN,7.0,0,0,1,1,1,0,4.9,11.633333333333333,10.52,6.362546659946786,3.8,19.1,4.9,,0.0,0.0,0.0,0.0,0.0,0.3333,0.2,0.0,4.0,7.3333,7.2,4.0,3.0,5.6667,5.6,3.0,6.0,5.8,4.0,7.3333,7.2,4.0,0.0,0.0,0.0,5.6667,19.0,47.3333,19.0,53.0,0.0,0.0,0.16,0.24222222222222223,0.2243873873873874,0.16,0.05102040816326531,0.1885375375174636,0.19489216400552012,0.2757142857142857,0.4953096095955578,0.4730055958849452,1,3,5,50.0,51.0,48.6,0.88,0.8233333333333333,0.764,,,17.0,6.454545454545454,8.352941176470589,1.5863636363636362,7.2272727272727275,116,1,1,12.0,26.100000000000005,20.5,12.0,9.0,13.0,9.0,0.0,0.0,50.0,0.0,2026-08-21 11:12:46
2025,2,2025_02_WAS_GB,2025-09-11,00-0039912,B.Sinnott,Ben Sinnott,TE,WAS,GB,AWAY,0,4,4,3.5,48.5,0,outdoors,grass,1.7000000000000002,test,v1_prior_game,7,0,2024.0,15.0,2024-12-15,WAS,270.0,0,1,1,1,1,0,1.7000000000000002,1.0,2.7600000000000002,3.3649665674416442,0.0,8.6,,,0.0,0.0,0.0,,0.0,0.0,0.0,,1.0,0.6667,1.0,,1.0,0.6667,1.0,1.0,0.6667,1.0,1.0,0.6667,1.0,,0.0,0.0,0.0,0.0,7.0,3.3333,7.0,3.3333,0.0,0.0,0.03225806451612903,0.021863799283154118,0.03964459535936616,,0.011363636363636364,0.007803943044906901,0.0107429718875502,0.056341642228739,0.03825845905616601,0.06698697336033438,1,3,5,42.0,29.0,28.4,0.54,0.37666666666666665,0.394,,,,5.0,5.0,1.5,5.0,116,1,1,13.9,9.9,9.14,13.9,9.0,6.0,9.0,0.0,0.0,79.0,0.0,2026-08-21 11:12:46
2025,3,2025_03_MIA_BUF,2025-09-18,00-0038720,J.Hill,Julian Hill,TE,MIA,BUF,AWAY,0,4,4,12.5,50.5,1,outdoors,a_turf,1.4,test,v1_prior_game,25,1,2025.0,1.0,2025-09-07,MIA,11.0,0,0,1,1,1,0,2.0,0.6666666666666666,0.8800000000000001,1.2132600710482482,0.0,2.4000000000000004,2.0,,0.0,0.0,0.0,0.0,0.0,0.0,0.0,0.0,0.0,0.3333,0.4,0.0,0.0,0.0,0.2,0.0,0.0,0.2,0.0,0.3333,0.4,0.0,0.0,0.0,0.0,0.0,0.0,0.0,0.0,0.0,0.0,0.0,0.0,0.009009009009009009,0.009849849849849851,0.0,0.0,0.0,0.00425531914893617,0.0,0.013513513513513514,0.017753498179030096,1,3,5,28.0,36.0,34.2,0.58,0.6033333333333334,0.542,,,,0.0,,2.0,0.0,117,2,1,9.0,6.7,13.039999999999997,5.25,3.0,3.6666666666666665,2.0,0.0,0.0,7.5,0.5,2026-08-21 11:12:46
2025,3,2025_03_LV_WAS,2025-09-21,00-0039338,B.Bowers,Brock Bowers,TE,LV,WAS,AWAY,0,6,10,2.5,43.5,0,outdoors,grass,9.8,test,v1_prior_game,19,2,2025.0,2.0,2025-09-15,LV,6.0,0,0,1,1,1,0,8.8,13.033333333333333,14.919999999999998,4.285673809332669,8.8,20.9,12.05,4.596194077712559,0.0,0.0,0.0,0.0,0.0,0.0,0.2,0.0,8.0,8.3333,9.0,8.0,5.0,4.6667,6.4,5.0,4.6667,6.6,8.0,8.3333,9.0,8.0,0.0,0.0,0.0,0.0,38.0,63.6667,38.0,63.6667,0.0,0.3333,0.18604651162790697,0.23105887880169684,0.24890559755128844,0.2142353770260747,0.17525773195876287,0.24318735318433093,0.21080423008119625,0.40175017981299443,0.5168194654315769,0.5209213573837701,1,3,5,54.0,44.666666666666664,54.8,0.77,0.7399999999999999,0.8160000000000001,,,,7.64,13.642857142857142,1.564,7.64,117,2,1,29.599999999999998,13.433333333333332,11.26,16.75,9.0,6.333333333333333,6.5,0.0,0.0,87.5,0.5,2026-08-21 11:12:46
2025,4,2025_04_JAX_SF,2025-09-28,00-0038643,B.Willis,Brayden Willis,TE,SF,JAX,HOME,1,7,7,3.5,45.5,0,outdoors,grass,0.0,test,v1_prior_game,8,2,2025.0,3.0,2025-09-21,SF,7.0,0,0,1,1,1,0,0.0,0.0,0.0,0.0,0.0,0.0,0.0,0.0,0.0,0.0,0.0,0.0,0.0,0.0,0.0,0.0,0.0,1.0,0.6,0.5,0.0,0.0,0.0,0.0,0.0,0.0,0.0,1.0,0.6,0.5,0.0,0.0,0.0,0.0,0.0,0.0,0.0,0.0,0.0,0.0,0.0,0.024644945697577275,0.014786967418546366,0.013157894736842105,0.0,0.013569945547851294,0.008141967328710777,0.0,0.046466380429861814,0.02787982825791709,1,3,5,1.0,6.666666666666667,4.4,0.02,0.09000000000000001,0.06200000000000001,,,,0.0,,0.0,0.0,118,3,1,8.9,9.033333333333333,10.120000000000001,9.033333333333333,6.0,6.666666666666667,6.666666666666667,0.0,0.0,40.333333333333336,0.0,2026-08-21 11:12:46
2025,4,2025_04_LAC_NYG,2025-09-28,00-0040189,O.Gadsden,Oronde Gadsden II,TE,LAC,NYG,AWAY,0,7,7,-6.0,43.5,0,outdoors,fieldturf,3.6,test,v1_prior_game,1,1,2025.0,3.0,2025-09-21,LAC,7.0,0,0,1,0,0,0,9.600000000000001,9.600000000000001,9.600000000000001,,9.600000000000001,9.600000000000001,9.600000000000001,,0.0,0.0,0.0,0.0,0.0,0.0,0.0,0.0,7.0,7.0,7.0,7.0,5.0,5.0,5.0,5.0,5.0,5.0,7.0,7.0,7.0,7.0,0.0,0.0,0.0,0.0,46.0,46.0,46.0,46.0,0.0,0.0,0.15555555555555556,0.15555555555555556,0.15555555555555556,0.15555555555555556,0.1351981351981352,0.1351981351981352,0.1351981351981352,0.32797202797202796,0.32797202797202796,0.32797202797202796,1,1,1,22.0,22.0,22.0,0.26,0.26,0.26,,,,6.571428571428571,9.2,1.3714285714285717,6.571428571428571,118,3,1,11.3,13.666666666666666,13.520000000000001,13.666666666666666,13.0,11.0,11.0,0.0,0.0,50.0,0.3333333333333333,2026-08-21 11:12:46
2025,5,2025_05_DET_CIN,2025-10-05,00-0036754,B.Wright,Brock Wright,TE,DET,CIN,AWAY,0,7,6,-10.5,49.5,0,outdoors,fieldturf,8.9,test,v1_prior_game,44,2,2025.0,4.0,2025-09-28,DET,7.0,0,0,1,1,1,0,0.0,3.9333333333333336,2.8200000000000003,5.117812032499827,0.0,11.8,5.9,8.34386001800126,0.0,0.0,0.0,0.0,0.0,0.0,0.0,0.0,0.0,1.0,1.0,1.5,0.0,1.0,0.8,0.0,1.0,0.8,0.0,1.0,1.0,1.5,0.0,0.0,0.0,0.0,0.0,9.3333,0.0,9.3333,0.0,0.3333,0.0,0.03571428571428571,0.032880184331797235,0.05357142857142857,0.0,0.0036496350364963507,0.027090574672691457,0.0,0.05612617309697601,0.06828367876857987,1,3,5,24.0,27.666666666666668,32.4,0.4,0.4466666666666666,0.476,,,,9.333333333333334,9.333333333333334,3.9333333333333336,9.333333333333334,119,4,1,14.600000000000001,14.466666666666669,17.24,15.925,13.0,8.333333333333334,10.0,0.0,0.75,61.0,0.5,2026-08-21 11:12:46
2025,5,2025_05_DAL_NYJ,2025-10-05,00-0038547,L.Schoonmaker,Luke Schoonmaker,TE,DAL,NYJ,AWAY,0,7,6,1.5,48.5,0,outdoors,fieldturf,1.3,test,v1_prior_game,28,4,2025.0,4.0,2025-09-28,DAL,7.0,0,0,1,1,1,0,2.8,1.4333333333333333,1.5799999999999998,1.6254230218623091,0.0,3.6,1.075,1.3499999999999999,0.0,0.0,0.0,0.0,0.0,0.0,0.0,0.0,2.0,1.6667,1.6,1.5,2.0,1.0,1.0,2.0,1.0,1.0,2.0,1.6667,1.6,1.5,0.0,0.0,0.0,0.0,8.0,4.3333,8.0,4.3333,0.0,0.0,0.05263157894736842,0.037940130045393206,0.0409458962090541,0.03603085510980248,0.012232415902140673,0.02648685363049323,0.03565866642459369,0.0875100595525511,0.07545099260943505,0.08637991081079674,1,3,5,19.0,24.0,24.6,0.28,0.31,0.32799999999999996,,,,2.6,4.333333333333333,0.86,2.6,119,4,1,20.6,11.233333333333334,14.120000000000001,13.0,6.0,6.0,6.75,0.0,0.0,37.5,0.75,2026-08-21 11:12:46
2025,5,2025_05_MIA_CAR,2025-10-05,00-0038720,J.Hill,Julian Hill,TE,MIA,CAR,AWAY,0,6,7,-1.5,44.5,0,outdoors,grass,6.2,test,v1_prior_game,27,3,2025.0,4.0,2025-09-29,MIA,6.0,0,0,1,1,1,0,2.9000000000000004,2.1,1.2600000000000002,1.2680693987317888,0.0,2.9000000000000004,2.1,0.7549834435270751,0.0,0.0,0.0,0.0,0.0,0.0,0.0,0.0,2.0,1.0,0.8,1.0,1.0,0.6667,0.4,1.0,0.6667,0.4,2.0,1.0,0.8,1.0,0.0,0.0,0.0,0.0,19.0,7.6667,19.0,7.6667,0.0,0.0,0.08,0.03676767676767677,0.027466011466011464,0.03676767676767677,0.014598540145985401,0.006500166976766375,0.003900100186059825,0.13021897810218977,0.05970163203525161,0.04392908732925908,1,3,5,40.0,34.0,36.4,0.69,0.61,0.612,,,,7.666666666666667,11.5,2.1,7.666666666666667,120,4,1,15.3,14.666666666666666,13.0,15.375,3.0,6.666666666666667,6.5,0.0,0.0,71.25,0.5,2026-08-21 11:12:46
2025,6,2025_06_DET_KC,2025-10-12,00-0030506,T.Kelce,Travis Kelce,TE,KC,DET,HOME,1,6,7,2.5,51.5,0,outdoors,grass,13.8,test,v1_prior_game,116,5,2025.0,5.0,2025-10-06,KC,6.0,0,0,1,1,1,0,19.1,11.833333333333334,11.66,4.688603203513814,6.6,19.1,11.66,4.688603203513814,0.0,0.0,0.0,0.0,0.0,0.0,0.0,0.0,8.0,6.6667,6.0,6.0,7.0,5.3333,4.4,7.0,5.3333,4.4,8.0,6.6667,6.0,6.0,0.0,0.0,0.0,0.0,61.0,45.0,61.0,45.0,1.0,0.3333,0.2,0.18095238095238098,0.1710033704952035,0.1710033704952035,0.08229426433915212,0.0804163365002646,0.0899101990866549,0.35760598503740654,0.3277200069787567,0.3194421951034637,1,3,5,51.0,50.666666666666664,49.8,0.8,0.7333333333333334,0.7619999999999999,,,,6.75,8.4375,1.775,6.75,121,5,1,4.4,14.433333333333332,12.14,12.14,6.0,8.333333333333334,6.8,0.0,0.8,42.6,0.6,2026-08-21 11:12:46
2025,6,2025_06_DAL_CAR,2025-10-12,00-0038041,J.Ferguson,Jake Ferguson,TE,DAL,CAR,AWAY,0,7,7,-3.0,47.5,0,outdoors,grass,12.3,test,v1_prior_game,47,5,2025.0,5.0,2025-10-05,DAL,7.0,0,0,1,1,1,0,23.9,20.7,17.240000000000002,6.30658386133095,7.300000000000001,23.9,17.240000000000002,6.30658386133095,0.0,0.0,0.0,0.0,0.0,0.0,0.0,0.0,9.0,10.0,9.6,9.6,7.0,9.0,8.2,7.0,9.0,8.2,9.0,10.0,9.6,9.6,0.0,0.0,0.0,0.0,49.0,57.0,49.0,57.0,2.0,1.0,0.32142857142857145,0.274606971975393,0.24728166570271837,0.24728166570271837,0.09051724137931035,0.0987211076327736,0.12450926032434502,0.5455049261083744,0.4810152333060311,0.45807898078111897,1,3,5,33.0,43.0,48.2,0.55,0.6333333333333334,0.6799999999999999,,,,5.7,6.333333333333333,2.07,5.7,121,5,1,28.6,17.433333333333334,18.02,18.02,12.0,7.333333333333333,7.6,0.0,0.0,80.2,0.6,2026-08-21 11:12:46
2025,6,2025_06_LA_BAL,2025-10-12,00-0038046,C.Kolar,Charlie Kolar,TE,BAL,LA,HOME,1,7,10,-7.0,43.5,0,outdoors,grass,0.0,test,v1_prior_game,22,2,2025.0,5.0,2025-10-05,BAL,7.0,0,0,1,1,1,0,2.0,2.6,1.8399999999999999,1.5192103211866355,0.0,4.2,3.1,1.5556349186104046,0.0,0.0,0.0,0.0,0.0,0.0,0.0,0.0,1.0,1.6667,1.2,2.0,1.0,1.3333,1.0,1.0,1.3333,1.0,1.0,1.6667,1.2,2.0,0.0,0.0,0.0,0.0,10.0,12.6667,10.0,12.6667,0.0,0.0,0.05,0.06825396825396825,0.047202380952380954,0.07857142857142857,0.06134969325153374,0.06468500536590055,0.04214433655287367,0.11794478527607363,0.14766045613708279,0.100304607015583,1,3,5,20.0,27.0,23.4,0.47,0.49,0.41,,,,7.6,9.5,1.56,7.6,120,5,1,18.900000000000002,15.833333333333334,13.98,13.98,13.0,7.0,7.6,0.0,0.6,49.2,0.6,2026-08-21 11:12:46
2025,6,2025_06_ARI_IND,2025-10-12,00-0039041,E.Higgins,Elijah Higgins,TE,ARI,IND,AWAY,0,7,7,8.5,46.5,0,closed,fieldturf,5.4,test,v1_prior_game,31,5,2025.0,5.0,2025-10-05,ARI,7.0,0,0,1,1,1,0,3.0,1.5666666666666667,2.5,2.478911051248108,0.0,6.5,2.5,2.478911051248108,0.0,0.0,0.0,0.0,0.0,0.0,0.0,0.0,2.0,1.0,1.6,1.6,2.0,1.0,1.2,2.0,1.0,1.2,2.0,1.0,1.6,1.6,0.0,0.0,0.0,0.0,10.0,5.6667,10.0,5.6667,0.0,0.0,0.06666666666666667,0.03202614379084967,0.05700878972278567,0.05700878972278567,-0.019138755980861243,0.003036610529920075,0.026596062703494218,0.08660287081339714,0.05016484305721856,0.10413042847662446,1,3,5,20.0,13.0,16.2,0.29,0.19000000000000003,0.254,,,,5.666666666666667,5.666666666666667,1.5666666666666667,5.666666666666667,121,5,1,13.6,13.366666666666667,11.66,11.66,9.0,8.666666666666666,7.0,0.0,0.0,46.6,0.2,2026-08-21 11:12:46
2025,7,2025_07_HOU_SEA,2025-10-20,00-0036232,H.Bryant,Harrison Bryant,TE,HOU,SEA,AWAY,0,15,8,3.0,41.5,0,outdoors,fieldturf,0.0,test,v1_prior_game,63,2,2025.0,5.0,2025-10-05,HOU,15.0,0,0,1,1,1,0,1.5,1.9000000000000001,3.0,2.1943108257491692,0.0,5.4,0.75,1.0606601717798212,0.0,0.0,0.0,0.0,0.0,0.0,0.0,0.0,2.0,1.6667,2.4,1.5,1.0,1.0,1.6,1.0,1.0,1.6,2.0,1.6667,2.4,1.5,0.0,0.0,0.0,0.0,5.0,9.0,5.0,9.0,0.0,0.0,0.06451612903225806,0.05683146330060776,0.0725544764359631,0.05399719495091164,0.0694980694980695,0.05228571454252388,0.043581972106854,0.14542284219703575,0.12184719513067836,0.13933909512874249,1,3,5,19.0,18.333333333333332,22.8,0.27,0.31333333333333335,0.36,,,,5.4,9.0,1.1400000000000001,5.4,121,6,1,6.300000000000001,10.2,13.320000000000002,15.166666666666666,5.0,7.0,8.166666666666666,0.0,0.0,56.666666666666664,0.5,2026-08-21 11:12:46
2025,7,2025_07_HOU_SEA,2025-10-20,00-0040739,E.Arroyo,Elijah Arroyo,TE,SEA,HOU,HOME,1,8,15,3.0,41.5,0,outdoors,fieldturf,6.2,test,v1_prior_game,6,6,2025.0,6.0,2025-10-12,SEA,8.0,0,0,1,1,1,0,1.6,3.3333333333333335,3.02,2.6423474411969368,0.0,6.4,2.8000000000000003,2.42404620418011,0.0,0.0,0.0,0.0,0.0,0.0,0.0,0.0,2.0,2.3333,2.2,2.0,1.0,1.3333,1.2,1.0,1.3333,1.2,2.0,2.3333,2.2,2.0,0.0,0.0,0.0,0.0,6.0,20.0,6.0,20.0,0.0,0.0,0.08333333333333333,0.09313725490196079,0.08588235294117647,0.07914438502673796,0.05817174515235457,0.0927673877524854,0.07195344042063663,0.1657202216066482,0.20464305377968095,0.17919093770621036,1,3,5,25.0,29.0,28.2,0.45,0.4766666666666666,0.46399999999999997,,,,8.571428571428571,15.0,1.4285714285714286,8.571428571428571,121,5,1,9.7,10.1,8.7,8.7,6.0,7.0,6.0,0.0,0.0,35.0,0.2,2026-08-21 11:12:46
2025,8,2025_08_BUF_CAR,2025-10-26,00-0040194,J.Hawes,Jackson Hawes,TE,BUF,CAR,AWAY,0,13,7,-7.0,47.5,0,outdoors,grass,3.5,test,v1_prior_game,4,4,2025.0,4.0,2025-09-28,BUF,28.0,0,0,1,1,0,0,2.5,3.8333333333333335,3.85,2.6248809496813377,1.5,7.5,3.85,2.6248809496813377,0.0,0.0,0.0,0.0,0.0,0.0,0.0,0.0,1.0,1.0,1.0,1.0,1.0,1.0,1.0,1.0,1.0,1.0,1.0,1.0,1.0,1.0,0.0,0.0,0.0,0.0,15.0,8.3333,15.0,8.3333,0.0,0.3333,0.045454545454545456,0.040830527497194166,0.03617845117845118,0.03617845117845118,0.013392857142857142,0.014913090683638629,0.02743481801272897,0.07755681818181817,0.07168495472433828,0.07347204937658705,1,3,4,31.0,30.666666666666668,27.0,0.53,0.4766666666666666,0.40499999999999997,,,,8.333333333333334,8.333333333333334,3.8333333333333335,8.333333333333334,123,7,1,6.1,16.666666666666668,14.74,15.928571428571427,6.0,8.0,7.142857142857143,0.0,0.0,67.85714285714286,0.5714285714285714,2026-08-21 11:12:46
2025,10,2025_10_JAX_HOU,2025-11-09,00-0033246,J.Mundt,Johnny Mundt,TE,JAX,HOU,AWAY,0,7,7,-1.5,37.5,1,closed,astroturf,3.1,test,v1_prior_game,59,7,2025.0,9.0,2025-11-02,JAX,7.0,0,0,1,1,1,0,0.0,1.4333333333333336,1.2,1.1247221879201994,0.0,2.4000000000000004,1.1,1.055146119422961,0.0,0.0,0.0,0.0,0.0,0.0,0.0,0.0,0.0,2.0,1.6,1.4286,0.0,0.6667,0.6,0.0,0.6667,0.6,0.0,2.0,1.6,1.4286,0.0,0.0,0.0,0.0,0.0,7.6667,0.0,7.6667,0.0,0.0,0.0,0.04424181019925701,0.04121175278622087,0.038122473146496895,0.0,0.026145434227330778,0.029655623001001535,0.0,0.08466451925801705,0.08257656528003239,1,3,5,27.0,28.666666666666668,26.2,0.34,0.37000000000000005,0.364,,,,3.8333333333333335,11.5,0.7166666666666668,3.8333333333333335,124,8,1,4.5,11.366666666666667,9.48,9.7,5.0,6.333333333333333,6.125,0.0,0.25,36.75,0.375,2026-08-21 11:12:46
2025,11,2025_11_CHI_MIN,2025-11-16,00-0035249,J.Oliver,Josh Oliver,TE,MIN,CHI,HOME,1,7,7,3.0,47.5,1,dome,sportturf,0.7,test,v1_prior_game,56,5,2025.0,7.0,2025-10-19,MIN,28.0,0,0,1,1,1,0,1.9,4.466666666666667,4.619999999999999,4.965581536940059,0.0,11.5,4.619999999999999,4.965581536940059,0.0,0.0,0.0,0.0,0.0,0.0,0.0,0.0,1.0,1.6667,1.4,1.4,1.0,1.0,1.0,1.0,1.0,1.0,1.0,1.6667,1.4,1.4,0.0,0.0,0.0,0.0,9.0,14.6667,9.0,14.6667,0.0,0.3333,0.025,0.04568160597572363,0.04574229691876751,0.04574229691876751,0.007125890736342043,0.016925561462378565,0.011410110472626266,0.04248812351543944,0.08037030198725044,0.07660052270898966,1,3,5,32.0,27.333333333333332,26.0,0.46,0.39666666666666667,0.404,,,,8.8,14.666666666666666,2.68,8.8,124,9,1,16.3,16.833333333333332,16.5,15.355555555555558,10.0,7.0,7.777777777777778,0.0,-0.4444444444444444,60.666666666666664,0.4444444444444444,2026-08-21 11:12:46
2025,11,2025_11_SF_ARI,2025-11-16,00-0036332,J.Deguara,Josiah Deguara,TE,ARI,SF,HOME,1,7,7,-3.5,48.5,1,closed,grass,0.0,test,v1_prior_game,41,1,2025.0,2.0,2025-09-14,ARI,63.0,0,0,1,1,1,0,0.0,0.4666666666666666,0.27999999999999997,0.6260990336999411,0.0,1.4,0.0,,0.0,0.0,0.0,0.0,0.0,0.0,0.0,0.0,0.0,0.3333,0.2,0.0,0.0,0.3333,0.2,0.0,0.3333,0.2,0.0,0.3333,0.2,0.0,0.0,0.0,0.0,0.0,0.0,1.3333,0.0,1.3333,0.0,0.0,0.0,0.009523809523809523,0.005714285714285714,0.0,0.0,0.0030165912518853697,0.0018099547511312218,0.0,0.016397328162034045,0.009838396897220426,1,3,5,0.0,9.333333333333334,6.2,0.0,0.14666666666666667,0.098,,,,4.0,4.0,1.4,4.0,126,10,1,33.400000000000006,16.500000000000004,14.560000000000002,14.070000000000002,14.0,8.0,8.0,0.0,0.2,50.5,0.6,2026-08-21 11:12:46
2025,12,2025_12_CAR_SF,2025-11-24,00-0036887,L.Farrell,Luke Farrell,TE,SF,CAR,HOME,1,8,8,7.5,48.5,0,outdoors,grass,1.3,test,v1_prior_game,44,10,2025.0,11.0,2025-11-16,SF,8.0,0,0,1,1,1,0,0.0,3.8000000000000003,2.7,3.931284777270657,0.0,9.5,2.82,3.623932793097699,0.0,0.0,0.0,0.0,0.0,0.0,0.0,0.0,0.0,1.0,0.8,1.2,0.0,1.0,0.8,0.0,1.0,0.8,0.0,1.0,0.8,1.2,0.0,0.0,0.0,0.0,0.0,8.0,0.0,8.0,0.0,0.3333,0.0,0.031586770717205497,0.027285395763656628,0.034050683266593884,0.0,0.0204934988179669,0.018356705351386202,0.0,0.061725605248385086,0.05377778739145529,1,3,5,16.0,18.0,15.8,0.29,0.2933333333333334,0.254,,,,8.0,8.0,3.8000000000000003,8.0,127,11,1,3.4000000000000004,13.666666666666666,11.28,14.709090909090907,3.0,6.0,6.818181818181818,0.0,1.8181818181818181,65.27272727272727,0.45454545454545453,2026-08-21 11:12:46
2025,12,2025_12_IND_KC,2025-11-23,00-0037292,A.Ogletree,Andrew Ogletree,TE,IND,KC,AWAY,0,14,7,3.5,50.5,0,outdoors,grass,8.8,test,v1_prior_game,30,7,2025.0,10.0,2025-11-09,IND,14.0,0,0,1,1,1,0,0.0,0.0,0.0,0.0,0.0,0.0,0.0,0.0,0.0,0.0,0.0,0.0,0.0,0.0,0.0,0.0,0.0,0.3333,0.2,0.1429,0.0,0.0,0.0,0.0,0.0,0.0,0.0,0.3333,0.2,0.1429,0.0,0.0,0.0,0.0,0.0,0.0,0.0,0.0,0.0,0.0,0.0,0.011904761904761904,0.007142857142857143,0.00510204081632653,0.0,0.006242197253433209,0.003745318352059925,0.0,0.022226680934546102,0.01333600856072766,1,3,5,19.0,14.666666666666666,14.4,0.25,0.21333333333333335,0.21999999999999997,,,,0.0,,0.0,0.0,125,10,1,9.100000000000001,16.666666666666668,13.960000000000003,10.440000000000001,6.0,7.666666666666667,5.3,0.0,0.2,48.2,0.2,2026-08-21 11:12:46
2025,12,2025_12_IND_KC,2025-11-23,00-0040128,T.Warren,Tyler Warren,TE,IND,KC,AWAY,0,14,7,3.5,50.5,0,outdoors,grass,9.5,test,v1_prior_game,10,10,2025.0,10.0,2025-11-09,IND,14.0,0,0,1,1,1,0,17.9,11.6,14.0,5.127377497317708,7.6,18.3,13.629999999999999,4.465932775530276,0.0,0.0,0.0,0.1,0.0,0.0,0.0,0.4,10.0,7.3333,7.2,6.7,8.0,5.6667,5.4,8.0,5.6667,5.4,10.0,7.3333,7.2,6.7,0.0,0.0,0.0,0.0,99.0,59.3333,99.0,59.3333,0.0,0.0,0.38461538461538464,0.23634004884004886,0.2330540293040293,0.22042684442920818,0.23444976076555024,0.12474965669574382,0.14314262012992723,0.7410379094589621,0.44183483294709397,0.44978087804699296,1,3,5,68.0,57.666666666666664,56.0,0.88,0.8233333333333333,0.8540000000000001,,,,8.090909090909092,10.470588235294118,1.5818181818181818,8.090909090909092,125,10,1,9.100000000000001,16.666666666666668,13.960000000000003,10.440000000000001,6.0,7.666666666666667,5.3,0.0,0.2,48.2,0.2,2026-08-21 11:12:46
2025,13,2025_13_NYG_NE,2025-12-01,00-0033090,H.Henry,Hunter Henry,TE,NE,NYG,HOME,1,8,8,7.0,46.5,0,outdoors,fieldturf,11.3,test,v1_prior_game,99,12,2025.0,12.0,2025-11-23,NE,8.0,0,0,1,1,1,0,24.5,11.633333333333333,10.34,8.420688807930144,1.9,24.5,10.391666666666667,8.258819895154879,0.0,0.0,0.0,0.0,0.0,0.0,0.0,0.0,10.0,6.6667,5.4,5.25,7.0,4.0,3.4,7.0,4.0,3.4,10.0,6.6667,5.4,5.25,0.0,0.0,0.0,0.0,115.0,56.3333,115.0,56.3333,1.0,0.3333,0.30303030303030304,0.2075931731104145,0.17610869889730457,0.1740124287868798,0.25925925925925924,0.16438132367956929,0.13160888038452043,0.636026936026936,0.4264566862413202,0.3562892646151212,1,3,5,56.0,57.333333333333336,55.0,0.79,0.8666666666666667,0.8219999999999998,,,,8.45,14.083333333333334,1.7449999999999999,8.45,127,12,1,5.9,8.833333333333334,10.620000000000001,11.88,4.0,4.666666666666667,7.166666666666667,1.5833333333333333,-0.3333333333333333,43.5,0.4166666666666667,2026-08-21 11:12:46
2025,13,2025_13_MIN_SEA,2025-11-30,00-0035229,T.Hockenson,T.J. Hockenson,TE,MIN,SEA,AWAY,0,7,7,12.5,42.5,0,outdoors,fieldturf,11.9,test,v1_prior_game,93,11,2025.0,12.0,2025-11-23,MIN,7.0,0,0,1,1,1,0,5.9,5.2,5.859999999999999,2.3733941939762135,2.8,9.1,7.263636363636365,3.953548463664693,0.0,0.0,0.0,0.0,1.0,0.3333,0.2,0.0909,4.0,4.0,3.6,4.6364,4.0,3.0,2.6,5.0,3.3333,2.8,4.0,4.0,3.6,4.6364,0.0,0.0,0.0,0.0,19.0,22.0,19.0,22.0,0.0,0.0,0.2222222222222222,0.1528342366757001,0.13778749852715916,0.163846622070532,0.16,0.10662069030492316,0.08856328412266104,0.4453333333333333,0.30388583822699633,0.2686755466766015,1,3,5,30.0,44.333333333333336,44.2,0.68,0.7966666666666667,0.796,,,0.0,5.5,7.333333333333333,1.3,5.5,126,11,1,18.1,20.8,18.76,16.799999999999997,11.0,10.333333333333334,8.909090909090908,0.0,0.0,70.72727272727273,0.45454545454545453,2026-08-21 11:12:46
2025,13,2025_13_LA_CAR,2025-11-30,00-0036244,C.Parkinson,Colby Parkinson,TE,LA,CAR,AWAY,0,7,6,-10.0,44.5,0,outdoors,grass,6.7,test,v1_prior_game,59,8,2025.0,12.0,2025-11-23,LA,7.0,0,0,1,1,1,0,14.100000000000001,12.533333333333333,9.66,4.682200337448197,3.0,14.100000000000001,6.425000000000001,5.831870564897192,0.0,0.0,0.0,0.0,0.0,0.0,0.0,0.0,4.0,3.6667,3.2,2.625,4.0,3.3333,3.0,4.0,3.3333,3.0,4.0,3.6667,3.2,2.625,0.0,0.0,0.0,0.0,41.0,32.0,41.0,32.0,1.0,1.0,0.11764705882352941,0.11292665214233842,0.09884103527367286,0.07967160977896479,0.024096385542168676,0.012955933322330417,0.01941980298760363,0.19333805811481217,0.17845913153913892,0.16185541500183181,1,3,5,35.0,36.333333333333336,37.4,0.62,0.6266666666666666,0.5820000000000001,,,,8.727272727272727,9.6,3.4181818181818184,8.727272727272727,128,12,1,15.100000000000001,15.233333333333334,13.080000000000002,14.741666666666665,11.0,7.666666666666667,7.166666666666667,0.0,1.6666666666666667,66.58333333333333,0.4166666666666667,2026-08-21 11:12:46
2025,14,2025_14_PIT_BAL,2025-12-07,00-0037838,I.Likely,Isaiah Likely,TE,BAL,PIT,HOME,1,10,7,5.5,43.5,1,outdoors,grass,12.5,test,v1_prior_game,51,8,2025.0,13.0,2025-11-27,BAL,10.0,0,0,1,1,1,0,12.5,6.0,6.14,4.435425571464366,2.0,12.5,4.7875,3.8409215784012787,0.0,0.0,0.0,0.0,0.0,0.0,0.0,0.0,6.0,4.0,4.0,3.125,5.0,2.6667,2.6,5.0,2.6667,2.6,6.0,4.0,4.0,3.125,0.0,0.0,0.0,0.0,95.0,40.0,95.0,40.0,0.0,0.0,0.2,0.15666666666666668,0.15735403726708075,0.12377240965556183,0.18635170603674542,0.15960616810461506,0.17063074913135184,0.43044619422572183,0.3467243176732306,0.35547258029256745,1,3,5,31.0,33.0,34.2,0.52,0.5366666666666666,0.5519999999999999,,,,10.0,15.0,1.5,10.0,128,12,1,7.800000000000001,12.4,10.6,15.808333333333332,5.0,7.0,8.166666666666666,0.0,0.16666666666666666,63.75,0.5833333333333334,2026-08-21 11:12:46
2025,14,2025_14_WAS_MIN,2025-12-07,00-0038809,B.Sims,Ben Sims,TE,MIN,WAS,HOME,1,7,7,-1.5,43.5,0,dome,sportturf,1.9,test,v1_prior_game,10,0,2024.0,14.0,2024-12-05,GB,367.0,0,1,1,1,1,1,1.2,0.7999999999999999,1.9599999999999997,2.2289010745208055,0.0,5.800000000000001,,,0.0,0.0,0.0,,0.0,0.0,0.0,,1.0,1.0,1.2,,1.0,0.6667,1.0,1.0,0.6667,1.0,1.0,1.0,1.2,,0.0,0.0,0.0,0.0,2.0,1.3333,2.0,1.3333,0.0,0.0,0.05263157894736842,0.03999054876247859,0.04277990800511523,,0.005076142131979695,0.020723287032067418,0.037265760604697724,0.08250066791343841,0.07449212406616507,0.09025589443096126,1,3,5,18.0,19.666666666666668,25.6,0.36,0.3333333333333333,0.38599999999999995,,,,1.3333333333333333,2.0,0.7999999999999999,1.3333333333333333,127,12,1,21.6,12.700000000000001,17.339999999999996,15.116666666666665,13.0,8.333333333333334,6.916666666666667,0.0,0.08333333333333333,62.75,0.5833333333333334,2026-08-21 11:12:46
2025,15,2025_15_BAL_CIN,2025-12-14,00-0034613,T.Hudson,Tanner Hudson,TE,CIN,BAL,HOME,1,7,7,-2.5,51.5,1,outdoors,fieldturf,4.6,test,v1_prior_game,42,7,2025.0,14.0,2025-12-07,CIN,7.0,0,0,1,1,1,0,2.1,4.133333333333334,4.760000000000001,2.773625785862253,1.9,8.4,5.242857142857143,3.565041908522789,0.0,0.0,0.0,0.0,0.0,0.0,0.0,0.0,1.0,1.3333,1.8,2.2857,1.0,1.0,1.6,1.0,1.0,1.6,1.0,1.3333,1.8,2.2857,0.0,0.0,0.0,0.0,11.0,11.3333,11.0,11.3333,0.0,0.3333,0.027777777777777776,0.03421469597940186,0.0448023218611454,0.05851680998739823,0.015197568389057751,0.03546477008123145,0.04211127093981903,0.05230496453900709,0.07614738302596481,0.0966813724495914,1,3,5,6.0,8.666666666666666,11.8,0.1,0.13,0.176,,,,8.5,11.333333333333334,3.1,8.5,129,13,1,5.1,8.833333333333334,7.12,11.038461538461538,5.0,6.666666666666667,6.384615384615385,0.0,0.23076923076923078,47.84615384615385,0.23076923076923078,2026-08-21 11:12:46
2025,15,2025_15_IND_SEA,2025-12-14,00-0040058,N.Kallerup,Nick Kallerup,TE,SEA,IND,HOME,1,7,7,13.5,41.5,0,outdoors,fieldturf,0.0,test,v1_prior_game,3,3,2025.0,13.0,2025-11-30,SEA,14.0,0,0,1,1,0,0,0.0,0.0,0.0,0.0,0.0,0.0,0.0,0.0,0.0,0.0,0.0,0.0,0.0,0.0,0.0,0.0,0.0,0.3333,0.3333,0.3333,0.0,0.0,0.0,0.0,0.0,0.0,0.0,0.3333,0.3333,0.3333,0.0,0.0,0.0,0.0,0.0,0.0,0.0,0.0,0.0,0.0,0.0,0.027777777777777776,0.027777777777777776,0.027777777777777776,0.0,0.020833333333333332,0.020833333333333332,0.0,0.05625,0.05625,1,3,3,21.0,20.666666666666668,20.666666666666668,0.31,0.30666666666666664,0.30666666666666664,,,,0.0,,0.0,0.0,129,13,1,5.7,12.0,13.940000000000001,15.661538461538461,6.0,8.666666666666666,8.692307692307692,0.0,0.3076923076923077,68.61538461538461,0.38461538461538464,2026-08-21 11:12:46
2025,16,2025_16_PHI_WAS,2025-12-20,00-0036628,J.Bates,John Bates,TE,WAS,PHI,HOME,1,6,6,-7.0,43.5,1,outdoors,grass,0.0,test,v1_prior_game,57,8,2025.0,15.0,2025-12-14,WAS,6.0,0,0,1,1,1,0,2.9000000000000004,1.9333333333333336,2.2800000000000002,1.5319921670818033,0.0,4.0,2.25,1.2524262168173537,0.0,0.0,0.0,0.0,0.0,0.0,0.0,0.0,1.0,1.0,1.8,1.625,1.0,1.0,1.2,1.0,1.0,1.2,1.0,1.0,1.8,1.625,0.0,0.0,0.0,0.0,19.0,9.3333,19.0,9.3333,0.0,0.0,0.0625,0.03564814814814815,0.07766594516594517,0.0662071811331103,0.05019305019305019,0.01728843033190859,0.03917305819914515,0.12888513513513514,0.06557412345455824,0.14392005848831935,1,3,5,42.0,40.0,38.0,0.69,0.6066666666666666,0.602,,,,9.333333333333334,9.333333333333334,1.9333333333333336,9.333333333333334,130,14,1,8.8,10.0,10.26,8.62142857142857,8.0,7.333333333333333,6.642857142857143,0.0,0.07142857142857142,32.57142857142857,0.21428571428571427,2026-08-21 11:12:46
2025,16,2025_16_SF_IND,2025-12-22,00-0036887,L.Farrell,Luke Farrell,TE,SF,IND,AWAY,0,8,8,-4.5,46.5,0,closed,fieldturf,0.0,test,v1_prior_game,46,12,2025.0,13.0,2025-11-30,SF,22.0,0,0,1,1,1,0,0.0,0.43333333333333335,2.54,3.9778134697343464,0.0,9.5,2.4583333333333335,3.396377303521914,0.0,0.0,0.0,0.0,0.0,0.0,0.0,0.0,1.0,0.6667,1.0,1.1667,0.0,0.3333,0.8,0.0,0.3333,0.8,1.0,0.6667,1.0,1.1667,0.0,0.0,0.0,0.0,0.0,1.0,0.0,1.0,0.0,0.0,0.043478260869565216,0.024909420289855072,0.033897714604236344,0.034602924461292005,0.007518796992481203,0.007634470792365529,0.01687678176619946,0.07048054919908467,0.04270825998943848,0.06266031914269414,1,3,5,14.0,16.333333333333332,17.4,0.21,0.25666666666666665,0.272,,,,1.5,3.0,0.65,1.5,130,14,1,7.6,9.899999999999999,10.360000000000001,15.085714285714285,7.0,7.666666666666667,8.571428571428571,0.0,0.2857142857142857,66.28571428571429,0.35714285714285715,2026-08-21 11:12:46
2025,16,2025_16_BUF_CLE,2025-12-21,00-0040663,H.Fannin,Harold Fannin Jr.,TE,CLE,BUF,HOME,1,7,7,-10.5,41.5,0,outdoors,grass,19.5,test,v1_prior_game,14,14,2025.0,15.0,2025-12-14,CLE,7.0,0,0,1,1,1,0,12.0,16.233333333333334,12.34,7.861170396321402,4.6,25.4,11.135714285714286,5.7284186491369695,0.0,0.0,0.0,0.0,1.0,0.6667,0.6,0.4286,14.0,10.0,8.2,7.0714,7.0,6.0,4.8,8.0,6.6667,5.4,14.0,10.0,8.2,7.0714,0.0,0.0,2.0,0.6667,48.0,68.3333,50.0,69.0,0.0,0.6667,0.45161290322580644,0.3194926305947196,0.29836224502349845,0.2275543799955276,0.3069306930693069,0.23328088707667316,0.18864940960158005,0.8922708399872245,0.6425355668457507,0.5795979542563537,1,3,5,55.0,58.333333333333336,52.2,0.96,0.9266666666666667,0.882,,,1.0,6.833333333333333,11.38888888888889,1.6233333333333335,6.9,129,14,1,2.8,12.033333333333333,8.540000000000001,7.007142857142857,3.0,6.0,4.428571428571429,0.0,0.14285714285714285,32.785714285714285,0.14285714285714285,2026-08-21 11:12:46
2025,17,2025_17_LA_ATL,2025-12-29,00-0037277,T.Quitoriano,Teagan Quitoriano,TE,ATL,LA,HOME,1,8,11,-7.5,48.5,0,closed,fieldturf,0.0,test,v1_prior_game,11,1,2025.0,12.0,2025-11-23,ATL,36.0,0,0,1,1,1,0,0.0,1.0666666666666667,3.3200000000000003,4.669796569444969,0.0,11.3,0.0,,0.0,0.0,0.0,0.0,0.0,0.0,0.0,0.0,0.0,0.6667,1.4,0.0,0.0,0.3333,1.0,0.0,0.3333,1.0,0.0,0.6667,1.4,0.0,0.0,0.0,0.0,0.0,0.0,7.3333,0.0,7.3333,0.0,0.0,0.0,0.021910919540229886,0.038850346093782975,0.0,0.0,0.015927189988623438,0.043363892845000696,0.0,0.044015412302381235,0.08863024413217495,1,3,5,35.0,25.666666666666668,28.4,0.62,0.4533333333333333,0.462,,,,11.0,22.0,1.6,11.0,130,15,1,17.0,9.6,8.22,12.719999999999999,6.0,5.666666666666667,7.4,0.0,2.466666666666667,43.4,0.4666666666666667,2026-08-21 11:12:46
2025,17,2025_17_CHI_SF,2025-12-28,00-0038643,B.Willis,Brayden Willis,TE,SF,CHI,HOME,1,6,8,3.5,51.5,0,outdoors,grass,0.0,test,v1_prior_game,11,5,2025.0,6.0,2025-10-12,SF,77.0,0,0,1,1,1,0,0.0,0.0,0.0,0.0,0.0,0.0,0.0,0.0,0.0,0.0,0.0,0.0,0.0,0.0,0.0,0.0,0.0,0.0,0.2,0.2,0.0,0.0,0.0,0.0,0.0,0.0,0.0,0.0,0.2,0.2,0.0,0.0,0.0,0.0,0.0,0.0,0.0,0.0,0.0,0.0,0.0,0.0,0.005263157894736842,0.005263157894736842,0.0,0.0,0.0015748031496062992,0.0,0.0,0.008997099046829672,1,3,5,1.0,1.6666666666666667,2.4,0.01,0.02,0.032,,,,,,,,130,15,1,6.800000000000001,9.833333333333334,11.02,13.393333333333334,4.0,8.333333333333334,7.6,0.0,0.3333333333333333,54.266666666666666,0.3333333333333333,2026-08-21 11:12:46
2025,18,2025_18_DET_CHI,2026-01-04,00-0033455,A.Firkser,Anthony Firkser,TE,DET,CHI,AWAY,0,10,7,3.5,51.5,1,outdoors,grass,2.2,test,v1_prior_game,62,4,2025.0,17.0,2025-12-25,DET,10.0,0,0,1,1,1,0,0.0,3.233333333333333,2.2199999999999998,3.3244548425268166,0.0,8.0,2.775,3.561249780624774,0.0,0.0,0.0,0.0,0.0,0.0,0.0,0.0,1.0,2.0,1.4,1.75,0.0,1.6667,1.2,0.0,1.6667,1.2,1.0,2.0,1.4,1.75,0.0,0.0,0.0,0.0,0.0,15.6667,0.0,15.6667,0.0,0.0,0.034482758620689655,0.047887966686631867,0.03614018741938653,0.04517523427423316,0.010050251256281407,0.0422401278823126,0.030049959082328735,0.058759313810431466,0.10140003954756664,0.07524525248670991,1,3,5,35.0,32.0,23.8,0.55,0.48666666666666664,0.362,,,,7.833333333333333,9.4,1.6166666666666665,7.833333333333333,131,16,1,19.0,12.6,10.64,13.74375,9.0,9.0,7.6875,0.0,0.3125,54.625,0.375,2026-08-21 11:12:46
2025,2,2025_02_DEN_IND,2025-09-14,00-0035021,A.Dulin,Ashton Dulin,WR,IND,DEN,HOME,1,7,7,-2.5,43.5,0,closed,fieldturf,0.0,test,v1_prior_game,58,1,2025.0,1.0,2025-09-07,IND,7.0,0,0,1,1,1,0,1.5,0.5,0.3,0.6708203932499369,0.0,1.5,1.5,,0.0,0.0,0.0,0.0,1.0,0.3333,0.2,1.0,0.0,0.0,0.2,0.0,0.0,0.0,0.0,1.0,0.3333,0.2,0.0,0.0,0.2,0.0,0.0,0.0,15.0,5.0,0.0,0.0,15.0,5.0,0.0,0.0,0.0,0.0,0.008,0.0,0.0,0.0,0.021447721179624665,0.0,0.0,0.027013404825737265,1,3,5,10.0,9.0,10.6,0.14,0.13,0.16,,,15.0,,,,,117,1,1,12.700000000000001,30.200000000000003,29.259999999999998,12.700000000000001,18.0,20.0,18.0,0.0,9.0,48.0,0.0,2026-08-21 11:12:46
2025,2,2025_02_NYG_DAL,2025-09-14,00-0036358,C.Lamb,CeeDee Lamb,WR,DAL,NYG,HOME,1,10,7,4.5,44.5,1,closed,matrixturf,20.200000000000003,test,v1_prior_game,82,1,2025.0,1.0,2025-09-04,DAL,10.0,0,0,1,1,1,0,18.0,20.7,17.880000000000003,7.617545536457266,5.9,26.6,18.0,,0.0,0.0,0.0,0.0,0.0,0.0,0.2,0.0,13.0,11.3333,9.4,13.0,7.0,7.6667,6.2,7.0,7.6667,6.4,13.0,11.3333,9.4,13.0,0.0,0.0,0.0,0.0,110.0,110.3333,110.0,110.3333,0.0,0.3333,0.3939393939393939,0.36688311688311687,0.29862449378578415,0.3939393939393939,0.5531914893617021,0.47665171926401245,0.35807510123778136,0.9781431334622823,0.8839808788094841,0.698589311545123,1,3,5,56.0,46.666666666666664,49.8,0.92,0.7233333333333333,0.7619999999999999,,,,9.735294117647058,14.391304347826088,1.826470588235294,9.735294117647058,117,1,1,38.50000000000001,44.56666666666667,43.0,38.50000000000001,20.0,23.0,20.0,0.0,19.0,176.0,1.0,2026-08-21 11:12:46
2025,2,2025_02_PHI_KC,2025-09-14,00-0037741,J.Dotson,Jahan Dotson,WR,PHI,KC,AWAY,0,10,9,-1.5,46.5,0,outdoors,grass,1.4,test,v1_prior_game,44,1,2025.0,1.0,2025-09-04,PHI,10.0,0,0,1,1,1,0,8.9,8.433333333333332,5.7,6.907604505181228,0.0,16.4,8.9,,0.0,0.0,0.0,0.0,0.0,0.0,0.0,0.0,3.0,5.0,3.6,3.0,3.0,3.3333,2.4,3.0,3.3333,2.4,3.0,5.0,3.6,3.0,0.0,0.0,0.0,0.0,59.0,51.0,59.0,51.0,0.0,0.0,0.15,0.1501835824809861,0.12292748694989197,0.15,0.42857142857142855,0.3129188712522046,0.21236670736670735,0.5249999999999999,0.44431858359802234,0.3330479255815331,1,3,5,29.0,43.0,37.8,0.46,0.6166666666666666,0.58,,,,10.2,15.3,1.6866666666666665,10.2,117,1,1,60.5,47.1,41.839999999999996,60.5,28.0,21.0,28.0,0.0,3.0,232.0,3.0,2026-08-21 11:12:46
2025,3,2025_03_PIT_NE,2025-09-21,00-0036862,B.Skowronek,Ben Skowronek,WR,PIT,NE,AWAY,0,7,7,-1.5,44.5,0,outdoors,fieldturf,0.0,test,v1_prior_game,50,2,2025.0,2.0,2025-09-14,PIT,7.0,0,0,1,1,1,0,0.0,3.0666666666666664,3.28,3.820602046798384,0.0,9.2,4.6,6.505382386916237,0.0,0.0,0.0,0.0,0.0,0.0,0.0,0.0,0.0,0.3333,0.8,0.5,0.0,0.3333,0.8,0.0,0.3333,0.8,0.0,0.3333,0.8,0.5,0.0,0.0,0.0,0.0,0.0,7.3333,0.0,7.3333,0.0,0.3333,0.0,0.011494252873563218,0.03180497663256284,0.017241379310344827,0.0,0.02158273381294964,0.03158178635182246,0.0,0.032349292979409576,0.06981471539511999,1,3,5,3.0,6.0,7.6,0.05,0.10333333333333333,0.14200000000000002,,,,22.0,22.0,9.2,22.0,118,2,1,49.8,38.13333333333333,37.14,45.349999999999994,19.0,20.0,19.0,0.0,11.5,212.0,1.0,2026-08-21 11:12:46
2025,3,2025_03_MIA_BUF,2025-09-18,00-0036988,J.Palmer,Josh Palmer,WR,BUF,MIA,HOME,1,4,4,12.5,50.5,1,outdoors,a_turf,1.5,test,v1_prior_game,58,2,2025.0,2.0,2025-09-14,BUF,4.0,0,0,1,1,1,0,6.7,8.633333333333335,7.600000000000001,3.029851481508624,3.0,11.100000000000001,8.9,3.1112698372208096,0.0,0.0,0.0,0.0,0.0,0.0,0.0,0.0,3.0,6.0,5.4,6.0,2.0,3.6667,3.2,2.0,3.6667,3.2,3.0,6.0,5.4,6.0,0.0,0.0,0.0,0.0,47.0,49.6667,47.0,49.6667,0.0,0.0,0.12,0.15666666666666665,0.15275,0.16,0.3219178082191781,0.2754496750501316,0.2740610138212877,0.40534246575342464,0.4278147725350921,0.42096770967490144,1,3,5,38.0,40.333333333333336,39.8,0.51,0.5033333333333333,0.5720000000000001,,,,8.277777777777779,13.545454545454545,1.438888888888889,8.277777777777779,118,2,1,25.400000000000002,35.1,34.2,29.4,9.0,15.0,12.5,0.0,7.5,106.5,1.5,2026-08-21 11:12:46
2025,4,2025_04_CAR_NE,2025-09-28,00-0031588,S.Diggs,Stefon Diggs,WR,NE,CAR,HOME,1,7,7,5.5,42.5,0,outdoors,fieldturf,16.1,test,v1_prior_game,107,3,2025.0,3.0,2025-09-21,NE,7.0,0,0,1,1,1,0,5.300000000000001,8.066666666666666,8.84,3.1887301547794844,5.300000000000001,12.7,8.066666666666666,3.2868424564212577,0.0,0.0,0.0,0.0,0.0,0.0,0.2,0.0,3.0,5.0,6.2,5.0,3.0,4.3333,4.6,3.0,4.3333,4.8,3.0,5.0,6.2,5.0,0.0,0.0,0.0,0.0,23.0,37.3333,23.0,37.3333,0.0,0.0,0.08333333333333333,0.15209339774557165,0.21494024917365878,0.15209339774557165,0.057971014492753624,0.16150229678474645,0.2572766072992299,0.16557971014492753,0.34119170436768,0.5025039988699491,1,3,5,39.0,33.0,37.8,0.53,0.48666666666666664,0.562,,,,7.466666666666667,8.615384615384615,1.6133333333333333,7.466666666666667,119,3,1,24.8,19.166666666666668,34.540000000000006,19.166666666666668,26.0,15.0,15.0,0.0,5.0,80.0,0.6666666666666666,2026-08-21 11:12:46
2025,4,2025_04_CIN_DEN,2025-09-29,00-0038976,M.Mims,Marvin Mims Jr.,WR,DEN,CIN,HOME,1,8,8,7.5,44.5,0,outdoors,grass,20.5,test,v1_prior_game,36,3,2025.0,3.0,2025-09-21,DEN,8.0,0,0,1,1,1,0,1.4,5.333333333333333,13.660000000000002,12.198688454092105,1.4,30.200000000000003,5.333333333333333,4.605793453177567,0.0,0.0,0.0,0.0,0.0,0.0,0.2,0.0,4.0,3.3333,4.6,3.3333,1.0,2.0,3.8,1.0,2.0,4.0,4.0,3.3333,4.6,3.3333,0.0,0.0,0.0,0.0,4.0,13.3333,4.0,13.3333,0.0,0.3333,0.17391304347826086,0.11622927275101187,0.15583322549710324,0.11622927275101187,0.3271375464684015,0.20463525829550977,0.15529422117939645,0.4898658477452723,0.31758858993337463,0.3424557930712323,1,3,5,23.0,28.0,27.0,0.44,0.44333333333333336,0.422,,,,4.0,6.666666666666667,1.6,4.0,118,3,1,21.099999999999998,30.366666666666664,30.540000000000003,30.366666666666664,15.0,19.333333333333332,19.333333333333332,0.0,3.0,144.0,0.6666666666666666,2026-08-21 11:12:46
2025,6,2025_06_LAC_MIA,2025-10-12,00-0030279,K.Allen,Keenan Allen,WR,LAC,MIA,AWAY,0,7,7,-3.5,45.5,0,outdoors,grass,6.7,test,v1_prior_game,104,5,2025.0,5.0,2025-10-05,LAC,7.0,0,0,1,1,1,0,10.8,13.0,15.180000000000001,5.120253899954571,8.7,19.8,15.180000000000001,5.120253899954571,0.0,0.0,0.0,0.0,0.0,0.0,0.0,0.0,9.0,9.0,8.8,8.8,5.0,5.6667,5.8,5.0,5.6667,5.8,9.0,9.0,8.8,8.8,0.0,0.0,0.0,0.0,58.0,53.3333,58.0,53.3333,0.0,0.3333,0.28125,0.23663499025341128,0.2526563754156633,0.2526563754156633,0.4566929133858268,0.2738829041012966,0.26063882116847614,0.7415600393700787,0.5466705182510245,0.5614317379414283,1,3,5,39.0,48.0,43.2,0.58,0.67,0.6359999999999999,,,,5.925925925925926,9.411764705882353,1.4444444444444444,5.925925925925926,121,5,1,33.1,28.866666666666664,29.080000000000002,29.080000000000002,18.0,14.333333333333334,13.6,0.0,7.2,113.6,1.2,2026-08-21 11:12:46
2025,6,2025_06_BUF_ATL,2025-10-13,00-0033572,J.Agnew,Jamal Agnew,WR,ATL,BUF,HOME,1,15,8,-3.5,49.5,0,closed,fieldturf,0.0,test,v1_prior_game,71,2,2025.0,4.0,2025-09-28,ATL,15.0,0,0,1,1,1,0,0.0,2.4333333333333336,4.9,6.385138996137829,0.0,15.0,0.0,0.0,0.0,0.0,0.0,0.0,0.0,0.0,0.0,0.0,0.0,0.6667,1.8,0.0,0.0,0.6667,1.0,0.0,0.6667,1.0,0.0,0.6667,1.8,0.0,0.0,0.0,0.0,0.0,0.0,17.6667,0.0,17.6667,0.0,0.0,0.0,0.028985507246376812,0.049642386598908336,0.0,0.0,0.08714596949891068,0.10319446194207353,0.0,0.10448043951880269,0.14669970325781395,1,3,5,0.0,3.0,10.0,0.0,0.04666666666666667,0.154,,,,26.5,26.5,3.6500000000000004,26.5,120,5,1,35.6,32.0,29.68,29.68,18.0,18.0,16.0,0.0,4.6,128.2,1.0,2026-08-21 11:12:46
2025,6,2025_06_ARI_IND,2025-10-12,00-0036646,S.Fehoko,Simi Fehoko,WR,ARI,IND,AWAY,0,7,7,8.5,46.5,0,closed,fieldturf,0.0,test,v1_prior_game,14,3,2025.0,5.0,2025-10-05,ARI,7.0,0,0,1,1,1,0,0.0,0.0,0.0,0.0,0.0,0.0,0.0,0.0,0.0,0.0,0.0,0.0,0.0,0.0,0.0,0.0,0.0,0.0,0.6,0.0,0.0,0.0,0.0,0.0,0.0,0.0,0.0,0.0,0.6,0.0,0.0,0.0,0.0,0.0,0.0,0.0,0.0,0.0,0.0,0.0,0.0,0.0,0.021025641025641025,0.0,0.0,0.0,0.036432350718065006,0.0,0.0,0.05704110704110704,1,3,5,4.0,1.3333333333333333,13.0,0.06,0.02,0.202,,,,,,,,121,5,1,25.900000000000002,41.833333333333336,38.019999999999996,38.019999999999996,20.0,21.666666666666668,20.8,0.0,6.4,161.8,1.2,2026-08-21 11:12:46
2025,7,2025_07_ATL_SF,2025-10-19,00-0036309,D.Mooney,Darnell Mooney,WR,ATL,SF,AWAY,0,6,7,1.5,46.5,0,outdoors,grass,9.8,test,v1_prior_game,77,3,2025.0,4.0,2025-09-28,ATL,21.0,0,0,1,1,1,0,2.5,4.966666666666667,6.760000000000001,4.214617420359765,2.5,13.200000000000001,4.966666666666667,3.06648550189518,0.0,0.0,0.0,0.0,0.0,0.0,0.0,0.0,1.0,5.3333,5.4,5.3333,1.0,2.3333,2.8,1.0,2.3333,2.8,1.0,5.3333,5.4,5.3333,0.0,0.0,0.0,0.0,15.0,26.3333,15.0,26.3333,0.0,0.0,0.038461538461538464,0.1657434706215194,0.17417135709818637,0.1657434706215194,0.04744525547445255,0.2529907635102998,0.27440547105406965,0.09090398652442448,0.42570874038948897,0.4533408653851283,1,3,5,29.0,48.333333333333336,53.4,0.45,0.7333333333333334,0.8140000000000001,,,,4.9375,11.285714285714286,0.93125,4.9375,122,6,1,39.4,36.53333333333333,32.86,31.200000000000003,14.0,18.0,16.833333333333332,0.0,1.8333333333333333,143.5,0.8333333333333334,2026-08-21 11:12:46
2025,8,2025_08_NYG_PHI,2025-10-26,00-0037741,J.Dotson,Jahan Dotson,WR,PHI,NYG,HOME,1,7,7,7.0,43.5,1,outdoors,grass,11.0,test,v1_prior_game,49,6,2025.0,6.0,2025-10-09,PHI,17.0,0,0,1,1,1,0,2.7,2.0333333333333337,1.8399999999999999,1.301153334545933,0.0,3.4000000000000004,3.016666666666667,3.1083221626251465,0.0,0.0,0.0,0.0,0.0,0.0,0.0,0.0,2.0,1.6667,1.8,2.0,1.0,0.6667,0.8,1.0,0.6667,0.8,2.0,1.6667,1.8,2.0,0.0,0.0,0.0,0.0,17.0,13.6667,17.0,13.6667,0.0,0.0,0.0625,0.047860360360360364,0.058240025740025736,0.07353335478335478,0.056962025316455694,0.09270529049010061,0.0754448448216184,0.13362341772151898,0.13668424388361097,0.1401714299851715,1,3,5,43.0,39.333333333333336,38.4,0.75,0.6699999999999999,0.632,,,,8.2,20.5,1.2200000000000002,8.2,123,7,1,47.0,37.23333333333333,36.64,39.800000000000004,31.0,22.0,22.857142857142858,0.0,7.0,181.0,1.0,2026-08-21 11:12:46
2025,8,2025_08_SF_HOU,2025-10-26,00-0040172,J.Watkins,Jordan Watkins,WR,SF,HOU,AWAY,0,7,6,2.5,41.5,0,closed,astroturf,1.7000000000000002,test,v1_prior_game,0,0,,,,,,1,1,0,0,0,0,,,,,,,,,,,,,,,,,,,,,,,,,,,,,,,,,,,,,,,,,,,,,,,,,,,0,0,0,,,,,,,,,,,,,,122,6,1,29.8,20.400000000000002,24.259999999999998,26.666666666666668,19.0,14.666666666666666,18.166666666666668,0.0,0.3333333333333333,138.0,0.5,2026-08-21 11:12:46
2025,8,2025_08_CHI_BAL,2025-10-26,00-0040735,L.Burden,Luther Burden III,WR,CHI,BAL,AWAY,0,7,14,2.5,45.5,0,outdoors,grass,0.9,test,v1_prior_game,6,6,2025.0,7.0,2025-10-19,CHI,7.0,0,0,1,1,1,0,3.1,4.6000000000000005,7.0200000000000005,7.792111395507639,1.5,19.8,5.966666666666668,7.431733759134989,0.0,0.0,0.0,0.0,1.0,0.3333,0.4,0.3333,2.0,2.6667,2.6,2.3333,1.0,2.3333,2.2,2.0,2.6667,2.6,2.0,2.6667,2.6,2.3333,0.0,0.0,-1.0,-0.3333,22.0,23.0,21.0,22.6667,0.0,0.0,0.08,0.09116219667943805,0.08824710155744639,0.07844121208218573,0.17727272727272728,0.0699310174919931,0.09671944135572999,0.24409090909090908,0.18569500726355226,0.20007426128518055,1,3,5,19.0,17.666666666666668,16.4,0.28,0.26333333333333336,0.252,,,-1.0,8.625,9.857142857142858,1.725,8.5,122,6,1,19.7,43.833333333333336,36.64,39.0,18.0,19.333333333333332,20.333333333333332,0.0,11.333333333333334,148.66666666666666,1.6666666666666667,2026-08-21 11:12:46
2025,9,2025_09_ATL_NE,2025-11-02,00-0033555,M.Hollins,Mack Hollins,WR,NE,ATL,HOME,1,7,7,5.5,45.5,0,outdoors,fieldturf,2.9,test,v1_prior_game,91,7,2025.0,8.0,2025-10-26,NE,7.0,0,0,1,1,1,0,15.9,9.333333333333334,8.42,4.31010440708807,4.800000000000001,15.9,7.314285714285715,4.412644170044597,0.0,0.0,0.0,0.0,0.0,0.3333,0.2,0.1429,7.0,4.0,3.4,3.0,7.0,3.6667,3.2,7.0,4.0,3.4,7.0,4.0,3.4,3.0,0.0,0.0,0.0,1.3333,89.0,55.3333,89.0,56.6667,0.0,0.0,0.30434782608695654,0.17089371980676327,0.13652315998863312,0.11628810944667722,0.20938628158844766,0.20962169444430823,0.1513608849840818,0.6030921362423481,0.4030757658211607,0.3107373594718069,1,3,5,49.0,42.333333333333336,39.4,0.72,0.6433333333333333,0.608,,,4.0,13.833333333333334,15.090909090909092,2.3333333333333335,14.166666666666666,123,7,1,38.5,25.2,25.660000000000004,27.24285714285714,15.0,15.333333333333334,16.142857142857142,0.0,3.857142857142857,120.0,0.8571428571428571,2026-08-21 11:12:46
2025,9,2025_09_BAL_MIA,2025-10-30,00-0036550,R.Bateman,Rashod Bateman,WR,BAL,MIA,AWAY,0,4,4,-7.5,51.5,0,outdoors,grass,9.3,test,v1_prior_game,56,7,2025.0,8.0,2025-10-26,BAL,4.0,0,0,1,1,1,0,7.1000000000000005,2.966666666666667,5.920000000000001,6.878735348884997,0.0,17.3,5.1571428571428575,5.767396045257959,0.0,0.0,0.0,0.0,0.0,0.0,0.0,0.0,4.0,2.6667,3.4,3.5714,2.0,1.0,1.8,2.0,1.0,1.8,4.0,2.6667,3.4,3.5714,0.0,0.0,0.0,0.0,51.0,19.6667,51.0,19.6667,0.0,0.0,0.18181818181818182,0.12102272727272727,0.13594696969696968,0.14758832959020926,0.3062200956937799,0.21913495882237455,0.2363570672884328,0.4870813397129186,0.3349285620847531,0.36937040164735746,1,3,5,49.0,42.666666666666664,41.2,0.79,0.7200000000000001,0.712,,,,7.375,19.666666666666668,1.1125,7.375,124,8,1,15.1,21.1,23.68,26.0875,16.0,16.0,14.5,0.0,4.5,107.625,0.875,2026-08-21 11:12:46
2025,10,2025_10_LV_DEN,2025-11-06,00-0040729,J.Bech,Jack Bech,WR,LV,DEN,AWAY,0,4,4,9.5,42.5,1,outdoors,grass,0.0,test,v1_prior_game,7,7,2025.0,9.0,2025-11-02,LV,4.0,0,0,1,1,1,0,0.0,1.0999999999999999,1.8,2.606722079547415,0.0,5.7,2.042857142857143,2.200649254846656,0.0,0.0,0.0,0.0,0.0,0.0,0.0,0.0,0.0,1.0,1.6,1.4286,0.0,0.6667,1.0,0.0,0.6667,1.0,0.0,1.0,1.6,1.4286,0.0,0.0,0.0,0.0,0.0,4.3333,0.0,4.3333,0.0,0.0,0.0,0.05370843989769821,0.06000284171639671,0.05247918227457869,0.0,0.05228758169934641,0.06989713918354226,0.0,0.11716396703608979,0.13893226000307463,1,3,5,0.0,22.666666666666668,21.8,0.0,0.45999999999999996,0.40199999999999997,,,,4.333333333333333,6.5,1.0999999999999999,4.333333333333333,125,9,1,28.2,29.433333333333334,26.04,26.51111111111111,25.0,23.0,20.88888888888889,0.0,1.6666666666666667,129.0,0.2222222222222222,2026-08-21 11:12:46
2025,11,2025_11_KC_DEN,2025-11-16,00-0039868,T.Franklin,Troy Franklin,WR,DEN,KC,HOME,1,10,14,-3.5,44.5,1,outdoors,grass,12.4,test,v1_prior_game,26,10,2025.0,10.0,2025-11-06,DEN,10.0,0,0,1,1,1,0,15.0,16.733333333333334,13.24,8.902696220808615,3.1,26.9,11.94,8.060769194065788,0.0,0.0,0.0,0.0,0.0,0.6667,0.6,0.4,9.0,9.0,8.2,7.3,5.0,5.0,4.2,5.0,5.6667,4.8,9.0,9.0,8.2,7.3,0.0,0.0,0.0,-1.3333,40.0,52.0,40.0,50.6667,1.0,1.0,0.3333333333333333,0.307915758896151,0.2563350126375336,0.22471153481931708,0.6194331983805668,0.47538618803738125,0.398907310287878,0.9336032388663967,0.7946439699703934,0.663737636157815,1,3,5,45.0,45.0,44.0,0.74,0.7200000000000001,0.672,,,-2.0,5.777777777777778,10.4,1.8592592592592594,5.62962962962963,125,9,1,22.1,19.566666666666666,23.22,25.56666666666667,13.0,13.0,15.777777777777779,0.0,0.6666666666666666,106.11111111111111,0.6666666666666666,2026-08-21 11:12:46
2025,11,2025_11_WAS_MIA,2025-11-16,00-0040317,Ja.Jones,Jacoby Jones,WR,WAS,MIA,AWAY,0,7,7,2.5,47.5,0,outdoors,grass,3.5,test,v1_prior_game,0,0,,,,,,1,1,0,0,0,0,,,,,,,,,,,,,,,,,,,,,,,,,,,,,,,,,,,,,,,,,,,,,,,,,,,0,0,0,,,,,,,,,,,,,,126,10,1,35.7,23.833333333333332,23.94,26.509999999999998,21.0,15.666666666666666,14.7,0.0,3.5,109.6,0.9,2026-08-21 11:12:46
2025,11,2025_11_LAC_JAX,2025-11-16,00-0040727,T.Harris,Tre Harris,WR,LAC,JAX,AWAY,0,7,7,-3.0,43.5,0,outdoors,grass,2.2,test,v1_prior_game,9,9,2025.0,10.0,2025-11-09,LAC,7.0,0,0,1,1,1,0,2.4,5.000000000000001,5.2,2.5406692031825004,2.4,8.8,3.7222222222222223,2.9558322761016815,0.0,0.0,0.0,0.0,0.0,0.0,0.0,0.0,2.0,2.0,2.6,2.1111,2.0,2.0,2.4,2.0,2.0,2.4,2.0,2.0,2.6,2.1111,0.0,0.0,0.0,0.0,4.0,10.0,4.0,10.0,0.0,0.3333,0.06060606060606061,0.07178932178932179,0.0767967899546847,0.06367164858736925,-0.038461538461538464,0.01298620733266255,0.04577398604039576,0.06398601398601399,0.11677432781684648,0.14723697516030407,1,3,5,32.0,35.0,38.2,0.44,0.49666666666666665,0.55,,,,5.0,5.0,2.5000000000000004,5.0,125,9,1,46.6,33.36666666666667,35.58,34.94444444444445,29.0,18.666666666666668,21.11111111111111,0.0,1.0,148.44444444444446,1.2222222222222223,2026-08-21 11:12:46
2025,12,2025_12_SEA_TEN,2025-11-23,00-0033908,C.Kupp,Cooper Kupp,WR,SEA,TEN,AWAY,0,7,7,-12.5,41.5,0,outdoors,grass,4.4,test,v1_prior_game,98,9,2025.0,11.0,2025-11-16,SEA,7.0,0,0,1,1,1,0,5.300000000000001,5.633333333333334,8.16,4.3003488230607525,2.2,12.0,8.0,4.592385001282014,0.0,0.3333,0.2,0.1111,0.0,0.0,0.0,0.0,7.0,3.3333,4.4,4.6667,3.0,2.0,2.8,3.0,2.0,2.8,7.0,3.3333,4.4,4.6667,0.0,0.0,0.0,0.0,23.0,43.0,23.0,43.0,0.0,0.0,0.16666666666666666,0.12260536398467432,0.15150439486139283,0.17246877155599266,0.23684210526315788,0.14725093984962404,0.15785245260279884,0.4157894736842105,0.2869837038717483,0.33775330911404844,1,3,5,68.0,51.666666666666664,49.6,0.81,0.6966666666666667,0.738,0.0,0.0,,12.9,21.5,1.6900000000000002,12.9,126,10,1,44.70000000000001,41.66666666666668,36.86000000000001,36.25,27.0,22.0,18.1,0.0,5.1,167.4,1.0,2026-08-21 11:12:46
2025,12,2025_12_PIT_CHI,2025-11-23,00-0035208,O.Zaccheaus,Olamide Zaccheaus,WR,CHI,PIT,HOME,1,7,7,3.0,46.5,0,outdoors,grass,1.6,test,v1_prior_game,83,9,2025.0,10.0,2025-11-09,CHI,14.0,0,0,1,1,1,0,1.5,9.866666666666667,7.459999999999999,6.6777990386054595,1.5,17.8,7.2555555555555555,4.9150562334298655,0.0,0.0,0.0,0.0,0.0,0.0,0.4,0.4444,4.0,6.3333,5.6,5.5556,1.0,4.6667,3.6,1.0,4.6667,4.0,4.0,6.3333,5.6,5.5556,0.0,0.0,0.0,0.0,5.0,32.0,5.0,32.0,0.0,0.3333,0.1111111111111111,0.18213507625272332,0.1746603560964616,0.17113589938471616,0.11014492753623188,0.12235375842241081,0.12922895867502815,0.24376811594202896,0.35885024527477255,0.35245080521721206,1,3,5,39.0,42.666666666666664,43.6,0.57,0.6033333333333334,0.634,,,,5.052631578947368,6.857142857142857,1.5578947368421054,5.052631578947368,126,10,1,26.3,40.4,45.580000000000005,39.61,22.0,27.0,23.8,0.0,0.1,186.0,0.9,2026-08-21 11:12:46
2025,12,2025_12_NE_CIN,2025-11-23,00-0038839,M.Tinsley,Mitchell Tinsley,WR,CIN,NE,HOME,1,7,10,-7.5,50.5,0,outdoors,fieldturf,10.9,test,v1_prior_game,4,4,2025.0,9.0,2025-11-02,CIN,21.0,0,0,1,1,0,0,3.7,1.8666666666666665,3.4750000000000005,3.553753883806062,0.0,8.3,3.4750000000000005,3.553753883806062,0.0,0.0,0.0,0.0,0.0,0.0,0.0,0.0,2.0,1.6667,1.5,1.5,1.0,0.6667,0.75,1.0,0.6667,0.75,2.0,1.6667,1.5,1.5,0.0,0.0,0.0,0.0,27.0,12.0,27.0,12.0,0.0,0.0,0.044444444444444446,0.05793835793835794,0.04926772194214055,0.04926772194214055,0.11475409836065574,0.08325136612021859,0.07146630236794171,0.14699453551912567,0.1451834931916899,0.12392799457077001,1,3,4,17.0,10.333333333333334,10.25,0.25,0.17333333333333334,0.165,,,,7.2,18.0,1.1199999999999999,7.2,127,11,1,17.1,36.43333333333333,30.3,31.90909090909091,13.0,17.666666666666668,16.0,0.0,9.0,130.0909090909091,1.2727272727272727,2026-08-21 11:12:46
2025,13,2025_13_CIN_BAL,2025-11-27,00-0036900,J.Chase,Ja'Marr Chase,WR,CIN,BAL,AWAY,0,4,4,7.0,52.5,1,outdoors,grass,18.0,test,v1_prior_game,72,10,2025.0,11.0,2025-11-16,CIN,11.0,0,0,1,1,1,0,6.0,14.733333333333334,21.48,11.707775194288622,6.0,38.1,19.369999999999997,12.605911311761638,0.0,0.0,0.0,0.0,0.0,0.0,0.2,0.2,10.0,12.3333,14.4,11.7,3.0,7.0,9.4,3.0,7.0,9.6,10.0,12.3333,14.4,11.7,0.0,0.0,0.0,0.0,30.0,77.3333,30.0,77.3333,0.0,0.0,0.2564102564102564,0.3366485366485367,0.36421134421134427,0.32549466430659557,0.4070175438596491,0.35091957276311603,0.3902655975843806,0.6695276653171389,0.7506165059069861,0.8195029346260828,1,3,5,64.0,63.0,65.8,0.97,0.98,0.986,,,,6.27027027027027,11.047619047619047,1.1945945945945946,6.27027027027027,127,11,1,27.4,28.53333333333333,31.060000000000002,35.39090909090908,17.0,21.333333333333332,21.272727272727273,0.0,9.090909090909092,153.9090909090909,1.0909090909090908,2026-08-21 11:12:46
2025,13,2025_13_CHI_PHI,2025-11-28,00-0037132,B.Covey,Britain Covey,WR,PHI,CHI,HOME,1,5,5,7.0,43.5,0,outdoors,grass,0.0,test,v1_prior_game,37,0,2024.0,13.0,2024-12-01,PHI,362.0,0,1,1,1,1,0,0.0,0.7000000000000001,2.08,3.594022815731698,0.0,8.3,,,0.0,0.0,0.0,,0.0,0.0,0.0,,1.0,0.6667,1.6,,0.0,0.3333,1.4,0.0,0.3333,1.4,1.0,0.6667,1.6,,0.0,0.0,0.0,0.0,0.0,3.6667,0.0,3.6667,0.0,0.0,0.058823529411764705,0.02886710239651416,0.05869957178273608,,0.019230769230769232,0.00014459224985540844,0.011978647241805137,0.10169683257918552,0.04340186816967003,0.09643441074336771,1,3,5,8.0,6.0,10.0,0.14,0.09333333333333334,0.14400000000000002,,,,5.5,11.0,1.05,5.5,127,11,1,25.1,25.166666666666668,35.720000000000006,34.95454545454546,17.0,17.666666666666668,16.818181818181817,0.0,5.7272727272727275,147.45454545454547,1.3636363636363635,2026-08-21 11:12:46
2025,13,2025_13_BUF_PIT,2025-11-30,00-0037261,K.Shakir,Khalil Shakir,WR,BUF,PIT,AWAY,0,10,7,-3.0,44.5,0,outdoors,grass,1.5,test,v1_prior_game,52,11,2025.0,12.0,2025-11-20,BUF,10.0,0,0,1,1,1,0,17.0,10.166666666666666,12.520000000000001,7.581358717274893,0.7,20.8,11.536363636363635,6.321751771031939,0.0,0.0,0.0,0.0,0.0,0.0,0.0,0.0909,10.0,7.3333,7.4,6.4545,8.0,5.3333,5.8,8.0,5.3333,5.8,10.0,7.3333,7.4,6.4545,0.0,0.0,0.0,0.0,110.0,55.0,110.0,55.0,0.0,0.0,0.3125,0.21442307692307694,0.25352341137123746,0.21957687496225048,0.09316770186335403,0.10326731251375236,0.07706958908361841,0.5339673913043478,0.39392173414424203,0.434233829415389,1,3,5,44.0,39.666666666666664,37.8,0.67,0.6233333333333334,0.592,,,,7.5,10.3125,1.3863636363636365,7.5,127,11,1,42.4,35.4,40.540000000000006,39.86363636363636,22.0,22.666666666666668,23.636363636363637,0.0,1.4545454545454546,184.45454545454547,1.0,2026-08-21 11:12:46
2025,13,2025_13_SF_CLE,2025-11-30,00-0038979,C.Tillman,Cedric Tillman,WR,CLE,SF,HOME,1,7,6,-5.5,35.5,0,outdoors,grass,0.0,test,v1_prior_game,27,7,2025.0,12.0,2025-11-23,CLE,7.0,0,0,1,1,1,0,1.5,4.266666666666667,4.0,2.873151579711728,1.5,8.2,6.628571428571429,5.353103238843268,0.0,0.0,0.0,0.0,0.0,0.0,0.0,0.0,3.0,3.6667,3.2,4.4286,1.0,2.0,2.0,1.0,2.0,2.0,3.0,3.6667,3.2,4.4286,0.0,0.0,0.0,0.0,5.0,22.6667,5.0,22.6667,0.0,0.0,0.16666666666666666,0.15055555555555555,0.12027985739750444,0.13751531211154086,0.3282051282051282,0.26271496241375764,0.1895720666946636,0.4797435897435897,0.40973380702296364,0.3131202327825212,1,3,5,27.0,41.0,37.4,0.53,0.68,0.6,,,,6.181818181818182,11.333333333333334,1.1636363636363636,6.181818181818182,128,12,1,25.0,40.53333333333333,42.540000000000006,35.050000000000004,17.0,20.666666666666668,18.916666666666668,0.0,0.9166666666666666,156.25,1.0,2026-08-21 11:12:46
2025,13,2025_13_LV_LAC,2025-11-30,00-0040727,T.Harris,Tre Harris,WR,LAC,LV,HOME,1,14,7,10.0,40.5,1,dome,matrixturf,6.0,test,v1_prior_game,10,10,2025.0,11.0,2025-11-16,LAC,14.0,0,0,1,1,1,0,2.2,2.7999999999999994,4.3,2.670205984563738,2.2,8.8,3.5700000000000003,2.8280539048767954,0.0,0.0,0.0,0.0,0.0,0.0,0.0,0.0,1.0,1.6667,1.8,2.0,1.0,1.6667,1.8,1.0,1.6667,1.8,1.0,1.6667,1.8,2.0,0.0,0.0,0.0,0.0,12.0,11.3333,12.0,11.3333,0.0,0.0,0.041666666666666664,0.0579004329004329,0.05881433381433382,0.06147115039529899,-0.016304347826086956,-0.0053935590948033275,0.012513116475178363,0.051086956521739134,0.08307515798428702,0.09698068225412557,1,3,5,25.0,29.0,32.6,0.52,0.47333333333333333,0.488,,,,6.8,6.8,1.6799999999999997,6.8,127,11,1,13.400000000000002,31.433333333333337,36.0,36.554545454545455,9.0,15.333333333333334,19.272727272727273,0.0,2.8181818181818183,159.0909090909091,1.1818181818181819,2026-08-21 11:12:46
2025,14,2025_14_PIT_BAL,2025-12-07,00-0030035,A.Thielen,Adam Thielen,WR,PIT,BAL,AWAY,0,7,10,5.5,43.5,1,outdoors,grass,1.4,test,v1_prior_game,107,9,2025.0,12.0,2025-11-23,MIN,14.0,0,0,1,1,1,1,0.0,1.7333333333333334,1.44,1.5126136320951231,0.0,3.6,1.8777777777777775,1.6791201399674904,0.0,0.0,0.0,0.0,0.0,0.0,0.0,0.0,1.0,2.0,2.0,2.0,0.0,1.0,0.8,0.0,1.0,0.8,1.0,2.0,2.0,2.0,0.0,0.0,0.0,0.0,0.0,7.3333,0.0,7.3333,0.0,0.0,0.05555555555555555,0.06374209575429088,0.06157859078590786,0.07018916419322924,0.03,0.03634454949289392,0.02195188672925443,0.10433333333333333,0.12105432827646205,0.10773420688933988,1,3,5,3.0,6.666666666666667,8.0,0.07,0.12000000000000001,0.144,,,,3.6666666666666665,7.333333333333333,0.8666666666666667,3.6666666666666665,128,12,1,32.1,25.5,29.0,35.11666666666667,25.0,19.0,21.583333333333332,0.0,8.333333333333334,154.5,1.0833333333333333,2026-08-21 11:12:46
2025,15,2025_15_BUF_NE,2025-12-14,00-0033555,M.Hollins,Mack Hollins,WR,NE,BUF,HOME,1,13,7,-2.5,49.5,1,outdoors,fieldturf,8.100000000000001,test,v1_prior_game,96,12,2025.0,13.0,2025-12-01,NE,13.0,0,0,1,1,1,0,5.300000000000001,6.900000000000001,8.040000000000001,5.52295210915322,2.9,16.6,7.616666666666667,4.67465766045218,0.0,0.0,0.0,0.0,0.0,0.0,0.0,0.0833,4.0,5.0,5.4,4.0,3.0,3.0,3.4,3.0,3.0,3.4,4.0,5.0,5.4,4.0,0.0,0.0,0.0,0.0,23.0,39.0,23.0,39.0,0.0,0.0,0.13333333333333333,0.15555555555555556,0.1765845648604269,0.1414116325357396,0.24081632653061225,0.24519620359219355,0.2374218696207539,0.36857142857142855,0.40497067584786883,0.4310721560251681,1,3,5,49.0,55.666666666666664,51.6,0.75,0.82,0.776,,,,7.8,13.0,1.3800000000000001,7.8,128,13,1,41.10000000000001,29.600000000000005,27.98,29.484615384615385,22.0,17.0,16.53846153846154,0.0,6.0,128.07692307692307,1.0,2026-08-21 11:12:46
2025,15,2025_15_DET_LA,2025-12-14,00-0039075,P.Nacua,Puka Nacua,WR,LA,DET,HOME,1,7,10,5.5,54.5,0,dome,matrixturf,27.900000000000002,test,v1_prior_game,40,12,2025.0,14.0,2025-12-07,LA,7.0,0,0,1,1,1,0,35.7,21.86666666666667,19.46,9.238668735267003,13.2,35.7,21.575000000000003,9.062623039917105,0.0,0.0,0.0,0.0,0.0,0.0,0.4,0.5,11.0,10.3333,9.0,9.8333,7.0,6.6667,6.4,7.0,6.6667,6.8,11.0,10.3333,9.0,9.8333,0.0,0.0,0.0,0.0,167.0,112.0,167.0,112.0,2.0,0.6667,0.3548387096774194,0.3372338182584862,0.29689366786140975,0.30186996945339045,0.6547085201793722,0.4166406510321871,0.34767377830704954,0.9905540286416895,0.7974991831102601,0.6887121466070493,1,3,5,31.0,38.333333333333336,37.0,0.44,0.6633333333333332,0.6359999999999999,,,,10.838709677419354,16.8,2.1161290322580646,10.838709677419354,129,13,1,58.3,56.50666666666666,43.803999999999995,38.455384615384624,33.0,26.0,20.307692307692307,2.5384615384615383,4.538461538461538,165.15384615384616,1.6153846153846154,2026-08-21 11:12:46
2025,15,2025_15_NYJ_JAX,2025-12-14,00-0039893,B.Thomas,Brian Thomas Jr.,WR,JAX,NYJ,HOME,1,7,7,13.5,40.5,0,outdoors,grass,17.1,test,v1_prior_game,27,10,2025.0,14.0,2025-12-07,JAX,7.0,0,0,1,1,1,0,11.700000000000001,8.333333333333334,10.820000000000002,7.29773937599857,4.800000000000001,23.0,10.209999999999999,5.041703856612145,0.0,0.0,0.0,0.0,0.0,0.0,0.0,0.2,6.0,4.6667,6.2,6.9,3.0,2.6667,3.8,3.0,2.6667,3.8,6.0,4.6667,6.2,6.9,0.0,0.0,0.0,0.0,87.0,56.6667,87.0,56.6667,0.0,0.0,0.1935483870967742,0.15502117953730857,0.17041898938398595,0.20173852542694642,0.4594594594594595,0.3069102551224812,0.28919404579379526,0.6119442022667829,0.4473689478916996,0.4580643161316356,1,3,5,53.0,50.666666666666664,52.8,0.83,0.7433333333333333,0.738,,,,12.142857142857142,21.25,1.7857142857142858,12.142857142857142,129,13,1,22.1,20.466666666666665,24.7,28.084615384615386,11.0,12.0,16.23076923076923,0.0,7.3076923076923075,128.15384615384616,0.7692307692307693,2026-08-21 11:12:46
2025,15,2025_15_LAC_KC,2025-12-14,00-0040184,K.Lambert-Smith,KeAndre Lambert-Smith,WR,LAC,KC,AWAY,0,6,7,5.5,41.5,1,outdoors,grass,8.6,test,v1_prior_game,6,6,2025.0,9.0,2025-11-02,LAC,42.0,0,0,1,1,1,0,0.0,0.3666666666666667,0.22000000000000003,0.49193495504995377,0.0,1.1,0.18333333333333335,0.44907311951024936,0.0,0.0,0.0,0.0,0.0,0.0,0.0,0.0,1.0,1.0,0.6,0.6667,0.0,0.3333,0.2,0.0,0.3333,0.2,1.0,1.0,0.6,0.6667,0.0,0.0,0.0,0.0,0.0,0.3333,0.0,0.3333,0.0,0.0,0.03571428571428571,0.02944862155388471,0.017669172932330827,0.01962627156125608,0.15434083601286175,0.07720452109519634,0.04632271265711781,0.1616100137804318,0.0982160970974645,0.0589296582584787,1,3,5,5.0,10.333333333333334,8.8,0.08,0.16,0.138,,,,0.3333333333333333,1.0,0.3666666666666667,0.3333333333333333,129,13,1,27.400000000000002,36.333333333333336,33.36,28.83076923076923,20.0,21.333333333333332,17.53846153846154,0.0,3.230769230769231,132.76923076923077,0.6153846153846154,2026-08-21 11:12:46
2025,15,2025_15_ATL_TB,2025-12-11,00-0040237,T.Johnson,Tez Johnson,WR,TB,ATL,HOME,1,4,4,6.0,43.5,1,outdoors,grass,0.0,test,v1_prior_game,11,11,2025.0,13.0,2025-11-30,TB,11.0,0,0,1,1,1,0,1.5,5.133333333333334,8.98,7.864922122945656,1.5,20.2,7.672727272727272,6.987430272867258,0.0,0.0,0.0,0.0,0.0,1.6667,1.0,0.5455,2.0,3.0,4.0,3.5455,1.0,1.6667,2.8,1.0,3.3333,3.8,2.0,3.0,4.0,3.5455,0.0,0.0,0.0,4.0,5.0,10.6667,5.0,14.6667,0.0,0.3333,0.07692307692307693,0.10568881536623471,0.13666910317322917,0.11020340146089912,0.14423076923076922,0.18709229017993959,0.20256270271316473,0.21634615384615385,0.2894978261753098,0.34679754665905904,1,3,5,35.0,51.0,50.2,0.57,0.7533333333333333,0.76,,,2.4,3.5555555555555554,6.4,1.7111111111111112,4.888888888888889,129,13,1,61.400000000000006,41.56666666666667,43.34,34.084615384615375,19.0,22.0,17.692307692307693,0.0,6.846153846153846,142.46153846153845,1.2307692307692308,2026-08-21 11:12:46
2025,15,2025_15_LAC_KC,2025-12-14,00-0040727,T.Harris,Tre Harris,WR,LAC,KC,AWAY,0,6,7,5.5,41.5,1,outdoors,grass,7.9,test,v1_prior_game,12,12,2025.0,14.0,2025-12-08,LAC,6.0,0,0,1,1,1,0,3.1,3.766666666666666,3.5,1.5329709716755893,2.2,6.0,3.733333333333334,2.6592320604857247,0.0,0.0,0.0,0.0,1.0,0.3333,0.2,0.0833,2.0,2.3333,2.2,2.1667,1.0,1.6667,1.8,2.0,2.0,2.0,2.0,2.3333,2.2,2.1667,0.0,0.0,3.0,1.0,18.0,20.0,21.0,21.0,0.0,0.0,0.08695652173913043,0.1063664596273292,0.09022680218332392,0.07434535134735924,0.0962962962962963,0.10036582536946677,0.060244229330015456,0.19784219001610304,0.2298057671996205,0.17751116380599669,1,3,5,37.0,32.0,31.6,0.5,0.51,0.48599999999999993,,,3.0,8.571428571428571,12.0,1.614285714285714,9.0,129,13,1,27.400000000000002,36.333333333333336,33.36,28.83076923076923,20.0,21.333333333333332,17.53846153846154,0.0,3.230769230769231,132.76923076923077,0.6153846153846154,2026-08-21 11:12:46
2025,16,2025_16_LV_HOU,2025-12-21,00-0034775,C.Kirk,Christian Kirk,WR,HOU,LV,HOME,1,7,7,14.5,39.5,0,closed,astroturf,6.7,test,v1_prior_game,101,8,2025.0,14.0,2025-12-07,HOU,14.0,0,0,1,1,1,0,1.6,6.533333333333334,5.5,6.48228354825674,1.3,16.4,6.05,5.208783790044329,0.0,0.0,0.0,0.0,0.0,0.0,0.0,0.0,3.0,4.3333,4.8,5.0,1.0,2.3333,2.4,1.0,2.3333,2.4,3.0,4.3333,4.8,5.0,0.0,0.0,0.0,0.0,6.0,22.0,6.0,22.0,0.0,0.3333,0.1111111111111111,0.14179894179894179,0.13974136974136972,0.14910230898134125,0.1540983606557377,0.09113523998769901,0.09762814300915434,0.274535519125683,0.276493080689802,0.2779517547184627,1,3,5,25.0,26.666666666666668,30.6,0.36,0.39666666666666667,0.43600000000000005,,,,5.076923076923077,9.428571428571429,1.5076923076923079,5.076923076923077,130,14,1,24.0,33.03333333333333,33.540000000000006,35.8,6.0,15.333333333333334,18.428571428571427,0.0,2.357142857142857,152.07142857142858,1.1428571428571428,2026-08-21 11:12:46
2025,16,2025_16_JAX_DEN,2025-12-21,00-0034960,J.Meyers,Jakobi Meyers,WR,JAX,DEN,AWAY,0,7,7,3.5,46.5,0,outdoors,grass,8.600000000000001,test,v1_prior_game,97,13,2025.0,15.0,2025-12-14,JAX,7.0,0,0,1,1,1,0,12.100000000000001,16.066666666666666,14.919999999999998,3.907300858649101,11.4,21.3,11.53076923076923,4.678031034417618,0.0,0.0,0.0,0.0,0.0,1.3333,0.8,0.3077,7.0,7.6667,7.0,6.6923,5.0,5.0,4.8,5.0,6.3333,5.6,7.0,7.6667,7.0,6.6923,0.0,0.0,0.0,4.0,71.0,66.6667,71.0,70.6667,0.0,0.6667,0.25,0.2708602150537634,0.2570615835777126,0.23034348970035415,0.24566473988439305,0.21652288126276564,0.23986922006514977,0.5469653179190751,0.557856339464581,0.5535008294121738,1,3,5,54.0,55.0,52.6,0.87,0.8733333333333334,0.8220000000000001,,,3.0,8.695652173913043,13.333333333333334,2.095652173913044,9.217391304347826,130,14,1,32.1,35.1,30.4,27.900000000000002,21.0,21.0,20.214285714285715,0.0,1.3571428571428572,134.78571428571428,0.35714285714285715,2026-08-21 11:12:46
2025,16,2025_16_LV_HOU,2025-12-21,00-0040138,J.Noel,Jaylin Noel,WR,HOU,LV,HOME,1,7,7,14.5,39.5,0,closed,astroturf,0.0,test,v1_prior_game,14,14,2025.0,15.0,2025-12-14,HOU,7.0,0,0,1,1,1,0,0.0,1.0999999999999999,1.48,1.4481022063376603,0.0,3.3,3.6785714285714293,4.408938224078022,0.0,0.0,0.0,0.0,0.0,0.3333,0.4,0.3571,0.0,1.0,1.2,2.1429,0.0,0.6667,0.8,0.0,1.0,1.2,0.0,1.0,1.2,2.1429,0.0,0.0,0.0,0.3333,0.0,4.0,0.0,4.3333,0.0,0.0,0.0,0.03510802469135802,0.040350529100529095,0.05979076552941748,0.0,0.010809077729452438,0.008528736680961505,0.0,0.06022839144765374,0.0664959093274667,1,3,5,11.0,18.0,17.8,0.16,0.25333333333333335,0.26199999999999996,,,1.0,4.0,6.0,1.0999999999999999,4.333333333333333,130,14,1,24.0,33.03333333333333,33.540000000000006,35.8,6.0,15.333333333333334,18.428571428571427,0.0,2.357142857142857,152.07142857142858,1.1428571428571428,2026-08-21 11:12:46
2025,17,2025_17_NO_TEN,2025-12-28,00-0038647,R.Bell,Ronnie Bell,WR,NO,TEN,AWAY,0,7,7,-1.5,39.5,0,outdoors,grass,0.0,test,v1_prior_game,17,0,2024.0,10.0,2024-11-10,SF,413.0,0,1,1,1,1,1,0.0,0.6666666666666666,2.34,3.0705048444840464,0.0,7.5,,,0.0,0.0,0.0,,0.0,0.0,0.0,,0.0,1.0,2.2,,0.0,0.3333,0.6,0.0,0.3333,0.6,0.0,1.0,2.2,,0.0,0.0,0.0,0.0,0.0,3.3333,0.0,3.3333,0.0,0.0,0.0,0.03483870967741936,0.08090322580645162,,0.0,0.017379101899827287,0.09665471626959053,0.0,0.06442343584600813,0.18901314009839082,1,3,5,10.0,16.333333333333332,23.4,0.16,0.25333333333333335,0.36,,,,3.3333333333333335,10.0,0.6666666666666666,3.3333333333333335,131,15,1,13.5,27.0,30.96,34.486666666666665,10.0,13.333333333333334,16.933333333333334,0.0,4.333333333333333,159.86666666666667,1.0666666666666667,2026-08-21 11:12:46
2025,18,2025_18_NYJ_BUF,2026-01-04,00-0040406,Q.Skinner,Quentin Skinner,WR,NYJ,BUF,AWAY,0,7,7,12.5,39.5,1,outdoors,a_turf,4.0,test,v1_prior_game,0,0,,,,,,1,1,0,0,0,0,,,,,,,,,,,,,,,,,,,,,,,,,,,,,,,,,,,,,,,,,,,,,,,,,,,0,0,0,,,,,,,,,,,,,,131,16,1,17.7,16.666666666666668,19.460000000000004,27.08125,14.0,12.0,15.6875,0.0,7.0,119.4375,0.8125,2026-08-21 11:12:46
2025,18,2025_18_ARI_LA,2026-01-04,00-0040590,K.Mumpfield,Konata Mumpfield,WR,LA,ARI,HOME,1,6,7,14.5,49.5,1,dome,matrixturf,0.0,test,v1_prior_game,9,9,2025.0,17.0,2025-12-29,LA,6.0,0,0,1,1,1,0,3.0,3.3333333333333335,2.3,2.9068883707497264,0.0,7.0,2.8,2.938537050983023,0.0,0.0,0.0,0.0,0.0,0.0,0.0,0.0,5.0,4.6667,3.0,2.4444,2.0,1.6667,1.2,2.0,1.6667,1.2,5.0,4.6667,3.0,2.4444,0.0,0.0,0.0,0.0,10.0,16.6667,10.0,16.6667,0.0,0.0,0.1388888888888889,0.11062378167641325,0.07282588190907376,0.06544473062166728,0.13255360623781676,0.1528386768753037,0.09529065007137057,0.30112085769980507,0.2729227463273325,0.17594227791357003,1,3,5,43.0,39.0,33.8,0.66,0.52,0.48,,,,3.5714285714285716,10.0,0.7142857142857143,3.5714285714285716,132,16,1,44.5,27.366666666666664,30.26,30.143750000000004,21.0,13.0,17.625,0.0,2.125,139.3125,0.8125,2026-08-21 11:12:46
2018,3,2018_03_OAK_MIA,2018-09-23,00-0031280,D.Carr,Derek Carr,QB,LV,MIA,AWAY,0,7,7,3.0,46.0,0,outdoors,grass,13.600000000000001,training,v1_prior_game,2,2,2018.0,2.0,2018-09-16,LV,7.0,0,0,1,0,0,0,15.52,10.870000000000001,10.870000000000001,6.5760930650348906,6.220000000000001,15.52,10.870000000000001,6.5760930650348906,32.0,36.0,36.0,36.0,0.0,1.0,1.0,1.0,0.0,0.0,0.0,0.0,0.0,0.0,0.0,0.0,1.0,1.0,32.0,37.0,37.0,37.0,288.0,295.5,0.0,0.5,0.0,0.0,0.0,0.5,1.0,0.5,0.0,0.0,0.0,0.0,0.0,0.0,0.0,0.0,0.0,0.0,1,2,2,65.0,67.5,67.5,1.0,1.0,1.0,0.8055555555555556,8.208333333333334,0.5,,,0.29378378378378384,8.0,2,2,1,13.459999999999999,8.879999999999999,8.879999999999999,8.879999999999999,43.0,42.0,42.0,277.0,8.0,0.0,0.5,2026-08-21 11:12:46
2018,5,2018_05_OAK_LAC,2018-10-07,00-0022942,P.Rivers,Philip Rivers,QB,LAC,LV,HOME,1,7,7,5.5,52.0,1,outdoors,grass,21.360000000000003,training,v1_prior_game,4,4,2018.0,4.0,2018-09-30,LAC,7.0,0,0,1,1,0,0,21.7,20.493333333333336,22.610000000000003,4.90552069951125,17.04,28.96,22.610000000000003,4.90552069951125,39.0,32.0,36.75,36.75,4.0,2.3333,1.75,1.75,0.0,0.0,0.0,0.0,0.0,0.0,0.0,4.0,2.3333,1.75,43.0,34.3333,38.5,38.5,250.0,244.0,-3.0,0.6667,0.0,0.0,-3.0,0.6667,3.0,2.6667,0.0,0.0,0.0,0.0,0.0,0.0,0.0,0.0,0.0,0.0,1,3,4,68.0,58.333333333333336,64.25,1.0,0.9933333333333333,0.995,0.6875,7.625,0.2857142857142857,,,0.5968932038834952,7.12621359223301,4,4,1,12.8,17.813333333333333,17.665,17.665,45.0,36.333333333333336,35.75,259.75,12.75,0.0,2.0,2026-08-21 11:12:46
2018,6,2018_06_LAC_CLE,2018-10-14,00-0034855,B.Mayfield,Baker Mayfield,QB,CLE,LAC,HOME,1,7,7,1.0,47.0,0,outdoors,grass,12.32,training,v1_prior_game,3,3,2018.0,5.0,2018-10-07,CLE,7.0,0,0,1,1,0,0,17.98,13.540000000000001,13.540000000000001,4.120145628494217,9.84,17.98,13.540000000000001,4.120145628494217,43.0,35.6667,35.6667,35.6667,2.0,2.6667,2.6667,2.6667,0.0,0.0,0.0,0.0,0.0,0.0,0.0,2.0,2.6667,2.6667,45.0,38.3333,38.3333,38.3333,342.0,279.3333,23.0,10.3333,0.0,0.0,23.0,10.3333,1.0,1.0,0.0,0.0,0.0,0.0,0.0,0.0,0.0,0.0,0.0,0.0,1,3,3,80.0,69.0,69.0,1.0,0.8666666666666667,0.8666666666666667,0.5887850467289719,7.831775700934579,3.875,,,0.35321739130434787,7.556521739130435,5,5,1,13.22,18.866666666666664,19.348000000000003,19.348000000000003,34.0,39.0,37.8,278.2,18.2,0.0,2.2,2026-08-21 11:12:46
2018,7,2018_07_NYG_ATL,2018-10-22,00-0026143,M.Ryan,Matt Ryan,QB,ATL,NYG,HOME,1,8,11,4.5,52.0,0,open,fieldturf,19.26,training,v1_prior_game,6,6,2018.0,6.0,2018-10-14,ATL,8.0,0,0,1,1,1,0,27.500000000000004,23.72,28.4,9.2337099802842,14.399999999999999,40.160000000000004,25.14,11.48802506961053,41.0,39.3333,36.2,37.3333,1.0,1.3333,2.4,2.3333,0.0,0.0,0.0,0.0,0.0,0.0,0.0,1.0,1.3333,2.4,42.0,40.6667,38.6,39.6667,355.0,353.0,13.0,9.3333,0.0,0.0,13.0,9.3333,3.0,2.3333,0.0,0.0,0.0,0.0,0.0,0.0,0.0,0.0,0.0,0.0,1,3,5,67.0,67.0,66.2,1.0,0.9633333333333334,0.974,0.7288135593220338,8.974576271186441,7.0,,,0.5832786885245901,8.90983606557377,6,6,1,24.52,16.493333333333336,17.875999999999998,17.10333333333333,38.0,39.0,38.5,242.16666666666666,27.5,0.0,1.5,2026-08-21 11:12:46
2018,9,2018_09_NYJ_MIA,2018-11-04,00-0029682,B.Osweiler,Brock Osweiler,QB,MIA,NYJ,HOME,1,10,7,3.0,43.5,1,outdoors,grass,5.960000000000001,training,v1_prior_game,4,4,2018.0,8.0,2018-10-25,MIA,10.0,0,0,1,1,0,0,7.640000000000001,17.133333333333336,14.375,9.317272490738192,6.1000000000000005,26.000000000000004,14.375,9.317272490738192,37.0,37.3333,29.25,29.25,0.0,1.0,1.0,1.0,0.0,0.0,0.0,0.0,0.0,0.0,0.0,0.0,1.0,1.0,37.0,38.3333,30.25,30.25,241.0,286.6667,0.0,3.3333,0.0,0.0,0.0,3.3333,0.0,1.6667,0.0,0.0,0.0,0.0,0.0,0.0,0.0,0.0,0.0,0.0,1,3,4,66.0,66.66666666666667,53.25,1.0,1.0,0.8175,0.6339285714285714,7.678571428571429,3.3333333333333335,,,0.4469565217391305,7.565217391304348,8,8,1,21.900000000000002,20.72666666666667,21.516000000000002,18.0,35.0,40.666666666666664,42.75,276.875,19.25,0.0,1.875,2026-08-21 11:12:46
2018,12,2018_12_WAS_DAL,2018-11-22,00-0027688,C.McCoy,Colt McCoy,QB,WAS,DAL,AWAY,0,4,4,7.0,40.0,1,closed,matrixturf,15.52,training,v1_prior_game,1,1,2018.0,11.0,2018-11-18,WAS,4.0,0,0,1,0,0,0,9.66,9.66,9.66,,9.66,9.66,9.66,,12.0,12.0,12.0,12.0,5.0,5.0,5.0,5.0,0.0,0.0,0.0,0.0,0.0,0.0,0.0,5.0,5.0,5.0,17.0,17.0,17.0,17.0,54.0,54.0,35.0,35.0,0.0,0.0,35.0,35.0,1.0,1.0,0.0,0.0,0.0,0.0,0.0,0.0,0.0,0.0,0.0,0.0,1,1,1,24.0,24.0,24.0,0.32,0.32,0.32,0.5,4.5,7.0,,,0.5682352941176471,5.235294117647059,10,10,1,13.74,19.213333333333335,16.104,16.968,35.0,40.0,37.9,253.2,18.4,0.0,1.5,2026-08-21 11:12:46
2018,12,2018_12_MIA_IND,2018-11-25,00-0029668,A.Luck,Andrew Luck,QB,IND,MIA,HOME,1,7,14,9.0,52.5,0,closed,fieldturf,23.619999999999997,training,v1_prior_game,10,10,2018.0,11.0,2018-11-18,IND,7.0,0,0,1,1,1,0,23.880000000000003,22.813333333333333,22.784000000000002,1.0057236200865536,21.2,23.880000000000003,21.686,6.489389973042322,29.0,29.6667,31.0,40.0,0.0,2.3333,2.4,2.1,1.0,0.3333,0.2,0.1,0.0,0.0,0.0,0.0,2.3333,2.4,29.0,32.0,33.4,42.1,297.0,273.6667,0.0,-1.3333,0.0,0.0,0.0,-1.3333,3.0,3.0,0.03125,0.010416666666666666,0.00625,0.003125,0.01568627450980392,0.00522875816993464,0.003137254901960784,0.057855392156862744,0.019285130718954248,0.011571078431372549,1,3,5,54.0,62.333333333333336,62.8,0.87,0.9566666666666667,0.95,0.7415730337078652,9.224719101123595,-0.5714285714285714,0.0,,0.7129166666666666,8.510416666666666,10,10,1,18.060000000000002,16.69333333333333,19.0,15.794,34.0,31.666666666666668,35.7,262.1,11.1,0.0,1.8,2026-08-21 11:12:46
2018,13,2018_13_LA_DET,2018-12-02,00-0033106,J.Goff,Jared Goff,QB,LA,DET,AWAY,0,13,10,-10.5,54.0,0,dome,fieldturf,8.08,training,v1_prior_game,11,11,2018.0,11.0,2018-11-19,LA,13.0,0,0,1,1,1,0,35.12,28.49333333333333,25.691999999999997,7.237687475982919,16.479999999999997,35.12,22.78909090909091,9.431714005996424,49.0,42.6667,37.4,34.6364,4.0,3.3333,3.6,3.1818,0.0,0.0,0.0,0.0,0.0,0.0,0.0,4.0,3.3333,3.6,53.0,46.0,41.0,37.8182,413.0,374.0,6.0,8.6667,0.0,0.0,6.0,8.6667,5.0,3.3333,0.0,0.0,0.0,0.0,0.0,0.0,0.0,0.0,0.0,0.0,1,3,5,80.0,68.33333333333333,66.8,1.0,1.0,0.968,0.6796875,8.765625,2.6,,,0.6194202898550724,8.318840579710145,11,11,1,19.400000000000002,26.62666666666667,22.032000000000004,19.361818181818183,41.0,38.0,32.45454545454545,257.0,5.545454545454546,0.7272727272727273,2.272727272727273,2026-08-21 11:12:46
2018,15,2018_15_WAS_JAX,2018-12-16,00-0026300,J.Johnson,Josh Johnson,QB,WAS,JAX,AWAY,0,7,10,7.5,36.0,0,outdoors,grass,14.94,training,v1_prior_game,1,1,2018.0,14.0,2018-12-09,WAS,7.0,0,0,1,0,0,0,24.3,24.3,24.3,,24.3,24.3,24.3,,16.0,16.0,16.0,16.0,7.0,7.0,7.0,7.0,0.0,0.0,0.0,0.0,0.0,0.0,0.0,7.0,7.0,7.0,23.0,23.0,23.0,23.0,195.0,195.0,45.0,45.0,0.0,0.0,45.0,45.0,2.0,2.0,0.0,0.0,0.0,0.0,0.0,0.0,0.0,0.0,0.0,0.0,1,1,1,29.0,29.0,29.0,0.47,0.47,0.47,0.6875,12.1875,6.428571428571429,,,1.056521739130435,10.434782608695652,13,13,1,5.78,13.866666666666667,16.692,15.978461538461541,28.0,38.0,37.23076923076923,217.15384615384616,25.692307692307693,0.3076923076923077,1.4615384615384615,2026-08-21 11:12:46
2018,16,2018_16_MIN_DET,2018-12-23,00-0029604,K.Cousins,Kirk Cousins,QB,MIN,DET,AWAY,0,7,7,-6.5,41.5,1,dome,fieldturf,22.220000000000002,training,v1_prior_game,14,14,2018.0,15.0,2018-12-16,MIN,7.0,0,0,1,1,1,0,15.3,11.386666666666665,15.703999999999999,7.428168011023984,8.040000000000001,27.38,17.922857142857143,8.272939602724636,21.0,32.6667,36.4,38.9286,5.0,2.6667,3.0,3.0,0.0,0.0,0.0,0.0714,0.0,0.0,0.0,5.0,2.6667,3.0,26.0,35.3333,39.4,41.9286,215.0,208.0,7.0,4.0,0.0,0.0,7.0,4.0,2.0,1.3333,0.0,0.0,0.0,0.002304147465437788,0.0,0.0,0.0,0.0,0.0,0.0,1,3,5,69.0,62.666666666666664,65.0,1.0,1.0,1.0,0.673469387755102,6.36734693877551,1.5,,,0.3222641509433962,6.0,14,14,1,19.759999999999998,11.913333333333332,15.924000000000001,17.76571428571429,35.0,37.666666666666664,33.57142857142857,248.42857142857142,5.571428571428571,0.5714285714285714,2.0,2026-08-21 11:12:46
2018,16,2018_16_TB_DAL,2018-12-23,00-0031503,J.Winston,Jameis Winston,QB,TB,DAL,AWAY,0,7,7,7.0,48.0,0,closed,matrixturf,14.839999999999996,training,v1_prior_game,9,9,2018.0,15.0,2018-12-16,TB,7.0,0,0,1,1,1,0,4.28,15.420000000000002,16.94,7.689837449517382,4.28,22.880000000000003,16.76,8.733338422390375,25.0,31.0,29.4,32.7778,2.0,4.0,4.8,4.7778,0.0,0.0,0.0,0.0,0.0,0.0,0.0,2.0,4.0,4.8,27.0,35.0,34.2,37.5556,157.0,206.3333,0.0,31.6667,0.0,0.0,0.0,31.6667,0.0,1.3333,0.0,0.0,0.0,0.0,0.0,0.0,0.0,0.0,0.0,0.0,1,3,5,50.0,61.666666666666664,57.6,1.0,1.0,0.884,0.5483870967741935,6.655913978494624,7.916666666666667,,,0.4405714285714286,6.8,14,14,1,9.68,11.926666666666668,13.008,15.784285714285716,33.0,32.666666666666664,37.142857142857146,239.07142857142858,16.5,0.0,1.5,2026-08-21 11:12:46
2019,2,2019_02_NO_LA,2019-09-15,00-0031237,T.Bridgewater,Teddy Bridgewater,QB,NO,LA,AWAY,0,6,7,2.0,52.5,0,outdoors,grass,7.1000000000000005,training,v1_prior_game,4,0,2018.0,17.0,2018-12-30,NO,259.0,0,1,1,1,0,0,7.919999999999999,2.5066666666666664,1.8049999999999997,4.0777567362460445,-0.30000000000000004,7.919999999999999,,,22.0,7.6667,5.75,,4.0,2.6667,2.75,,0.0,0.0,0.0,,0.0,0.0,0.0,4.0,2.6667,2.75,26.0,10.3333,8.5,,118.0,39.3333,12.0,2.6667,0.0,0.0,12.0,2.6667,1.0,0.3333,0.0,0.0,0.0,,0.0,0.0,0.0,0.0,0.0,0.0,1,3,4,52.0,22.333333333333332,17.5,1.0,0.4033333333333333,0.315,0.6086956521739131,5.130434782608695,1.0,,,0.24258064516129027,4.064516129032258,17,1,1,5.36,11.780000000000001,9.868,5.36,41.0,36.333333333333336,41.0,239.0,-2.0,0.0,0.0,2026-08-21 11:12:46
2019,2,2019_02_NE_MIA,2019-09-15,00-0034343,J.Rosen,Josh Rosen,QB,MIA,NE,HOME,1,7,7,-18.0,48.5,1,outdoors,grass,1.88,training,v1_prior_game,15,1,2019.0,1.0,2019-09-08,MIA,7.0,0,0,1,1,1,0,-1.8,4.180000000000001,4.104,4.6687343038558105,-1.8,8.38,-1.8,,3.0,20.0,24.6,3.0,0.0,1.3333,1.6,0.0,0.0,0.0,0.0,0.0,0.0,0.0,0.0,0.0,1.3333,1.6,3.0,21.3333,26.2,3.0,5.0,80.3333,0.0,16.3333,0.0,0.0,0.0,16.3333,0.0,0.3333,0.0,0.0,0.0,0.0,0.0,0.0,0.0,0.0,0.0,0.0,1,3,5,5.0,38.333333333333336,47.2,0.1,0.6433333333333334,0.736,0.5166666666666667,4.016666666666667,12.25,,,0.19593750000000001,4.53125,17,1,1,9.74,9.633333333333333,13.179999999999998,9.74,48.0,41.0,48.0,276.0,7.0,0.0,0.0,2026-08-21 11:12:46
2019,6,2019_06_NO_JAX,2019-10-13,00-0031237,T.Bridgewater,Teddy Bridgewater,QB,NO,JAX,AWAY,0,7,7,2.5,42.5,0,outdoors,grass,13.6,training,v1_prior_game,8,4,2019.0,5.0,2019-10-06,NO,7.0,0,0,1,1,1,0,27.26,16.686666666666667,13.016,8.898195322648297,6.52,27.26,14.290000000000001,9.733961166965893,34.0,30.3333,28.6,30.25,5.0,3.6667,3.4,3.25,0.0,0.0,0.0,0.0,0.0,0.0,0.0,5.0,3.6667,3.4,39.0,34.0,32.0,33.5,314.0,228.0,7.0,9.0,0.0,0.0,7.0,9.0,4.0,2.0,0.0,0.0,0.0,0.0,0.0,0.0,0.0,0.0,0.0,0.0,1,3,5,64.0,62.333333333333336,58.6,0.93,0.96,0.9479999999999998,0.7472527472527473,7.516483516483516,2.4545454545454546,,,0.4907843137254902,6.970588235294118,21,5,1,11.64,16.406666666666666,17.86,17.86,31.0,38.666666666666664,37.0,265.0,8.6,0.0,1.6,2026-08-21 11:12:46
2019,7,2019_07_MIA_BUF,2019-10-20,00-0034857,J.Allen,Josh Allen,QB,BUF,MIA,HOME,1,14,7,17.0,42.5,1,outdoors,astroturf,21.279999999999998,training,v1_prior_game,17,5,2019.0,5.0,2019-10-06,BUF,14.0,0,0,1,1,1,0,17.459999999999997,14.833333333333334,16.536,4.9438325214351675,8.72,22.220000000000002,16.536,4.9438325214351675,32.0,32.0,32.6,32.6,10.0,8.0,8.2,8.2,0.0,0.0,0.0,0.0,0.0,0.0,0.0,10.0,8.0,8.2,42.0,40.0,40.8,40.8,219.0,205.0,27.0,33.0,0.0,0.0,27.0,33.0,2.0,1.3333,0.0,0.0,0.0,0.0,0.0,0.0,0.0,0.0,0.0,0.0,1,3,5,64.0,66.0,66.8,1.0,0.9066666666666666,0.9440000000000002,0.6145833333333334,6.40625,4.125,,,0.37083333333333335,5.95,21,5,1,15.64,19.586666666666666,24.816000000000003,24.816000000000003,29.0,33.0,32.4,274.4,6.4,0.0,3.2,2026-08-21 11:12:46
2019,16,2019_16_NO_TEN,2019-12-22,00-0029701,R.Tannehill,Ryan Tannehill,QB,TEN,NO,HOME,1,7,6,-3.5,49.0,0,outdoors,grass,23.680000000000003,training,v1_prior_game,21,10,2019.0,15.0,2019-12-15,TEN,7.0,0,0,1,1,1,0,24.16,21.826666666666668,23.356,7.25301868190066,13.780000000000001,32.36,18.258,9.996072339785373,36.0,28.3333,24.4,23.9,3.0,3.6667,4.2,3.7,0.0,0.0,0.0,0.0,0.0,0.0,0.0,3.0,3.6667,4.2,39.0,32.0,28.6,27.6,279.0,284.0,10.0,11.3333,0.0,0.0,10.0,11.3333,3.0,2.6667,0.0,0.0,0.0,0.0,0.0,0.0,0.0,0.0,0.0,0.0,1,3,5,68.0,62.666666666666664,58.2,1.0,1.0,1.0,0.7058823529411765,10.023529411764706,3.090909090909091,,,0.6820833333333334,9.229166666666666,30,14,1,7.300000000000001,17.313333333333333,17.98,18.250000000000004,35.0,41.666666666666664,40.0,256.7857142857143,14.071428571428571,0.0,1.9285714285714286,2026-08-21 11:12:46
2020,3,2020_03_DAL_SEA,2020-09-27,00-0029263,R.Wilson,Russell Wilson,QB,SEA,DAL,HOME,1,7,7,5.5,58.0,0,outdoors,fieldturf,36.800000000000004,training,v1_prior_game,34,2,2020.0,2.0,2020-09-20,SEA,7.0,0,0,1,1,1,0,33.42,28.473333333333333,23.144,9.37612286608916,10.959999999999999,33.42,32.6,1.1596551211459383,28.0,34.3333,32.0,31.5,5.0,5.3333,4.2,4.0,0.0,0.0,0.0,0.0,0.0,0.0,0.0,5.0,5.3333,4.2,33.0,39.6667,36.2,35.5,288.0,281.0,39.0,32.3333,0.0,0.0,39.0,32.3333,5.0,3.6667,0.0,0.0,0.0,0.0,0.0,0.0,0.0,0.0,0.0,0.0,1,3,5,63.0,66.66666666666667,64.8,1.0,1.0,1.0,0.7475728155339806,8.184466019417476,6.0625,,,0.7178151260504202,7.899159663865547,34,2,1,28.520000000000003,16.42,17.156,19.51,40.0,37.333333333333336,37.5,274.0,15.5,0.0,2.0,2026-08-21 11:12:46
2020,3,2020_03_CIN_PHI,2020-09-27,00-0036442,J.Burrow,Joe Burrow,QB,CIN,PHI,AWAY,0,10,7,5.5,46.5,0,outdoors,grass,20.38,training,v1_prior_game,2,2,2020.0,2.0,2020-09-17,CIN,10.0,0,0,1,0,0,0,24.54,20.43,20.43,5.8124177413534195,16.32,24.54,20.43,5.8124177413534195,61.0,48.5,48.5,48.5,7.0,7.5,7.5,7.5,0.0,0.0,0.0,0.0,0.0,0.0,0.0,7.0,7.5,7.5,68.0,56.0,56.0,56.0,316.0,254.5,19.0,32.5,0.0,0.0,19.0,32.5,3.0,2.0,0.0,0.0,0.0,0.0,0.0,0.0,0.0,0.0,0.0,0.0,1,2,2,92.0,80.0,80.0,1.0,1.0,1.0,0.6185567010309279,5.247422680412371,4.333333333333333,,,0.3648214285714286,5.125,34,2,1,23.98,17.146666666666665,16.356,18.4,34.0,40.666666666666664,36.0,222.5,15.0,0.0,2.0,2026-08-21 11:12:46
2020,5,2020_05_NYG_DAL,2020-10-11,00-0027973,A.Dalton,Andy Dalton,QB,DAL,NYG,HOME,1,7,7,7.5,52.0,1,closed,fieldturf,2.4400000000000004,training,v1_prior_game,25,1,2020.0,2.0,2020-09-20,DAL,21.0,0,0,1,1,1,0,0.0,16.813333333333336,12.432,13.640825488217347,0.0,33.84,0.0,,1.0,28.3333,30.8,1.0,0.0,2.6667,2.6,0.0,0.0,0.0,0.0,0.0,0.0,0.0,0.0,0.0,2.6667,2.6,1.0,31.0,33.4,1.0,0.0,195.3333,0.0,3.3333,0.0,0.0,0.0,3.3333,0.0,2.0,0.0,0.0,0.0,0.0,0.0,0.0,0.0,0.0,0.0,0.0,1,3,5,2.0,53.666666666666664,60.0,0.02,0.6733333333333333,0.8039999999999999,0.5764705882352941,6.894117647058824,1.25,,,0.5423655913978496,6.408602150537634,36,4,1,11.7,14.206666666666669,16.348000000000003,16.169999999999998,35.0,35.666666666666664,35.5,240.5,5.5,0.0,1.75,2026-08-21 11:12:46
2020,6,2020_06_CIN_IND,2020-10-18,00-0036442,J.Burrow,Joe Burrow,QB,CIN,IND,AWAY,0,7,7,7.5,46.0,0,closed,fieldturf,16.72,training,v1_prior_game,5,5,2020.0,5.0,2020-10-11,CIN,7.0,0,0,1,1,1,0,4.32,13.266666666666666,16.131999999999998,7.572378754394157,4.32,24.54,16.131999999999998,7.572378754394157,30.0,36.6667,41.4,41.4,3.0,2.6667,4.6,4.6,0.0,0.0,0.0,0.0,0.0,0.0,0.0,3.0,2.6667,4.6,33.0,39.3333,46.0,46.0,183.0,265.0,10.0,6.6667,0.0,0.0,10.0,6.6667,0.0,1.0,0.0,0.0,0.0,0.0,0.0,0.0,0.0,0.0,0.0,0.0,1,3,5,67.0,71.0,74.6,1.0,0.9966666666666667,0.998,0.6818181818181818,7.2272727272727275,2.5,,,0.3372881355932203,6.906779661016949,37,5,1,15.580000000000002,11.386666666666665,10.7,10.7,39.0,39.0,33.6,190.0,11.0,0.0,1.4,2026-08-21 11:12:46
2020,11,2020_11_ARI_SEA,2020-11-19,00-0029263,R.Wilson,Russell Wilson,QB,SEA,ARI,HOME,1,4,4,3.0,56.5,1,outdoors,fieldturf,20.08,training,v1_prior_game,41,9,2020.0,10.0,2020-11-15,SEA,4.0,0,0,1,1,1,0,9.92,20.253333333333334,23.032000000000004,7.983039521385324,9.92,29.92,26.45111111111111,8.125916016739966,37.0,38.3333,39.4,37.1111,8.0,5.3333,5.4,5.0,0.0,0.0,0.0,0.0,0.0,0.0,0.0,8.0,5.3333,5.4,45.0,43.6667,44.8,42.1111,248.0,299.6667,60.0,29.3333,0.0,0.0,60.0,29.3333,0.0,2.3333,0.0,0.0,0.0,0.0,0.0,0.0,0.0,0.0,0.0,0.0,1,3,5,67.0,66.66666666666667,67.6,1.0,1.0,1.0,0.6695652173913044,7.817391304347826,5.5,,,0.4638167938931298,7.534351145038168,41,9,1,27.36,26.233333333333334,20.708000000000002,19.917777777777783,56.0,49.0,42.55555555555556,267.6666666666667,25.22222222222222,1.3333333333333333,2.0,2026-08-21 11:12:46
2020,11,2020_11_PIT_JAX,2020-11-22,00-0034771,M.Rudolph,Mason Rudolph,QB,PIT,JAX,AWAY,0,7,7,-11.0,47.0,0,outdoors,grass,-0.4,training,v1_prior_game,12,2,2020.0,9.0,2020-11-08,PIT,14.0,0,0,1,1,1,0,0.12,3.073333333333333,3.4720000000000004,4.095280210193193,-0.06000000000000005,9.16,0.02999999999999997,0.1272792206135786,3.0,8.0,16.8,2.0,0.0,1.6667,2.2,1.5,0.0,0.0,0.0,0.0,0.0,0.0,0.0,0.0,1.6667,2.2,3.0,9.6667,19.0,3.5,3.0,46.0,0.0,-1.0,0.0,0.0,0.0,-1.0,0.0,0.3333,0.0,0.0,0.0,0.0,0.0,0.0,0.0,0.0,0.0,0.0,1,3,5,4.0,14.666666666666666,31.0,0.06,0.21999999999999997,0.44000000000000006,0.7083333333333334,5.75,-0.6,,,0.31793103448275856,4.655172413793103,41,9,1,25.4,29.360000000000003,25.052000000000003,23.015555555555558,37.0,44.333333333333336,38.666666666666664,289.0,24.555555555555557,0.0,2.4444444444444446,2026-08-21 11:12:46
2020,11,2020_11_MIA_DEN,2020-11-22,00-0035704,D.Lock,Drew Lock,QB,DEN,MIA,HOME,1,7,7,-4.0,46.0,0,outdoors,grass,11.100000000000001,training,v1_prior_game,12,7,2020.0,10.0,2020-11-15,DEN,7.0,0,0,1,1,1,0,6.9799999999999995,18.673333333333332,14.488000000000003,10.317263203001074,3.4600000000000004,29.22,12.054285714285715,10.26525995310211,47.0,45.3333,40.0,34.0,2.0,3.6667,3.8,3.1429,0.0,0.0,0.0,0.0,0.0,0.0,0.0,2.0,3.6667,3.8,49.0,49.0,43.8,37.1429,257.0,272.6667,7.0,17.6667,0.0,0.0,7.0,17.6667,1.0,2.3333,0.0,0.0,0.0,0.0,0.0,0.0,0.0,0.0,0.0,0.0,1,3,5,71.0,69.66666666666667,69.8,1.0,1.0,0.998,0.5441176470588235,6.014705882352941,4.818181818181818,,,0.38108843537414966,5.925170068027211,41,9,1,20.48,22.86666666666667,15.776000000000002,18.797777777777778,36.0,44.666666666666664,41.111111111111114,265.22222222222223,26.333333333333332,0.0,1.8888888888888888,2026-08-21 11:12:46
2020,12,2020_12_SEA_PHI,2020-11-30,00-0036389,J.Hurts,Jalen Hurts,QB,PHI,SEA,HOME,1,8,11,-6.5,50.0,0,outdoors,grass,0.24,training,v1_prior_game,8,8,2020.0,11.0,2020-11-22,PHI,8.0,0,0,1,1,1,0,0.6000000000000001,0.2866666666666667,0.932,1.5129838069192942,-0.1,3.6,0.96,1.2032812282611718,0.0,0.3333,0.2,0.25,1.0,1.0,1.4,1.5,0.0,0.0,0.2,0.125,0.0,0.0,0.2,1.0,1.0,1.6,1.0,1.3333,1.6,1.75,0.0,3.0,6.0,1.6667,0.0,0.0,6.0,1.6667,0.0,0.0,0.0,0.0,0.005128205128205128,0.003205128205128205,0.0,0.0,-0.0032520325203252037,0.0,0.0,0.0054158849280800505,1,3,5,1.0,2.3333333333333335,3.8,0.01,0.03333333333333333,0.052000000000000005,1.0,9.0,1.6666666666666667,,,0.21500000000000002,3.5,42,10,1,20.259999999999998,22.24666666666667,24.624000000000002,24.453999999999997,47.0,44.666666666666664,50.5,355.1,22.5,0.0,2.3,2026-08-21 11:12:46
2020,13,2020_13_CIN_MIA,2020-12-06,00-0036212,T.Tagovailoa,Tua Tagovailoa,QB,MIA,CIN,HOME,1,7,7,10.5,43.0,0,outdoors,grass,16.14,training,v1_prior_game,5,5,2020.0,11.0,2020-11-22,MIA,14.0,0,0,1,1,1,0,7.32,14.466666666666667,9.896,8.223568568450075,0.36,21.42,9.896,8.223568568450075,20.0,24.3333,19.4,19.4,0.0,4.3333,3.0,3.0,0.0,0.0,0.0,0.0,0.0,0.0,0.0,0.0,4.3333,3.0,20.0,28.6667,22.4,22.4,83.0,166.6667,0.0,11.3333,0.0,0.0,0.0,11.3333,1.0,1.6667,0.0,0.0,0.0,0.0,0.0,0.0,0.0,0.0,0.0,0.0,1,3,5,44.0,54.333333333333336,43.4,0.68,0.8933333333333334,0.754,0.6301369863013698,6.8493150684931505,2.6153846153846154,,,0.5046511627906977,6.209302325581396,43,11,1,12.36,16.673333333333332,19.424,18.407272727272723,48.0,41.0,39.18181818181818,257.0,12.181818181818182,0.0,2.090909090909091,2026-08-21 11:12:46
2021,5,2021_05_TEN_JAX,2021-10-10,00-0029701,R.Tannehill,Ryan Tannehill,QB,TEN,JAX,AWAY,0,7,10,-4.0,49.0,1,outdoors,grass,13.979999999999999,training,v1_prior_game,43,4,2021.0,4.0,2021-10-03,TEN,7.0,0,0,1,1,1,0,18.82,18.293333333333333,19.5,5.848401491005898,14.18,28.44,17.265,3.507644033630931,49.0,38.6667,35.6,37.75,3.0,4.0,4.2,3.5,0.0,0.0,0.0,0.0,0.0,0.0,0.0,3.0,4.0,4.2,52.0,42.6667,39.8,41.25,298.0,280.6667,9.0,30.6667,0.0,0.0,9.0,30.6667,1.0,1.3333,0.0,0.0,0.0,0.0,0.0,0.0,0.0,0.0,0.0,0.0,1,3,5,100.0,85.33333333333333,78.2,1.0,1.0,1.0,0.646551724137931,7.258620689655173,7.666666666666667,,,0.42875,7.296875,52,4,1,22.32,20.693333333333335,19.276,21.43,35.0,38.0,37.75,320.75,16.0,0.0,1.75,2026-08-21 11:12:46
2021,5,2021_05_NYG_DAL,2021-10-10,00-0033077,D.Prescott,Dak Prescott,QB,DAL,NYG,HOME,1,7,7,7.5,53.0,1,closed,matrixturf,20.68,training,v1_prior_game,41,4,2021.0,4.0,2021-10-03,DAL,7.0,0,0,1,1,1,0,27.02,18.206666666666667,19.096,8.660962994956162,7.48,27.42,20.51,9.310588953802368,22.0,25.0,30.8,33.25,4.0,4.3333,3.8,4.25,0.0,0.0,0.2,0.0,0.0,0.0,0.2,4.0,4.3333,4.0,26.0,29.3333,34.6,37.5,188.0,221.0,35.0,13.6667,0.0,0.0,35.0,13.6667,4.0,2.3333,0.0,0.0,0.006060606060606061,0.0,0.0,0.0,0.008438818565400843,0.0,0.0,0.014998082086689683,1,3,5,61.0,65.33333333333333,64.6,1.0,0.9866666666666667,0.924,0.7733333333333333,8.84,3.1538461538461537,,,0.6206818181818182,8.0,52,4,1,13.040000000000001,16.23333333333333,16.344,17.29,23.0,36.666666666666664,37.25,267.25,6.0,0.0,1.75,2026-08-21 11:12:46
2021,18,2021_18_CHI_MIN,2022-01-09,00-0029604,K.Cousins,Kirk Cousins,QB,MIN,CHI,HOME,1,7,7,3.5,45.5,1,dome,sportturf,21.9,training,v1_prior_game,62,15,2021.0,16.0,2021-12-26,MIN,14.0,0,0,1,1,1,0,16.3,13.60666666666667,15.307999999999998,3.531220752091265,10.48,20.200000000000003,18.562666666666665,5.879523142309449,38.0,31.0,33.0,35.9333,4.0,2.6667,2.0,1.8667,0.0,0.0,0.0,0.0,0.0,0.0,0.0,4.0,2.6667,2.0,42.0,33.6667,35.0,37.8,315.0,206.0,17.0,13.6667,0.0,0.0,17.0,13.6667,1.0,1.6667,0.0,0.0,0.0,0.0,0.0,0.0,0.0,0.0,0.0,0.0,1,3,5,63.0,65.66666666666667,65.6,1.0,1.0,1.0,0.5698924731182796,6.645161290322581,5.125,,,0.40415841584158424,6.524752475247524,64,16,1,-5.74,7.093333333333334,16.328,17.076249999999998,12.0,22.333333333333332,32.125,210.8125,12.6875,0.0,2.0625,2026-08-21 11:12:46
2022,3,2022_03_ATL_SEA,2022-09-25,00-0032268,M.Mariota,Marcus Mariota,QB,ATL,SEA,AWAY,0,7,7,1.0,43.0,0,outdoors,fieldturf,15.560000000000002,training,v1_prior_game,31,2,2022.0,2.0,2022-09-18,ATL,7.0,0,0,1,1,1,0,13.44,11.9,7.5200000000000005,8.640358788846676,0.30000000000000004,19.8,16.62,4.497199128346444,26.0,20.0,12.2,29.5,6.0,7.3333,5.2,9.0,0.0,0.0,0.0,0.0,0.0,0.0,0.0,6.0,7.3333,5.2,32.0,27.3333,17.4,38.5,196.0,138.3333,16.0,37.0,0.0,0.0,16.0,37.0,2.0,1.0,0.0,0.0,0.0,0.0,0.0,0.0,0.0,0.0,0.0,0.0,1,3,5,61.0,47.666666666666664,30.4,1.0,0.6966666666666667,0.446,0.6333333333333333,6.916666666666667,5.045454545454546,,,0.43536585365853664,6.414634146341464,67,2,1,19.16,18.02,17.348,18.48,31.0,39.333333333333336,37.0,262.0,10.0,0.0,1.5,2026-08-21 11:12:46
2022,4,2022_04_MIN_NO,2022-10-02,00-0029604,K.Cousins,Kirk Cousins,QB,MIN,NO,AWAY,0,7,7,-4.0,42.0,0,outdoors,,12.92,training,v1_prior_game,66,3,2022.0,3.0,2022-09-25,MIN,7.0,0,0,1,1,1,0,18.299999999999997,15.406666666666666,16.884,4.925310142518946,8.84,21.9,15.406666666666666,5.700257304134026,41.0,39.6667,35.8,39.6667,1.0,1.0,1.6,1.0,0.0,0.0,0.0,0.0,0.0,0.0,0.0,1.0,1.0,1.6,42.0,40.6667,37.4,40.6667,260.0,252.6667,-1.0,6.3333,0.0,0.0,-1.0,6.3333,2.0,1.6667,0.0,0.0,0.0,0.0,0.0,0.0,0.0,0.0,0.0,0.0,1,3,5,72.0,65.0,61.2,1.0,1.0,1.0,0.6218487394957983,6.369747899159663,6.333333333333333,,,0.3788524590163934,6.368852459016393,67,3,1,10.700000000000001,13.300000000000002,10.644000000000002,13.300000000000002,26.0,36.0,36.0,191.66666666666666,23.0,0.0,1.0,2026-08-21 11:12:46
2022,7,2022_07_GB_WAS,2022-10-23,00-0031800,T.Heinicke,Taylor Heinicke,QB,WAS,GB,HOME,1,10,7,-4.0,41.5,0,outdoors,grass,14.44,training,v1_prior_game,22,0,2021.0,18.0,2022-01-09,WAS,287.0,0,1,1,1,1,0,5.1,6.373333333333334,8.328,4.093472853214004,4.74,14.84,,,18.0,25.3333,26.2,,2.0,1.6667,2.2,,0.0,0.0,0.0,,0.0,0.0,0.0,2.0,1.6667,2.2,20.0,27.0,28.4,,120.0,162.6667,3.0,5.3333,0.0,0.0,3.0,5.3333,0.0,0.3333,0.0,0.0,0.0,,0.0,0.0,0.0,0.0,0.0,0.0,1,3,5,59.0,55.0,56.0,1.0,0.9066666666666666,0.8859999999999999,0.5657894736842105,6.421052631578948,3.2,,,0.2360493827160494,6.222222222222222,71,6,1,4.5,8.106666666666667,9.572,11.156666666666666,23.0,27.0,29.166666666666668,180.16666666666666,9.5,0.0,0.8333333333333334,2026-08-21 11:12:46
2022,11,2022_11_LA_NO,2022-11-20,00-0035939,B.Perkins,Bryce Perkins,QB,LA,NO,AWAY,0,7,7,2.5,39.5,0,dome,sportturf,6.460000000000001,training,v1_prior_game,1,1,2022.0,10.0,2022-11-13,LA,7.0,0,0,1,0,0,0,0.28,0.28,0.28,,0.28,0.28,0.28,,1.0,1.0,1.0,1.0,3.0,3.0,3.0,3.0,0.0,0.0,0.0,0.0,0.0,0.0,0.0,3.0,3.0,3.0,4.0,4.0,4.0,4.0,-3.0,-3.0,4.0,4.0,0.0,0.0,4.0,4.0,0.0,0.0,0.0,0.0,0.0,0.0,0.0,0.0,0.0,0.0,0.0,0.0,1,1,1,5.0,5.0,5.0,0.08,0.08,0.08,1.0,-3.0,1.3333333333333333,,,0.07,0.25,74,10,1,19.060000000000002,13.800000000000002,18.212,16.79,38.0,37.0,36.2,212.5,26.9,0.0,1.4,2026-08-21 11:12:46
2022,15,2022_15_NE_LV,2022-12-18,00-0031280,D.Carr,Derek Carr,QB,LV,NE,HOME,1,10,6,1.0,45.0,0,dome,grass,19.240000000000002,training,v1_prior_game,78,13,2022.0,14.0,2022-12-08,LV,10.0,0,0,1,1,1,0,2.5800000000000005,13.126666666666665,15.516,7.482812305543952,2.5800000000000005,20.8,14.883076923076924,6.260824472617251,20.0,28.6667,32.2,33.3846,4.0,2.0,1.2,1.6154,0.0,0.0,0.0,0.0,0.0,0.0,0.0,4.0,2.0,1.2,24.0,30.6667,33.4,35.0,137.0,227.3333,11.0,7.0,0.0,0.0,11.0,7.0,0.0,1.6667,0.0,0.0,0.0,0.0,0.0,0.0,0.0,0.0,0.0,0.0,1,3,5,60.0,65.66666666666667,66.6,1.0,0.9966666666666667,0.998,0.6046511627906976,7.930232558139535,3.5,,,0.4280434782608695,7.641304347826087,78,13,1,10.9,16.56,12.276,15.18615384615385,47.0,42.0,37.76923076923077,222.53846153846155,24.384615384615383,0.0,1.4615384615384615,2026-08-21 11:12:46
2022,16,2022_16_SEA_KC,2022-12-24,00-0030565,G.Smith,Geno Smith,QB,SEA,KC,AWAY,0,9,6,10.5,50.5,0,outdoors,grass,12.2,training,v1_prior_game,23,14,2022.0,15.0,2022-12-15,SEA,9.0,0,0,1,1,1,0,15.32,19.62,19.476,2.776054754503232,15.32,22.98,18.638571428571428,5.979423508542065,44.0,39.6667,37.8,33.7143,1.0,2.0,3.0,4.0,0.0,0.0,0.0,0.0,0.0,0.0,0.0,1.0,2.0,3.0,45.0,41.6667,40.8,37.7143,238.0,289.6667,18.0,13.6667,0.0,0.0,18.0,13.6667,1.0,2.3333,0.0,0.0,0.0,0.0,0.0,0.0,0.0,0.0,0.0,0.0,1,3,5,64.0,61.666666666666664,60.4,1.0,1.0,1.0,0.6722689075630253,7.302521008403361,6.833333333333333,,,0.4708800000000001,7.28,79,14,1,20.06,26.10666666666667,21.284,20.227142857142862,37.0,42.666666666666664,41.642857142857146,248.71428571428572,25.071428571428573,-0.14285714285714285,2.2857142857142856,2026-08-21 11:12:46
2022,18,2022_18_CAR_NO,2023-01-08,00-0034869,S.Darnold,Sam Darnold,QB,CAR,NO,AWAY,0,7,7,3.5,41.5,1,dome,sportturf,0.9199999999999999,training,v1_prior_game,55,5,2022.0,17.0,2023-01-01,CAR,7.0,0,0,1,1,1,0,21.64,18.91333333333333,17.080000000000002,4.663882502808148,11.8,21.9,17.080000000000002,4.663882502808148,37.0,27.3333,25.0,25.0,5.0,4.3333,4.0,4.0,0.0,0.0,0.0,0.0,0.0,0.0,0.0,5.0,4.3333,4.0,42.0,31.6667,29.0,29.0,341.0,272.0,20.0,13.6667,0.0,0.0,20.0,13.6667,3.0,2.0,0.0,0.0,0.0,0.0,0.0,0.0,0.0,0.0,0.0,0.0,1,3,5,66.0,60.0,63.6,1.0,1.0,1.0,0.6341463414634146,9.951219512195122,3.1538461538461537,,,0.5972631578947368,9.021052631578947,80,16,1,12.96,10.813333333333333,12.572000000000001,15.748750000000003,33.0,33.0,36.9375,209.8125,23.5625,0.0,1.3125,2026-08-21 11:12:46
2023,1,2023_01_HOU_BAL,2023-09-10,00-0034796,L.Jackson,Lamar Jackson,QB,BAL,HOU,HOME,1,7,7,9.5,43.5,0,outdoors,,6.5600000000000005,training,v1_prior_game,70,0,2022.0,13.0,2022-12-04,BAL,280.0,0,1,1,1,1,0,1.34,13.286666666666669,15.840000000000003,8.676197323712733,1.34,23.060000000000002,,,4.0,23.0,25.8,,1.0,8.6667,9.2,,0.0,0.0,0.0,,0.0,0.0,0.0,1.0,8.6667,9.2,5.0,31.6667,35.0,,11.0,158.0,9.0,43.0,0.0,0.0,9.0,43.0,0.0,0.6667,0.0,0.0,0.0,,0.0,0.0,0.0,0.0,0.0,0.0,1,3,5,10.0,50.333333333333336,59.0,0.14,0.7133333333333334,0.828,0.6231884057971014,6.869565217391305,4.961538461538462,,,0.4195789473684211,6.347368421052631,82,0,1,14.459999999999999,9.453333333333333,14.951999999999998,,40.0,33.666666666666664,,,,,,2026-08-21 11:12:46
2023,6,2023_06_BAL_TEN,2023-10-15,00-0029701,R.Tannehill,Ryan Tannehill,QB,TEN,BAL,HOME,1,7,7,-5.5,42.5,0,outdoors,,1.04,training,v1_prior_game,73,5,2023.0,5.0,2023-10-08,TEN,7.0,0,0,1,1,1,0,9.760000000000002,8.873333333333333,10.016,7.429500656167949,2.42,21.04,10.016,7.429500656167949,34.0,28.0,28.4,28.4,2.0,2.6667,2.4,2.4,0.0,0.0,0.0,0.0,0.0,0.0,0.0,2.0,2.6667,2.4,36.0,30.6667,30.8,30.8,264.0,202.6667,12.0,7.6667,0.0,0.0,12.0,7.6667,0.0,0.3333,0.0,0.0,0.0,0.0,0.0,0.0,0.0,0.0,0.0,0.0,1,3,5,60.0,57.333333333333336,60.0,1.0,0.9866666666666667,0.992,0.6428571428571429,7.238095238095238,2.875,,,0.2893478260869565,6.858695652173913,87,5,1,12.360000000000001,8.893333333333333,10.548,10.548,38.0,40.666666666666664,42.4,207.2,8.6,0.0,0.8,2026-08-21 11:12:46
2023,7,2023_07_JAX_NO,2023-10-19,00-0031280,D.Carr,Derek Carr,QB,NO,JAX,HOME,1,4,4,2.5,41.0,0,dome,sportturf,17.439999999999998,training,v1_prior_game,86,6,2023.0,6.0,2023-10-15,NO,4.0,0,0,1,1,1,0,16.32,11.74,10.012,5.776358714622907,3.1799999999999997,16.32,10.776666666666666,5.495575189792846,50.0,37.6667,33.4,33.3333,1.0,1.6667,1.6,1.8333,0.0,0.0,0.0,0.0,0.0,0.0,0.0,1.0,1.6667,1.6,51.0,39.3333,35.0,35.1667,353.0,221.0,2.0,2.3333,0.0,0.0,2.0,2.3333,1.0,1.0,0.0,0.0,0.0,0.0,0.0,0.0,0.0,0.0,0.0,0.0,1,3,5,79.0,64.33333333333333,59.0,0.96,0.8766666666666666,0.8140000000000001,0.6460176991150443,5.867256637168142,1.4,,,0.29847457627118645,5.677966101694915,88,6,1,9.56,14.520000000000001,17.072000000000003,17.713333333333335,57.0,44.333333333333336,43.833333333333336,281.1666666666667,18.0,0.0,1.8333333333333333,2026-08-21 11:12:46
2023,7,2023_07_ARI_SEA,2023-10-22,00-0033949,J.Dobbs,Joshua Dobbs,QB,ARI,SEA,AWAY,0,7,7,9.5,43.5,1,outdoors,fieldturf,16.14,training,v1_prior_game,14,6,2023.0,6.0,2023-10-15,ARI,7.0,0,0,1,1,1,0,10.100000000000001,14.08,16.904000000000003,7.488716846029097,8.74,25.220000000000002,14.25,9.334184484999213,41.0,38.0,33.2,32.6667,7.0,7.3333,6.2,5.6667,0.0,0.0,0.0,0.0,0.0,0.0,0.0,7.0,7.3333,6.2,48.0,45.3333,39.4,38.3333,235.0,222.0,47.0,32.0,0.0,0.0,47.0,32.0,0.0,1.3333,0.0,0.0,0.0,0.0,0.0,0.0,0.0,0.0,0.0,0.0,1,3,5,76.0,68.0,66.0,1.0,1.0,1.0,0.5614035087719298,5.842105263157895,4.363636363636363,,,0.31058823529411766,5.602941176470588,87,5,1,13.8,15.353333333333333,16.688,16.688,37.0,47.0,43.4,281.2,18.4,0.0,1.4,2026-08-21 11:12:46
2023,7,2023_07_BUF_NE,2023-10-22,00-0034857,J.Allen,Josh Allen,QB,BUF,NE,AWAY,0,7,7,-7.5,41.0,1,outdoors,fieldturf,24.3,training,v1_prior_game,83,6,2023.0,6.0,2023-10-15,BUF,7.0,0,0,1,1,1,0,13.86,26.039999999999996,24.62,8.345405921823096,13.86,36.5,22.02333333333333,9.806768410983643,30.0,31.6667,32.8,34.1667,2.0,3.3333,3.2,3.6667,0.0,0.0,0.0,0.0,0.0,0.0,0.0,2.0,3.3333,3.2,32.0,35.0,36.0,37.8333,169.0,282.6667,11.0,14.0,0.0,0.0,11.0,14.0,2.0,3.3333,0.0,0.0,0.0,0.0,0.0,0.0,0.0,0.0,0.0,0.0,1,3,5,59.0,56.333333333333336,60.0,0.97,0.9433333333333334,0.924,0.7052631578947368,8.926315789473684,4.2,,,0.7439999999999999,8.476190476190476,88,6,1,12.66,14.306666666666667,12.312000000000001,12.343333333333334,37.0,36.0,36.833333333333336,217.33333333333334,6.5,0.0,1.0,2026-08-21 11:12:46
2023,12,2023_12_BUF_PHI,2023-11-26,00-0036389,J.Hurts,Jalen Hurts,QB,PHI,BUF,HOME,1,6,7,2.5,49.0,0,outdoors,grass,34.5,training,v1_prior_game,54,10,2023.0,11.0,2023-11-20,PHI,6.0,0,0,1,1,1,0,18.9,24.046666666666667,23.060000000000002,3.666524239658045,18.9,27.36,22.437999999999995,4.661353642213577,22.0,27.6667,31.8,32.7,12.0,8.6667,9.0,10.0,0.0,0.0,0.0,0.0,0.0,0.0,0.0,12.0,8.6667,9.0,34.0,36.3333,40.8,42.7,150.0,225.3333,29.0,23.6667,0.0,0.0,29.0,23.6667,2.0,3.0,0.0,0.0,0.0,0.0,0.0,0.0,0.0,0.0,0.0,0.0,1,3,5,56.0,60.333333333333336,64.6,1.0,1.0,1.0,0.7228915662650602,8.144578313253012,2.730769230769231,,,0.6618348623853211,6.853211009174312,92,11,1,6.16,15.733333333333334,17.712,13.176363636363636,34.0,40.333333333333336,36.54545454545455,223.27272727272728,15.181818181818182,0.0,1.1818181818181819,2026-08-21 11:12:46
2023,15,2023_15_TB_GB,2023-12-17,00-0036264,J.Love,Jordan Love,QB,GB,TB,HOME,1,6,7,4.0,41.5,0,outdoors,grass,17.46,training,v1_prior_game,23,13,2023.0,14.0,2023-12-11,GB,6.0,0,0,1,1,1,0,8.92,19.74,19.352,6.891365612126525,8.92,26.619999999999997,17.743076923076924,6.285925262859591,39.0,35.6667,37.4,34.3846,2.0,2.3333,2.4,3.1538,0.0,0.0,0.0,0.0,0.0,0.0,0.0,2.0,2.3333,2.4,41.0,38.0,39.8,37.5385,218.0,251.0,2.0,17.0,0.0,0.0,2.0,17.0,1.0,2.3333,0.0,0.0,0.0,0.0,0.0,0.0,0.0,0.0,0.0,0.0,1,3,5,68.0,62.666666666666664,65.6,1.0,1.0,1.0,0.6728971962616822,7.037383177570093,7.285714285714286,,,0.5194736842105263,7.052631578947368,94,13,1,25.380000000000003,15.713333333333333,15.963999999999999,18.39692307692308,44.0,39.666666666666664,40.0,281.84615384615387,12.76923076923077,0.0,1.7692307692307692,2026-08-21 11:12:46
2018,5,2018_05_NYG_CAR,2018-10-07,00-0033296,A.Armah,Alex Armah,RB,CAR,NYG,HOME,1,14,7,7.0,43.5,0,outdoors,grass,0.4,training,v1_prior_game,3,3,2018.0,3.0,2018-09-23,CAR,14.0,0,0,1,1,0,0,0.1,2.1999999999999997,2.1999999999999997,3.380828300875393,0.1,6.1,2.1999999999999997,3.380828300875393,0.0,0.0,0.0,0.0,1.0,1.0,1.0,1.0,0.0,0.0,0.0,0.0,0.0,0.0,0.0,1.0,1.0,1.0,1.0,1.0,1.0,1.0,0.0,0.0,1.0,2.0,0.0,0.0,1.0,2.0,0.0,0.3333,0.0,0.0,0.0,0.0,0.0,0.0,0.0,0.0,0.0,0.0,1,3,3,17.0,13.333333333333334,13.333333333333334,0.25,0.19666666666666666,0.19666666666666666,,,2.0,,,2.1999999999999997,2.0,4,4,1,43.800000000000004,26.76666666666667,26.25,26.25,33.0,25.666666666666668,27.75,0.0,84.5,35.5,1.5,2026-08-21 11:12:46
2018,17,2018_17_CAR_NO,2018-12-30,00-0033296,A.Armah,Alex Armah,RB,CAR,NO,AWAY,0,7,7,8.0,42.0,1,dome,sportturf,1.6,training,v1_prior_game,8,8,2018.0,14.0,2018-12-09,CAR,21.0,0,0,1,1,1,0,0.0,2.1333333333333333,1.3599999999999999,2.6557484820667785,0.0,6.1,1.675,2.7358728040608904,0.0,0.0,0.0,0.0,1.0,1.3333,1.0,1.0,0.0,0.0,0.0,0.0,0.0,0.0,0.0,1.0,1.3333,1.0,1.0,1.3333,1.0,1.0,0.0,0.0,0.0,1.3333,0.0,0.0,0.0,1.3333,0.0,0.3333,0.0,0.0,0.0,0.0,0.0,0.0,0.0,0.0,0.0,0.0,1,3,5,5.0,7.0,6.8,0.07,0.11333333333333334,0.10600000000000001,,,1.0,,,1.5999999999999999,1.0,15,15,1,13.8,18.2,18.86,19.37333333333333,18.0,23.0,22.933333333333334,3.3333333333333335,53.2,41.2,0.8,2026-08-21 11:12:46
2019,2,2019_02_MIN_GB,2019-09-15,00-0033893,D.Cook,Dalvin Cook,RB,MIN,GB,AWAY,0,7,10,3.0,43.0,1,outdoors,grass,28.1,training,v1_prior_game,12,1,2019.0,1.0,2019-09-08,MIN,7.0,0,0,1,1,1,0,26.0,16.599999999999998,19.68,8.076323420963279,10.0,29.3,26.0,,0.0,0.0,0.0,0.0,21.0,16.0,16.0,21.0,2.0,3.3333,3.8,2.0,2.0,3.0,3.0,23.0,19.0,19.0,23.0,19.3333,19.8,23.0,0.0,0.0,111.0,74.3333,9.0,21.6667,120.0,96.0,2.0,0.6667,0.2222222222222222,0.16355180064857483,0.16329237071172556,0.2222222222222222,0.0392156862745098,-0.005998115024484193,-0.016708625112251494,0.3607843137254902,0.24112902045572335,0.23324251848901228,1,3,5,36.0,45.0,45.4,0.67,0.7833333333333333,0.764,,,4.645833333333333,6.5,7.222222222222222,0.8586206896551724,4.9655172413793105,17,1,1,29.1,25.900000000000002,24.919999999999998,29.1,33.0,31.333333333333332,33.0,0.0,35.0,96.0,0.0,2026-08-21 11:12:46
2019,8,2019_08_WAS_MIN,2019-10-24,00-0032782,W.Smallwood,Wendell Smallwood,RB,WAS,MIN,AWAY,0,4,4,16.5,42.0,0,dome,sportturf,3.0,training,v1_prior_game,21,6,2019.0,7.0,2019-10-20,WAS,4.0,0,0,1,1,1,0,5.1000000000000005,2.733333333333334,2.12,2.0462160198766894,0.0,5.1000000000000005,2.316666666666667,1.8925291719460147,0.0,0.0,0.0,0.0,5.0,4.0,2.4,2.1667,1.0,0.3333,0.4,0.6667,1.0,0.3333,0.4,6.0,4.3333,2.8,6.0,4.3333,2.8,2.8333,0.0,0.0,23.0,18.0,18.0,6.0,41.0,24.0,0.0,0.0,0.08333333333333333,0.027777777777777776,0.02435897435897436,0.02930815430815431,-0.04081632653061224,-0.013605442176870748,-0.004257015306122448,0.09642857142857143,0.03214285714285715,0.033558550824175824,1,3,5,16.0,12.0,8.0,0.36,0.23666666666666666,0.156,,,4.5,18.0,18.0,0.6307692307692309,5.538461538461538,23,7,1,20.0,16.96666666666667,16.919999999999998,18.82857142857143,28.0,21.333333333333332,26.714285714285715,0.0,77.57142857142857,36.42857142857143,0.5714285714285714,2026-08-21 11:12:46
2019,9,2019_09_CLE_DEN,2019-11-03,00-0034253,D.Hilliard,Dontrell Hilliard,RB,CLE,DEN,AWAY,0,7,7,-4.0,39.0,0,outdoors,grass,3.4000000000000004,training,v1_prior_game,16,6,2019.0,8.0,2019-10-27,CLE,7.0,0,0,1,1,1,0,7.4,3.7000000000000006,4.9,5.6559702969517085,0.0,13.4,5.550000000000001,5.303489417355332,0.0,0.0,0.0,0.0,1.0,0.3333,1.4,1.3333,4.0,2.3333,2.0,2.0,4.0,2.0,1.6,5.0,2.3333,3.0,5.0,2.6667,3.4,3.3333,0.0,0.0,10.0,3.3333,24.0,13.6667,34.0,17.0,0.0,0.0,0.13333333333333333,0.07222222222222223,0.06268817204301076,0.061012073193737026,-0.03571428571428571,-0.0034061783353568054,0.00328962633211925,0.17500000000000002,0.10594900849858357,0.09633499649699961,1,3,5,23.0,12.0,12.4,0.37,0.19666666666666666,0.194,,,10.0,5.857142857142857,6.833333333333333,1.3875000000000002,6.375,24,8,1,24.1,16.1,23.360000000000003,24.400000000000002,29.0,27.666666666666668,31.125,0.0,100.5,38.5,0.875,2026-08-21 11:12:46
2019,11,2019_11_DEN_MIN,2019-11-17,00-0032104,A.Abdullah,Ameer Abdullah,RB,MIN,DEN,HOME,1,7,14,10.0,40.5,0,dome,sportturf,3.6,training,v1_prior_game,18,9,2019.0,10.0,2019-11-10,MIN,7.0,0,0,1,1,1,0,0.0,2.9333333333333336,2.24,3.811561359862911,0.0,8.8,1.7333333333333334,2.924038303442689,0.0,0.0,0.0,0.0,0.0,0.3333,0.8,0.7778,0.0,0.3333,0.2,0.5556,0.0,0.3333,0.2,0.0,0.6667,1.0,0.0,0.6667,1.0,1.3333,0.0,0.0,0.0,0.6667,0.0,5.3333,0.0,6.0,0.0,0.3333,0.0,0.009009009009009009,0.005405405405405406,0.018082368082368086,0.0,0.006459948320413436,0.003875968992248062,0.0,0.01803547733780292,0.010821286402681752,1,3,5,5.0,5.333333333333333,5.4,0.07,0.07333333333333333,0.076,,,2.0,16.0,16.0,4.4,9.0,25,9,1,16.5,18.46666666666667,18.98,23.522222222222226,32.0,30.333333333333332,31.22222222222222,0.0,97.44444444444444,37.77777777777778,0.7777777777777778,2026-08-21 11:12:46
2019,11,2019_11_PIT_CLE,2019-11-14,00-0034791,N.Chubb,Nick Chubb,RB,CLE,PIT,HOME,1,4,4,3.0,41.5,1,outdoors,grass,9.200000000000001,training,v1_prior_game,25,9,2019.0,10.0,2019-11-10,CLE,4.0,0,0,1,1,1,0,14.100000000000001,12.666666666666666,15.559999999999999,7.591310822249343,10.8,28.9,18.38888888888889,9.73979522942403,0.0,0.0,0.0,0.0,20.0,20.0,19.2,19.3333,4.0,3.3333,3.4,4.0,2.0,2.3333,2.6,22.0,22.3333,21.8,24.0,23.3333,22.6,23.3333,0.0,0.0,116.0,104.0,5.0,12.6667,121.0,116.6667,0.0,0.0,0.10526315789473684,0.08786549707602338,0.09514354066985645,0.11565505247219018,-0.0038314176245210726,-0.018371156302190782,-0.020250710434409402,0.1552127445049405,0.11893843620250154,0.1285398137006981,1,3,5,56.0,47.0,47.6,0.81,0.6866666666666666,0.752,,,5.2,3.8,5.428571428571429,0.5428571428571428,5.0,25,9,1,8.700000000000001,10.966666666666669,12.680000000000001,18.566666666666666,25.0,24.666666666666668,29.666666666666668,0.0,86.88888888888889,32.111111111111114,0.4444444444444444,2026-08-21 11:12:46
2019,17,2019_17_WAS_DAL,2019-12-29,00-0025394,A.Peterson,Adrian Peterson,RB,WAS,DAL,AWAY,0,7,7,13.0,47.5,1,closed,fieldturf,6.800000000000001,training,v1_prior_game,30,14,2019.0,16.0,2019-12-22,WAS,7.0,0,0,1,1,1,0,13.5,15.066666666666668,13.4,4.6000000000000005,5.9,18.1,10.014285714285716,5.4573672354769345,0.0,0.0,0.0,0.0,15.0,17.0,14.8,14.1429,2.0,1.6667,1.4,1.3571,2.0,1.6667,1.2,17.0,18.6667,16.0,17.0,18.6667,16.2,15.5,0.0,0.0,36.0,59.3333,19.0,14.6667,55.0,74.0,1.0,1.0,0.05405405405405406,0.055055055055055056,0.0482629180905043,0.046665942140080074,-0.006472491909385114,-0.012361578935781431,-0.0048594026044356115,0.0765503367445115,0.07392947732753558,0.06899279531265153,1,3,5,33.0,31.0,27.2,0.47,0.5033333333333333,0.442,,,3.4901960784313726,8.8,8.8,0.8071428571428572,3.9642857142857144,31,15,1,34.5,24.933333333333334,22.32,23.880000000000006,35.0,28.0,28.0,0.0,80.93333333333334,47.86666666666667,0.8666666666666667,2026-08-21 11:12:46
2020,1,2020_01_CHI_DET,2020-09-13,00-0033556,T.Cohen,Tarik Cohen,RB,CHI,DET,AWAY,0,7,7,2.5,42.5,1,dome,fieldturf,6.7,training,v1_prior_game,32,0,2019.0,17.0,2019-12-29,CHI,259.0,0,1,1,1,1,0,15.4,12.4,10.760000000000002,4.395224681401395,6.300000000000001,15.5,,,0.0,0.0,0.0,,4.0,4.6667,4.0,,10.0,8.0,6.8,,9.0,6.3333,5.8,13.0,11.0,9.8,14.0,12.6667,10.8,,0.0,0.0,20.0,18.6667,44.0,42.0,64.0,60.6667,0.0,0.0,0.2857142857142857,0.2023088023088023,0.18114759038358358,,-0.04205607476635514,-0.012184679829400151,0.00026138140709252715,0.39913217623497993,0.2949339275826233,0.2719043525603401,1,3,5,33.0,40.666666666666664,38.2,0.44,0.5433333333333333,0.532,,,4.0,5.25,6.631578947368421,0.9789473684210527,4.7894736842105265,32,0,1,19.7,22.3,23.5,,37.0,33.333333333333336,,,,,,2026-08-21 11:12:46
2020,3,2020_03_CAR_LAC,2020-09-27,00-0036370,J.Kelley,Joshua Kelley,RB,LAC,CAR,HOME,1,7,7,6.0,43.5,0,dome,matrixturf,5.2,training,v1_prior_game,2,2,2020.0,2.0,2020-09-20,LAC,7.0,0,0,1,0,0,0,13.3,12.65,12.65,0.9192388155425123,12.0,13.3,12.65,0.9192388155425123,0.0,0.0,0.0,0.0,23.0,17.5,17.5,17.5,2.0,1.0,1.0,1.0,2.0,1.0,1.0,25.0,18.5,18.5,25.0,18.5,18.5,18.5,0.0,0.0,64.0,62.0,49.0,24.5,113.0,86.5,0.0,0.5,0.06666666666666667,0.03333333333333333,0.03333333333333333,0.03333333333333333,-0.01060070671378092,-0.00530035335689046,-0.00530035335689046,0.09257950530035336,0.04628975265017668,0.04628975265017668,1,2,2,43.0,30.5,30.5,0.52,0.38,0.38,,,3.5428571428571427,24.5,24.5,0.6837837837837838,4.675675675675675,34,2,1,45.400000000000006,40.733333333333334,39.84,46.0,34.0,35.0,36.5,0.0,121.5,63.5,3.0,2026-08-21 11:12:46
2020,5,2020_05_CIN_BAL,2020-10-11,00-0030456,G.Bernard,Giovani Bernard,RB,CIN,BAL,AWAY,0,7,7,12.5,49.0,1,outdoors,grass,1.4,training,v1_prior_game,32,4,2020.0,4.0,2020-10-04,CIN,7.0,0,0,1,1,1,0,1.9000000000000001,5.966666666666666,5.0200000000000005,3.623120202256613,0.4,8.5,6.175,2.9341381471680346,0.0,0.0,0.0,0.0,2.0,1.0,1.4,1.0,0.0,3.3333,3.2,3.75,0.0,2.6667,2.4,2.0,3.6667,3.8,2.0,4.3333,4.6,4.75,0.0,0.0,19.0,7.3333,0.0,25.6667,19.0,33.0,0.0,0.0,0.0,0.06335754640839386,0.0739933638238723,0.08323244552058112,0.0,0.009771024585839401,0.002141008044056149,0.0,0.10187603682267837,0.11248875136664774,1,3,5,13.0,24.333333333333332,22.2,0.17,0.29333333333333333,0.286,,,7.333333333333333,7.7,9.625,1.376923076923077,7.615384615384615,36,4,1,32.900000000000006,20.033333333333335,19.220000000000002,19.575000000000003,32.0,27.0,28.0,0.0,77.25,56.0,0.25,2026-08-21 11:12:46
2020,5,2020_05_JAX_HOU,2020-10-11,00-0032187,Da.Johnson,David Johnson,RB,HOU,JAX,HOME,1,7,7,6.5,55.0,1,closed,grass,12.3,training,v1_prior_game,32,4,2020.0,4.0,2020-10-04,HOU,7.0,0,0,1,1,1,0,11.200000000000001,10.266666666666667,10.48,6.762913573305516,1.7000000000000002,19.9,12.675,5.372383083883724,0.0,0.0,0.0,0.0,16.0,13.3333,10.6,12.75,3.0,3.3333,3.0,3.5,2.0,2.0,2.0,18.0,15.3333,12.6,19.0,16.6667,13.6,16.25,0.0,0.0,63.0,40.0,29.0,22.6667,92.0,62.6667,0.0,0.3333,0.0967741935483871,0.10851078782767587,0.09832033171691615,0.11364115538688593,0.06333333333333334,0.0904393197363255,0.048539846895435515,0.18949462365591396,0.22607370555694165,0.1814583904021791,1,3,5,36.0,45.666666666666664,40.0,0.55,0.82,0.6980000000000001,,,3.0,6.8,11.333333333333334,0.6160000000000001,3.76,36,4,1,44.0,25.0,30.820000000000004,31.450000000000003,33.0,32.333333333333336,33.5,0.0,104.25,50.25,1.5,2026-08-21 11:12:46
2020,7,2020_07_PIT_TEN,2020-10-25,00-0034331,J.Samuels,Jaylen Samuels,RB,PIT,TEN,AWAY,0,7,7,1.0,51.0,0,outdoors,grass,0.5,training,v1_prior_game,25,3,2020.0,3.0,2020-09-27,PIT,28.0,0,0,1,1,1,0,0.1,0.9333333333333335,2.66,3.0599019592137267,0.1,7.9,0.9333333333333335,0.7234178138070235,0.0,0.0,0.0,0.0,1.0,0.6667,1.0,0.6667,0.0,1.0,2.2,1.0,0.0,0.6667,1.4,1.0,1.3333,2.4,1.0,1.6667,3.2,1.6667,0.0,0.0,1.0,1.0,0.0,1.6667,1.0,2.6667,0.0,0.0,0.0,0.027012850773669026,0.06954104379753476,0.027012850773669026,0.0,-0.0030165912518853697,-0.0074165432845490235,0.0,0.03840766228418379,0.09911998539711782,1,3,5,6.0,10.333333333333334,18.6,0.08,0.15666666666666668,0.30000000000000004,,,1.5,1.6666666666666667,2.5,0.56,1.6,37,5,1,16.0,21.1,23.66,23.66,27.0,28.333333333333332,27.8,0.0,112.4,26.2,1.2,2026-08-21 11:12:46
2020,15,2020_15_CHI_MIN,2020-12-20,00-0033893,D.Cook,Dalvin Cook,RB,MIN,CHI,HOME,1,7,7,2.5,47.5,1,dome,sportturf,26.9,training,v1_prior_game,37,12,2020.0,14.0,2020-12-13,MIN,7.0,0,0,1,1,1,0,19.0,17.7,18.660000000000004,6.150447138216863,10.200000000000001,25.0,24.53333333333333,10.534388132840624,0.0,0.0,0.0,0.0,22.0,24.0,25.8,22.75,4.0,5.6667,5.2,3.9167,2.0,4.0,4.2,24.0,28.0,30.0,26.0,29.6667,31.0,26.6667,0.0,0.0,102.0,94.3333,8.0,29.3333,110.0,123.6667,1.0,0.3333,0.11428571428571428,0.1441029900332226,0.14717607973421928,0.13699497310853812,-0.04032258064516129,-0.03870297759032587,-0.025336496684172833,0.14320276497695852,0.18906240073660577,0.20302857192240795,1,3,5,54.0,59.666666666666664,58.0,0.68,0.7266666666666667,0.756,,,3.9305555555555554,5.176470588235294,7.333333333333333,0.5966292134831461,4.168539325842697,45,13,1,15.600000000000001,19.900000000000002,16.839999999999996,20.307692307692314,25.0,28.0,29.615384615384617,0.0,97.23076923076923,29.692307692307693,0.6923076923076923,2026-08-21 11:12:46
2020,17,2020_17_ARI_LA,2021-01-03,00-0033118,K.Drake,Kenyan Drake,RB,ARI,LA,AWAY,0,8,7,1.0,42.0,1,dome,matrixturf,8.100000000000001,training,v1_prior_game,44,14,2020.0,16.0,2020-12-26,ARI,8.0,0,0,1,1,1,0,13.0,11.666666666666666,14.62,6.580425518156103,6.0,24.3,13.150000000000002,6.882502898934817,0.0,0.0,0.0,0.0,18.0,17.0,16.6,16.3571,2.0,1.6667,2.4,2.0,2.0,1.6667,2.0,20.0,18.6667,18.6,20.0,18.6667,19.0,18.3571,0.0,0.0,45.0,50.3333,5.0,9.6667,50.0,60.0,1.0,0.6667,0.043478260869565216,0.04292743830787309,0.06595254141609641,0.05695239385639459,-0.007389162561576354,-0.006298660117038886,-0.0051256298402378875,0.06004497751124438,0.059982095379882416,0.09534087123597809,1,3,5,52.0,43.333333333333336,40.0,0.63,0.5633333333333334,0.538,,,2.9607843137254903,5.8,5.8,0.625,3.2142857142857144,47,15,1,15.4,19.133333333333333,19.0,19.819999999999997,25.0,28.0,27.8,0.0,78.2,34.666666666666664,0.6666666666666666,2026-08-21 11:12:46
2021,2,2021_02_NO_CAR,2021-09-19,00-0032450,D.Washington,Dwayne Washington,RB,NO,CAR,AWAY,0,7,7,-3.0,45.0,1,outdoors,grass,0.0,training,v1_prior_game,19,0,2020.0,16.0,2020-12-25,NO,268.0,0,1,1,1,1,0,0.0,0.20000000000000004,0.3,0.4242640687119285,0.0,0.9,,,0.0,0.0,0.0,,0.0,1.0,1.6,,0.0,0.0,0.0,,0.0,0.0,0.0,0.0,1.0,1.6,0.0,1.0,1.6,,0.0,0.0,0.0,2.0,0.0,0.0,0.0,2.0,0.0,0.0,0.0,0.0,0.0,,0.0,0.0,0.0,0.0,0.0,0.0,1,3,5,0.0,1.0,2.2,0.0,0.016666666666666666,0.032,,,2.0,,,0.20000000000000004,2.0,49,1,1,9.0,14.799999999999999,18.44,9.0,22.0,18.0,22.0,0.0,45.0,25.0,0.0,2026-08-21 11:12:46
2021,7,2021_07_DEN_CLE,2021-10-21,00-0034311,J.Stanton,Johnny Stanton,RB,CLE,DEN,HOME,1,4,4,2.0,40.5,0,outdoors,grass,7.6,training,v1_prior_game,1,1,2021.0,6.0,2021-10-17,CLE,4.0,0,0,1,0,0,0,1.6,1.6,1.6,,1.6,1.6,1.6,,0.0,0.0,0.0,0.0,0.0,0.0,0.0,0.0,1.0,1.0,1.0,1.0,1.0,1.0,1.0,1.0,1.0,1.0,1.0,1.0,1.0,1.0,0.0,0.0,0.0,0.0,6.0,6.0,6.0,6.0,0.0,0.0,0.03225806451612903,0.03225806451612903,0.03225806451612903,0.03225806451612903,0.008298755186721992,0.008298755186721992,0.008298755186721992,0.05419622540489894,0.05419622540489894,0.05419622540489894,1,1,1,2.0,2.0,2.0,0.03,0.03,0.03,,,,6.0,6.0,1.6,6.0,54,6,1,37.800000000000004,25.600000000000005,19.020000000000003,17.11666666666667,25.0,29.666666666666668,24.333333333333332,0.0,71.83333333333333,22.666666666666668,0.8333333333333334,2026-08-21 11:12:46
2021,7,2021_07_DET_LA,2021-10-24,00-0034614,G.Igwebuike,Godwin Igwebuike,RB,DET,LA,AWAY,0,7,7,17.0,51.0,0,dome,matrixturf,0.0,training,v1_prior_game,6,4,2021.0,6.0,2021-10-17,DET,7.0,0,0,1,1,1,0,0.0,0.0,0.0,0.0,0.0,0.0,0.0,0.0,0.0,0.0,0.0,0.0,0.0,0.0,0.0,0.0,0.0,0.0,0.0,0.0,0.0,0.0,0.0,0.0,0.0,0.0,0.0,0.0,0.0,0.0,0.0,0.0,0.0,0.0,0.0,0.0,0.0,0.0,0.0,0.0,0.0,0.0,0.0,0.0,0.0,0.0,0.0,0.0,0.0,0.0,1,3,5,0.0,0.0,0.0,0.0,0.0,0.0,,,,,,,,54,6,1,10.9,22.433333333333334,21.2,22.133333333333336,16.0,26.333333333333332,25.666666666666668,0.0,80.16666666666667,44.5,0.6666666666666666,2026-08-21 11:12:46
2021,10,2021_10_JAX_IND,2021-11-14,00-0034367,N.Hines,Nyheim Hines,RB,IND,JAX,HOME,1,10,7,10.5,47.5,1,closed,fieldturf,4.9,training,v1_prior_game,57,9,2021.0,9.0,2021-11-04,IND,10.0,0,0,1,1,1,0,20.8,9.8,6.880000000000001,7.988241358396728,1.8,20.8,8.2,7.6277454073926725,0.0,0.0,0.0,0.0,6.0,5.0,4.6,4.5556,6.0,4.6667,3.4,3.8889,4.0,3.0,2.0,10.0,8.0,6.6,12.0,9.6667,8.0,8.4444,0.0,0.0,74.0,30.0,34.0,18.0,108.0,48.0,1.0,0.3333,0.20689655172413793,0.14214927792513998,0.1133941419184827,0.12129506483799928,0.07806691449814127,0.02799858941769399,0.019097450018343815,0.36499166773490577,0.23282292948009578,0.18345942789056469,1,3,5,28.0,24.0,21.8,0.45,0.3466666666666667,0.32999999999999996,,,6.0,3.857142857142857,6.0,1.013793103448276,4.9655172413793105,56,8,1,17.3,14.466666666666669,19.36,22.9125,21.0,23.333333333333332,28.625,0.0,80.0,32.875,1.125,2026-08-21 11:12:46
2021,15,2021_15_WAS_PHI,2021-12-21,00-0036328,A.Gibson,Antonio Gibson,RB,WAS,PHI,AWAY,0,7,14,10.0,39.5,1,outdoors,grass,18.5,training,v1_prior_game,27,13,2021.0,14.0,2021-12-12,WAS,9.0,0,0,1,1,1,0,4.1000000000000005,16.6,15.819999999999999,9.250783750580272,4.1000000000000005,23.6,13.438461538461537,7.140440983293499,0.0,0.0,0.0,0.0,10.0,20.6667,21.0,16.6154,2.0,5.0,3.4,2.9231,2.0,4.6667,3.2,12.0,25.3333,24.2,12.0,25.6667,24.4,19.5385,0.0,0.0,36.0,78.3333,5.0,21.0,41.0,99.3333,0.0,0.3333,0.06060606060606061,0.15549613784907904,0.10579768270944742,0.09467096571582831,-0.011494252873563218,-0.023685784013540923,-0.003821860018514165,0.08286311389759665,0.21666415796413988,0.15602122205121122,1,3,5,46.0,52.666666666666664,47.4,0.68,0.7266666666666667,0.66,,,3.7903225806451615,4.2,4.5,0.6467532467532469,3.8701298701298703,61,13,1,17.299999999999997,15.899999999999999,15.440000000000001,23.576923076923077,23.0,24.666666666666668,29.384615384615383,0.0,93.3076923076923,38.61538461538461,0.7692307692307693,2026-08-21 11:12:46
2021,17,2021_17_TB_NYJ,2022-01-02,00-0035187,A.Walter,Austin Walter,RB,NYJ,TB,HOME,1,7,7,-14.5,48.0,0,outdoors,fieldturf,4.9,training,v1_prior_game,6,3,2021.0,15.0,2021-12-19,NYJ,14.0,0,0,1,1,1,0,1.2000000000000002,4.7,3.62,3.793678953206241,0.0,9.8,4.7,4.517742799230607,0.0,0.0,0.0,0.0,2.0,4.0,2.6,4.0,0.0,1.0,0.8,1.0,0.0,0.6667,0.6,2.0,4.6667,3.2,2.0,5.0,3.4,5.0,0.0,0.0,12.0,17.3333,0.0,3.0,12.0,20.3333,0.0,0.3333,0.0,0.033011272141706925,0.02493496841322928,0.033011272141706925,0.0,-0.020496224379719524,-0.016843189173286262,0.0,0.03516955114675672,0.02561222019854354,1,3,5,6.0,10.0,8.4,0.11,0.16333333333333333,0.132,,,4.333333333333333,3.0,4.5,0.9400000000000001,4.066666666666666,63,15,1,8.4,11.133333333333333,18.2,20.779999999999998,18.0,20.333333333333332,23.533333333333335,0.0,57.86666666666667,43.93333333333333,0.6666666666666666,2026-08-21 11:12:46
2021,18,2021_18_DAL_PHI,2022-01-08,00-0033045,E.Elliott,Ezekiel Elliott,RB,DAL,PHI,AWAY,0,7,7,-6.5,46.0,1,outdoors,grass,10.0,training,v1_prior_game,62,16,2021.0,17.0,2022-01-02,DAL,6.0,0,0,1,1,1,0,4.0,12.466666666666667,10.62,5.836265929513493,4.0,17.2,15.128749999999998,6.658239882531519,0.0,0.0,0.0,0.0625,9.0,11.3333,11.8,13.6875,2.0,2.3333,3.2,3.875,1.0,1.6667,1.6,10.0,13.0,13.4,11.0,13.6667,15.0,17.5625,0.0,0.0,16.0,35.0,14.0,13.0,30.0,48.0,0.0,1.0,0.05263157894736842,0.06170997698597185,0.08279521696081389,0.09957871456750508,0.009950248756218905,0.0019019620382187783,0.03281987207340324,0.08591254255040585,0.09389633890571092,0.14716673589260307,1,3,5,45.0,43.666666666666664,46.0,0.7,0.6333333333333333,0.6359999999999999,,,3.088235294117647,5.571428571428571,7.8,0.9121951219512194,3.5121951219512195,64,16,1,28.1,22.5,19.560000000000002,23.375,29.0,27.333333333333332,29.0,0.0,87.25,38.375,0.8125,2026-08-21 11:12:46
2021,18,2021_18_GB_DET,2022-01-09,00-0035973,P.Taylor,Patrick Taylor,RB,GB,DET,AWAY,0,7,7,-4.0,45.0,1,dome,fieldturf,13.600000000000001,training,v1_prior_game,4,4,2021.0,17.0,2022-01-02,GB,7.0,0,0,1,1,0,0,1.8,0.9666666666666668,0.9000000000000001,0.752772652709081,0.0,1.8,0.9000000000000001,0.752772652709081,0.0,0.0,0.0,0.0,6.0,3.3333,3.0,3.0,0.0,0.0,0.0,0.0,0.0,0.0,0.0,6.0,3.3333,3.0,6.0,3.3333,3.0,3.0,0.0,0.0,18.0,9.6667,0.0,0.0,18.0,9.6667,0.0,0.0,0.0,0.0,0.0,0.0,0.0,0.0,0.0,0.0,0.0,0.0,1,3,4,12.0,9.0,7.5,0.16,0.1366666666666667,0.11249999999999999,,,2.9,,,0.29000000000000004,2.9,64,16,1,35.300000000000004,21.633333333333336,26.619999999999997,26.406250000000004,35.0,24.0,29.3125,0.0,113.3125,27.0,1.5625,2026-08-21 11:12:46
2022,1,2022_01_NE_MIA,2022-09-11,00-0034681,C.Edmonds,Chase Edmonds,RB,MIA,NE,HOME,1,7,7,3.0,47.0,1,outdoors,grass,10.5,training,v1_prior_game,56,0,2021.0,17.0,2022-01-02,ARI,252.0,0,1,1,1,1,1,13.200000000000001,15.066666666666668,12.280000000000001,10.175067567343227,0.30000000000000004,26.700000000000003,,,0.0,0.0,0.0,,18.0,13.3333,9.6,,6.0,5.3333,4.0,,5.0,4.3333,3.2,23.0,17.6667,12.8,24.0,18.6667,13.6,,0.0,0.0,53.0,54.0,29.0,33.3333,82.0,87.3333,0.0,0.3333,0.16216216216216217,0.13792157542157543,0.10855939686584848,,-0.0223463687150838,0.006565696819876955,0.008544681249820907,0.2276007851426846,0.21147835090627698,0.16882037217364734,1,3,5,62.0,50.333333333333336,37.4,0.81,0.7066666666666667,0.544,,,4.05,6.25,7.6923076923076925,0.8071428571428572,4.678571428571429,65,0,1,27.200000000000003,23.5,22.4,,41.0,27.666666666666668,,,,,,2026-08-21 11:12:46
2022,5,2022_05_CHI_MIN,2022-10-09,00-0034972,A.Mattison,Alexander Mattison,RB,MIN,CHI,HOME,1,7,7,10.0,44.0,1,dome,sportturf,7.0,training,v1_prior_game,46,4,2022.0,4.0,2022-10-02,MIN,7.0,0,0,1,1,1,0,8.8,8.200000000000001,6.26,3.65349148076193,3.1,11.4,7.05,3.6927857596490306,0.0,0.0,0.0,0.0,3.0,4.0,5.0,5.0,1.0,2.3333,1.6,1.75,1.0,1.6667,1.2,4.0,5.6667,6.2,4.0,6.3333,6.6,6.75,0.0,0.0,3.0,13.0,15.0,12.3333,18.0,25.3333,1.0,0.6667,0.02857142857142857,0.055569855569855574,0.04286572286572286,0.04167739167739168,0.0,-0.006882531233828639,-0.002095620435212438,0.04285714285714286,0.0785370114911033,0.06283164999393559,1,3,5,27.0,24.666666666666668,21.2,0.38,0.36000000000000004,0.33799999999999997,,,3.25,5.285714285714286,7.4,1.2947368421052632,4.0,69,4,1,20.0,28.26666666666667,21.32,23.475,37.0,35.333333333333336,30.75,0.0,127.25,27.5,0.75,2026-08-21 11:12:46
2022,5,2022_05_LV_KC,2022-10-10,00-0038040,Z.White,Zamir White,RB,LV,KC,AWAY,0,8,8,7.5,51.5,1,outdoors,grass,-0.7000000000000001,training,v1_prior_game,2,2,2022.0,4.0,2022-10-02,LV,8.0,0,0,1,0,0,0,2.4000000000000004,1.3000000000000003,1.3000000000000003,1.5556349186104048,0.2,2.4000000000000004,1.3000000000000003,1.5556349186104048,0.0,0.0,0.0,0.0,2.0,1.5,1.5,1.5,0.0,0.0,0.0,0.0,0.0,0.0,0.0,2.0,1.5,1.5,2.0,1.5,1.5,1.5,0.0,0.0,24.0,13.0,0.0,0.0,24.0,13.0,0.0,0.0,0.0,0.0,0.0,0.0,0.0,0.0,0.0,0.0,0.0,0.0,1,2,2,3.0,4.5,4.5,0.04,0.065,0.065,,,8.666666666666666,,,0.8666666666666668,8.666666666666666,69,4,1,35.0,29.0,27.52,28.15,18.0,30.0,28.5,0.0,52.25,69.25,1.0,2026-08-21 11:12:46
2022,8,2022_08_ARI_MIN,2022-10-30,00-0036842,K.Nwangwu,Kene Nwangwu,RB,MIN,ARI,HOME,1,14,10,4.0,48.5,0,dome,sportturf,0.0,training,v1_prior_game,15,6,2022.0,6.0,2022-10-16,MIN,14.0,0,0,1,1,1,0,0.0,0.0,0.0,0.0,0.0,0.0,0.0,0.0,0.0,0.0,0.0,0.0,0.0,0.0,0.0,0.0,0.0,0.0,0.0,0.0,0.0,0.0,0.0,0.0,0.0,0.0,0.0,0.0,0.0,0.0,0.0,0.0,0.0,0.0,0.0,0.0,0.0,0.0,0.0,0.0,0.0,0.0,0.0,0.0,0.0,0.0,0.0,0.0,0.0,0.0,1,3,5,0.0,0.0,0.0,0.0,0.0,0.0,,,,,,,,72,7,1,22.7,17.400000000000002,18.0,20.728571428571428,27.0,24.666666666666668,23.0,0.0,76.42857142857143,38.0,0.8571428571428571,2026-08-21 11:12:46
2022,9,2022_09_IND_NE,2022-11-06,00-0034400,J.Wilkins,Jordan Wilkins,RB,IND,NE,AWAY,0,7,7,5.0,40.0,0,outdoors,fieldturf,6.800000000000001,training,v1_prior_game,41,0,2021.0,18.0,2022-01-09,TEN,301.0,0,1,1,1,1,1,0.0,0.0,1.1,1.6792855623746665,0.0,3.8,,,0.0,0.0,0.0,,0.0,0.0,1.2,,0.0,0.0,0.8,,0.0,0.0,0.6,0.0,0.0,1.8,0.0,0.0,2.0,,0.0,0.0,0.0,0.0,0.0,0.0,0.0,0.0,0.0,0.0,0.0,0.0,0.026243386243386242,,0.0,0.0,-0.003523187052598817,0.0,0.0,0.036898848428260196,1,3,5,0.0,0.0,3.8,0.0,0.0,0.05800000000000001,,,,,,,,73,8,1,12.400000000000002,17.733333333333334,19.26,17.7,24.0,25.666666666666668,26.0,0.0,89.25,36.5,0.25,2026-08-21 11:12:46
2022,11,2022_11_CLE_BUF,2022-11-20,00-0035250,D.Singletary,Devin Singletary,RB,BUF,CLE,HOME,1,7,7,7.5,50.5,0,dome,fieldturf,17.700000000000003,training,v1_prior_game,54,9,2022.0,10.0,2022-11-13,BUF,7.0,0,0,1,1,1,0,15.7,11.266666666666666,10.820000000000002,4.257581473090092,5.6000000000000005,15.7,11.344444444444443,6.113736809658867,0.0,0.0,0.0,0.0,13.0,11.6667,11.6,10.2222,2.0,3.0,3.2,4.1111,1.0,2.0,2.2,14.0,13.6667,13.8,15.0,14.6667,14.8,14.3333,0.0,0.0,47.0,46.0,0.0,13.3333,47.0,59.3333,2.0,0.6667,0.04878048780487805,0.09343187977334318,0.09348602844880124,0.10543451420767819,-0.011142061281337047,0.0013413198459165492,0.0036951473897758186,0.06537128881038115,0.14108674355215636,0.14281564584604492,1,3,5,54.0,48.0,47.4,0.72,0.7366666666666667,0.7219999999999999,,,3.942857142857143,4.444444444444445,6.666666666666667,0.7681818181818181,4.045454545454546,74,9,1,42.1,29.0,33.1,28.966666666666672,37.0,32.0,28.22222222222222,0.0,115.11111111111111,33.44444444444444,1.5555555555555556,2026-08-21 11:12:46
2022,12,2022_12_LAC_ARI,2022-11-27,00-0033725,C.Clement,Corey Clement,RB,ARI,LAC,HOME,1,6,7,-2.5,48.5,0,closed,grass,1.8,training,v1_prior_game,35,1,2022.0,11.0,2022-11-21,ARI,6.0,0,0,1,1,1,0,0.0,6.0,3.96,7.887204828074392,0.0,18.0,0.0,,0.0,0.0,0.0,0.0,0.0,2.3333,2.2,0.0,0.0,1.3333,0.8,0.0,0.0,1.3333,0.8,0.0,3.6667,3.0,0.0,3.6667,3.0,0.0,0.0,0.0,0.0,19.3333,0.0,7.3333,0.0,26.6667,0.0,0.3333,0.0,0.047619047619047616,0.02857142857142857,0.0,0.0,0.01566951566951567,0.009401709401709401,0.0,0.08239723239723239,0.04943833943833943,1,3,5,0.0,5.666666666666667,4.8,0.0,0.09000000000000001,0.074,,,8.285714285714286,5.5,5.5,1.6363636363636365,7.2727272727272725,75,10,1,13.000000000000002,25.566666666666666,24.22,27.929999999999996,24.0,32.333333333333336,28.4,0.0,133.4,26.9,1.3,2026-08-21 11:12:46
2022,12,2022_12_CHI_NYJ,2022-11-27,00-0036924,Mi.Carter,Michael Carter,RB,NYJ,CHI,HOME,1,7,7,8.5,36.5,0,outdoors,fieldturf,5.6,training,v1_prior_game,24,10,2022.0,11.0,2022-11-20,NYJ,7.0,0,0,1,1,1,0,2.7,9.466666666666667,8.700000000000001,4.874935897014441,2.7,15.6,9.83,5.279741155271409,0.0,0.0,0.0,0.0,8.0,9.0,9.2,9.3,2.0,3.3333,2.6,3.4,1.0,2.0,1.8,9.0,11.0,11.0,10.0,12.3333,11.8,12.7,0.0,0.0,19.0,40.3333,-2.0,14.3333,17.0,54.6667,0.0,0.3333,0.1,0.11584967320261437,0.09866581415174766,0.09953167301821382,-0.04081632653061224,-0.009819936746628476,-0.002639929527651881,0.12142857142857146,0.16690055408128165,0.14615077055826517,1,3,5,25.0,29.666666666666668,31.8,0.5,0.5266666666666667,0.5599999999999999,,,4.481481481481482,4.3,7.166666666666667,0.7675675675675676,4.4324324324324325,76,11,1,20.9,23.53333333333333,27.240000000000002,25.954545454545453,23.0,26.0,28.545454545454547,0.0,109.54545454545455,30.0,1.2727272727272727,2026-08-21 11:12:46
2022,15,2022_15_KC_HOU,2022-12-18,00-0034838,R.Freeman,Royce Freeman,RB,HOU,KC,HOME,1,7,7,-14.5,48.5,0,closed,astroturf,6.6000000000000005,training,v1_prior_game,53,0,2021.0,18.0,2022-01-09,HOU,343.0,0,1,1,1,1,0,0.0,1.9666666666666668,3.8600000000000008,5.0673464456261526,0.0,12.600000000000001,,,0.0,0.0,0.0,,0.0,6.0,6.4,,0.0,0.3333,1.8,,0.0,0.0,1.2,0.0,6.0,7.6,0.0,6.3333,8.2,,0.0,0.0,0.0,19.6667,0.0,0.0,0.0,19.6667,0.0,0.0,0.0,0.011111111111111112,0.039999999999999994,,0.0,0.0,0.0015151515151515152,0.0,0.016666666666666666,0.06106060606060606,1,3,5,1.0,13.333333333333334,18.6,0.02,0.19666666666666666,0.256,,,3.2777777777777777,0.0,,0.3105263157894737,3.1052631578947367,78,13,1,26.699999999999996,23.0,20.639999999999997,24.200000000000003,24.0,25.333333333333332,26.153846153846153,0.0,81.46153846153847,49.0,0.7692307692307693,2026-08-21 11:12:46
2022,17,2022_17_PIT_BAL,2023-01-01,00-0034184,G.Edwards,Gus Edwards,RB,BAL,PIT,HOME,1,8,8,1.0,35.5,1,outdoors,grass,0.2,training,v1_prior_game,50,7,2022.0,16.0,2022-12-24,BAL,8.0,0,0,1,1,1,0,9.9,7.333333333333333,6.4799999999999995,3.4622247182989145,1.2000000000000002,9.9,8.214285714285714,5.38189203763527,0.0,0.0,0.0,0.0,11.0,10.3333,10.6,11.4286,0.0,0.0,0.2,0.2857,0.0,0.0,0.0,11.0,10.3333,10.6,11.0,10.3333,10.8,11.7143,0.0,0.0,99.0,73.3333,0.0,0.0,99.0,73.3333,0.0,0.0,0.0,0.0,0.006666666666666666,0.013690476190476189,0.0,0.0,0.002127659574468085,0.0,0.0,0.01148936170212766,1,3,5,21.0,17.666666666666668,21.2,0.4,0.30333333333333334,0.32999999999999996,,,7.096774193548387,,,0.7096774193548387,7.096774193548387,80,15,1,10.7,16.099999999999998,16.04,20.626666666666665,19.0,22.666666666666668,26.666666666666668,0.0,90.06666666666666,30.866666666666667,0.8,2026-08-21 11:12:46
2022,18,2022_18_CAR_NO,2023-01-08,00-0033925,D.Foreman,D'Onta Foreman,RB,CAR,NO,AWAY,0,7,7,3.5,41.5,1,dome,sportturf,6.800000000000001,training,v1_prior_game,30,15,2022.0,17.0,2023-01-01,CAR,7.0,0,0,1,1,1,0,3.5,8.966666666666667,9.34,8.412371841520084,0.9,22.5,8.28,9.865828471475238,0.0,0.0,0.0,0.0,13.0,14.6667,17.8,12.7333,0.0,0.0,0.2,0.6,0.0,0.0,0.2,13.0,14.6667,18.0,13.0,14.6667,18.0,13.3333,0.0,0.0,35.0,69.6667,0.0,0.0,35.0,69.6667,0.0,0.3333,0.0,0.0,0.01,0.024518262502133466,0.0,0.0,0.0022727272727272726,0.0,0.0,0.016590909090909094,1,3,5,25.0,23.0,27.6,0.38,0.37333333333333335,0.42400000000000004,,,4.75,,,0.6113636363636363,4.75,81,16,1,10.400000000000002,21.600000000000005,22.700000000000003,21.224999999999994,17.0,30.0,28.25,0.0,101.8125,26.0625,0.6875,2026-08-21 11:12:46
2023,1,2023_01_LV_DEN,2023-09-10,00-0038040,Z.White,Zamir White,RB,LV,DEN,AWAY,0,7,7,3.0,43.0,1,outdoors,,1.7000000000000002,training,v1_prior_game,11,0,2022.0,18.0,2023-01-07,LV,246.0,0,1,1,1,1,0,0.4,0.5666666666666668,1.0200000000000002,1.0158740079360236,0.4,2.8000000000000003,,,0.0,0.0,0.0,,1.0,1.6667,1.8,,0.0,0.0,0.0,,0.0,0.0,0.0,1.0,1.6667,1.8,1.0,1.6667,1.8,,0.0,0.0,4.0,5.6667,0.0,0.0,4.0,5.6667,0.0,0.0,0.0,0.0,0.0,,0.0,0.0,0.0,0.0,0.0,0.0,1,3,5,2.0,2.6666666666666665,3.0,0.03,0.04,0.046000000000000006,,,3.4,,,0.34,3.4,82,0,1,13.9,30.200000000000006,30.680000000000007,,28.0,27.666666666666668,,,,,,2026-08-21 11:12:46
2023,4,2023_04_TB_NO,2023-10-01,00-0038551,K.Miller,Kendre Miller,RB,NO,TB,HOME,1,7,6,4.0,41.0,1,dome,sportturf,1.8,training,v1_prior_game,1,1,2023.0,3.0,2023-09-24,NO,7.0,0,0,1,0,0,0,4.4,4.4,4.4,,4.4,4.4,4.4,,0.0,0.0,0.0,0.0,9.0,9.0,9.0,9.0,1.0,1.0,1.0,1.0,1.0,1.0,1.0,10.0,10.0,10.0,10.0,10.0,10.0,10.0,0.0,0.0,34.0,34.0,0.0,0.0,34.0,34.0,0.0,0.0,0.029411764705882353,0.029411764705882353,0.029411764705882353,0.029411764705882353,-0.014545454545454545,-0.014545454545454545,-0.014545454545454545,0.033935828877005345,0.033935828877005345,0.033935828877005345,1,1,1,21.0,21.0,21.0,0.34,0.34,0.34,,,3.7777777777777777,0.0,0.0,0.44000000000000006,3.4,85,3,1,20.6,16.599999999999998,17.660000000000004,16.599999999999998,34.0,23.0,23.0,0.0,91.33333333333333,24.666666666666668,0.3333333333333333,2026-08-21 11:12:46
2023,5,2023_05_DAL_SF,2023-10-08,00-0036139,R.Dowdle,Rico Dowdle,RB,DAL,SF,AWAY,0,7,7,3.5,45.0,0,outdoors,grass,1.5,training,v1_prior_game,11,4,2023.0,4.0,2023-10-01,DAL,7.0,0,0,1,1,1,0,2.7,7.2,4.8,5.265453446760309,0.0,13.600000000000001,6.0,5.23131595936115,0.0,0.0,0.0,0.0,3.0,4.6667,4.0,5.0,1.0,1.6667,1.0,1.25,1.0,1.6667,1.0,4.0,6.3333,5.0,4.0,6.3333,5.0,6.25,0.0,0.0,9.0,18.6667,8.0,16.6667,17.0,35.3333,0.0,0.3333,0.027777777777777776,0.0452952952952953,0.02717717717717718,0.033971471471471476,0.01762114537444934,-0.021965798268562892,-0.013179478961137737,0.0540014684287812,0.05256688415494892,0.03154013049296935,1,3,5,6.0,11.666666666666666,9.0,0.09,0.14666666666666664,0.124,,,4.0,10.0,10.0,1.1368421052631579,5.578947368421052,86,4,1,12.0,19.266666666666666,18.119999999999997,18.25,18.0,19.0,19.0,0.0,41.5,33.5,0.75,2026-08-21 11:12:46
2023,6,2023_06_DAL_LAC,2023-10-16,00-0033699,A.Ekeler,Austin Ekeler,RB,LAC,DAL,HOME,1,15,8,-1.5,49.5,0,dome,matrixturf,10.2,training,v1_prior_game,74,1,2023.0,1.0,2023-09-10,LAC,36.0,0,0,1,1,1,0,26.400000000000002,22.5,21.28,9.224803520942872,9.0,32.1,26.400000000000002,,0.0,0.0,0.0,0.0,16.0,12.3333,13.4,16.0,5.0,4.3333,4.0,5.0,4.0,4.0,3.6,20.0,16.3333,17.0,21.0,16.6667,17.4,21.0,0.0,0.0,117.0,91.0,47.0,40.6667,164.0,131.6667,1.0,1.0,0.16129032258064516,0.1270772238514174,0.11870247466172763,0.16129032258064516,0.09829059829059829,0.03386444789923932,0.023066516344843378,0.31073890267438653,0.21432094930659362,0.1942002734339818,1,3,5,41.0,34.0,38.4,0.51,0.48,0.5459999999999999,,,7.378378378378378,9.384615384615385,10.166666666666666,1.35,7.9,87,5,1,28.800000000000004,20.633333333333336,15.819999999999999,15.819999999999999,39.0,29.666666666666668,25.2,0.0,77.8,18.4,0.6,2026-08-21 11:12:46
2023,10,2023_10_SF_JAX,2023-11-12,00-0036567,E.Mitchell,Elijah Mitchell,RB,SF,JAX,AWAY,0,14,14,-3.0,44.5,0,outdoors,grass,2.3000000000000003,training,v1_prior_game,21,5,2023.0,8.0,2023-10-29,SF,14.0,0,0,1,1,1,0,0.2,-0.06666666666666667,1.64,3.257759966602819,-0.30000000000000004,7.4,1.64,3.257759966602819,0.0,0.0,0.0,0.0,3.0,2.0,4.4,4.4,1.0,0.3333,1.0,1.0,0.0,0.0,0.6,3.0,2.0,5.0,4.0,2.3333,5.4,5.4,0.0,0.0,2.0,-0.6667,0.0,0.0,2.0,-0.6667,0.0,0.0,0.03333333333333333,0.011111111111111112,0.03145658263305322,0.03145658263305322,-0.007407407407407408,-0.0024691358024691358,-0.021279864916228554,0.04481481481481482,0.014938271604938274,0.03228896850821984,1,3,5,7.0,6.0,11.2,0.12,0.10333333333333333,0.15999999999999998,,,-0.3333333333333333,0.0,,-0.028571428571428574,-0.2857142857142857,90,8,1,18.3,26.13333333333333,21.479999999999997,19.3,22.0,29.0,25.375,0.0,56.125,49.375,0.25,2026-08-21 11:12:46
2023,14,2023_14_LA_BAL,2023-12-10,00-0034975,J.Hill,Justice Hill,RB,BAL,LA,HOME,1,14,7,7.5,42.0,0,outdoors,grass,2.2,training,v1_prior_game,53,11,2023.0,12.0,2023-11-26,BAL,14.0,0,0,1,1,1,0,3.1,1.8333333333333333,3.8,3.429285639896449,0.7000000000000001,9.5,6.209090909090909,4.165202166871266,0.0,0.0,0.0,0.0,5.0,2.6667,5.0,6.0,1.0,0.6667,1.4,1.6364,0.0,0.3333,1.0,5.0,3.0,6.0,6.0,3.3333,6.4,7.6364,0.0,0.0,31.0,13.0,0.0,2.0,31.0,15.0,0.0,0.0,0.03333333333333333,0.025603864734299514,0.052381549609810486,0.054294778039021344,0.029411764705882353,0.013082610093217616,0.021506282473841017,0.07058823529411765,0.0475636241667016,0.09362672214640444,1,3,5,20.0,17.0,26.0,0.28,0.26666666666666666,0.382,,,4.875,3.0,6.0,0.55,4.5,94,12,1,22.0,18.666666666666668,19.06,18.150000000000002,27.0,25.666666666666668,25.916666666666668,0.0,87.0,20.333333333333332,0.5,2026-08-21 11:12:46
2023,18,2023_18_MIN_DET,2024-01-07,00-0035685,D.Montgomery,David Montgomery,RB,DET,MIN,HOME,1,8,7,3.5,47.5,1,dome,fieldturf,10.0,training,v1_prior_game,73,13,2023.0,17.0,2023-12-30,DET,8.0,0,0,1,1,1,0,12.5,12.533333333333333,12.32,1.7239489551607956,10.200000000000001,14.9,15.16923076923077,6.984910476088751,0.0,0.0,0.0,0.0,14.0,16.0,15.2,16.0769,1.0,2.0,2.2,1.8462,0.0,1.3333,1.6,14.0,17.3333,16.8,15.0,18.0,17.4,17.9231,0.0,0.0,65.0,68.3333,0.0,3.6667,65.0,72.0,1.0,0.6667,0.03125,0.05876068376068375,0.06890346907993966,0.060071167239526144,-0.032520325203252036,-0.03007176773920019,-0.018052449874072667,0.024110772357723576,0.06709078822358551,0.09071848870805864,1,3,5,27.0,30.666666666666668,30.2,0.39,0.43333333333333335,0.454,,,4.270833333333333,1.8333333333333333,2.75,0.6962962962962963,4.0,98,16,1,19.7,28.0,22.800000000000004,19.650000000000002,36.0,34.0,26.9375,0.0,81.3125,30.8125,0.5625,2026-08-21 11:12:46
2023,18,2023_18_DAL_WAS,2024-01-07,00-0035715,D.Gore,Derrick Gore,RB,WAS,DAL,HOME,1,7,8,-13.0,47.5,1,outdoors,grass,0.30000000000000004,training,v1_prior_game,10,2,2023.0,11.0,2023-11-19,WAS,49.0,0,0,1,1,1,0,2.3000000000000003,1.7666666666666668,4.84,5.1713634565750635,0.0,13.4,1.1500000000000001,1.6263455967290594,0.0,0.0,0.0,0.0,2.0,3.0,4.8,1.0,0.0,0.3333,1.0,0.0,0.0,0.0,0.8,2.0,3.0,5.6,2.0,3.3333,5.8,1.0,0.0,0.0,23.0,17.6667,0.0,0.0,23.0,17.6667,0.0,0.0,0.0,0.007936507936507936,0.03133391287549502,0.0,0.0,-0.004796163069544365,0.01568854198435573,0.0,0.008547447756080849,0.05798284870229155,1,3,5,3.0,11.0,12.0,0.04,0.14333333333333334,0.16799999999999998,,,5.888888888888889,0.0,,0.53,5.3,98,16,1,17.8,29.13333333333333,22.499999999999996,18.025,33.0,34.666666666666664,26.4375,0.0,89.0625,22.4375,0.6875,2026-08-21 11:12:46
2018,1,2018_01_WAS_ARI,2018-09-09,00-0024221,V.Davis,Vernon Davis,TE,WAS,ARI,AWAY,0,7,7,2.0,43.5,0,closed,grass,1.9,training,v1_prior_game,0,0,,,,,,1,1,0,0,0,0,,,,,,,,,,,,,,,,,,,,,,,,,,,,,,,,,,,,,,,,,,,,,,,,,,,0,0,0,,,,,,,,,,,,,,0,0,0,,,,,,,,,,,,2026-08-21 11:12:46
2018,2,2018_02_MIN_GB,2018-09-16,00-0032430,D.Morgan,David Morgan,TE,MIN,GB,AWAY,0,7,7,-2.0,45.0,1,outdoors,grass,3.9000000000000004,training,v1_prior_game,1,1,2018.0,1.0,2018-09-09,MIN,7.0,0,0,1,0,0,0,1.9,1.9,1.9,,1.9,1.9,1.9,,0.0,0.0,0.0,0.0,0.0,0.0,0.0,0.0,1.0,1.0,1.0,1.0,1.0,1.0,1.0,1.0,1.0,1.0,1.0,1.0,1.0,1.0,0.0,0.0,0.0,0.0,9.0,9.0,9.0,9.0,0.0,0.0,0.02857142857142857,0.02857142857142857,0.02857142857142857,0.02857142857142857,-0.00392156862745098,-0.00392156862745098,-0.00392156862745098,0.04011204481792717,0.04011204481792717,0.04011204481792717,1,1,1,30.0,30.0,30.0,0.42,0.42,0.42,,,,9.0,9.0,1.9,9.0,1,1,1,5.4,5.4,5.4,5.4,8.0,8.0,8.0,0.0,0.0,24.0,0.0,2026-08-21 11:12:46
2018,3,2018_03_NYG_HOU,2018-09-23,00-0030108,R.Griffin,Ryan Griffin,TE,HOU,NYG,HOME,1,7,7,6.5,44.0,0,closed,astroturf,6.4,training,v1_prior_game,2,2,2018.0,2.0,2018-09-16,HOU,7.0,0,0,1,0,0,0,2.9000000000000004,1.4500000000000002,1.4500000000000002,2.050609665440988,0.0,2.9000000000000004,1.4500000000000002,2.050609665440988,0.0,0.0,0.0,0.0,0.0,0.0,0.0,0.0,1.0,3.0,3.0,3.0,1.0,0.5,0.5,1.0,0.5,0.5,1.0,3.0,3.0,3.0,0.0,0.0,0.0,0.0,19.0,9.5,19.0,9.5,0.0,0.0,0.03225806451612903,0.0896584440227704,0.0896584440227704,0.0896584440227704,0.020050125313283207,0.08960065947361773,0.08960065947361773,0.062422184493491795,0.19720812766568802,0.19720812766568802,1,2,2,52.0,57.5,57.5,0.78,0.815,0.815,,,,3.1666666666666665,19.0,0.4833333333333334,3.1666666666666665,2,2,1,0.0,2.75,2.75,2.75,2.0,5.0,5.0,0.0,0.0,12.5,0.0,2026-08-21 11:12:46
2018,9,2018_09_LA_NO,2018-11-04,00-0030216,J.Hill,Josh Hill,TE,NO,LA,HOME,1,7,7,-2.5,57.5,0,dome,sportturf,3.0,training,v1_prior_game,5,5,2018.0,5.0,2018-10-08,NO,27.0,0,0,1,1,1,0,10.4,7.466666666666666,5.279999999999999,4.214498783959963,1.5,10.4,5.279999999999999,4.214498783959963,0.0,0.0,0.0,0.0,0.0,0.0,0.0,0.0,2.0,2.0,1.6,1.6,2.0,2.0,1.6,2.0,2.0,1.6,2.0,2.0,1.6,1.6,0.0,0.0,0.0,0.0,24.0,34.6667,24.0,34.6667,1.0,0.3333,0.06896551724137931,0.060094257138592115,0.04631629454289553,0.04631629454289553,-0.01875,0.03950163398692811,0.01789976335361731,0.09032327586206897,0.11779252949873782,0.0820042761618754,1,3,5,38.0,43.333333333333336,38.6,0.58,0.6033333333333334,0.5559999999999999,,,,17.333333333333332,17.333333333333332,3.733333333333333,17.333333333333332,8,8,1,3.1,10.3,10.040000000000001,12.0,5.0,8.0,7.875,0.0,0.0,65.0,0.125,2026-08-21 11:12:46
2018,14,2018_14_IND_HOU,2018-12-09,00-0030108,R.Griffin,Ryan Griffin,TE,HOU,IND,HOME,1,7,7,4.0,49.5,1,closed,astroturf,13.0,training,v1_prior_game,9,9,2018.0,13.0,2018-12-02,HOU,7.0,0,0,1,1,1,0,2.2,3.766666666666667,4.76,4.983272017460014,0.0,12.5,3.9222222222222225,4.005863757598909,0.0,0.0,0.0,0.0,0.0,0.0,0.0,0.0,1.0,2.3333,4.2,3.5556,1.0,1.6667,2.2,1.0,1.6667,2.2,1.0,2.3333,4.2,3.5556,0.0,0.0,0.0,0.0,12.0,21.0,12.0,21.0,0.0,0.0,0.034482758620689655,0.09845077461269365,0.1393924683454337,0.11183804307416069,0.03017241379310345,0.0699556443700881,0.1206620704491534,0.07284482758620689,0.19664511297810214,0.29355215183255795,1,3,5,61.0,50.333333333333336,51.8,0.8,0.7399999999999999,0.7539999999999999,,,,9.0,12.6,1.6142857142857143,9.0,12,12,1,3.9000000000000004,10.799999999999999,12.820000000000002,13.825000000000003,2.0,6.666666666666667,7.75,0.0,0.0,68.25,0.25,2026-08-21 11:12:46
2019,2,2019_02_LAC_DET,2019-09-15,00-0031260,L.Thomas,Logan Thomas,TE,DET,LAC,HOME,1,7,7,-1.0,47.0,0,dome,fieldturf,1.7000000000000002,training,v1_prior_game,9,0,2018.0,16.0,2018-12-23,BUF,266.0,0,1,1,1,1,1,0.0,0.5,2.84,4.631738334578066,0.0,11.0,,,0.0,0.0,0.2,,0.0,0.0,0.0,,1.0,1.3333,2.6,,0.0,0.3333,1.8,0.0,0.3333,1.8,1.0,1.3333,2.6,,0.0,0.0,0.0,0.0,0.0,1.6667,0.0,1.6667,0.0,0.0,0.025,0.04698879551820728,0.06992813819472143,,0.04782608695652174,0.06537879293840024,0.05619294232660339,0.07097826086956521,0.11624834833419108,0.14422726692070453,1,3,5,26.0,31.0,34.0,0.43,0.4766666666666666,0.472,,,,1.25,5.0,0.375,1.25,17,1,1,6.1,12.333333333333334,11.360000000000001,6.1,6.0,6.666666666666667,6.0,0.0,0.0,31.0,0.0,2026-08-21 11:12:46
2019,2,2019_02_CHI_DEN,2019-09-15,00-0034393,T.Fumagalli,Troy Fumagalli,TE,DEN,CHI,HOME,1,6,10,-3.0,41.0,0,outdoors,grass,1.7000000000000002,training,v1_prior_game,0,0,,,,,,1,1,0,0,0,0,,,,,,,,,,,,,,,,,,,,,,,,,,,,,,,,,,,,,,,,,,,,,,,,,,,0,0,0,,,,,,,,,,,,,,16,1,1,19.2,13.166666666666666,12.24,19.2,9.0,8.666666666666666,9.0,0.0,0.0,72.0,1.0,2026-08-21 11:12:46
2019,3,2019_03_CAR_ARI,2019-09-22,00-0028112,C.Clay,Charles Clay,TE,ARI,CAR,HOME,1,7,10,2.5,46.0,0,closed,grass,1.9,training,v1_prior_game,13,2,2019.0,2.0,2019-09-15,ARI,7.0,0,0,1,1,1,0,1.6,1.0333333333333334,1.3199999999999998,0.7529940238806679,0.0,1.9,1.55,0.07071067811865482,0.0,0.0,0.0,0.0,0.0,0.0,0.0,0.0,2.0,1.3333,1.6,1.5,1.0,0.6667,0.8,1.0,0.6667,0.8,2.0,1.3333,1.6,1.5,0.0,0.0,0.0,0.0,6.0,3.6667,6.0,3.6667,0.0,0.0,0.05405405405405406,0.03892102805146284,0.04906690254516342,0.036642411642411644,0.00641025641025641,0.009111712030732745,0.026727458156289945,0.08556826056826057,0.06475974049870718,0.09230957452714807,1,3,5,14.0,23.0,31.2,0.25,0.33666666666666667,0.43599999999999994,,,,2.75,5.5,0.775,2.75,18,2,1,3.0,10.0,9.1,8.35,2.0,4.333333333333333,4.0,0.0,0.0,18.5,0.5,2026-08-21 11:12:46
2019,3,2019_03_CHI_WAS,2019-09-23,00-0033896,A.Shaheen,Adam Shaheen,TE,CHI,WAS,AWAY,0,8,8,-5.0,41.0,0,outdoors,grass,1.7000000000000002,training,v1_prior_game,7,2,2019.0,2.0,2019-09-15,CHI,8.0,0,0,1,1,1,0,5.4,2.3333333333333335,2.8600000000000003,2.626404386228442,0.0,5.9,3.5,2.687005768508881,0.0,0.0,0.0,0.0,0.0,0.0,0.0,0.0,3.0,1.6667,1.8,2.5,3.0,1.3333,1.4,3.0,1.3333,1.4,3.0,1.6667,1.8,2.5,0.0,0.0,0.0,0.0,24.0,10.0,24.0,10.0,0.0,0.0,0.1111111111111111,0.052188552188552194,0.05939194904712146,0.07828282828282829,0.0330188679245283,0.020706465675019135,0.06659054607167815,0.18977987421383646,0.09277735425534167,0.13570130582085688,1,3,5,20.0,30.666666666666668,29.6,0.33,0.45333333333333337,0.45199999999999996,,,,6.0,7.5,1.4,6.0,18,2,1,15.7,13.299999999999999,11.540000000000001,14.85,5.0,7.333333333333333,7.5,0.0,0.0,58.5,0.5,2026-08-21 11:12:46
2019,5,2019_05_CHI_OAK,2019-10-06,00-0031610,D.Waller,Darren Waller,TE,LV,CHI,HOME,1,7,7,-6.5,39.5,0,outdoors,grass,7.9,training,v1_prior_game,8,4,2019.0,4.0,2019-09-29,LV,7.0,0,0,1,1,1,0,12.3,17.233333333333334,14.2,7.951100552753688,5.300000000000001,27.1,16.425,7.161645527856476,0.0,0.0,0.0,0.0,0.0,0.3333,0.2,0.25,8.0,9.6667,8.0,9.25,7.0,8.6667,7.2,7.0,9.0,7.4,8.0,9.6667,8.0,9.25,0.0,0.0,0.0,2.3333,53.0,83.3333,53.0,85.6667,0.0,0.0,0.2857142857142857,0.2997152997152997,0.2601176413676414,0.3017095517095517,0.11931818181818182,0.21954152789460846,0.19562678589564358,0.5120941558441559,0.6032520190991756,0.5271152121784125,1,3,5,58.0,56.666666666666664,48.0,0.91,0.92,0.7979999999999999,,,7.0,8.620689655172415,9.615384615384615,1.7827586206896553,8.862068965517242,19,4,1,3.7,9.233333333333333,10.56,11.725,2.0,6.666666666666667,7.25,0.0,0.0,49.75,0.25,2026-08-21 11:12:46
2019,6,2019_06_DET_GB,2019-10-14,00-0031260,L.Thomas,Logan Thomas,TE,DET,GB,AWAY,0,15,8,3.5,47.0,1,outdoors,grass,0.0,training,v1_prior_game,12,3,2019.0,4.0,2019-09-29,DET,15.0,0,0,1,1,1,0,5.5,3.233333333333333,2.2399999999999998,2.0342074623793907,0.0,5.5,3.233333333333333,2.0033305601755624,0.0,0.0,0.0,0.0,0.0,0.0,0.0,0.0,3.0,1.6667,1.6,1.6667,3.0,1.6667,1.2,3.0,1.6667,1.2,3.0,1.6667,1.6,1.6667,0.0,0.0,0.0,0.0,25.0,15.6667,25.0,15.6667,0.0,0.0,0.09375,0.05277777777777778,0.048095238095238094,0.05277777777777778,0.022113022113022112,0.027997896119338242,0.02507363248226213,0.15610411547911549,0.09876519395020344,0.08969439988044063,1,3,5,23.0,15.333333333333334,21.6,0.3,0.22666666666666666,0.31599999999999995,,,,9.4,9.4,1.94,9.4,21,5,1,5.9,12.566666666666668,8.82,8.82,4.0,6.666666666666667,5.6,0.0,0.0,36.2,0.2,2026-08-21 11:12:46
2019,7,2019_07_ARI_NYG,2019-10-20,00-0033258,D.Daniels,Darrell Daniels,TE,ARI,NYG,AWAY,0,7,10,3.5,49.5,0,outdoors,fieldturf,0.0,training,v1_prior_game,6,0,2018.0,17.0,2018-12-30,ARI,294.0,0,1,1,1,1,0,0.0,0.0,0.0,0.0,0.0,0.0,,,0.0,0.0,0.0,,0.0,0.0,0.0,,1.0,0.3333,0.4,,0.0,0.0,0.0,0.0,0.0,0.0,1.0,0.3333,0.4,,0.0,0.0,0.0,0.0,0.0,0.0,0.0,0.0,0.0,0.0,0.030303030303030304,0.010101010101010102,0.016586921850079744,,0.09350649350649351,0.03116883116883117,0.0362012987012987,0.11090909090909092,0.03696969696969697,0.05022129186602871,1,3,5,18.0,7.0,14.8,0.27,0.10333333333333333,0.23000000000000004,,,,0.0,,0.0,0.0,22,6,1,5.1,3.6666666666666665,5.58,8.549999999999999,4.0,4.0,5.333333333333333,0.0,0.0,35.5,0.3333333333333333,2026-08-21 11:12:46
2019,7,2019_07_MIA_BUF,2019-10-20,00-0034829,M.Gesicki,Mike Gesicki,TE,MIA,BUF,AWAY,0,7,14,17.0,42.5,1,outdoors,astroturf,8.100000000000001,training,v1_prior_game,18,4,2019.0,6.0,2019-10-13,MIA,7.0,0,0,1,1,1,0,8.100000000000001,4.7,4.4,2.3600847442411896,2.1,8.100000000000001,4.800000000000001,2.521904042583699,0.0,0.0,0.0,0.0,0.0,0.0,0.0,0.0,7.0,4.0,4.0,4.5,3.0,2.3333,2.0,3.0,2.3333,2.0,7.0,4.0,4.0,4.5,0.0,0.0,0.0,0.0,51.0,23.6667,51.0,23.6667,0.0,0.0,0.16666666666666666,0.09703981655201166,0.10905722326454033,0.11965486241400874,0.3360655737704918,0.123977198836255,0.11907533208522629,0.4852459016393442,0.232343764013396,0.24693856735646888,1,3,5,44.0,36.333333333333336,32.6,0.59,0.5266666666666667,0.518,,,,5.916666666666667,10.142857142857142,1.175,5.916666666666667,21,5,1,8.7,3.8333333333333335,5.62,5.62,4.0,2.0,3.8,0.0,0.0,30.2,0.0,2026-08-21 11:12:46
2019,12,2019_12_BAL_LA,2019-11-25,00-0033895,G.Everett,Gerald Everett,TE,LA,BAL,HOME,1,8,8,-3.5,47.0,0,outdoors,grass,4.300000000000001,training,v1_prior_game,25,10,2019.0,11.0,2019-11-17,LA,8.0,0,0,1,1,1,0,3.0,7.1000000000000005,7.840000000000001,6.449263523845185,2.9,15.0,8.55,7.034399603219722,0.0,0.0,0.0,0.0,0.0,0.0,0.0,0.1,1.0,5.3333,6.2,5.7,1.0,3.6667,3.4,1.0,3.6667,3.4,1.0,5.3333,6.2,5.7,0.0,0.0,0.0,0.0,20.0,34.3333,20.0,34.3333,0.0,0.0,0.0625,0.1494047619047619,0.1839411027568922,0.14836468798045535,0.12658227848101267,0.13351247010160053,0.2099118746484689,0.18235759493670886,0.31756587192826324,0.42284996638926653,1,3,5,14.0,31.666666666666668,35.6,0.26,0.4766666666666666,0.5379999999999999,,,,6.4375,9.363636363636363,1.33125,6.4375,26,10,1,5.3,7.800000000000001,7.44,9.04,5.0,5.0,5.4,0.0,0.0,42.4,0.2,2026-08-21 11:12:46
2019,14,2019_14_DET_MIN,2019-12-08,00-0031260,L.Thomas,Logan Thomas,TE,DET,MIN,AWAY,0,10,6,12.0,43.5,1,dome,sportturf,4.1,training,v1_prior_game,20,11,2019.0,13.0,2019-11-28,DET,10.0,0,0,1,1,1,0,0.0,3.466666666666667,3.3200000000000003,4.288006529845775,0.0,10.4,2.6363636363636362,3.1446057709266917,0.0,0.0,0.0,0.0,0.0,0.0,0.0,0.0,0.0,1.0,1.4,1.2727,0.0,0.6667,1.0,0.0,0.6667,1.0,0.0,1.0,1.4,1.2727,0.0,0.0,0.0,0.0,0.0,8.0,0.0,8.0,0.0,0.3333,0.0,0.036111111111111115,0.04072508980903763,0.03867880426315004,0.0,0.039470889428182776,0.03492874279989518,0.0,0.08179628926639461,0.08553775467348307,1,3,5,19.0,22.666666666666668,21.0,0.26,0.3233333333333333,0.294,,,,8.0,12.0,3.466666666666667,8.0,28,12,1,10.4,12.4,11.42,12.308333333333335,8.0,10.0,9.666666666666666,0.0,0.4166666666666667,56.833333333333336,0.08333333333333333,2026-08-21 11:12:46
2019,16,2019_16_DAL_PHI,2019-12-22,00-0030061,Z.Ertz,Zach Ertz,TE,PHI,DAL,HOME,1,7,7,-2.0,47.0,1,outdoors,grass,6.800000000000001,training,v1_prior_game,30,14,2019.0,15.0,2019-12-15,PHI,7.0,0,0,1,1,1,0,17.1,17.533333333333335,19.619999999999997,9.69314190549174,5.4,30.1,14.914285714285713,8.340066144623993,0.0,0.0,0.0,0.0,0.0,0.0,0.0,0.0,10.0,9.6667,10.8,9.2143,5.0,5.6667,7.6,5.0,5.6667,7.6,10.0,9.6667,10.8,9.2143,0.0,0.0,0.0,0.0,61.0,58.6667,61.0,58.6667,1.0,1.0,0.25,0.21444444444444444,0.24878362573099416,0.24377155175983464,0.48325358851674644,0.32020271216295065,0.291192195284001,0.7132775119617225,0.5458085651807321,0.577009975295292,1,3,5,68.0,65.66666666666667,65.0,0.88,0.8366666666666666,0.8520000000000001,,,,6.068965517241379,10.352941176470589,1.813793103448276,6.068965517241379,30,14,1,26.6,15.833333333333334,11.72,14.678571428571427,17.0,9.333333333333334,8.357142857142858,0.0,1.2857142857142858,59.07142857142857,0.42857142857142855,2026-08-21 11:12:46
2019,16,2019_16_BUF_NE,2019-12-21,00-0032214,T.Kroft,Tyler Kroft,TE,BUF,NE,AWAY,0,7,7,7.0,39.5,1,outdoors,grass,0.0,training,v1_prior_game,12,7,2019.0,15.0,2019-12-15,BUF,6.0,0,0,1,1,1,0,8.4,3.6,2.48,3.468717342188608,0.0,8.4,2.5142857142857147,3.205946855157652,0.0,0.0,0.0,0.0,0.0,0.0,0.0,0.0,1.0,1.0,1.0,1.2857,1.0,0.6667,0.6,1.0,0.6667,0.6,1.0,1.0,1.0,1.2857,0.0,0.0,0.0,0.0,14.0,9.3333,14.0,9.3333,1.0,0.3333,0.041666666666666664,0.038049413049413054,0.039281260732873635,0.04649122310412633,0.059574468085106386,0.050067603443698566,0.032198835447514104,0.10420212765957447,0.09212144198470856,0.08146107591257032,1,3,5,19.0,20.0,19.8,0.29,0.2833333333333334,0.28600000000000003,,,,9.333333333333334,14.0,3.6,9.333333333333334,30,14,1,18.5,16.566666666666666,17.7,11.092857142857143,9.0,7.333333333333333,6.428571428571429,0.0,0.2857142857142857,44.214285714285715,0.42857142857142855,2026-08-21 11:12:46
2019,16,2019_16_GB_MIN,2019-12-23,00-0034970,I.Smith,Irv Smith,TE,MIN,GB,HOME,1,8,8,4.0,47.0,1,dome,sportturf,2.4,training,v1_prior_game,12,12,2019.0,15.0,2019-12-15,MIN,8.0,0,0,1,1,1,0,8.8,5.166666666666667,6.980000000000001,3.6731457907357834,1.6,11.0,6.216666666666666,3.595156674632069,0.0,0.0,0.0,0.0,0.0,0.0,0.0,0.0,3.0,3.3333,3.8,3.5,2.0,2.0,2.8,2.0,2.0,2.8,3.0,3.3333,3.8,3.5,0.0,0.0,0.0,0.0,8.0,11.6667,8.0,11.6667,1.0,0.3333,0.125,0.1154214559386973,0.12510540812543036,0.11821512155679748,0.17435897435897435,0.08844547265599896,0.08325203410469198,0.309551282051282,0.23504401476724524,0.24593453606142993,1,3,5,42.0,46.333333333333336,48.4,0.65,0.7366666666666667,0.75,,,,3.5,5.833333333333333,1.55,3.5,30,14,1,2.8,5.266666666666667,11.7,13.457142857142859,4.0,4.0,7.0,0.0,0.0,59.57142857142857,0.42857142857142855,2026-08-21 11:12:46
2020,5,2020_05_PHI_PIT,2020-10-11,00-0031384,R.Rodgers,Richard Rodgers,TE,PHI,PIT,AWAY,0,7,14,7.5,44.0,0,outdoors,grass,2.8,training,v1_prior_game,4,2,2020.0,4.0,2020-10-04,PHI,7.0,0,0,1,1,0,0,6.5,3.9,2.925,2.7789386463180508,0.0,6.5,5.0,2.1213203435596424,0.0,0.0,0.0,0.0,0.0,0.0,0.0,0.0,4.0,2.3333,1.75,3.0,3.0,2.0,1.5,3.0,2.0,1.5,4.0,2.3333,1.75,3.0,0.0,0.0,0.0,0.0,35.0,19.0,35.0,19.0,0.0,0.0,0.15384615384615385,0.0732362875220018,0.054927215641501353,0.09965034965034966,0.23270440251572327,0.07870031508960061,0.05902523631720046,0.3936623125302371,0.16494465184572316,0.12370848888429237,1,3,4,22.0,22.666666666666668,18.0,0.35,0.29,0.23249999999999998,,,,8.142857142857142,9.5,1.6714285714285713,8.142857142857142,35,3,1,4.800000000000001,10.466666666666667,8.540000000000001,10.466666666666667,5.0,7.333333333333333,7.333333333333333,0.0,0.0,41.333333333333336,0.3333333333333333,2026-08-21 11:12:46
2020,5,2020_05_NYG_DAL,2020-10-11,00-0032062,B.Bell,Blake Bell,TE,DAL,NYG,HOME,1,7,7,7.5,52.0,1,closed,fieldturf,2.3,training,v1_prior_game,25,3,2020.0,4.0,2020-10-04,DAL,7.0,0,0,1,1,1,0,4.4,3.266666666666667,2.88,2.2642879675518306,0.0,5.4,3.266666666666667,2.8728615235220327,0.0,0.0,0.0,0.0,0.0,0.0,0.0,0.0,2.0,2.0,2.2,2.0,2.0,1.3333,1.4,2.0,1.3333,1.4,2.0,2.0,2.2,2.0,0.0,0.0,0.0,0.0,24.0,19.3333,24.0,19.3333,0.0,0.0,0.034482758620689655,0.038723229570625024,0.05923393774237501,0.038723229570625024,0.03131115459882583,0.035081078016531056,0.035340958054434914,0.07364194615021256,0.08264159896750928,0.11358957725166696,1,3,5,28.0,29.333333333333332,27.0,0.34,0.3566666666666667,0.368,,,,9.666666666666666,14.5,1.6333333333333335,9.666666666666666,36,4,1,12.7,10.3,12.1,8.75,6.0,6.333333333333333,5.75,0.0,0.5,39.5,0.25,2026-08-21 11:12:46
2020,10,2020_10_SEA_LA,2020-11-15,00-0033387,J.Hollister,Jacob Hollister,TE,SEA,LA,AWAY,0,7,14,3.0,55.0,1,dome,matrixturf,1.6,training,v1_prior_game,18,5,2020.0,9.0,2020-11-08,SEA,7.0,0,0,1,1,1,0,11.0,5.933333333333334,5.76,4.216989447461305,1.6,11.0,5.76,4.216989447461305,0.0,0.0,0.0,0.0,0.0,0.0,0.0,0.0,7.0,4.0,3.0,3.0,5.0,3.0,2.2,5.0,3.0,2.2,7.0,4.0,3.0,3.0,0.0,0.0,0.0,0.0,60.0,29.3333,60.0,29.3333,0.0,0.0,0.175,0.09768518518518517,0.07485171261487052,0.07485171261487052,0.11052631578947368,0.048079242110050845,0.041458663255382985,0.33986842105263154,0.18018324725481336,0.14129863320107386,1,3,5,31.0,26.666666666666668,20.4,0.48,0.37666666666666665,0.29000000000000004,,,,7.333333333333333,9.777777777777779,1.4833333333333334,7.333333333333333,40,8,1,5.4,15.799999999999999,12.459999999999999,13.537500000000001,5.0,8.666666666666666,8.625,0.0,0.0,50.375,0.5,2026-08-21 11:12:46
2020,11,2020_11_GB_IND,2020-11-22,00-0035671,J.Sternberger,Jace Sternberger,TE,GB,IND,AWAY,0,7,10,1.5,52.0,0,closed,fieldturf,5.300000000000001,training,v1_prior_game,9,6,2020.0,9.0,2020-11-05,GB,17.0,0,0,1,1,1,0,1.1,5.333333333333333,4.5200000000000005,3.6629223305988896,0.0,7.6000000000000005,3.766666666666667,3.7601418412962384,0.0,0.0,0.0,0.0,0.0,0.0,0.0,0.0,1.0,2.0,2.0,1.8333,1.0,1.6667,1.6,1.0,1.6667,1.6,1.0,2.0,2.0,1.8333,0.0,0.0,0.0,0.0,1.0,16.6667,1.0,16.6667,0.0,0.3333,0.03333333333333333,0.056002751977984176,0.06026831785345717,0.05428863886162081,0.004366812227074236,0.04493516855188923,0.03946110113113354,0.053056768558951965,0.11545874595329873,0.11802524757197923,1,3,5,18.0,21.666666666666668,20.2,0.27,0.31666666666666665,0.29800000000000004,,,,8.333333333333334,10.0,2.6666666666666665,8.333333333333334,41,9,1,11.0,13.866666666666667,10.780000000000001,8.61111111111111,9.0,9.666666666666666,7.666666666666667,0.0,0.1111111111111111,38.22222222222222,0.1111111111111111,2026-08-21 11:12:46
2020,16,2020_16_LA_SEA,2020-12-27,00-0033387,J.Hollister,Jacob Hollister,TE,SEA,LA,HOME,1,7,7,1.5,48.0,1,outdoors,fieldturf,9.7,training,v1_prior_game,24,11,2020.0,15.0,2020-12-20,SEA,7.0,0,0,1,1,1,0,9.7,5.8999999999999995,4.84,2.8342547521350294,3.0,9.7,4.963636363636365,3.432571259936996,0.0,0.0,0.0,0.0,0.0,0.0,0.0,0.0,2.0,2.3333,3.0,2.8182,2.0,2.0,2.0,2.0,2.0,2.0,2.0,2.3333,3.0,2.8182,0.0,0.0,0.0,0.0,17.0,19.0,17.0,19.0,1.0,0.3333,0.07692307692307693,0.06857801751094435,0.09670236606212215,0.0805765292687629,0.11510791366906475,0.09111681209171314,0.08504307373103788,0.1959601549529607,0.1666487947306157,0.20458370070490978,1,3,5,40.0,38.666666666666664,33.2,0.7,0.5833333333333334,0.5,,,,8.142857142857142,9.5,2.5285714285714285,8.142857142857142,46,14,1,7.800000000000001,11.933333333333332,10.14,12.035714285714288,4.0,4.0,7.571428571428571,0.0,0.0,48.92857142857143,0.42857142857142855,2026-08-21 11:12:46
2020,17,2020_17_MIN_DET,2021-01-03,00-0032135,J.James,Jesse James,TE,DET,MIN,HOME,1,8,9,-3.0,54.0,1,dome,fieldturf,1.2,training,v1_prior_game,40,12,2020.0,16.0,2020-12-26,DET,8.0,0,0,1,1,1,0,0.0,3.3333333333333335,2.6599999999999997,3.046801601680031,0.0,7.9,3.141666666666667,3.46553376010453,0.0,0.0,0.0,0.0,0.0,0.0,0.0,0.0,1.0,1.6667,1.6,1.75,0.0,0.6667,0.8,0.0,0.6667,0.8,1.0,1.6667,1.6,1.75,0.0,0.0,0.0,0.0,0.0,6.6667,0.0,6.6667,0.0,0.3333,0.03333333333333333,0.044510364022559146,0.043968123175440244,0.05179441186399289,0.10240963855421686,0.03939048664008046,0.0399417632484161,0.1216867469879518,0.09433888668189504,0.09391141903705162,1,3,5,12.0,22.666666666666668,27.0,0.23,0.3566666666666667,0.41000000000000003,,,,4.0,10.0,2.0,4.0,47,15,1,31.619999999999997,16.14,14.104000000000003,13.047999999999998,8.0,6.0,6.4,0.5333333333333333,1.2,59.06666666666667,0.4,2026-08-21 11:12:46
2021,1,2021_01_DEN_NYG,2021-09-12,00-0033576,E.Saubert,Eric Saubert,TE,DEN,NYG,AWAY,0,7,7,-3.0,41.5,0,outdoors,fieldturf,1.7000000000000002,training,v1_prior_game,15,0,2020.0,17.0,2021-01-03,JAX,252.0,0,1,1,1,1,1,1.9,1.0999999999999999,0.6599999999999999,0.920869154657707,0.0,1.9,,,0.0,0.0,0.0,,0.0,0.0,0.0,,1.0,0.6667,0.6,,1.0,0.6667,0.4,1.0,0.6667,0.4,1.0,0.6667,0.6,,0.0,0.0,0.0,0.0,9.0,4.3333,9.0,4.3333,0.0,0.0,0.025,0.015136054421768708,0.013959681433549032,,0.013559322033898305,0.0059849754765009,0.005870187565102819,0.04699152542372882,0.026893564466203695,0.02504865344589552,1,3,5,10.0,7.666666666666667,9.8,0.15,0.11666666666666665,0.14600000000000002,,,,6.5,6.5,1.65,6.5,48,0,1,14.0,16.6,15.2,,10.0,9.666666666666666,,,,,,2026-08-21 11:12:46
2021,2,2021_02_CIN_CHI,2021-09-19,00-0036290,C.Kmet,Cole Kmet,TE,CHI,CIN,HOME,1,7,7,2.0,44.5,0,outdoors,grass,1.0,training,v1_prior_game,16,1,2021.0,1.0,2021-09-12,CHI,7.0,0,0,1,1,1,0,9.2,7.266666666666667,6.62,3.0177806414648503,3.2,9.2,9.2,,0.0,0.0,0.0,0.0,0.0,0.3333,0.2,0.0,7.0,7.0,6.0,7.0,5.0,4.6667,4.0,5.0,5.0,4.2,7.0,7.0,6.0,7.0,0.0,0.0,0.0,-1.0,42.0,33.6667,42.0,32.6667,0.0,0.0,0.175,0.178929539295393,0.16882958504909723,0.175,0.1834319526627219,0.18917067382395159,0.15181744088785068,0.3909023668639053,0.4008137806198555,0.3595165861951414,1,3,5,51.0,61.0,59.6,0.74,0.8433333333333334,0.876,,,-3.0,4.809523809523809,7.214285714285714,1.0380952380952382,4.666666666666667,49,1,1,8.100000000000001,12.366666666666667,9.120000000000001,8.100000000000001,6.0,7.666666666666667,6.0,0.0,0.0,41.0,0.0,2026-08-21 11:12:46
2021,3,2021_03_NO_NE,2021-09-26,00-0036422,A.Trautman,Adam Trautman,TE,NO,NE,AWAY,0,7,7,3.0,44.0,0,outdoors,fieldturf,0.0,training,v1_prior_game,11,1,2021.0,1.0,2021-09-12,NO,14.0,0,0,1,1,1,0,4.8,4.266666666666667,3.78,2.00922870773837,1.5,6.5,4.8,,0.0,0.0,0.0,0.0,0.0,0.0,0.0,0.0,6.0,3.0,2.6,6.0,3.0,2.0,2.0,3.0,2.0,2.0,6.0,3.0,2.6,6.0,0.0,0.0,0.0,0.0,18.0,22.6667,18.0,22.6667,0.0,0.0,0.3,0.13530377668308702,0.10280388763147383,0.3,0.20394736842105263,0.0793669749875563,0.045667615822573296,0.5927631578947368,0.25851254751591995,0.18617316252301203,1,3,5,51.0,48.0,37.2,0.82,0.7166666666666667,0.5479999999999999,,,,7.555555555555555,11.333333333333334,1.4222222222222223,7.555555555555555,50,2,1,4.8,9.6,11.9,3.3499999999999996,4.0,6.333333333333333,4.5,0.0,0.0,13.5,0.0,2026-08-21 11:12:46
2021,7,2021_07_CHI_TB,2021-10-24,00-0031273,C.Brate,Cameron Brate,TE,TB,CHI,HOME,1,10,7,12.5,47.0,0,outdoors,grass,0.0,training,v1_prior_game,47,5,2021.0,6.0,2021-10-14,TB,10.0,0,0,1,1,1,0,5.6,4.233333333333333,4.4,2.39269722280108,1.8,7.5,4.4,2.39269722280108,0.0,0.0,0.0,0.0,0.0,0.0,0.0,0.0,4.0,3.6667,3.4,3.4,3.0,2.0,2.2,3.0,2.0,2.2,4.0,3.6667,3.4,3.4,0.0,0.0,0.0,0.0,26.0,22.3333,26.0,22.3333,0.0,0.0,0.09523809523809523,0.08619416758951642,0.0759493047865141,0.0759493047865141,0.0636042402826855,0.08962749705081563,0.0745650070646249,0.1873801110550227,0.1920304993198456,0.16611946212500858,1,3,5,44.0,40.666666666666664,35.2,0.59,0.5366666666666666,0.4779999999999999,,,,6.090909090909091,11.166666666666666,1.1545454545454545,6.090909090909091,53,6,1,8.1,8.266666666666666,7.42,8.15,6.0,7.333333333333333,5.833333333333333,0.0,0.0,34.833333333333336,0.16666666666666666,2026-08-21 11:12:46
2021,7,2021_07_NYJ_NE,2021-10-24,00-0035259,T.Wesco,Trevon Wesco,TE,NYJ,NE,AWAY,0,14,7,7.0,43.0,1,outdoors,fieldturf,0.0,training,v1_prior_game,11,2,2021.0,5.0,2021-10-10,NYJ,14.0,0,0,1,1,1,0,0.0,0.0,0.3,0.6708203932499369,0.0,1.5,0.0,0.0,0.0,0.0,0.0,0.0,0.0,0.0,0.2,0.0,0.0,0.3333,0.6,0.5,0.0,0.0,0.2,0.0,0.0,0.4,0.0,0.3333,0.6,0.5,0.0,0.0,0.0,0.0,0.0,0.0,0.0,0.0,0.0,0.0,0.0,0.00980392156862745,0.0218577753682118,0.014705882352941176,0.0,0.0,0.005790153820501063,0.0,0.014705882352941175,0.03683977072666844,1,3,5,24.0,19.666666666666668,16.8,0.43,0.33,0.27599999999999997,,,,0.0,,0.0,0.0,54,6,1,20.0,13.633333333333333,10.98,9.466666666666667,8.0,7.666666666666667,5.666666666666667,0.0,5.333333333333333,31.0,0.5,2026-08-21 11:12:46
2021,7,2021_07_NYJ_NE,2021-10-24,00-0035624,N.Harry,N'Keal Harry,TE,NE,NYJ,HOME,1,7,14,7.0,43.0,1,outdoors,fieldturf,3.8000000000000003,training,v1_prior_game,22,2,2021.0,5.0,2021-10-10,NE,14.0,0,0,1,1,1,0,1.9,2.533333333333333,2.2199999999999998,0.8927485648266258,1.3,3.7,1.95,0.07071067811865482,0.0,0.0,0.0,0.0,0.0,0.0,0.0,0.0,2.0,1.6667,2.2,1.5,1.0,1.3333,1.2,1.0,1.3333,1.2,2.0,1.6667,2.2,1.5,0.0,0.0,0.0,0.0,9.0,12.0,9.0,12.0,0.0,0.0,0.07142857142857142,0.053968253968253964,0.09282539682539681,0.047619047619047616,0.08936170212765958,0.07078924278649741,0.1329371019394195,0.16969604863221882,0.13050485090292915,0.23229406659568883,1,3,5,22.0,31.666666666666668,32.2,0.34,0.4933333333333334,0.546,,,,7.2,9.0,1.52,7.2,52,5,1,44.9,20.7,16.080000000000002,16.080000000000002,18.0,10.0,8.8,0.0,0.0,70.8,0.4,2026-08-21 11:12:46
2021,15,2021_15_ATL_SF,2021-12-19,00-0036970,K.Pitts,Kyle Pitts,TE,ATL,SF,AWAY,0,7,7,9.5,48.0,0,outdoors,grass,11.7,training,v1_prior_game,13,13,2021.0,14.0,2021-12-12,ATL,7.0,0,0,1,1,1,0,11.100000000000001,8.166666666666666,8.080000000000002,2.7471803726730437,4.6,11.100000000000001,10.538461538461538,6.9989926015032635,0.0,0.0,0.0,0.0,0.0,0.0,0.0,0.0,6.0,6.3333,6.2,6.7692,5.0,3.6667,3.6,5.0,3.6667,3.6,6.0,6.3333,6.2,6.7692,0.0,0.0,0.0,0.0,61.0,45.0,61.0,45.0,0.0,0.0,0.2222222222222222,0.20383597883597881,0.20641150366956823,0.1992862366931846,0.29245283018867924,0.30657820304884287,0.30537549325787716,0.5380503144654087,0.5203587103881582,0.5233801007848662,1,3,5,37.0,50.333333333333336,45.6,0.54,0.7533333333333333,0.736,,,,7.105263157894737,12.272727272727273,1.2894736842105263,7.105263157894737,61,13,1,12.000000000000002,6.633333333333334,6.42,8.407692307692308,7.0,6.0,5.076923076923077,0.0,0.0,31.0,0.3076923076923077,2026-08-21 11:12:46
2021,17,2021_17_CLE_PIT,2022-01-03,00-0035222,Z.Gentry,Zach Gentry,TE,PIT,CLE,HOME,1,8,9,-1.0,43.5,1,outdoors,grass,1.0,training,v1_prior_game,10,8,2021.0,16.0,2021-12-26,PIT,8.0,0,0,1,1,1,0,7.1,4.266666666666667,4.340000000000001,2.4562166028263874,2.0,7.1,3.3499999999999996,2.3439892735005667,0.0,0.0,0.0,0.0,0.0,0.0,0.0,0.0,4.0,2.3333,2.8,2.25,4.0,2.3333,2.2,4.0,2.3333,2.2,4.0,2.3333,2.8,2.25,0.0,0.0,0.0,0.0,31.0,19.3333,31.0,19.3333,0.0,0.0,0.09523809523809523,0.06730158730158729,0.0792087912087912,0.06661687271062271,0.07272727272727272,0.019614001817391646,0.049831464153498053,0.19376623376623375,0.1146821822245551,0.15369521172063547,1,3,5,49.0,38.666666666666664,36.6,0.68,0.6466666666666666,0.58,,,,8.285714285714286,8.285714285714286,1.8285714285714287,8.285714285714286,63,15,1,4.7,16.400000000000002,15.800000000000002,13.419999999999998,6.0,9.333333333333334,7.266666666666667,0.0,0.13333333333333333,50.06666666666667,0.5333333333333333,2026-08-21 11:12:46
2022,4,2022_04_KC_TB,2022-10-02,00-0038129,C.Otton,Cade Otton,TE,TB,KC,HOME,1,7,7,1.0,46.5,0,outdoors,grass,5.9,training,v1_prior_game,2,2,2022.0,2.0,2022-09-18,TB,14.0,0,0,1,0,0,0,1.4,0.7,0.7,0.9899494936611665,0.0,1.4,0.7,0.9899494936611665,0.0,0.0,0.0,0.0,0.0,0.0,0.0,0.0,2.0,1.0,1.0,1.0,1.0,0.5,0.5,1.0,0.5,0.5,2.0,1.0,1.0,1.0,0.0,0.0,0.0,0.0,4.0,2.0,4.0,2.0,0.0,0.0,0.06060606060606061,0.030303030303030304,0.030303030303030304,0.030303030303030304,0.044585987261146494,0.022292993630573247,0.022292993630573247,0.12211928199189345,0.061059640995946726,0.061059640995946726,1,2,2,33.0,31.5,31.5,0.49,0.485,0.485,,,,2.0,4.0,0.7,2.0,68,3,1,19.9,14.799999999999999,10.84,14.799999999999999,8.0,7.333333333333333,7.333333333333333,0.0,0.0,38.0,1.0,2026-08-21 11:12:46
2022,8,2022_08_LV_NO,2022-10-30,00-0036040,J.Johnson,Juwan Johnson,TE,NO,LV,HOME,1,10,7,-1.0,48.5,0,dome,sportturf,3.4000000000000004,training,v1_prior_game,25,7,2022.0,7.0,2022-10-20,NO,10.0,0,0,1,1,1,0,20.2,10.200000000000001,7.380000000000001,7.8471013756673225,0.0,20.2,7.314285714285715,6.426878083857037,0.0,0.0,0.0,0.0,0.0,0.0,0.0,0.0,5.0,4.3333,3.6,4.2857,5.0,3.3333,2.6,5.0,3.3333,2.6,5.0,4.3333,3.6,4.2857,0.0,0.0,0.0,0.0,32.0,28.6667,32.0,28.6667,2.0,0.6667,0.10869565217391304,0.12741467975689574,0.11014844155377115,0.12599888682412225,0.01804123711340206,0.06368497858117968,0.07054850230341762,0.17567234424025102,0.2357015046421694,0.21460661394304906,1,3,5,53.0,51.0,45.8,0.74,0.6966666666666667,0.65,,,,6.615384615384615,8.6,2.353846153846154,6.615384615384615,70,6,1,9.8,16.166666666666668,16.0,16.633333333333333,8.0,6.666666666666667,7.666666666666667,0.0,0.0,53.0,1.0,2026-08-21 11:12:46
2022,9,2022_09_PHI_HOU,2022-11-03,00-0033879,O.Howard,O.J. Howard,TE,HOU,PHI,HOME,1,4,4,-14.0,45.5,0,closed,astroturf,2.4000000000000004,training,v1_prior_game,44,6,2022.0,8.0,2022-10-30,HOU,4.0,0,0,1,1,1,0,4.4,3.0333333333333337,2.16,2.291942407653386,0.0,4.7,4.766666666666667,6.706017198506627,0.0,0.0,0.0,0.0,0.0,0.0,0.0,0.0,3.0,3.0,2.2,2.1667,2.0,1.3333,1.0,2.0,1.3333,1.0,3.0,3.0,2.2,2.1667,0.0,0.0,0.0,0.0,24.0,17.0,24.0,17.0,0.0,0.0,0.1,0.09484126984126984,0.06876178021339312,0.06656074277042019,0.1016949152542373,0.15826699195343263,0.1152475693810024,0.2211864406779661,0.2530487991293076,0.18381596888679136,1,3,5,27.0,38.666666666666664,30.4,0.5,0.68,0.528,,,,5.666666666666667,12.75,1.0111111111111113,5.666666666666667,72,7,1,11.0,14.0,10.34,11.271428571428572,8.0,10.0,7.857142857142857,0.0,0.0,47.0,0.2857142857142857,2026-08-21 11:12:46
2022,15,2022_15_SF_SEA,2022-12-15,00-0036244,C.Parkinson,Colby Parkinson,TE,SEA,SF,HOME,1,4,4,-3.0,43.0,1,outdoors,fieldturf,0.0,training,v1_prior_game,16,10,2022.0,14.0,2022-12-11,SEA,4.0,0,0,1,1,1,0,2.0,1.9666666666666668,2.0,0.43011626335213143,1.5,2.6,4.040000000000001,3.2806503420307793,0.0,0.0,0.0,0.0,0.0,0.0,0.0,0.0,2.0,2.0,1.8,1.9,1.0,1.0,1.2,1.0,1.0,1.2,2.0,2.0,1.8,1.9,0.0,0.0,0.0,0.0,10.0,9.6667,10.0,9.6667,0.0,0.0,0.05555555555555555,0.05783055783055783,0.053258940758940755,0.05943998043135974,0.03807106598984772,0.0633743607383641,0.030513680776742984,0.10998307952622673,0.1311078892626916,0.10124798768213124,1,3,5,17.0,18.333333333333332,21.4,0.31,0.3133333333333333,0.34,,,,4.833333333333333,9.666666666666666,0.9833333333333334,4.833333333333333,78,13,1,12.100000000000001,7.300000000000001,7.960000000000001,8.907692307692306,10.0,6.0,6.538461538461538,0.0,1.0,35.0,0.15384615384615385,2026-08-21 11:12:46
2022,16,2022_16_BUF_CHI,2022-12-24,00-0036290,C.Kmet,Cole Kmet,TE,CHI,BUF,HOME,1,6,7,-8.0,40.0,0,outdoors,grass,7.7,training,v1_prior_game,46,14,2022.0,15.0,2022-12-18,CHI,6.0,0,0,1,1,1,0,6.5,8.466666666666667,11.059999999999999,7.536113056476793,5.7,23.4,8.085714285714285,7.087351370614374,0.0,0.0,0.0,0.0,0.0,0.0,0.0,0.1429,5.0,6.0,5.8,3.9286,4.0,4.3333,4.0,4.0,4.3333,4.0,5.0,6.0,5.8,3.9286,0.0,0.0,0.0,0.0,25.0,41.3333,25.0,41.3333,0.0,0.0,0.23809523809523808,0.25603174603174605,0.27350208855472014,0.1866171254124113,0.10975609756097561,0.19362174033189347,0.23253016378206218,0.43397212543554003,0.5195828372799445,0.5730242474795237,1,3,5,59.0,56.0,57.6,1.0,1.0,0.968,,,,6.888888888888889,9.538461538461538,1.411111111111111,6.888888888888889,79,14,1,2.3,5.8999999999999995,7.06,8.692857142857143,2.0,6.333333333333333,7.285714285714286,0.0,0.2857142857142857,38.07142857142857,0.0,2026-08-21 11:12:46
2023,1,2023_01_BUF_NYJ,2023-09-11,00-0038933,D.Kincaid,Dalton Kincaid,TE,BUF,NYJ,AWAY,0,7,7,-2.5,44.5,1,outdoors,,6.6,training,v1_prior_game,0,0,,,,,,1,1,0,0,0,0,,,,,,,,,,,,,,,,,,,,,,,,,,,,,,,,,,,,,,,,,,,,,,,,,,,0,0,0,,,,,,,,,,,,,,81,0,1,15.500000000000002,21.599999999999998,19.119999999999997,,11.0,10.333333333333334,,,,,,2026-08-21 11:12:46
2023,3,2023_03_CHI_KC,2023-09-24,00-0036290,C.Kmet,Cole Kmet,TE,CHI,KC,AWAY,0,7,7,13.0,48.0,0,outdoors,grass,4.2,training,v1_prior_game,51,2,2023.0,2.0,2023-09-17,CHI,7.0,0,0,1,1,1,0,7.800000000000001,10.966666666666669,10.26,3.283747858773569,7.7,15.7,8.600000000000001,1.1313708498984765,0.0,0.0,0.0,0.0,0.0,0.3333,0.2,0.5,6.0,6.0,5.4,6.5,4.0,4.3333,4.0,4.0,4.6667,4.2,6.0,6.0,5.4,6.5,0.0,0.0,0.0,0.0,38.0,46.3333,38.0,46.3333,0.0,0.3333,0.21428571428571427,0.19797178130511464,0.20011640211640208,0.20436507936507936,0.2849162011173184,0.17913569102573898,0.14258874914138256,0.5208699122106943,0.4223526556756893,0.399986727573571,1,3,5,36.0,52.0,52.4,0.68,0.8633333333333333,0.884,,,0.0,7.722222222222222,10.692307692307692,1.8277777777777782,7.722222222222222,84,2,1,11.7,10.6,14.180000000000001,12.15,8.0,7.333333333333333,7.5,0.0,0.0,56.5,0.0,2026-08-21 11:12:46
2023,4,2023_04_DEN_CHI,2023-10-01,00-0036422,A.Trautman,Adam Trautman,TE,DEN,CHI,AWAY,0,7,7,-3.0,47.0,0,outdoors,grass,0.0,training,v1_prior_game,36,3,2023.0,3.0,2023-09-24,DEN,7.0,0,0,1,1,1,0,0.0,2.8000000000000003,2.7600000000000002,3.4304518652795584,0.0,8.4,2.8000000000000003,4.849742261192857,0.0,0.0,0.0,0.0,0.0,0.0,0.0,0.0,2.0,2.6667,2.0,2.6667,0.0,1.6667,1.4,0.0,1.6667,1.4,2.0,2.6667,2.0,2.6667,0.0,0.0,0.0,0.0,0.0,11.3333,0.0,11.3333,0.0,0.0,0.05555555555555555,0.08294753086419752,0.06646417069243156,0.08294753086419752,-0.0024271844660194173,0.047431003393727515,0.03787521150775332,0.08163430420711974,0.15762299867190557,0.12620890409407465,1,3,5,54.0,51.333333333333336,46.6,0.87,0.8033333333333333,0.724,,,,4.25,6.8,1.05,4.25,84,3,1,21.799999999999997,13.633333333333333,13.680000000000001,13.633333333333333,10.0,7.333333333333333,7.333333333333333,0.0,0.0,53.0,0.3333333333333333,2026-08-21 11:12:46
2023,7,2023_07_SF_MIN,2023-10-23,00-0033288,G.Kittle,George Kittle,TE,SF,MIN,AWAY,0,8,8,-7.0,44.5,0,dome,sportturf,13.0,training,v1_prior_game,73,6,2023.0,6.0,2023-10-15,SF,8.0,0,0,1,1,1,0,1.1,10.233333333333333,10.54,11.27665730613465,1.1,27.7,9.6,10.345627095541381,0.0,0.0,0.0,0.0,0.0,0.0,0.0,0.0,2.0,2.3333,3.8,4.1667,1.0,1.6667,3.0,1.0,1.6667,3.0,2.0,2.3333,3.8,4.1667,0.0,0.0,0.0,0.0,1.0,25.6667,1.0,25.6667,0.0,1.0,0.08333333333333333,0.09698412698412699,0.13613165266106445,0.1491573295985061,0.108,0.11445652989796899,0.15844344045166675,0.2006,0.22559576140476875,0.31510788730776335,1,3,5,61.0,56.666666666666664,58.8,0.98,0.91,0.9039999999999999,,,,11.0,15.4,4.385714285714285,11.0,88,6,1,5.0,11.166666666666666,13.02,11.5,4.0,7.0,7.0,0.0,0.0,31.666666666666668,0.5,2026-08-21 11:12:46
2023,17,2023_17_GB_MIN,2023-12-31,00-0035249,J.Oliver,Josh Oliver,TE,MIN,GB,HOME,1,7,7,1.0,42.5,1,dome,sportturf,2.7,training,v1_prior_game,37,11,2023.0,16.0,2023-12-24,MIN,7.0,0,0,1,1,1,0,4.300000000000001,2.566666666666667,4.9,5.711829829397931,0.0,14.7,4.136363636363637,4.350235103364581,0.0,0.0,0.0,0.0,0.0,0.0,0.0,0.0,2.0,1.6667,2.2,2.0909,1.0,1.0,1.8,1.0,1.0,1.8,2.0,1.6667,2.2,2.0909,0.0,0.0,0.0,0.0,33.0,15.6667,33.0,15.6667,0.0,0.0,0.05714285714285714,0.04998196248196248,0.06900395581430065,0.055875054050635926,0.0056925996204933585,0.007571292072079346,0.023161699148515125,0.08969910544863106,0.08027284817339926,0.11971912312541155,1,3,5,20.0,27.666666666666668,28.2,0.36,0.42,0.40800000000000003,,,,9.4,15.666666666666666,1.5400000000000003,9.4,96,15,1,15.0,10.700000000000001,14.2,11.606666666666666,11.0,5.333333333333333,5.933333333333334,0.0,0.8,49.266666666666666,0.4,2026-08-21 11:12:46
2018,5,2018_05_JAX_KC,2018-10-07,00-0033839,D.Westbrook,Dede Westbrook,WR,JAX,KC,AWAY,0,7,6,3.0,48.0,0,outdoors,grass,8.5,training,v1_prior_game,4,4,2018.0,4.0,2018-09-30,JAX,7.0,0,0,1,1,0,0,21.1,14.933333333333335,13.725000000000001,6.848053251350587,6.1,21.1,13.725000000000001,6.848053251350587,0.0,0.0,0.0,0.0,1.0,0.6667,0.5,0.5,13.0,7.3333,7.0,7.0,9.0,5.3333,5.25,10.0,6.0,5.75,13.0,7.3333,7.0,7.0,0.0,0.0,11.0,1.6667,130.0,81.0,141.0,82.6667,0.0,0.3333,0.34210526315789475,0.19112956187259592,0.18880171685899239,0.18880171685899239,0.5,0.2247863247863248,0.22837235228539576,0.8631578947368421,0.44404477015932126,0.44306322188826563,1,3,4,57.0,49.0,44.5,0.74,0.7133333333333333,0.6575,,,2.5,11.045454545454545,15.1875,2.0363636363636366,11.272727272727273,4,4,1,25.800000000000004,35.63333333333333,39.150000000000006,39.150000000000006,20.0,25.666666666666668,26.0,0.0,10.0,156.5,1.25,2026-08-21 11:12:46
2018,9,2018_09_DET_MIN,2018-11-04,00-0034052,B.Zylstra,Brandon Zylstra,WR,MIN,DET,HOME,1,7,7,4.5,47.0,1,dome,sportturf,0.0,training,v1_prior_game,2,2,2018.0,7.0,2018-10-21,MIN,14.0,0,0,1,0,0,0,3.3000000000000003,1.6500000000000001,1.6500000000000001,2.333452377915607,0.0,3.3000000000000003,1.6500000000000001,2.333452377915607,0.0,0.0,0.0,0.0,0.0,0.0,0.0,0.0,1.0,0.5,0.5,0.5,1.0,0.5,0.5,1.0,0.5,0.5,1.0,0.5,0.5,0.5,0.0,0.0,0.0,0.0,23.0,11.5,23.0,11.5,0.0,0.0,0.02564102564102564,0.01282051282051282,0.01282051282051282,0.01282051282051282,0.036231884057971016,0.018115942028985508,0.018115942028985508,0.06382385730211818,0.03191192865105909,0.03191192865105909,1,2,2,1.0,0.5,0.5,0.01,0.005,0.005,,,,23.0,23.0,3.3000000000000003,23.0,7,7,1,37.0,47.4,34.160000000000004,33.57142857142857,9.0,18.333333333333332,14.571428571428571,0.0,4.571428571428571,148.28571428571428,1.2857142857142858,2026-08-21 11:12:46
2018,10,2018_10_ATL_CLE,2018-11-11,00-0033094,M.Hall,Marvin Hall,WR,ATL,CLE,AWAY,0,7,7,-5.5,49.5,0,outdoors,grass,2.2,training,v1_prior_game,7,7,2018.0,9.0,2018-11-04,ATL,7.0,0,0,1,1,1,0,0.0,5.1000000000000005,4.2,6.472634703117426,0.0,15.3,3.8142857142857145,5.3670067919429645,0.0,0.0,0.0,0.0,0.0,0.0,0.0,0.0,1.0,1.3333,1.6,1.4286,0.0,1.0,1.2,0.0,1.0,1.2,1.0,1.3333,1.6,1.4286,0.0,0.0,0.0,0.0,0.0,21.0,0.0,21.0,0.0,0.3333,0.02702702702702703,0.03678678678678678,0.04066856330014225,0.038352695274411326,0.02553191489361702,0.06861992791535869,0.0551915201358836,0.05841288096607246,0.10321412972093125,0.09963690904533189,1,3,5,14.0,13.666666666666666,15.2,0.21,0.20333333333333334,0.21999999999999997,,,,15.75,21.0,3.825,15.75,9,9,1,28.5,37.43333333333334,38.36,39.36666666666667,14.0,21.0,23.77777777777778,0.0,9.444444444444445,183.11111111111111,1.1111111111111112,2026-08-21 11:12:46
2018,13,2018_13_ARI_GB,2018-12-02,00-0034272,M.Valdes-Scantling,Marquez Valdes-Scantling,WR,GB,ARI,HOME,1,7,7,13.5,41.0,0,outdoors,grass,6.800000000000001,training,v1_prior_game,11,11,2018.0,12.0,2018-11-25,GB,7.0,0,0,1,1,1,0,1.3,4.500000000000001,7.8199999999999985,5.813518727930615,1.3,13.100000000000001,7.118181818181819,6.908374364757339,0.0,0.0,0.0,0.0,0.0,0.0,0.0,0.0,2.0,4.0,4.6,4.0909,1.0,2.6667,2.6,1.0,2.6667,2.6,2.0,4.0,4.6,4.0909,0.0,0.0,0.0,0.0,3.0,18.3333,3.0,18.3333,0.0,0.0,0.07407407407407407,0.14891770638897076,0.15345318793594653,0.11320382201527547,0.04498269896193772,0.09081311976915347,0.1480397051637885,0.1425990003844675,0.2869457434218636,0.33380757551857176,1,3,5,44.0,48.666666666666664,47.4,0.83,0.9199999999999999,0.834,,,,4.583333333333333,6.875,1.1250000000000002,4.583333333333333,11,11,1,46.4,38.666666666666664,38.124,35.583636363636366,15.0,15.666666666666666,19.363636363636363,2.5454545454545454,2.6363636363636362,155.8181818181818,1.0909090909090908,2026-08-21 11:12:46
2018,14,2018_14_ATL_GB,2018-12-09,00-0027944,J.Jones,Julio Jones,WR,ATL,GB,AWAY,0,7,7,4.0,51.0,0,outdoors,grass,30.6,training,v1_prior_game,12,12,2018.0,13.0,2018-12-02,ATL,7.0,0,0,1,1,1,0,3.8,17.133333333333333,20.04,9.096867592748616,3.8,25.1,19.45833333333334,7.614992190449446,0.0,0.0,0.0,0.0,0.0,0.3333,0.2,0.1667,8.0,10.3333,10.4,11.0833,2.0,6.3333,6.6,2.0,6.6667,6.8,8.0,10.3333,10.4,11.0833,0.0,0.0,0.0,0.3333,18.0,94.3333,18.0,94.6667,0.0,0.3333,0.2962962962962963,0.28629150635825645,0.2689662127709687,0.29337466102915727,0.5819935691318328,0.5234403144890264,0.4889543740057013,0.8518399428367274,0.7958454796797031,0.745717380960444,1,3,5,41.0,51.333333333333336,56.4,0.77,0.8566666666666668,0.8699999999999999,,,1.0,9.129032258064516,14.894736842105264,1.6580645161290322,9.161290322580646,12,12,1,21.6,38.26666666666666,38.93599999999999,37.76500000000001,17.0,21.666666666666668,20.416666666666668,3.0833333333333335,8.083333333333334,165.0,1.3333333333333333,2026-08-21 11:12:46
2018,16,2018_16_BAL_LAC,2018-12-22,00-0031953,G.Davis,Geremy Davis,WR,LAC,BAL,HOME,1,9,6,4.0,42.5,0,outdoors,grass,0.0,training,v1_prior_game,4,4,2018.0,15.0,2018-12-13,LAC,9.0,0,0,1,1,0,0,0.0,0.0,0.0,0.0,0.0,0.0,0.0,0.0,0.0,0.0,0.0,0.0,0.0,0.0,0.0,0.0,0.0,0.3333,0.25,0.25,0.0,0.0,0.0,0.0,0.0,0.0,0.0,0.3333,0.25,0.25,0.0,0.0,0.0,0.0,0.0,0.0,0.0,0.0,0.0,0.0,0.0,0.01075268817204301,0.008064516129032258,0.008064516129032258,0.0,0.0,0.0,0.0,0.016129032258064516,0.012096774193548387,1,3,4,11.0,8.0,8.5,0.15,0.11333333333333333,0.1275,,,,0.0,,0.0,0.0,14,14,1,22.400000000000002,24.933333333333334,22.560000000000002,28.821428571428566,18.0,20.0,20.214285714285715,0.0,5.428571428571429,131.35714285714286,0.7142857142857143,2026-08-21 11:12:46
2019,1,2019_01_TEN_CLE,2019-09-08,00-0035676,A.Brown,A.J. Brown,WR,TEN,CLE,AWAY,0,7,7,5.5,44.0,0,outdoors,grass,13.0,training,v1_prior_game,0,0,,,,,,1,1,0,0,0,0,,,,,,,,,,,,,,,,,,,,,,,,,,,,,,,,,,,,,,,,,,,,,,,,,,,0,0,0,,,,,,,,,,,,,,16,0,1,16.299999999999997,23.73333333333333,26.7,,13.0,16.666666666666668,,,,,,2026-08-21 11:12:46
2019,2,2019_02_SEA_PIT,2019-09-15,00-0033562,R.Switzer,Ryan Switzer,WR,PIT,SEA,HOME,1,7,7,4.0,47.0,0,outdoors,grass,1.0,training,v1_prior_game,17,1,2019.0,1.0,2019-09-08,PIT,7.0,0,0,1,1,1,0,8.9,4.966666666666667,3.8400000000000007,3.2176078070516927,1.1,8.9,8.9,,0.0,0.0,0.0,0.0,0.0,0.0,0.2,0.0,6.0,4.0,3.0,6.0,6.0,3.3333,2.6,6.0,3.3333,2.8,6.0,4.0,3.0,6.0,0.0,0.0,0.0,0.0,29.0,16.3333,29.0,16.3333,0.0,0.0,0.1276595744680851,0.08518357697689005,0.06863676371275156,0.1276595744680851,0.025806451612903226,0.023335316837163014,0.011291163002026807,0.20955387783115992,0.1441100872513492,0.11085895967054608,1,3,5,46.0,35.0,30.8,0.69,0.5033333333333333,0.462,,,,4.083333333333333,4.9,1.2416666666666667,4.083333333333333,17,1,1,61.9,40.0,35.18,61.9,33.0,25.333333333333332,33.0,0.0,3.0,276.0,2.0,2026-08-21 11:12:46
2019,4,2019_04_CIN_PIT,2019-09-30,00-0032935,J.Holton,Johnny Holton,WR,PIT,CIN,HOME,1,8,8,3.5,45.5,1,outdoors,grass,0.0,training,v1_prior_game,4,3,2019.0,3.0,2019-09-22,PIT,8.0,0,0,1,1,0,0,0.9,0.3,0.225,0.45,0.0,0.9,0.3,0.5196152422706632,0.0,0.0,0.0,0.0,1.0,0.3333,0.25,0.3333,0.0,1.0,1.0,1.0,0.0,0.0,0.0,1.0,0.3333,0.25,0.0,1.0,1.0,1.0,0.0,0.0,9.0,3.0,0.0,0.0,9.0,3.0,0.0,0.0,0.0,0.023988318731748018,0.025566996624568593,0.023988318731748018,0.0,0.08589791125942405,0.10130867934620738,0.0,0.09611101597921885,0.10926657047919805,1,3,4,5.0,6.0,5.75,0.09,0.10000000000000002,0.0975,,,9.0,0.0,,0.3,3.0,19,3,1,32.5,32.51333333333333,34.912,32.51333333333333,20.0,14.666666666666666,14.666666666666666,5.333333333333333,7.0,149.33333333333334,1.0,2026-08-21 11:12:46
2019,4,2019_04_WAS_NYG,2019-09-29,00-0033530,R.Davis,Robert Davis,WR,WAS,NYG,AWAY,0,6,7,3.0,48.0,1,outdoors,fieldturf,2.1,training,v1_prior_game,0,0,,,,,,1,1,0,0,0,0,,,,,,,,,,,,,,,,,,,,,,,,,,,,,,,,,,,,,,,,,,,,,,,,,,,0,0,0,,,,,,,,,,,,,,19,3,1,54.9,53.43333333333333,54.08,53.43333333333333,23.0,21.333333333333332,21.333333333333332,0.0,5.666666666666667,262.0,2.0,2026-08-21 11:12:46
2019,5,2019_05_BAL_PIT,2019-10-06,00-0033857,J.Smith-Schuster,JuJu Smith-Schuster,WR,PIT,BAL,HOME,1,6,7,-3.5,44.0,1,outdoors,grass,18.5,training,v1_prior_game,20,4,2019.0,4.0,2019-09-30,PIT,6.0,0,0,1,1,1,0,4.5,11.666666666666666,12.7,4.8036444497901805,4.5,17.1,12.200000000000001,5.394441583704472,0.0,0.0,0.0,0.0,0.0,0.0,0.0,0.0,4.0,6.3333,7.4,6.75,3.0,3.6667,4.4,3.0,3.6667,4.4,4.0,6.3333,7.4,6.75,0.0,0.0,0.0,0.0,15.0,60.0,15.0,60.0,0.0,0.3333,0.13333333333333333,0.2126194067370538,0.20605864167816607,0.20201774654215204,0.1125,0.29246119461636705,0.27742220314141314,0.27875,0.5236519463370376,0.5032835047162384,1,3,5,43.0,47.333333333333336,53.0,0.74,0.8533333333333332,0.8779999999999999,,,,9.473684210526315,16.363636363636363,1.8421052631578947,9.473684210526315,20,4,1,30.7,42.73333333333333,44.61999999999999,39.35,20.0,23.0,22.75,0.0,2.0,211.5,0.75,2026-08-21 11:12:46
2019,7,2019_07_HOU_IND,2019-10-20,00-0035021,A.Dulin,Ashton Dulin,WR,IND,HOU,HOME,1,14,7,1.5,46.5,1,open,fieldturf,0.0,training,v1_prior_game,2,2,2019.0,5.0,2019-10-06,IND,14.0,0,0,1,0,0,0,0.0,0.0,0.0,0.0,0.0,0.0,0.0,0.0,0.0,0.0,0.0,0.0,0.0,0.0,0.0,0.0,0.0,0.0,0.0,0.0,0.0,0.0,0.0,0.0,0.0,0.0,0.0,0.0,0.0,0.0,0.0,0.0,0.0,0.0,0.0,0.0,0.0,0.0,0.0,0.0,0.0,0.0,0.0,0.0,0.0,0.0,0.0,0.0,0.0,0.0,1,2,2,4.0,3.5,3.5,0.05,0.045,0.045,,,,,,,,22,6,1,38.3,36.833333333333336,39.7,41.416666666666664,23.0,22.0,23.166666666666668,0.0,1.5,186.0,1.3333333333333333,2026-08-21 11:12:46
2019,9,2019_09_DAL_NYG,2019-11-04,00-0031344,C.Latimer,Cody Latimer,WR,NYG,DAL,HOME,1,8,15,-6.5,48.5,1,outdoors,fieldturf,8.8,training,v1_prior_game,13,7,2019.0,8.0,2019-10-27,NYG,8.0,0,0,1,1,1,0,4.800000000000001,4.033333333333334,2.4200000000000004,3.429577233421053,0.0,7.300000000000001,4.071428571428571,4.172415082305165,0.0,0.0,0.0,0.0,0.0,0.0,0.0,0.0,3.0,3.0,2.0,3.1429,2.0,2.0,1.2,2.0,2.0,1.2,3.0,3.0,2.0,3.1429,0.0,0.0,0.0,0.0,28.0,20.3333,28.0,20.3333,0.0,0.0,0.075,0.08411330049261084,0.056023535851122054,0.078977850283269,0.16286644951140064,0.10154537690284597,0.0737477389622204,0.22650651465798044,0.19725171457090843,0.13565872105023735,1,3,5,33.0,26.333333333333332,27.4,0.45,0.41333333333333333,0.41000000000000003,,,,6.777777777777778,10.166666666666666,1.3444444444444446,6.777777777777778,23,7,1,10.200000000000001,25.133333333333336,25.580000000000002,27.97142857142857,9.0,15.333333333333334,18.142857142857142,0.0,4.285714285714286,138.28571428571428,0.42857142857142855,2026-08-21 11:12:46
2019,12,2019_12_DEN_BUF,2019-11-24,00-0033994,F.Brown,Fred Brown,WR,DEN,BUF,AWAY,0,7,7,3.5,37.0,0,outdoors,astroturf,0.0,training,v1_prior_game,4,4,2019.0,8.0,2019-10-27,DEN,28.0,0,0,1,1,0,0,2.6,1.3666666666666665,1.025,1.2658988901172163,0.0,2.6,1.025,1.2658988901172163,0.0,0.0,0.0,0.0,0.0,0.0,0.0,0.0,2.0,1.0,0.75,0.75,1.0,0.6667,0.5,1.0,0.6667,0.5,2.0,1.0,0.75,0.75,0.0,0.0,0.0,0.0,16.0,7.0,16.0,7.0,0.0,0.0,0.06896551724137931,0.03580901856763926,0.026856763925729443,0.026856763925729443,0.17365269461077845,0.06560028091964219,0.04920021068973165,0.22500516208961385,0.09963372449520842,0.07472529337140632,0,0,0,,,,,,,,,,7.0,10.5,1.3666666666666665,7.0,26,10,1,52.3,39.06666666666667,34.64,32.02,25.0,21.666666666666668,21.8,0.0,5.1,147.1,0.5,2026-08-21 11:12:46
2019,13,2019_13_GB_NYG,2019-12-01,00-0035535,D.Slayton,Darius Slayton,WR,NYG,GB,HOME,1,7,7,-6.5,43.5,0,outdoors,fieldturf,10.4,training,v1_prior_game,9,9,2019.0,12.0,2019-11-24,NYG,7.0,0,0,1,1,1,0,10.7,15.466666666666669,14.040000000000001,13.022019812609717,1.6,34.1,11.9,10.165013526798674,0.0,0.0,0.0,0.0,0.0,0.0,0.0,0.0,7.0,8.6667,6.6,5.8889,4.0,5.0,3.8,4.0,5.0,3.8,7.0,8.6667,6.6,5.8889,0.0,0.0,0.0,0.0,67.0,64.6667,67.0,64.6667,0.0,0.6667,0.20588235294117646,0.23272672355206522,0.17606460555981057,0.16649766706384508,0.2804878048780488,0.36294037940379403,0.30003083694717475,0.5051649928263988,0.6031483509107537,0.4741184942027381,1,3,5,51.0,60.666666666666664,62.4,0.85,0.9066666666666667,0.906,,,,7.461538461538462,12.933333333333334,1.784615384615385,7.461538461538462,27,11,1,20.2,26.36666666666667,27.959999999999997,30.063636363636366,5.0,11.0,16.09090909090909,0.0,2.727272727272727,163.36363636363637,0.6363636363636364,2026-08-21 11:12:46
2019,15,2019_15_CLE_ARI,2019-12-15,00-0031382,J.Landry,Jarvis Landry,WR,CLE,ARI,AWAY,0,7,7,-3.0,49.0,0,closed,grass,7.300000000000001,training,v1_prior_game,29,13,2019.0,14.0,2019-12-08,CLE,7.0,0,0,1,1,1,0,11.600000000000001,20.666666666666668,20.2,10.584658709660884,11.600000000000001,36.8,15.346153846153847,8.647313203592525,0.0,0.0,0.0,0.0,0.0,0.0,0.0,0.0769,7.0,10.3333,9.6,8.8462,4.0,6.6667,6.6,4.0,6.6667,6.6,7.0,10.3333,9.6,8.8462,0.0,0.0,0.0,0.0,76.0,100.0,76.0,100.0,0.0,0.6667,0.3181818181818182,0.34848484848484845,0.30838915470494416,0.2770878709464798,0.28695652173913044,0.393766467450678,0.33404540407442906,0.6781422924901186,0.7983637999427472,0.6964155149095166,1,3,5,48.0,60.666666666666664,62.0,0.89,0.93,0.9259999999999999,,,,9.67741935483871,15.0,2.0,9.67741935483871,29,13,1,36.1,48.699999999999996,45.940000000000005,40.0,13.0,22.333333333333332,20.53846153846154,0.0,1.7692307692307692,182.84615384615384,1.0769230769230769,2026-08-21 11:12:46
2019,17,2019_17_NO_CAR,2019-12-29,00-0035215,D.Harris,Deonte Harty,WR,NO,CAR,AWAY,0,7,7,-13.5,45.0,1,outdoors,grass,1.3,training,v1_prior_game,13,13,2019.0,16.0,2019-12-22,NO,7.0,0,0,1,1,1,0,1.0,1.7333333333333334,1.04,1.2660963628413122,0.0,3.1,1.2461538461538462,1.8799890888935964,0.0,0.0,0.0,0.0,0.0,0.3333,0.2,0.1538,1.0,1.0,0.6,0.4615,1.0,1.0,0.6,1.0,1.3333,0.8,1.0,1.0,0.6,0.4615,0.0,0.0,0.0,2.6667,0.0,4.6667,0.0,7.3333,0.0,0.0,0.02564102564102564,0.02778820095893267,0.0166729205753596,0.012394325444905747,-0.01060070671378092,-0.01413422897060024,-0.008480537382360143,0.03104104376189182,0.031788341158978835,0.0190730046953873,1,3,5,13.0,9.666666666666666,6.2,0.19,0.14,0.09,,,8.0,4.666666666666667,4.666666666666667,1.7333333333333334,7.333333333333333,31,15,1,11.199999999999998,38.06666666666667,34.239999999999995,37.93333333333333,13.0,17.0,22.2,0.0,3.4,180.6,0.8666666666666667,2026-08-21 11:12:46
2020,6,2020_06_DEN_NE,2020-10-18,00-0035645,G.Olszewski,Gunner Olszewski,WR,NE,DEN,HOME,1,13,17,7.0,43.5,0,outdoors,grass,0.0,training,v1_prior_game,9,1,2020.0,4.0,2020-10-05,NE,13.0,0,0,1,1,1,0,2.1,0.7000000000000001,1.5,2.3622023622035435,0.0,5.4,2.1,,0.0,0.0,0.0,0.0,0.0,0.0,0.0,0.0,1.0,0.6667,1.0,1.0,1.0,0.3333,0.6,1.0,0.3333,0.6,1.0,0.6667,1.0,1.0,0.0,0.0,0.0,0.0,11.0,3.6667,11.0,3.6667,0.0,0.0,0.02857142857142857,0.017460317460317457,0.02511033681765389,0.02857142857142857,0.037162162162162164,0.004913545832828345,0.023662413213982724,0.06887065637065637,0.02962995827345603,0.05422919447626874,1,3,5,6.0,7.0,15.4,0.08,0.08666666666666667,0.19199999999999998,,,,5.5,11.0,1.05,5.5,36,4,1,38.8,46.56666666666666,42.2,44.099999999999994,30.0,24.666666666666668,24.75,0.0,0.0,198.5,1.25,2026-08-21 11:12:46
2020,12,2020_12_CHI_GB,2020-11-29,00-0035590,R.Ridley,Riley Ridley,WR,CHI,GB,AWAY,0,13,7,7.5,44.0,1,outdoors,grass,3.6,training,v1_prior_game,4,1,2020.0,9.0,2020-11-08,CHI,21.0,0,0,1,1,0,0,4.300000000000001,5.233333333333333,4.300000000000001,2.9631064780058107,1.5,8.4,4.300000000000001,,0.0,0.0,0.0,0.0,0.0,0.0,0.0,0.0,2.0,2.6667,2.25,2.0,2.0,2.3333,2.0,2.0,2.3333,2.0,2.0,2.6667,2.25,2.0,0.0,0.0,0.0,0.0,23.0,29.0,23.0,29.0,0.0,0.0,0.0425531914893617,0.065612968591692,0.057274242572801254,0.0425531914893617,0.078125,0.10546929488073649,0.08538337819572825,0.11851728723404255,0.17224795930405357,0.14567972859621167,1,3,4,16.0,29.333333333333332,29.25,0.21,0.36999999999999994,0.37999999999999995,,,,10.875,12.428571428571429,1.9625000000000001,10.875,42,10,1,36.0,38.06666666666667,35.3,33.88,16.0,20.0,18.7,0.0,1.7,149.1,1.0,2026-08-21 11:12:46
2020,14,2020_14_DAL_CIN,2020-12-13,00-0034764,M.Gallup,Michael Gallup,WR,DAL,CIN,AWAY,0,5,7,-3.0,44.0,0,outdoors,grass,4.300000000000001,training,v1_prior_game,41,12,2020.0,13.0,2020-12-08,DAL,5.0,0,0,1,1,1,0,21.6,12.200000000000001,11.260000000000002,6.591888955375387,4.9,21.6,9.866666666666665,7.386761294656978,0.0,0.0,0.0,0.0,0.0,0.0,0.0,0.0,11.0,8.0,8.6,6.5833,7.0,5.0,5.0,7.0,5.0,5.0,11.0,8.0,8.6,6.5833,0.0,0.0,0.0,0.0,86.0,52.0,86.0,52.0,1.0,0.3333,0.24444444444444444,0.21367629489071616,0.2292015095091096,0.16385680629207747,0.3068432671081678,0.27268724564558505,0.26090036472053746,0.5814569536423841,0.5113955142879837,0.5264325195680406,1,3,5,74.0,58.666666666666664,62.6,0.94,0.8533333333333334,0.8739999999999999,,,,6.5,10.4,1.5250000000000001,6.5,44,12,1,24.599999999999998,25.833333333333332,38.74,37.28,19.0,17.333333333333332,20.083333333333332,1.5833333333333333,4.75,165.75,1.1666666666666667,2026-08-21 11:12:46
2021,2,2021_02_MIN_ARI,2021-09-19,00-0034775,C.Kirk,Christian Kirk,WR,ARI,MIN,HOME,1,7,7,4.0,51.0,0,closed,grass,9.5,training,v1_prior_game,40,1,2021.0,1.0,2021-09-12,ARI,7.0,0,0,1,1,1,0,24.0,14.966666666666669,10.1,9.214119599831555,1.2,24.0,24.0,,0.0,0.0,0.0,0.0,0.0,0.0,0.0,0.0,5.0,6.3333,5.2,5.0,5.0,5.0,3.8,5.0,5.0,3.8,5.0,6.3333,5.2,5.0,0.0,0.0,0.0,0.0,70.0,59.6667,70.0,59.6667,2.0,0.6667,0.15625,0.1605831374853114,0.1380165491578535,0.15625,0.22900763358778625,0.1901731899757696,0.1776728494130359,0.39468034351145037,0.37399593921100577,0.3313958183259054,1,3,5,39.0,55.0,58.2,0.57,0.75,0.806,,,,9.421052631578947,11.933333333333334,2.3631578947368426,9.421052631578947,49,1,1,44.4,39.93333333333334,37.14,44.4,19.0,17.333333333333332,19.0,0.0,-2.0,196.0,2.0,2026-08-21 11:12:46
2021,2,2021_02_NE_NYJ,2021-09-19,00-0035645,G.Olszewski,Gunner Olszewski,WR,NE,NYJ,AWAY,0,7,7,-5.5,43.0,1,outdoors,fieldturf,0.0,training,v1_prior_game,22,1,2021.0,1.0,2021-09-12,NE,7.0,0,0,1,1,1,0,0.0,1.1333333333333335,0.68,1.520526224699857,0.0,3.4000000000000004,0.0,,0.0,0.0,0.0,0.0,0.0,0.0,0.0,0.0,0.0,0.6667,0.4,0.0,0.0,0.6667,0.4,0.0,0.6667,0.4,0.0,0.6667,0.4,0.0,0.0,0.0,0.0,0.0,0.0,4.6667,0.0,4.6667,0.0,0.0,0.0,0.022222222222222223,0.013333333333333332,0.0,0.0,0.011965811965811965,0.007179487179487179,0.0,0.04170940170940171,0.025025641025641025,1,3,5,11.0,8.0,5.0,0.15,0.11666666666666665,0.074,,,,7.0,7.0,1.7000000000000002,7.0,49,1,1,33.7,23.55333333333333,31.532000000000004,33.7,17.0,14.0,17.0,0.0,14.0,163.0,1.0,2026-08-21 11:12:46
2021,3,2021_03_IND_TEN,2021-09-26,00-0033251,Z.Pascal,Zach Pascal,WR,IND,TEN,AWAY,0,7,7,4.5,47.0,1,outdoors,grass,5.1,training,v1_prior_game,48,2,2021.0,2.0,2021-09-19,IND,7.0,0,0,1,1,1,0,14.8,13.733333333333334,16.3,7.018903048197773,6.1000000000000005,24.9,17.55,3.8890872965260113,0.0,0.0,0.0,0.0,0.0,0.0,0.0,0.0,6.0,5.0,5.4,5.5,5.0,3.6667,3.8,5.0,3.6667,3.8,6.0,5.0,5.4,5.5,0.0,0.0,0.0,0.0,38.0,40.6667,38.0,40.6667,1.0,1.0,0.17142857142857143,0.15604395604395604,0.17029980161826005,0.15714285714285714,0.09183673469387756,0.20171235237531215,0.22535379267178973,0.3214285714285714,0.37526458072865254,0.41319735729764273,1,3,5,61.0,62.0,58.8,0.91,0.8866666666666667,0.8779999999999999,,,,8.133333333333333,11.090909090909092,2.746666666666667,8.133333333333333,50,2,1,64.1,63.633333333333326,59.339999999999996,64.85,27.0,26.333333333333332,25.5,0.0,2.5,286.0,3.0,2026-08-21 11:12:46
2021,3,2021_03_TB_LA,2021-09-26,00-0036877,J.Darden,Jaelon Darden,WR,TB,LA,AWAY,0,7,7,-1.0,55.0,0,dome,matrixturf,1.0,training,v1_prior_game,0,0,,,,,,1,1,0,0,0,0,,,,,,,,,,,,,,,,,,,,,,,,,,,,,,,,,,,,,,,,,,,,,,,,,,,0,0,0,,,,,,,,,,,,,,50,2,1,37.1,28.866666666666664,26.96,33.7,21.0,21.333333333333332,23.0,0.0,-1.0,148.0,0.5,2026-08-21 11:12:46
2021,4,2021_04_BAL_DEN,2021-10-03,00-0035864,K.Hinton,Kendall Hinton,WR,DEN,BAL,HOME,1,7,7,1.0,44.0,0,outdoors,grass,2.3,training,v1_prior_game,2,1,2021.0,2.0,2021-09-19,DEN,14.0,0,0,1,0,0,0,2.5,-0.1399999999999999,-0.1399999999999999,3.733523804664971,-2.78,2.5,2.5,,0.0,4.5,4.5,0.0,0.0,1.0,1.0,0.0,1.0,0.5,0.5,1.0,1.0,0.5,0.5,1.0,1.5,1.5,1.0,0.5,0.5,1.0,0.0,6.5,0.0,3.5,15.0,7.5,15.0,11.0,0.0,0.0,0.029411764705882353,0.014705882352941176,0.014705882352941176,0.029411764705882353,0.02313624678663239,0.011568123393316195,0.011568123393316195,0.0603130198094662,0.0301565099047331,0.0301565099047331,1,2,2,5.0,14.5,14.5,0.07,0.31500000000000006,0.31500000000000006,0.1111111111111111,1.4444444444444444,3.5,15.0,15.0,-0.2799999999999998,35.0,51,3,1,17.7,35.43333333333333,29.139999999999997,35.43333333333333,14.0,18.0,18.0,0.0,5.0,169.33333333333334,1.0,2026-08-21 11:12:46
2021,9,2021_09_LAC_PHI,2021-11-07,00-0033536,M.Williams,Mike Williams,WR,LAC,PHI,AWAY,0,7,7,-1.0,49.5,0,outdoors,grass,7.800000000000001,training,v1_prior_game,52,7,2021.0,8.0,2021-10-31,LAC,7.0,0,0,1,1,1,0,3.9000000000000004,15.033333333333333,16.080000000000005,17.20005813943662,2.1,36.5,17.814285714285713,14.352749860964922,0.0,0.0,0.0,0.0,0.0,0.0,0.0,0.0,5.0,8.6667,7.8,8.7143,2.0,4.0,4.0,2.0,4.0,4.0,5.0,8.6667,7.8,8.7143,0.0,0.0,0.0,0.0,19.0,70.3333,19.0,70.3333,0.0,0.6667,0.14705882352941177,0.21873877756230697,0.20372446954490298,0.2184988447059866,0.17901234567901234,0.349837864666194,0.3268065179799877,0.3458968772694263,0.5729946716097962,0.5343512669033459,1,3,5,54.0,44.0,48.8,0.9,0.6766666666666666,0.722,,,,8.115384615384615,17.583333333333332,1.7346153846153847,8.115384615384615,56,8,1,7.6000000000000005,28.13333333333333,31.919999999999998,28.212500000000002,9.0,16.0,15.0,0.0,4.375,122.75,0.875,2026-08-21 11:12:46
2021,9,2021_09_LV_NYG,2021-11-07,00-0033932,K.Golladay,Kenny Golladay,WR,NYG,LV,HOME,1,6,14,-3.0,47.0,0,outdoors,fieldturf,4.800000000000001,training,v1_prior_game,41,5,2021.0,5.0,2021-10-10,NYG,28.0,0,0,1,1,1,0,0.0,9.333333333333334,9.040000000000001,6.397499511527922,0.0,17.6,9.040000000000001,6.397499511527922,0.0,0.0,0.0,0.0,0.0,0.0,0.0,0.0,3.0,5.0,5.8,5.8,0.0,3.3333,3.4,0.0,3.3333,3.4,3.0,5.0,5.8,5.8,0.0,0.0,0.0,0.0,0.0,60.0,0.0,60.0,0.0,0.0,0.08108108108108109,0.13946088946088947,0.16700986700986703,0.16700986700986703,0.10406091370558376,0.192849436221189,0.2430568680247009,0.19446426121553026,0.34418593954616644,0.4206546081320911,1,3,5,24.0,43.333333333333336,48.0,0.35,0.6533333333333333,0.73,,,,12.0,18.0,1.8666666666666667,12.0,55,7,1,27.3,29.366666666666664,27.54,31.128571428571426,15.0,17.333333333333332,20.0,0.0,3.5714285714285716,133.42857142857142,0.7142857142857143,2026-08-21 11:12:46
2021,11,2021_11_NE_ATL,2021-11-18,00-0034411,R.Gage,Russell Gage,WR,ATL,NE,HOME,1,4,4,-7.0,47.5,0,closed,fieldturf,9.9,training,v1_prior_game,44,5,2021.0,10.0,2021-11-14,ATL,4.0,0,0,1,1,1,0,0.0,10.033333333333333,7.58,7.615904411164835,0.0,16.7,7.58,7.615904411164835,0.0,0.0,0.0,0.0,0.0,0.0,0.0,0.0,3.0,5.6667,5.2,5.2,0.0,3.6667,3.2,0.0,3.6667,3.2,3.0,5.6667,5.2,5.2,0.0,0.0,0.0,0.0,0.0,43.6667,0.0,43.6667,0.0,0.3333,0.1111111111111111,0.1772079772079772,0.1476126651126651,0.1476126651126651,0.15079365079365079,0.205425519398304,0.1431147457712585,0.2722222222222222,0.4096098293907786,0.32159931970887856,1,3,5,35.0,41.0,42.0,0.65,0.6966666666666667,0.6599999999999999,,,,7.705882352941177,11.909090909090908,1.7705882352941178,7.705882352941177,58,10,1,9.2,18.46666666666667,30.48,31.27,12.0,14.666666666666666,19.1,0.0,3.5,142.2,1.0,2026-08-21 11:12:46
2021,12,2021_12_TB_IND,2021-11-28,00-0033251,Z.Pascal,Zach Pascal,WR,IND,TB,HOME,1,7,6,-3.0,53.0,0,closed,fieldturf,1.2000000000000002,training,v1_prior_game,57,11,2021.0,11.0,2021-11-21,IND,7.0,0,0,1,1,1,0,0.9,4.533333333333334,5.459999999999999,3.9386545926242382,0.9,9.8,7.60909090909091,6.023031553205503,0.0,0.0,0.0,0.0,1.0,0.3333,0.2,0.0909,1.0,3.3333,4.8,4.8182,0.0,2.0,2.8,1.0,2.3333,3.0,1.0,3.3333,4.8,4.8182,0.0,0.0,9.0,3.0,0.0,22.3333,9.0,25.3333,0.0,0.0,0.05,0.11732845698362938,0.14988425367735717,0.14804124679078579,0.02564102564102564,0.184507355511073,0.18146367908070585,0.09294871794871795,0.3051478343331952,0.3518509558725298,1,3,5,54.0,54.333333333333336,59.0,0.78,0.8366666666666666,0.858,,,9.0,6.7,11.166666666666666,1.36,7.6,58,10,1,20.5,29.100000000000005,23.380000000000003,34.85000000000001,22.0,19.666666666666668,21.6,4.5,6.0,154.7,0.9,2026-08-21 11:12:46
2021,14,2021_14_LA_ARI,2021-12-13,00-0036862,B.Skowronek,Ben Skowronek,WR,LA,ARI,AWAY,0,8,8,3.0,51.0,1,open,grass,0.0,training,v1_prior_game,7,7,2021.0,13.0,2021-12-05,LA,8.0,0,0,1,1,1,0,4.5,4.1000000000000005,2.46,2.703331278256514,0.0,6.0,1.7571428571428573,2.512539978359975,0.0,0.0,0.0,0.0,0.0,0.0,0.0,0.0,2.0,3.3333,2.0,1.4286,1.0,1.6667,1.0,1.0,1.6667,1.0,2.0,3.3333,2.0,1.4286,0.0,0.0,0.0,0.0,35.0,24.3333,35.0,24.3333,0.0,0.0,0.05405405405405406,0.08711232240644005,0.05226739344386403,0.03733385245990288,0.11048158640226628,0.10883180376235298,0.0652990822574118,0.15841819156266748,0.20685074624330715,0.1241104477459843,1,3,5,16.0,26.0,18.0,0.24,0.43333333333333335,0.298,,,,7.3,14.6,1.23,7.3,60,12,1,31.499999999999996,26.666666666666668,28.2,33.483333333333334,22.0,18.0,19.833333333333332,0.0,1.5833333333333333,137.41666666666666,1.25,2026-08-21 11:12:46
2021,17,2021_17_HOU_SF,2022-01-02,00-0029269,T.Benjamin,Travis Benjamin,WR,SF,HOU,HOME,1,10,7,14.0,44.0,0,outdoors,grass,0.0,training,v1_prior_game,20,3,2021.0,14.0,2021-12-12,SF,21.0,0,0,1,1,1,0,0.0,0.0,0.6599999999999999,1.0139033484509261,0.0,2.3,0.0,0.0,0.0,0.0,0.0,0.0,0.0,0.0,0.0,0.0,1.0,1.3333,2.0,1.3333,0.0,0.0,0.4,0.0,0.0,0.4,1.0,1.3333,2.0,1.3333,0.0,0.0,0.0,0.0,0.0,0.0,0.0,0.0,0.0,0.0,0.02702702702702703,0.044723294723294726,0.05457724805550892,0.044723294723294726,0.1440443213296399,0.1246431262669681,0.12630385075823972,0.14137156547128849,0.15433513047181976,0.1702785676140312,1,3,5,2.0,6.666666666666667,18.8,0.03,0.10333333333333335,0.28600000000000003,,,,0.0,,0.0,0.0,63,15,1,31.700000000000003,32.06666666666667,29.860000000000003,34.70666666666667,16.0,19.666666666666668,19.066666666666666,0.0,8.0,164.4,0.8666666666666667,2026-08-21 11:12:46
2021,17,2021_17_PHI_WAS,2022-01-02,00-0032009,A.Humphries,Adam Humphries,WR,WAS,PHI,HOME,1,7,7,-6.5,44.5,1,outdoors,grass,3.2,training,v1_prior_game,50,15,2021.0,16.0,2021-12-26,WAS,7.0,0,0,1,1,1,0,2.4,5.033333333333334,5.26,2.380756182392477,2.4,7.800000000000001,4.986666666666667,3.2268663850036727,0.0,0.0,0.0,0.0,0.0,0.0,0.0,0.0,6.0,6.3333,5.2,3.8667,2.0,3.0,3.0,2.0,3.0,3.0,6.0,6.3333,5.2,3.8667,0.0,0.0,0.0,0.0,4.0,20.3333,4.0,20.3333,0.0,0.0,0.2,0.20404040404040402,0.16752228163992872,0.12087164999826405,0.11934156378600823,0.12298257505744005,0.12199531799271224,0.3835390946502058,0.39214840860081407,0.3366801450547916,1,3,5,40.0,38.666666666666664,36.4,0.67,0.6366666666666667,0.5599999999999999,,,,3.210526315789474,6.777777777777778,0.7947368421052632,3.210526315789474,63,15,1,15.200000000000001,24.3,24.96,27.27333333333333,24.0,20.666666666666668,17.0,0.0,3.8666666666666667,122.2,0.6666666666666666,2026-08-21 11:12:46
2021,18,2021_18_WAS_NYG,2022-01-09,00-0034104,C.Sims,Cam Sims,WR,WAS,NYG,AWAY,0,7,7,-6.0,36.0,1,outdoors,fieldturf,0.0,training,v1_prior_game,27,11,2021.0,17.0,2022-01-02,WAS,7.0,0,0,1,1,1,0,8.8,3.7000000000000006,5.4,6.88730716608458,0.0,15.9,4.4363636363636365,5.025788043137659,0.0,0.0,0.0,0.0,0.0,0.0,0.0,0.0909,5.0,3.0,2.6,2.0,4.0,1.6667,1.6,4.0,1.6667,1.6,5.0,3.0,2.6,2.0,0.0,0.0,0.0,0.0,48.0,20.3333,48.0,20.3333,0.0,0.0,0.14705882352941177,0.0934640522875817,0.08032085561497326,0.06831742413293217,0.3314917127071823,0.17501785896127456,0.15443600273308658,0.4526324341891452,0.26270857970426476,0.22858648533562048,1,3,5,47.0,36.333333333333336,32.2,0.75,0.6066666666666667,0.51,,,,6.777777777777778,12.2,1.2333333333333334,6.777777777777778,64,16,1,30.7,27.36666666666667,36.0,35.5175,23.0,19.0,20.8125,1.375,2.0625,150.6875,1.125,2026-08-21 11:12:46
2022,6,2022_06_WAS_CHI,2022-10-13,00-0034279,E.St. Brown,Equanimeous St. Brown,WR,CHI,WAS,HOME,1,4,4,-1.0,38.5,0,outdoors,grass,0.1,training,v1_prior_game,36,5,2022.0,5.0,2022-10-09,CHI,4.0,0,0,1,1,1,0,4.4,4.2,5.459999999999999,3.0270447634615514,0.9,8.8,5.459999999999999,3.0270447634615514,0.0,0.0,0.0,0.0,0.0,0.6667,0.4,0.4,2.0,2.0,2.6,2.6,2.0,1.0,1.2,2.0,1.6667,1.6,2.0,2.0,2.6,2.6,0.0,0.0,0.0,14.3333,24.0,17.6667,24.0,32.0,0.0,0.0,0.09523809523809523,0.10674603174603174,0.1720690094219506,0.1720690094219506,0.09826589595375723,0.12174012805702084,0.20096979869932827,0.2116432700247729,0.24533713725896222,0.3987823732224557,1,3,5,31.0,48.0,43.4,0.62,0.81,0.78,,,21.5,8.833333333333334,17.666666666666668,2.1,16.0,70,5,1,18.599999999999998,38.333333333333336,41.480000000000004,41.480000000000004,13.0,18.666666666666668,20.6,0.0,14.8,190.0,1.4,2026-08-21 11:12:46
2022,15,2022_15_CIN_TB,2022-12-18,00-0033009,T.Boyd,Tyler Boyd,WR,CIN,TB,AWAY,0,7,7,-3.5,47.0,0,outdoors,grass,14.5,training,v1_prior_game,74,13,2022.0,14.0,2022-12-11,CIN,7.0,0,0,1,1,1,0,0.0,4.533333333333333,5.840000000000001,4.160288451537946,0.0,10.0,10.570769230769232,7.670882675783864,0.0,0.0,0.0,0.0769,0.0,0.0,0.0,0.0,1.0,3.3333,4.6,5.0769,0.0,2.0,2.6,0.0,2.0,2.6,1.0,3.3333,4.6,5.0769,0.0,0.0,0.0,0.0,0.0,25.3333,0.0,25.3333,0.0,0.0,0.03125,0.10121714456391877,0.1385681245761891,0.14052495060649084,0.022222222222222223,0.13632927918642204,0.169564344189521,0.06243055555555556,0.24725621227637354,0.32654722779694834,1,3,5,2.0,39.0,44.0,0.03,0.55,0.626,,,,7.6,12.666666666666666,1.3599999999999999,7.6,78,13,1,34.4,32.63333333333333,33.92,32.892307692307696,12.0,16.666666666666668,19.23076923076923,0.0,7.846153846153846,142.6153846153846,1.0,2026-08-21 11:12:46
2022,15,2022_15_DAL_JAX,2022-12-18,00-0036358,C.Lamb,CeeDee Lamb,WR,DAL,JAX,AWAY,0,7,7,-4.0,48.5,0,outdoors,grass,19.700000000000003,training,v1_prior_game,45,13,2022.0,14.0,2022-12-11,DAL,7.0,0,0,1,1,1,0,8.3,15.466666666666669,18.779999999999998,11.928411461716099,8.3,38.0,16.20769230769231,8.6072122411442,0.0,0.0,0.0,0.0,0.0,1.3333,0.8,0.6923,6.0,8.0,8.8,9.0,5.0,5.3333,6.4,5.0,6.6667,7.2,6.0,8.0,8.8,9.0,0.0,0.0,0.0,11.3333,33.0,70.0,33.0,81.3333,0.0,0.3333,0.15384615384615385,0.25549661066902446,0.25481311791656613,0.2997090989515134,0.0764525993883792,0.2699213246680339,0.28774282707355747,0.2842860503410962,0.5721898432711604,0.5836396558263395,1,3,5,68.0,59.0,59.8,0.96,0.8266666666666667,0.806,,,8.5,8.75,13.125,1.9333333333333336,10.166666666666666,78,13,1,24.900000000000002,33.6,37.96,34.96153846153846,20.0,19.0,19.615384615384617,0.0,4.538461538461538,153.53846153846155,1.2307692307692308,2026-08-21 11:12:46
2023,1,2023_01_ARI_WAS,2023-09-10,00-0036626,D.Brown,Dyami Brown,WR,WAS,ARI,HOME,1,7,7,7.0,38.0,0,outdoors,,0.0,training,v1_prior_game,19,0,2022.0,18.0,2023-01-08,WAS,245.0,0,1,1,1,1,0,0.0,1.4000000000000001,1.34,1.304990421420786,0.0,2.7,,,0.0,0.0,0.0,,0.0,0.3333,0.2,,0.0,1.0,1.0,,0.0,0.3333,0.4,0.0,0.6667,0.6,0.0,1.0,1.0,,0.0,0.0,0.0,5.0,0.0,5.6667,0.0,10.6667,0.0,0.0,0.0,0.03984287317620651,0.0395980315980316,,0.0,0.13463337662156313,0.09671170299157142,0.0,0.15400767339940394,0.12709523949114737,1,3,5,8.0,10.666666666666666,13.6,0.12,0.17,0.202,,,15.0,5.666666666666667,17.0,1.4000000000000001,10.666666666666666,82,0,1,16.3,20.96666666666667,22.9,,10.0,16.0,,,,,,2026-08-21 11:12:46
2023,8,2023_08_BAL_ARI,2023-10-29,00-0036936,R.Moore,Rondale Moore,WR,ARI,BAL,HOME,1,7,7,-9.5,44.5,0,closed,grass,4.1,training,v1_prior_game,29,7,2023.0,7.0,2023-10-22,ARI,7.0,0,0,1,1,1,0,4.6,7.266666666666668,7.6,6.138403701289123,0.0,16.2,6.842857142857143,5.381405374948425,0.0,0.0,0.0,0.0,4.0,3.3333,2.6,2.1429,4.0,5.3333,4.8,4.0,2.0,3.0,2.6,6.0,6.3333,5.2,4.0,5.3333,4.8,4.0,0.0,0.0,24.0,23.3333,2.0,19.3333,26.0,42.6667,0.0,0.0,0.12121212121212122,0.1573631047315258,0.16131681754274824,0.13443812090491866,0.01694915254237288,0.02138945508484778,0.03268100129518348,0.19368258859784285,0.25101727565668214,0.26485192722075074,1,3,5,44.0,44.0,43.8,0.67,0.6666666666666666,0.66,,,7.0,3.625,6.444444444444445,1.3625000000000003,8.0,89,7,1,33.5,26.566666666666666,25.5,31.514285714285712,31.0,21.333333333333332,24.428571428571427,0.0,-0.7142857142857143,140.14285714285714,0.42857142857142855,2026-08-21 11:12:46
2023,9,2023_09_TEN_PIT,2023-11-02,00-0035703,M.Boykin,Miles Boykin,WR,PIT,TEN,HOME,1,4,4,3.5,37.0,0,outdoors,grass,1.6,training,v1_prior_game,40,3,2023.0,8.0,2023-10-29,PIT,4.0,0,0,1,1,1,0,0.0,0.5,0.3,0.6708203932499369,0.0,1.5,0.5,0.8660254037844386,0.0,0.0,0.0,0.0,0.0,0.0,0.0,0.0,0.0,0.6667,0.4,0.6667,0.0,0.3333,0.2,0.0,0.3333,0.2,0.0,0.6667,0.4,0.6667,0.0,0.0,0.0,0.0,0.0,1.6667,0.0,1.6667,0.0,0.0,0.0,0.02224694104560623,0.013348164627363737,0.02224694104560623,0.0,0.012123522683949678,0.007274113610369806,0.0,0.04185687744717412,0.025114126468304472,1,3,5,5.0,7.0,8.4,0.07,0.10666666666666667,0.12200000000000003,,,,2.5,5.0,0.75,2.5,89,7,1,40.5,33.6,34.54,39.814285714285724,20.0,17.666666666666668,21.428571428571427,0.0,4.142857142857143,188.28571428571428,0.8571428571428571,2026-08-21 11:12:46
2023,12,2023_12_NO_ATL,2023-11-26,00-0034854,K.Hodge,KhaDarel Hodge,WR,ATL,NO,HOME,1,14,14,-2.0,42.0,1,closed,fieldturf,0.0,training,v1_prior_game,57,7,2023.0,9.0,2023-11-05,ATL,21.0,0,0,1,1,1,0,9.0,7.466666666666666,4.9,4.583121207212395,0.0,10.5,4.414285714285714,3.854187580380838,0.0,0.0,0.0,0.0,0.0,0.0,0.2,0.1429,6.0,3.3333,2.4,2.1429,3.0,2.3333,1.6,3.0,2.3333,1.8,6.0,3.3333,2.4,2.1429,0.0,0.0,0.0,0.0,60.0,51.3333,60.0,51.3333,0.0,0.0,0.17647058823529413,0.10361931333798342,0.07198020044298144,0.06469763690789401,0.3452685421994885,0.17975008791491032,0.12239348791820567,0.5063938618925832,0.28125403154741235,0.19364574220721614,1,3,5,46.0,29.0,30.6,0.67,0.4266666666666667,0.422,,,,15.4,22.0,2.2399999999999998,15.4,92,10,1,21.0,26.133333333333336,27.380000000000003,30.290000000000003,13.0,18.333333333333332,20.0,0.0,3.6,139.3,0.7,2026-08-21 11:12:46
2023,12,2023_12_CAR_TEN,2023-11-26,00-0036268,L.Shenault,Laviska Shenault Jr.,WR,CAR,TEN,AWAY,0,7,7,3.5,36.0,0,outdoors,grass,1.8,training,v1_prior_game,50,7,2023.0,11.0,2023-11-19,CAR,7.0,0,0,1,1,1,0,2.9,3.4333333333333336,2.98,1.0825894882179488,1.7000000000000002,4.7,2.814285714285714,1.3508374827350274,0.0,0.0,0.0,0.0,0.0,2.0,1.8,1.7143,2.0,1.6667,1.4,1.2857,2.0,1.6667,1.4,2.0,3.6667,3.2,2.0,1.6667,1.4,1.2857,0.0,0.0,0.0,9.6667,9.0,8.0,9.0,17.6667,0.0,0.0,0.07692307692307693,0.054212454212454214,0.04248785736052289,0.03956505940498179,-0.023923444976076555,-0.01644009012430065,-0.018757917557506873,0.0986382039013618,0.06981061823167085,0.050601243750529525,1,3,5,3.0,10.333333333333334,11.0,0.05,0.15,0.15400000000000003,,,4.833333333333333,4.8,4.8,2.06,10.6,92,10,1,44.900000000000006,38.43333333333334,37.56,39.4,19.0,19.666666666666668,20.9,0.0,6.3,181.7,1.0,2026-08-21 11:12:46
2023,18,2023_18_ATL_NO,2024-01-07,00-0037545,R.Shaheed,Rashid Shaheed,WR,NO,ATL,HOME,1,7,7,3.5,41.5,1,dome,sportturf,15.5,training,v1_prior_game,26,14,2023.0,17.0,2023-12-31,NO,7.0,0,0,1,1,1,0,3.4000000000000004,9.466666666666667,7.739999999999999,6.271204031125123,2.9,18.4,10.15,7.150121031788956,0.0,0.0,0.0,0.0,0.0,0.3333,0.2,0.5,3.0,5.3333,6.0,5.0714,2.0,3.3333,3.4,2.0,3.6667,3.6,3.0,5.3333,6.0,5.0714,0.0,0.0,0.0,1.3333,14.0,40.0,14.0,41.3333,0.0,0.3333,0.08823529411764706,0.15203081232493,0.163245514421985,0.1369502373697407,0.08588957055214724,0.2632830968802999,0.20897088804603764,0.19247564056297367,0.41234438630360487,0.39114789326520394,1,3,5,38.0,41.0,37.6,0.54,0.6466666666666666,0.578,,,4.0,7.5,12.0,1.775,7.75,98,16,1,36.7,25.96666666666667,22.94,27.768749999999997,19.0,18.333333333333332,17.8125,0.0,5.125,123.8125,0.75,2026-08-21 11:12:46
2024,1,2024_01_ARI_BUF,2024-09-08,00-0035228,K.Murray,Kyler Murray,QB,ARI,BUF,AWAY,0,7,7,6.5,46.0,0,outdoors,a_turf,14.18,validation,v1_prior_game,65,0,2023.0,18.0,2024-01-07,ARI,245.0,0,1,1,1,1,0,17.78,20.62,17.4,4.909847248133082,11.8,23.68,,,30.0,33.0,32.2,,5.0,5.0,6.0,,0.0,0.0,0.0,,0.0,0.0,0.0,5.0,5.0,6.0,35.0,38.0,38.2,,262.0,241.3333,33.0,29.6667,0.0,0.0,33.0,29.6667,1.0,2.0,0.0,0.0,0.0,,0.0,0.0,0.0,0.0,0.0,0.0,1,3,5,68.0,68.0,68.8,0.97,0.9866666666666667,0.986,0.7171717171717171,7.313131313131313,5.933333333333334,,,0.5426315789473685,7.131578947368421,98,0,1,7.62,12.26,11.296,,28.0,33.0,,,,,,2026-08-21 11:12:46
2024,1,2024_01_HOU_IND,2024-09-08,00-0039163,C.Stroud,C.J. Stroud,QB,HOU,IND,AWAY,0,7,7,-3.0,49.0,1,closed,fieldturf,18.66,validation,v1_prior_game,15,0,2023.0,18.0,2024-01-06,HOU,246.0,0,1,1,1,1,0,20.560000000000002,12.373333333333335,16.808,10.007603109636193,3.64,30.86,,,26.0,27.0,28.8,,3.0,1.3333,3.2,,0.0,0.0,0.0,,0.0,0.0,0.0,3.0,1.3333,3.2,29.0,28.3333,32.0,,264.0,189.3333,20.0,8.0,0.0,0.0,20.0,8.0,2.0,1.0,0.0,0.0,0.0,,0.0,0.0,0.0,0.0,0.0,0.0,1,3,5,56.0,54.0,57.6,1.0,0.9366666666666666,0.9560000000000001,0.6666666666666666,7.012345679012346,6.0,,,0.4367058823529412,6.964705882352941,99,0,1,20.560000000000002,18.326666666666668,18.324,,29.0,37.666666666666664,,,,,,2026-08-21 11:12:46
2024,2,2024_02_NO_DAL,2024-09-15,00-0033077,D.Prescott,Dak Prescott,QB,DAL,NO,HOME,1,7,7,6.5,47.0,0,closed,matrixturf,12.920000000000002,validation,v1_prior_game,83,1,2024.0,1.0,2024-09-08,DAL,7.0,0,0,1,1,1,0,11.46,18.973333333333333,16.32,7.552535997928113,6.0600000000000005,25.16,11.46,,32.0,35.3333,34.4,32.0,1.0,1.0,2.4,1.0,0.0,0.0,0.0,0.0,0.0,0.0,0.0,1.0,1.0,2.4,33.0,36.3333,36.8,33.0,179.0,267.6667,3.0,2.6667,0.0,0.0,3.0,2.6667,1.0,2.3333,0.0,0.0,0.0,0.0,0.0,0.0,0.0,0.0,0.0,0.0,1,3,5,62.0,64.0,63.0,0.98,0.96,0.976,0.7169811320754716,7.5754716981132075,2.6666666666666665,,,0.5222018348623854,7.440366972477064,99,1,1,9.64,13.74,14.628,9.64,35.0,35.333333333333336,35.0,161.0,12.0,0.0,1.0,2026-08-21 11:12:46
2024,2,2024_02_SF_MIN,2024-09-15,00-0034869,S.Darnold,Sam Darnold,QB,MIN,SF,HOME,1,7,6,-4.5,46.5,0,dome,sportturf,19.919999999999998,validation,v1_prior_game,67,1,2024.0,1.0,2024-09-08,MIN,7.0,0,0,1,1,1,0,14.620000000000001,10.626666666666667,7.724000000000001,8.037330402565269,-0.2,17.46,14.620000000000001,,24.0,16.6667,13.4,24.0,3.0,4.0,3.0,3.0,0.0,0.0,0.0,0.0,0.0,0.0,0.0,3.0,4.0,3.0,27.0,20.6667,16.4,27.0,208.0,132.3333,3.0,6.6667,0.0,0.0,3.0,6.6667,2.0,1.3333,0.0,0.0,0.0,0.0,0.0,0.0,0.0,0.0,0.0,0.0,1,3,5,55.0,40.333333333333336,30.0,1.0,0.6900000000000001,0.504,0.7,7.94,1.6666666666666667,,,0.5141935483870969,6.725806451612903,100,1,1,14.719999999999999,15.833333333333334,16.684,14.719999999999999,31.0,33.666666666666664,31.0,203.0,6.0,0.0,2.0,2026-08-21 11:12:46
2024,2,2024_02_CIN_KC,2024-09-15,00-0036442,J.Burrow,Joe Burrow,QB,CIN,KC,AWAY,0,7,10,6.5,47.5,0,outdoors,grass,17.22,validation,v1_prior_game,53,1,2024.0,1.0,2024-09-08,CIN,7.0,0,0,1,1,1,0,8.06,12.226666666666667,17.323999999999998,8.616953057780924,8.06,27.62,8.06,,29.0,28.6667,32.4,29.0,4.0,3.3333,4.2,4.0,0.0,0.0,0.0,0.0,0.0,0.0,0.0,4.0,3.3333,4.2,33.0,32.0,36.6,33.0,164.0,204.0,15.0,14.0,0.0,0.0,15.0,14.0,0.0,1.0,0.0,0.0,0.0,0.0,0.0,0.0,0.0,0.0,0.0,0.0,1,3,5,51.0,47.333333333333336,55.0,1.0,0.8133333333333334,0.8879999999999999,0.686046511627907,7.116279069767442,4.2,,,0.38208333333333333,6.8125,100,1,1,25.12,20.74,14.74,25.12,57.0,52.333333333333336,57.0,273.0,122.0,0.0,1.0,2026-08-21 11:12:46
2024,3,2024_03_BAL_DAL,2024-09-22,00-0033077,D.Prescott,Dak Prescott,QB,DAL,BAL,HOME,1,7,7,-1.5,47.5,0,closed,matrixturf,29.86,validation,v1_prior_game,84,2,2024.0,2.0,2024-09-15,DAL,7.0,0,0,1,1,1,0,12.920000000000002,16.513333333333335,17.692,5.591146572931171,11.46,25.16,12.190000000000001,1.03237590053236,39.0,35.6667,35.4,35.5,2.0,1.0,2.0,1.5,0.0,0.0,0.0,0.0,0.0,0.0,0.0,2.0,1.0,2.0,41.0,36.6667,37.4,37.0,293.0,250.3333,12.0,5.0,0.0,0.0,12.0,5.0,1.0,2.0,0.0,0.0,0.0,0.0,0.0,0.0,0.0,0.0,0.0,0.0,1,3,5,67.0,64.66666666666667,65.0,0.96,0.9466666666666667,0.968,0.719626168224299,7.018691588785047,5.0,,,0.4503636363636364,6.963636363636364,101,2,1,12.940000000000001,12.020000000000001,11.496,14.040000000000001,39.0,30.333333333333332,34.5,283.5,1.0,1.0,1.0,2026-08-21 11:12:46
2024,3,2024_03_JAX_BUF,2024-09-23,00-0036971,T.Lawrence,Trevor Lawrence,QB,JAX,BUF,AWAY,0,8,11,4.0,46.5,0,outdoors,a_turf,9.420000000000002,validation,v1_prior_game,52,2,2024.0,2.0,2024-09-15,JAX,8.0,0,0,1,1,1,0,13.3,13.593333333333334,12.956,2.712467511326173,9.34,16.200000000000003,12.290000000000001,1.4283556979968257,30.0,31.3333,33.2,25.5,2.0,2.0,2.8,1.5,0.0,0.0,0.0,0.0,0.0,0.0,0.0,2.0,2.0,2.8,32.0,33.3333,36.0,27.0,220.0,220.6667,45.0,21.0,0.0,0.0,45.0,21.0,0.0,1.0,0.0,0.0,0.0,0.0,0.0,0.0,0.0,0.0,0.0,0.0,1,3,5,60.0,61.333333333333336,58.2,1.0,1.0,0.9359999999999999,0.5851063829787234,7.042553191489362,10.5,,,0.4078,7.25,100,2,1,9.100000000000001,10.3,12.012,11.64,42.0,35.333333333333336,39.0,193.5,39.0,0.0,1.0,2026-08-21 11:12:46
2024,3,2024_03_JAX_BUF,2024-09-23,00-0036972,M.Jones,Mac Jones,QB,JAX,BUF,AWAY,0,8,11,4.0,46.5,0,outdoors,a_turf,-1.12,validation,v1_prior_game,42,0,2023.0,12.0,2023-11-26,NE,302.0,0,1,1,1,1,1,-0.43999999999999995,5.986666666666667,10.036000000000001,7.4515958022426325,-0.43999999999999995,19.980000000000004,,,21.0,28.3333,28.8,,0.0,2.0,2.0,,0.0,0.0,0.0,,0.0,0.0,0.0,0.0,2.0,2.0,21.0,30.3333,30.8,,89.0,159.6667,0.0,9.3333,0.0,0.0,0.0,9.3333,0.0,0.3333,0.0,0.0,0.0,,0.0,0.0,0.0,0.0,0.0,0.0,1,3,5,35.0,53.333333333333336,54.6,0.51,0.8000000000000002,0.8800000000000001,0.6,5.635294117647059,4.666666666666667,,,0.19736263736263737,5.571428571428571,100,2,1,9.100000000000001,10.3,12.012,11.64,42.0,35.333333333333336,39.0,193.5,39.0,0.0,1.0,2026-08-21 11:12:46
2024,3,2024_03_HOU_MIN,2024-09-22,00-0039163,C.Stroud,C.J. Stroud,QB,HOU,MIN,AWAY,0,7,7,-2.0,46.0,0,dome,sportturf,9.8,validation,v1_prior_game,17,2,2024.0,2.0,2024-09-15,HOU,7.0,0,0,1,1,1,0,14.3,17.84,14.016,6.582817026167445,3.64,20.560000000000002,16.48,3.0829855659733467,36.0,31.3333,29.8,34.0,1.0,2.6667,1.8,2.5,0.0,0.0,0.0,0.0,0.0,0.0,0.0,1.0,2.6667,1.8,37.0,34.0,31.6,36.5,260.0,252.6667,-1.0,10.6667,0.0,0.0,-1.0,10.6667,1.0,1.6667,0.0,0.0,0.0,0.0,0.0,0.0,0.0,0.0,0.0,0.0,1,3,5,62.0,65.66666666666667,60.6,1.0,1.0,0.9620000000000001,0.7127659574468085,8.063829787234043,4.0,,,0.5247058823529411,7.745098039215686,101,2,1,13.959999999999997,13.233333333333334,16.74,9.45,38.0,39.333333333333336,43.0,252.5,13.5,0.0,0.5,2026-08-21 11:12:46
2024,4,2024_04_CLE_LV,2024-09-29,00-0035289,G.Minshew,Gardner Minshew,QB,LV,CLE,HOME,1,7,7,-2.5,36.5,0,dome,grass,5.0,validation,v1_prior_game,50,3,2024.0,3.0,2024-09-22,LV,7.0,0,0,1,1,1,0,13.96,12.56,11.895999999999999,2.220288269572221,8.54,13.96,12.56,1.6236994795835848,28.0,33.0,29.2,33.0,3.0,2.3333,2.0,2.3333,0.0,0.0,0.0,0.0,0.0,0.0,0.0,3.0,2.3333,2.0,31.0,35.3333,31.2,35.3333,214.0,249.0,14.0,6.0,0.0,0.0,14.0,6.0,1.0,1.0,0.0,0.0,0.0,0.0,0.0,0.0,0.0,0.0,0.0,0.0,1,3,5,51.0,58.0,59.2,0.8,0.9333333333333332,0.96,0.7373737373737373,7.545454545454546,2.5714285714285716,,,0.35547169811320756,7.216981132075472,102,3,1,19.439999999999998,14.700000000000001,15.336000000000002,14.700000000000001,42.0,36.0,36.0,211.66666666666666,22.333333333333332,0.0,1.0,2026-08-21 11:12:46
2024,5,2024_05_NYJ_MIN,2024-10-06,00-0023459,A.Rodgers,Aaron Rodgers,QB,NYJ,MIN,AWAY,0,7,7,2.5,42.0,0,outdoors,grass,11.759999999999998,validation,v1_prior_game,86,4,2024.0,4.0,2024-09-29,NYJ,7.0,0,0,1,1,1,0,11.6,15.926666666666668,11.272000000000002,7.822846029419217,0.0,21.040000000000003,14.090000000000002,5.3530427484437935,42.0,35.6667,25.8,32.0,5.0,3.3333,2.2,2.75,0.0,0.0,0.0,0.0,0.0,0.0,0.0,5.0,3.3333,2.2,47.0,39.0,28.0,34.75,225.0,227.3333,26.0,15.0,0.0,0.0,26.0,15.0,0.0,1.3333,0.0,0.0,0.0,0.0,0.0,0.0,0.0,0.0,0.0,0.0,1,3,5,74.0,68.0,49.2,1.0,1.0,0.764,0.6448598130841121,6.373831775700935,4.5,,,0.4083760683760684,6.213675213675214,103,4,1,28.160000000000004,18.36,16.164,15.005,55.0,46.333333333333336,46.75,297.0,11.25,0.0,1.5,2026-08-21 11:12:46
2024,5,2024_05_NYJ_MIN,2024-10-06,00-0034869,S.Darnold,Sam Darnold,QB,MIN,NYJ,HOME,1,7,7,2.5,42.0,0,outdoors,grass,4.26,validation,v1_prior_game,70,4,2024.0,4.0,2024-09-29,MIN,7.0,0,0,1,1,1,0,20.5,21.22,19.148000000000003,3.26038648015845,14.620000000000001,23.240000000000002,19.57,3.6036463015488445,28.0,27.3333,26.4,26.5,7.0,4.0,4.4,3.75,0.0,0.0,0.0,0.0,0.0,0.0,0.0,7.0,4.0,4.4,35.0,31.3333,30.8,30.25,275.0,241.3333,15.0,15.6667,0.0,0.0,15.0,15.6667,3.0,3.0,0.0,0.0,0.0,0.0,0.0,0.0,0.0,0.0,0.0,0.0,1,3,5,68.0,61.0,59.8,1.0,0.9899999999999999,0.994,0.6585365853658537,8.829268292682928,3.9166666666666665,,,0.6772340425531914,8.202127659574469,102,4,1,6.7,8.06,7.048,8.605,30.0,30.0,30.25,150.75,15.75,0.0,0.5,2026-08-21 11:12:46
2024,5,2024_05_LV_DEN,2024-10-06,00-0038579,A.O'Connell,Aidan O'Connell,QB,LV,DEN,AWAY,0,7,7,3.0,36.0,1,outdoors,grass,1.7600000000000002,validation,v1_prior_game,12,1,2024.0,3.0,2024-09-22,LV,14.0,0,0,1,1,1,0,7.28,15.133333333333335,14.680000000000001,9.760973312124158,2.08,25.92,7.28,,12.0,30.0,29.0,12.0,0.0,2.0,2.0,0.0,0.0,0.0,0.0,0.0,0.0,0.0,0.0,0.0,2.0,2.0,12.0,32.0,31.0,12.0,82.0,208.3333,0.0,1.3333,0.0,0.0,0.0,1.3333,1.0,1.6667,0.0,0.0,0.0,0.0,0.0,0.0,0.0,0.0,0.0,0.0,1,3,5,13.0,50.333333333333336,54.0,0.2,0.7166666666666667,0.8300000000000001,0.6555555555555556,6.944444444444445,0.6666666666666666,,,0.4729166666666667,6.552083333333333,102,4,1,11.6,10.5,13.439999999999998,12.334999999999999,47.0,36.0,34.25,169.0,20.75,0.0,1.0,2026-08-21 11:12:46
2024,6,2024_06_DET_DAL,2024-10-13,00-0033662,C.Rush,Cooper Rush,QB,DAL,DET,HOME,1,7,13,-3.5,52.5,0,closed,matrixturf,0.04000000000000009,validation,v1_prior_game,21,2,2024.0,2.0,2024-09-15,DAL,28.0,0,0,1,1,1,0,0.24,0.4466666666666666,0.5719999999999998,0.602096337806501,-0.1,1.2200000000000002,0.06999999999999999,0.24041630560342614,3.0,2.3333,3.8,1.5,0.0,0.3333,1.2,0.5,0.0,0.0,0.0,0.0,0.0,0.0,0.0,0.0,0.3333,1.2,3.0,2.6667,5.0,2.0,6.0,12.0,0.0,-0.3333,0.0,0.0,0.0,-0.3333,0.0,0.0,0.0,0.0,0.0,0.0,0.0,0.0,0.0,0.0,0.0,0.0,1,3,5,3.0,3.6666666666666665,8.0,0.04,0.05333333333333334,0.10800000000000001,0.5714285714285714,5.142857142857143,-1.0,,,0.16749999999999998,4.375,103,4,1,21.6,18.393333333333334,18.1,17.465000000000003,61.0,41.333333333333336,43.25,276.0,29.25,0.0,1.25,2026-08-21 11:12:46
2024,6,2024_06_HOU_NE,2024-10-13,00-0039163,C.Stroud,C.J. Stroud,QB,HOU,NE,AWAY,0,7,7,-6.5,38.5,0,outdoors,fieldturf,18.38,validation,v1_prior_game,20,5,2024.0,5.0,2024-10-06,HOU,7.0,0,0,1,1,1,0,15.940000000000001,16.41333333333333,16.44,5.091443803087685,9.8,23.5,16.44,5.091443803087685,38.0,36.3333,35.4,35.4,3.0,3.0,2.8,2.8,0.0,0.0,0.0,0.0,0.0,0.0,0.0,3.0,3.0,2.8,41.0,39.3333,38.2,38.2,331.0,297.0,27.0,18.6667,0.0,0.0,27.0,18.6667,1.0,1.3333,0.0,0.0,0.0,0.0,0.0,0.0,0.0,0.0,0.0,0.0,1,3,5,68.0,65.66666666666667,67.6,1.0,0.9366666666666666,0.9620000000000001,0.6880733944954128,8.174311926605505,6.222222222222222,,,0.4172881355932203,8.025423728813559,104,5,1,6.46,14.040000000000001,13.612,13.612,34.0,34.666666666666664,37.2,250.8,11.8,0.0,0.8,2026-08-21 11:12:46
2024,6,2024_06_WAS_BAL,2024-10-13,00-0039910,J.Daniels,Jayden Daniels,QB,WAS,BAL,AWAY,0,7,7,6.5,51.5,0,outdoors,grass,20.959999999999997,validation,v1_prior_game,5,5,2024.0,5.0,2024-10-06,WAS,7.0,0,0,1,1,1,0,19.72,23.933333333333334,22.68,6.2231342585549285,13.440000000000001,28.16,22.68,6.2231342585549285,25.0,26.0,26.2,26.2,11.0,10.3333,11.4,11.4,0.0,0.0,0.0,0.0,0.0,0.0,0.0,11.0,10.3333,11.4,36.0,36.3333,37.6,37.6,238.0,241.6667,82.0,56.0,0.0,0.0,82.0,56.0,1.0,2.0,0.0,0.0,0.0,0.0,0.0,0.0,0.0,0.0,0.0,0.0,1,3,5,58.0,63.0,63.8,0.87,0.9566666666666667,0.9720000000000001,0.782051282051282,9.294871794871796,5.419354838709677,,,0.6587155963302752,8.192660550458715,104,5,1,33.78,23.673333333333336,19.82,19.82,41.0,43.333333333333336,39.8,304.0,6.2,0.4,2.0,2026-08-21 11:12:46
2024,7,2024_07_CAR_WAS,2024-10-20,00-0032268,M.Mariota,Marcus Mariota,QB,WAS,CAR,HOME,1,7,7,10.0,51.0,0,outdoors,grass,19.6,validation,v1_prior_game,45,1,2024.0,5.0,2024-10-06,WAS,14.0,0,0,1,1,1,0,0.12000000000000001,3.9599999999999995,7.223999999999999,6.146859360681682,0.12000000000000001,13.860000000000001,0.12000000000000001,,3.0,8.6667,15.0,3.0,2.0,3.3333,3.8,2.0,0.0,0.0,0.0,0.0,0.0,0.0,0.0,2.0,3.3333,3.8,5.0,12.0,18.8,5.0,-2.0,54.0,2.0,18.0,0.0,0.0,2.0,18.0,0.0,0.3333,0.0,0.0,0.0,0.0,0.0,0.0,0.0,0.0,0.0,0.0,1,3,5,9.0,17.0,32.4,0.13,0.25666666666666665,0.5539999999999999,0.6153846153846154,6.230769230769231,5.4,,,0.32999999999999996,6.0,104,6,1,12.5,17.313333333333336,16.836000000000002,17.58,34.0,34.333333333333336,33.0,231.16666666666666,13.333333333333334,0.0,2.0,2026-08-21 11:12:46
2024,7,2024_07_CIN_CLE,2024-10-20,00-0036442,J.Burrow,Joe Burrow,QB,CIN,CLE,AWAY,0,7,7,-5.5,42.0,1,outdoors,grass,14.94,validation,v1_prior_game,58,6,2024.0,6.0,2024-10-13,CIN,7.0,0,0,1,1,1,0,19.82,23.293333333333333,22.492,7.231301404311675,16.28,33.78,20.08666666666667,8.74912262267861,28.0,32.6667,34.4,33.5,4.0,2.3333,2.8,3.0,0.0,0.0,0.0,0.0,0.0,0.0,0.0,4.0,2.3333,2.8,32.0,35.0,37.2,36.5,208.0,277.3333,55.0,22.0,0.0,0.0,55.0,22.0,1.0,2.6667,0.0,0.0,0.0,0.0,0.0,0.0,0.0,0.0,0.0,0.0,1,3,5,53.0,62.333333333333336,62.6,1.0,1.0,1.0,0.7244897959183674,8.489795918367347,9.428571428571429,,,0.6655238095238095,8.552380952380952,105,6,1,21.860000000000003,15.566666666666668,15.888,15.133333333333333,39.0,35.333333333333336,35.666666666666664,210.83333333333334,30.333333333333332,0.0,1.0,2026-08-21 11:12:46
2024,7,2024_07_PHI_NYG,2024-10-20,00-0038102,K.Pickett,Kenny Pickett,QB,PHI,NYG,AWAY,0,7,7,-3.0,42.0,1,outdoors,fieldturf,0.0,validation,v1_prior_game,25,0,2023.0,13.0,2023-12-03,PIT,322.0,0,1,1,1,1,1,3.1000000000000005,6.620000000000001,7.360000000000001,3.549140741080861,3.1000000000000005,11.620000000000001,,,10.0,23.6667,24.8,,3.0,4.0,3.4,,0.0,0.0,0.0,,0.0,0.0,0.0,3.0,4.0,3.4,13.0,27.6667,28.2,,70.0,151.3333,3.0,5.6667,0.0,0.0,3.0,5.6667,0.0,0.0,0.0,0.0,0.0,,0.0,0.0,0.0,0.0,0.0,0.0,1,3,5,30.0,53.0,57.8,0.49,0.8300000000000001,0.898,0.647887323943662,6.394366197183099,1.4166666666666667,,,0.23927710843373498,5.674698795180723,105,6,1,19.82,19.706666666666667,17.82,17.286666666666665,32.0,35.0,35.666666666666664,223.83333333333334,33.333333333333336,0.0,1.3333333333333333,2026-08-21 11:12:46
2024,7,2024_07_DEN_NO,2024-10-17,00-0039376,S.Rattler,Spencer Rattler,QB,NO,DEN,HOME,1,4,4,-2.5,37.0,0,dome,sportturf,6.280000000000001,validation,v1_prior_game,1,1,2024.0,6.0,2024-10-13,NO,4.0,0,0,1,0,0,0,12.420000000000002,12.420000000000002,12.420000000000002,,12.420000000000002,12.420000000000002,12.420000000000002,,40.0,40.0,40.0,40.0,4.0,4.0,4.0,4.0,0.0,0.0,0.0,0.0,0.0,0.0,0.0,4.0,4.0,4.0,44.0,44.0,44.0,44.0,243.0,243.0,27.0,27.0,0.0,0.0,27.0,27.0,1.0,1.0,0.0,0.0,0.0,0.0,0.0,0.0,0.0,0.0,0.0,0.0,1,1,1,70.0,70.0,70.0,1.0,1.0,1.0,0.55,6.075,6.75,,,0.2822727272727273,6.136363636363637,104,6,1,13.68,11.573333333333332,10.924,12.076666666666668,38.0,41.333333333333336,35.666666666666664,190.66666666666666,17.833333333333332,0.0,1.0,2026-08-21 11:12:46
2024,8,2024_08_BAL_CLE,2024-10-27,00-0034796,L.Jackson,Lamar Jackson,QB,BAL,CLE,AWAY,0,6,7,-7.5,44.5,1,outdoors,grass,24.160000000000004,validation,v1_prior_game,93,7,2024.0,7.0,2024-10-21,BAL,6.0,0,0,1,1,1,0,34.440000000000005,28.926666666666666,27.28,6.591555203440233,18.92,34.440000000000005,25.414285714285715,6.744179854123251,22.0,30.0,24.6,28.2857,9.0,10.6667,10.4,10.4286,0.0,0.0,0.0,0.0,0.0,0.0,0.0,9.0,10.6667,10.4,31.0,40.6667,35.0,38.7143,281.0,317.3333,52.0,49.0,0.0,0.0,52.0,49.0,5.0,3.3333,0.0,0.0,0.0,0.0,0.0,0.0,0.0,0.0,0.0,0.0,1,3,5,56.0,67.33333333333333,63.8,0.95,0.9833333333333334,0.9800000000000001,0.7,10.577777777777778,4.59375,,,0.7113114754098361,9.008196721311476,106,7,1,14.94,18.88,16.216,15.105714285714285,28.0,36.0,34.57142857142857,206.57142857142858,25.571428571428573,0.0,1.1428571428571428,2026-08-21 11:12:46
2024,8,2024_08_KC_LV,2024-10-27,00-0035289,G.Minshew,Gardner Minshew,QB,LV,KC,HOME,1,7,7,-9.0,42.0,1,dome,grass,14.96,validation,v1_prior_game,53,6,2024.0,7.0,2024-10-20,LV,7.0,0,0,1,1,1,0,-1.64,3.6799999999999997,7.588000000000001,6.346425765736176,-1.64,13.96,8.12,5.8240741753518215,34.0,25.0,28.2,29.0,1.0,1.6667,1.8,2.0,0.0,0.0,0.0,0.0,0.0,0.0,0.0,1.0,1.6667,1.8,35.0,26.6667,30.0,31.0,154.0,140.3333,2.0,7.3333,0.0,0.0,2.0,7.3333,0.0,0.3333,0.0,0.0,0.0,0.0,0.0,0.0,0.0,0.0,0.0,0.0,1,3,5,65.0,56.0,56.4,0.82,0.8166666666666665,0.85,0.5466666666666666,5.613333333333333,4.4,,,0.13799999999999998,5.5375,105,6,1,17.18,14.24,14.208000000000002,16.02666666666667,39.0,35.333333333333336,39.166666666666664,222.33333333333334,28.0,0.0,1.5,2026-08-21 11:12:46
2024,8,2024_08_PHI_CIN,2024-10-27,00-0036442,J.Burrow,Joe Burrow,QB,CIN,PHI,HOME,1,7,7,2.5,47.5,0,outdoors,fieldturf,12.86,validation,v1_prior_game,59,7,2024.0,7.0,2024-10-20,CIN,7.0,0,0,1,1,1,0,14.94,22.846666666666668,22.036,7.7033421318282365,14.94,33.78,19.351428571428574,8.220298917053704,25.0,30.6667,32.2,32.2857,3.0,3.0,2.2,3.0,0.0,0.0,0.0,0.0,0.0,0.0,0.0,3.0,3.0,2.2,28.0,33.6667,34.4,35.2857,181.0,260.3333,-3.0,17.6667,0.0,0.0,-3.0,17.6667,2.0,2.6667,0.0,0.0,0.0,0.0,0.0,0.0,0.0,0.0,0.0,0.0,1,3,5,55.0,58.333333333333336,60.8,1.0,1.0,1.0,0.6956521739130435,8.48913043478261,5.888888888888889,,,0.6786138613861387,8.257425742574258,104,6,1,7.5,14.933333333333335,14.064000000000002,14.453333333333333,35.0,37.666666666666664,34.666666666666664,210.5,10.333333333333334,0.0,1.3333333333333333,2026-08-21 11:12:46
2024,8,2024_08_IND_HOU,2024-10-27,00-0039163,C.Stroud,C.J. Stroud,QB,HOU,IND,HOME,1,7,7,5.0,45.0,1,closed,astroturf,12.4,validation,v1_prior_game,22,7,2024.0,7.0,2024-10-20,HOU,7.0,0,0,1,1,1,0,5.34,13.219999999999999,14.591999999999999,7.142850971425906,5.34,23.5,15.131428571428572,6.037083811939416,21.0,30.0,32.2,32.7143,5.0,3.6667,3.4,3.1429,0.0,0.0,0.0,0.0,0.0,0.0,0.0,5.0,3.6667,3.4,26.0,33.6667,35.6,35.8571,86.0,203.0,19.0,17.6667,0.0,0.0,19.0,17.6667,0.0,1.3333,0.0,0.0,0.0,0.0,0.0,0.0,0.0,0.0,0.0,0.0,1,3,5,64.0,65.0,64.8,1.0,0.9833333333333334,0.952,0.6444444444444445,6.766666666666667,4.818181818181818,,,0.39267326732673263,6.554455445544554,106,7,1,12.84,13.793333333333331,18.136000000000003,17.474285714285713,32.0,32.666666666666664,35.857142857142854,236.85714285714286,22.857142857142858,0.0,1.7142857142857142,2026-08-21 11:12:46
2024,9,2024_09_IND_MIN,2024-11-03,00-0034869,S.Darnold,Sam Darnold,QB,MIN,IND,HOME,1,10,7,6.5,47.0,0,dome,sportturf,19.0,validation,v1_prior_game,73,7,2024.0,8.0,2024-10-24,MIN,10.0,0,0,1,1,1,0,18.200000000000003,12.906666666666666,16.491999999999997,7.317658095319842,4.26,23.240000000000002,16.714285714285715,6.179295691103901,25.0,27.6667,27.8,27.0,3.0,4.0,3.8,3.8571,0.0,0.0,0.0,0.0,0.0,0.0,0.0,3.0,4.0,3.8,28.0,31.6667,31.6,30.8571,240.0,226.0,6.0,18.6667,0.0,0.0,6.0,18.6667,2.0,1.0,0.0,0.0,0.0,0.0,0.0,0.0,0.0,0.0,0.0,0.0,1,3,5,50.0,60.666666666666664,62.2,1.0,0.9966666666666667,0.992,0.6506024096385542,8.168674698795181,4.666666666666667,,,0.40757894736842104,7.726315789473684,107,8,1,12.4,10.846666666666666,17.152,16.84,38.0,33.333333333333336,36.125,242.875,18.75,0.0,1.625,2026-08-21 11:12:46
2024,10,2024_10_NYJ_ARI,2024-11-10,00-0023459,A.Rodgers,Aaron Rodgers,QB,NYJ,ARI,AWAY,0,10,7,-2.0,45.5,0,closed,grass,4.04,validation,v1_prior_game,91,9,2024.0,9.0,2024-10-31,NYJ,10.0,0,0,1,1,1,0,20.339999999999996,16.9,16.044,3.549828164855307,11.759999999999998,20.339999999999996,15.175555555555556,4.255217712147966,32.0,33.0,37.6,35.1111,1.0,0.3333,0.2,1.3333,0.0,0.0,0.0,0.0,0.0,0.0,0.0,1.0,0.3333,0.2,33.0,33.3333,37.8,36.4444,211.0,240.0,-1.0,-0.3333,0.0,0.0,-1.0,-0.3333,3.0,2.0,0.0,0.0,0.0,0.0,0.0,0.0,0.0,0.0,0.0,0.0,1,3,5,58.0,59.0,62.4,1.0,1.0,1.0,0.6363636363636364,7.2727272727272725,-1.0,,,0.507,7.19,108,9,1,9.18,12.866666666666667,15.456,17.075555555555557,45.0,42.333333333333336,36.22222222222222,242.44444444444446,18.22222222222222,0.0,1.5555555555555556,2026-08-21 11:12:46
2024,11,2024_11_LA_NE,2024-11-17,00-0026498,M.Stafford,Matthew Stafford,QB,LA,NE,AWAY,0,6,7,-4.0,42.5,0,outdoors,fieldturf,27.8,validation,v1_prior_game,90,9,2024.0,10.0,2024-11-11,LA,6.0,0,0,1,1,1,0,9.72,17.46666666666667,13.752,7.945383565316404,3.96,24.76,11.975555555555555,6.665731601090594,46.0,41.3333,38.4,35.7778,1.0,1.6667,1.4,0.8889,0.0,0.0,0.0,0.0,0.0,0.0,0.0,1.0,1.6667,1.4,47.0,43.0,39.8,36.6667,293.0,290.0,0.0,-1.3333,0.0,0.0,0.0,-1.3333,0.0,2.0,0.0,0.0,0.0,0.0,0.0,0.0,0.0,0.0,0.0,0.0,1,3,5,70.0,73.0,70.4,1.0,1.0,1.0,0.6612903225806451,7.016129032258065,-0.8,,,0.4062015503875969,6.713178294573644,109,10,1,6.3,13.706666666666665,14.904,14.258000000000001,32.0,32.333333333333336,34.0,223.2,11.3,0.0,1.2,2026-08-21 11:12:46
2024,11,2024_11_HOU_DAL,2024-11-18,00-0033662,C.Rush,Cooper Rush,QB,DAL,HOU,HOME,1,8,8,-7.5,41.5,0,closed,matrixturf,16.36,validation,v1_prior_game,24,5,2024.0,10.0,2024-11-10,DAL,8.0,0,0,1,1,1,0,-2.0,3.013333333333334,1.8360000000000003,5.201315218288545,-2.0,11.000000000000002,1.8360000000000003,5.201315218288545,23.0,19.6667,12.4,12.4,2.0,1.3333,1.0,1.0,0.0,0.0,0.0,0.0,0.0,0.0,0.0,2.0,1.3333,1.0,25.0,21.0,13.4,13.4,45.0,68.6667,2.0,2.6667,0.0,0.0,2.0,2.6667,0.0,0.3333,0.0,0.0,0.0,0.0,0.0,0.0,0.0,0.0,0.0,0.0,1,3,5,45.0,31.0,19.4,0.75,0.4666666666666666,0.292,0.576271186440678,3.4915254237288136,2.0,,,0.14349206349206353,3.3968253968253967,109,10,1,7.800000000000002,13.213333333333333,15.191999999999998,16.204,31.0,34.0,33.9,195.6,24.3,-0.5,2.2,2026-08-21 11:12:46
2024,11,2024_11_CLE_NO,2024-11-17,00-0038583,D.Thompson-Robinson,Dorian Thompson-Robinson,QB,CLE,NO,AWAY,0,14,7,-1.0,44.0,0,dome,sportturf,0.0,validation,v1_prior_game,8,1,2024.0,7.0,2024-10-20,CLE,28.0,0,0,1,1,1,0,3.6800000000000006,1.8733333333333337,3.5159999999999996,4.647050677580351,0.2,11.459999999999999,3.6800000000000006,,24.0,9.0,11.2,24.0,3.0,1.3333,2.0,3.0,0.0,0.0,0.0,0.0,0.0,0.0,0.0,3.0,1.3333,2.0,27.0,10.3333,13.2,27.0,82.0,31.0,44.0,13.0,0.0,0.0,44.0,13.0,0.0,0.0,0.0,0.0,0.0,0.0,0.0,0.0,0.0,0.0,0.0,0.0,1,3,5,38.0,16.0,20.4,0.45,0.19000000000000003,0.262,0.48148148148148145,3.4444444444444446,9.75,,,0.1812903225806452,4.258064516129032,108,10,1,10.24,14.680000000000001,16.759999999999998,13.85,38.0,34.666666666666664,38.6,258.5,23.1,0.0,0.9,2026-08-21 11:12:46
2024,11,2024_11_IND_NYJ,2024-11-17,00-0039164,A.Richardson,Anthony Richardson,QB,IND,NYJ,AWAY,0,7,7,4.0,43.0,0,outdoors,fieldturf,28.080000000000002,validation,v1_prior_game,10,6,2024.0,8.0,2024-10-27,IND,21.0,0,0,1,1,1,0,11.5,8.5,8.088,2.845719592651391,5.08,11.5,11.086666666666666,7.773706108843237,32.0,20.0,22.8,22.1667,6.0,7.6667,7.0,6.8333,0.0,0.0,0.0,0.0,0.0,0.0,0.0,6.0,7.6667,7.0,38.0,27.6667,29.8,29.0,175.0,125.0,45.0,41.6667,0.0,0.0,45.0,41.6667,1.0,0.3333,0.0,0.0,0.0,0.0,0.0,0.0,0.0,0.0,0.0,0.0,1,3,5,63.0,46.0,50.0,0.98,0.7266666666666666,0.836,0.38333333333333336,6.25,5.434782608695652,,,0.3072289156626506,6.024096385542169,108,10,1,28.64,20.026666666666667,21.868000000000002,14.898000000000001,28.0,34.0,32.6,189.7,23.1,0.0,1.2,2026-08-21 11:12:46
2024,12,2024_12_PIT_CLE,2024-11-21,00-0031503,J.Winston,Jameis Winston,QB,CLE,PIT,HOME,1,4,4,-3.5,36.5,1,outdoors,grass,13.46,validation,v1_prior_game,53,7,2024.0,11.0,2024-11-17,CLE,4.0,0,0,1,1,1,0,26.6,20.086666666666666,13.856,10.956253009126797,0.33999999999999997,26.6,9.968571428571428,11.140501826775171,46.0,44.3333,29.0,20.7143,1.0,2.6667,1.8,1.8571,0.0,0.0,0.0,0.0,0.0,0.0,0.0,1.0,2.6667,1.8,47.0,47.0,30.8,22.5714,395.0,321.3333,8.0,12.3333,0.0,0.0,8.0,12.3333,2.0,2.0,0.0,0.0,0.0,0.0,0.0,0.0,0.0,0.0,0.0,0.0,1,3,5,69.0,72.33333333333333,47.0,0.95,0.9833333333333334,0.6359999999999999,0.6240601503759399,7.2481203007518795,4.625,,,0.42737588652482267,7.099290780141844,109,10,1,14.879999999999999,10.04,10.847999999999999,11.538,37.0,38.333333333333336,35.9,231.7,10.7,0.0,0.9,2026-08-21 11:12:46
2024,12,2024_12_DEN_LV,2024-11-24,00-0035289,G.Minshew,Gardner Minshew,QB,LV,DEN,HOME,1,7,7,-6.5,41.5,1,dome,grass,11.700000000000001,validation,v1_prior_game,56,9,2024.0,11.0,2024-11-17,LV,7.0,0,0,1,1,1,0,17.98,11.966666666666669,8.388,8.150504278877474,-1.64,17.98,9.402222222222223,6.378020417374379,43.0,30.0,28.2,29.3333,2.0,1.6667,1.6,1.8889,0.0,0.0,0.0,0.0,0.0,0.0,0.0,2.0,1.6667,1.6,45.0,31.6667,29.8,31.2222,282.0,205.0,7.0,4.3333,0.0,0.0,7.0,4.3333,2.0,1.3333,0.0,0.0,0.0,0.0,0.0,0.0,0.0,0.0,0.0,0.0,1,3,5,65.0,52.666666666666664,53.4,1.0,0.8566666666666666,0.8039999999999999,0.7111111111111111,6.833333333333333,2.6,,,0.37789473684210534,6.610526315789474,109,11,1,5.88,15.406666666666668,14.315999999999997,13.094545454545454,32.0,34.0,36.36363636363637,211.0,15.636363636363637,0.0,1.1818181818181819,2026-08-21 11:12:46
2024,12,2024_12_MIN_CHI,2024-11-24,00-0039918,C.Williams,Caleb Williams,QB,CHI,MIN,HOME,1,7,7,-3.0,39.5,1,outdoors,grass,26.900000000000002,validation,v1_prior_game,10,10,2024.0,11.0,2024-11-17,CHI,7.0,0,0,1,1,1,0,16.240000000000002,10.573333333333334,14.059999999999999,8.920975283005776,6.3,28.64,13.723999999999998,7.574928235817009,31.0,34.0,31.0,32.5,9.0,5.0,5.6,4.9,0.0,0.0,0.0,0.0,0.0,0.0,0.0,9.0,5.0,5.6,40.0,39.0,36.6,37.4,231.0,189.3333,70.0,30.0,0.0,0.0,70.0,30.0,0.0,0.0,0.0,0.0,0.0,0.0,0.0,0.0,0.0,0.0,0.0,0.0,1,3,5,72.0,68.66666666666667,66.4,1.0,1.0,0.99,0.5980392156862745,5.568627450980392,6.0,,,0.27111111111111114,5.6239316239316235,109,10,1,15.600000000000001,7.966666666666668,13.492,13.924000000000001,38.0,31.333333333333332,39.9,257.6,6.2,0.0,1.6,2026-08-21 11:12:46
2024,13,2024_13_SEA_NYJ,2024-12-01,00-0023459,A.Rodgers,Aaron Rodgers,QB,NYJ,SEA,HOME,1,14,7,1.0,41.5,0,outdoors,fieldturf,14.0,validation,v1_prior_game,93,11,2024.0,11.0,2024-11-17,NYJ,14.0,0,0,1,1,1,0,16.06,13.479999999999999,14.16,6.234115815414404,4.04,20.339999999999996,14.243636363636364,5.099849552148127,29.0,32.0,32.6,34.5455,1.0,0.6667,0.4,1.1818,0.0,0.0,0.0,0.0,0.0,0.0,0.0,1.0,0.6667,0.4,30.0,32.6667,33.0,35.7273,184.0,182.0,7.0,2.0,0.0,0.0,7.0,2.0,2.0,1.6667,0.0,0.0,0.0,0.0,0.0,0.0,0.0,0.0,0.0,0.0,1,3,5,51.0,55.666666666666664,57.2,1.0,1.0,1.0,0.6875,5.6875,3.0,,,0.41265306122448975,5.63265306122449,110,11,1,10.3,15.526666666666666,14.768,16.074545454545454,39.0,39.0,36.72727272727273,231.63636363636363,15.636363636363637,0.6363636363636364,1.5454545454545454,2026-08-21 11:12:46
2024,13,2024_13_NYG_DAL,2024-11-28,00-0033662,C.Rush,Cooper Rush,QB,DAL,NYG,HOME,1,4,4,4.5,39.0,1,closed,matrixturf,11.8,validation,v1_prior_game,26,7,2024.0,12.0,2024-11-24,DAL,4.0,0,0,1,1,1,0,17.980000000000004,10.780000000000001,8.676000000000002,9.213668107762512,-2.0,17.980000000000004,6.217142857142858,8.616158684482922,32.0,36.6667,29.2,21.2857,4.0,2.6667,2.0,1.5714,0.0,0.0,0.0,0.0,0.0,0.0,0.0,4.0,2.6667,2.0,36.0,39.3333,31.2,22.8571,247.0,215.3333,1.0,1.6667,0.0,0.0,1.0,1.6667,2.0,1.0,0.0,0.0,0.0,0.0,0.0,0.0,0.0,0.0,0.0,0.0,1,3,5,64.0,64.0,48.0,0.97,0.9066666666666666,0.674,0.6272727272727273,5.872727272727273,0.625,,,0.2740677966101695,5.516949152542373,110,11,1,18.66,16.853333333333335,17.427999999999997,17.35090909090909,34.0,30.333333333333332,32.54545454545455,214.9090909090909,29.363636363636363,0.0,1.4545454545454546,2026-08-21 11:12:46
2024,14,2024_14_CAR_PHI,2024-12-08,00-0039150,B.Young,Bryce Young,QB,CAR,PHI,AWAY,0,7,7,14.0,44.5,0,outdoors,grass,12.540000000000001,validation,v1_prior_game,25,9,2024.0,13.0,2024-12-01,CAR,7.0,0,0,1,1,1,0,23.62,17.393333333333334,15.096,5.363569706827721,9.74,23.62,10.004444444444445,7.584924375218106,46.0,35.3333,33.8,26.0,3.0,2.6667,3.0,2.3333,0.0,0.0,0.0,0.0,0.0,0.0,0.0,3.0,2.6667,3.0,49.0,38.0,36.8,28.3333,298.0,229.0,17.0,22.3333,0.0,0.0,17.0,22.3333,2.0,1.3333,0.0,0.0,0.0,0.0,0.0,0.0,0.0,0.0,0.0,0.0,1,3,5,70.0,64.0,61.2,1.0,1.0,1.0,0.5849056603773585,6.481132075471698,8.375,,,0.457719298245614,6.614035087719298,110,12,1,25.380000000000003,19.346666666666668,15.228,14.643333333333333,44.0,40.0,36.5,200.25,18.0,0.0,1.3333333333333333,2026-08-21 11:12:46
2024,16,2024_16_JAX_LV,2024-12-22,00-0038579,A.O'Connell,Aidan O'Connell,QB,LV,JAX,HOME,1,6,7,2.5,41.5,0,dome,grass,11.48,validation,v1_prior_game,17,6,2024.0,14.0,2024-12-08,LV,14.0,0,0,1,1,1,0,6.76,9.479999999999999,8.256,7.403383010489192,1.7600000000000002,19.6,8.093333333333334,6.633764140114319,19.0,21.3333,24.8,22.6667,6.0,2.3333,1.4,1.1667,0.0,0.0,0.0,0.0,0.0,0.0,0.0,6.0,2.3333,1.4,25.0,23.6667,26.2,23.8333,104.0,165.3333,6.0,2.0,0.0,0.0,6.0,2.0,1.0,1.0,0.0,0.0,0.0,0.0,0.0,0.0,0.0,0.0,0.0,0.0,1,3,5,44.0,42.0,43.0,0.66,0.6133333333333333,0.642,0.625,7.75,0.8571428571428571,,,0.4005633802816901,7.070422535211268,113,14,1,30.060000000000002,17.153333333333332,18.852,21.648571428571433,36.0,36.0,39.0,276.2142857142857,27.428571428571427,0.0,2.0714285714285716,2026-08-21 11:12:46
2024,16,2024_16_HOU_KC,2024-12-21,00-0039163,C.Stroud,C.J. Stroud,QB,HOU,KC,AWAY,0,6,6,3.5,42.5,0,outdoors,grass,16.06,validation,v1_prior_game,29,14,2024.0,15.0,2024-12-15,HOU,6.0,0,0,1,1,1,0,11.64,13.9,12.472,2.4700850187797196,9.78,15.680000000000003,13.730000000000002,4.568364460740173,26.0,31.0,32.0,32.5714,6.0,4.6667,3.6,3.5,0.0,0.0,0.0,0.0714,0.0,0.0,0.0,6.0,4.6667,3.6,32.0,35.6667,35.6,36.0714,131.0,206.6667,4.0,9.6667,0.0,0.0,4.0,9.6667,2.0,1.6667,0.0,0.0,0.0,0.0024630541871921183,0.0,0.0,0.0,0.0,0.0,0.0,1,3,5,50.0,56.333333333333336,60.2,1.0,1.0,1.0,0.6451612903225806,6.666666666666667,2.0714285714285716,,,0.3897196261682243,6.065420560747664,113,14,1,-0.04000000000000009,11.493333333333332,14.995999999999999,15.72857142857143,39.0,36.666666666666664,38.214285714285715,228.57142857142858,21.571428571428573,0.0,1.5,2026-08-21 11:12:46
2024,17,2024_17_CAR_TB,2024-12-29,00-0036928,K.Trask,Kyle Trask,QB,TB,CAR,HOME,1,7,7,9.5,47.5,1,outdoors,grass,-0.2,validation,v1_prior_game,5,2,2024.0,13.0,2024-12-01,TB,28.0,0,0,1,1,1,0,0.2,0.0,0.164,0.44774993020658305,-0.2,0.92,0.0,0.28284271247461906,1.0,0.6667,2.2,0.5,0.0,0.6667,0.6,1.0,0.0,0.0,0.0,0.0,0.0,0.0,0.0,0.0,0.6667,0.6,1.0,1.3333,2.8,1.5,5.0,1.6667,0.0,-0.6667,0.0,0.0,0.0,-0.6667,0.0,0.0,0.0,0.0,0.0,0.0,0.0,0.0,0.0,0.0,0.0,0.0,1,3,5,2.0,2.0,3.4,0.03,0.03,0.05800000000000001,0.5,2.5,-1.0,,,0.0,0.75,113,15,1,20.380000000000003,21.220000000000002,20.564,19.235999999999997,40.0,34.0,35.666666666666664,222.73333333333332,25.933333333333334,0.0,2.1333333333333333,2026-08-21 11:12:46
2024,17,2024_17_DAL_PHI,2024-12-29,00-0038102,K.Pickett,Kenny Pickett,QB,PHI,DAL,HOME,1,7,7,7.5,37.5,1,outdoors,grass,16.02,validation,v1_prior_game,29,4,2024.0,16.0,2024-12-22,PHI,7.0,0,0,1,1,1,0,9.02,3.0399999999999996,2.444,3.9126308284835662,-0.2,9.02,2.28,4.498029198067378,24.0,8.6667,7.4,6.75,3.0,2.0,1.8,1.5,0.0,0.0,0.0,0.0,0.0,0.0,0.0,3.0,2.0,1.8,27.0,10.6667,9.2,8.25,143.0,49.3333,13.0,4.0,0.0,0.0,13.0,4.0,1.0,0.3333,0.0,0.0,0.0,0.0,0.0,0.0,0.0,0.0,0.0,0.0,1,3,5,62.0,26.0,24.0,0.84,0.36000000000000004,0.35,0.5769230769230769,5.6923076923076925,2.0,,,0.285,5.0,113,15,1,22.32,19.613333333333333,20.812,19.923999999999996,46.0,41.0,36.06666666666667,243.26666666666668,31.266666666666666,0.0,2.066666666666667,2026-08-21 11:12:46
2024,18,2024_18_KC_DEN,2025-01-05,00-0035264,J.Stidham,Jarrett Stidham,QB,DEN,KC,HOME,1,8,11,10.5,40.5,1,outdoors,grass,0.7000000000000001,validation,v1_prior_game,14,1,2024.0,7.0,2024-10-17,DEN,80.0,0,0,1,1,1,0,-0.2,8.813333333333334,13.24,9.271591017727216,-0.2,26.0,-0.2,,0.0,22.0,27.2,0.0,2.0,3.6667,5.0,2.0,0.0,0.0,0.0,0.0,0.0,0.0,0.0,2.0,3.6667,5.0,2.0,25.6667,32.2,2.0,0.0,165.3333,-2.0,2.0,0.0,0.0,-2.0,2.0,0.0,0.6667,0.0,0.0,0.0,0.0,0.0,0.0,0.0,0.0,0.0,0.0,1,3,5,2.0,44.0,54.4,0.03,0.6766666666666666,0.806,0.6060606060606061,7.515151515151516,0.5454545454545454,,,0.3433766233766234,6.51948051948052,115,16,1,17.7,11.24,13.648,15.8725,43.0,41.0,38.6875,228.0625,23.75,0.0,1.5,2026-08-21 11:12:46
2024,18,2024_18_CAR_ATL,2025-01-05,00-0039150,B.Young,Bryce Young,QB,CAR,ATL,AWAY,0,7,7,7.5,48.5,1,closed,fieldturf,36.44,validation,v1_prior_game,29,13,2024.0,17.0,2024-12-29,CAR,7.0,0,0,1,1,1,0,16.92,18.666666666666668,18.432000000000002,6.732111110194186,11.96,27.12,12.198461538461542,7.89879088442639,28.0,27.3333,32.4,26.9231,2.0,3.3333,4.0,2.9231,0.0,0.0,0.0,0.0,0.0,0.0,0.0,2.0,3.3333,4.0,30.0,30.6667,36.4,29.8462,203.0,193.3333,8.0,29.3333,0.0,0.0,8.0,29.3333,2.0,2.3333,0.0,0.0,0.0,0.0,0.0,0.0,0.0,0.0,0.0,0.0,1,3,5,47.0,56.666666666666664,62.2,1.0,1.0,1.0,0.6219512195121951,7.073170731707317,8.8,,,0.6086956521739131,7.260869565217392,113,16,1,31.78,16.46666666666667,18.352,18.933749999999996,52.0,45.333333333333336,39.6875,231.0,29.4375,0.0,2.0,2026-08-21 11:12:46
2024,1,2024_01_NE_CIN,2024-09-08,00-0036328,A.Gibson,Antonio Gibson,RB,NE,CIN,AWAY,0,7,7,8.0,40.5,0,outdoors,fieldturf,1.8,validation,v1_prior_game,61,0,2023.0,18.0,2024-01-07,WAS,245.0,0,1,1,1,1,1,6.6,7.466666666666666,8.42,2.354145280138845,5.6,11.2,,,0.0,0.0,0.0,,2.0,5.0,5.8,,4.0,3.3333,4.0,,3.0,2.0,3.0,5.0,7.0,8.8,6.0,8.3333,9.8,,0.0,0.0,8.0,19.0,28.0,15.6667,36.0,34.6667,0.0,0.3333,0.14285714285714285,0.11973443223443224,0.14670696950108714,,0.05844155844155844,-0.018324934421026968,-0.006405106062761591,0.2551948051948052,0.1667741942569295,0.2155768800076976,1,3,5,25.0,24.0,26.0,0.51,0.45999999999999996,0.4779999999999999,,,3.8,4.7,7.833333333333333,0.8959999999999999,4.16,98,0,1,13.2,22.3,20.680000000000003,,22.0,26.666666666666668,,,,,,2026-08-21 11:12:46
2024,1,2024_01_GB_PHI,2024-09-06,00-0036919,K.Gainwell,Kenny Gainwell,RB,PHI,GB,HOME,1,7,7,2.0,49.5,0,outdoors,,2.2,validation,v1_prior_game,49,0,2023.0,18.0,2024-01-07,PHI,243.0,0,1,1,1,1,0,6.2,7.926666666666666,5.736,3.521857464463887,2.1,10.9,,,0.0,0.3333,0.2,,7.0,5.0,5.0,,1.0,2.6667,1.8,,0.0,2.3333,1.4,7.0,7.3333,6.4,8.0,7.6667,6.8,,0.0,5.6667,62.0,36.0,0.0,17.6667,62.0,53.6667,0.0,0.0,0.030303030303030304,0.0958498023715415,0.06417654808959157,,0.008356545961002786,-0.004755570596037696,0.00324835255763162,0.051304127627247405,0.14044580414008587,0.09853866892472948,1,3,5,25.0,27.0,26.8,0.38,0.4366666666666667,0.434,1.0,17.0,7.2,6.625,7.571428571428571,1.0339130434782609,7.739130434782608,99,0,1,8.100000000000001,12.800000000000002,17.26,,19.0,19.666666666666668,,,,,,2026-08-21 11:12:46
2024,1,2024_01_HOU_IND,2024-09-08,00-0039603,B.Brooks,British Brooks,RB,HOU,IND,AWAY,0,7,7,-3.0,49.0,1,closed,fieldturf,0.0,validation,v1_prior_game,0,0,,,,,,1,1,0,0,0,0,,,,,,,,,,,,,,,,,,,,,,,,,,,,,,,,,,,,,,,,,,,,,,,,,,,0,0,0,,,,,,,,,,,,,,99,0,1,13.5,24.400000000000002,25.640000000000004,,25.0,32.0,,,,,,2026-08-21 11:12:46
2024,3,2024_03_LAC_PIT,2024-09-22,00-0036158,J.Dobbins,J.K. Dobbins,RB,LAC,PIT,AWAY,0,7,7,3.0,36.0,0,outdoors,grass,8.4,validation,v1_prior_game,26,2,2024.0,2.0,2024-09-15,LAC,7.0,0,0,1,1,1,0,20.1,18.23333333333333,13.98,7.2354681949408075,5.9,22.9,21.5,1.979898987322331,0.0,0.0,0.0,0.0,17.0,11.6667,12.8,13.5,1.0,2.3333,1.6,2.0,1.0,2.0,1.2,18.0,13.6667,14.0,18.0,14.0,14.4,15.5,0.0,0.0,131.0,96.0,0.0,6.3333,131.0,102.3333,1.0,1.0,0.05263157894736842,0.10516290726817042,0.07559774436090225,0.0863157894736842,-0.03546099290780142,-0.016331337825997563,-0.008793777569970396,0.05412467338559163,0.14631242442405734,0.1072409722423741,1,3,5,32.0,31.666666666666668,28.6,0.46,0.5033333333333333,0.48599999999999993,,,8.228571428571428,2.7142857142857144,3.1666666666666665,1.3023809523809522,7.309523809523809,101,2,1,14.9,13.766666666666667,16.060000000000002,16.55,21.0,24.666666666666668,23.5,0.0,64.0,46.5,0.0,2026-08-21 11:12:46
2024,3,2024_03_NE_NYJ,2024-09-19,00-0036875,R.Stevenson,Rhamondre Stevenson,RB,NE,NYJ,AWAY,0,4,4,6.5,39.0,1,outdoors,fieldturf,0.30000000000000027,validation,v1_prior_game,43,2,2024.0,2.0,2024-09-15,NE,4.0,0,0,1,1,1,0,17.0,13.833333333333334,15.280000000000001,7.773480558925971,2.9000000000000004,21.700000000000003,19.3,3.2526911934581197,0.0,0.0,0.0,0.0,21.0,18.3333,19.2,23.0,5.0,3.0,3.8,4.0,2.0,2.0,2.8,23.0,20.3333,22.0,26.0,21.3333,23.0,27.0,0.0,0.0,81.0,80.0,9.0,5.0,90.0,85.0,1.0,0.6667,0.20833333333333334,0.12681159420289856,0.14311992355470618,0.1693840579710145,0.12413793103448276,0.03488580385132109,-0.00959754994727186,0.3993965517241379,0.21463745400027257,0.2079616003689689,1,3,5,49.0,39.0,43.2,0.72,0.59,0.6439999999999999,,,4.363636363636363,1.6666666666666667,2.5,0.6484375,3.984375,101,2,1,20.3,19.133333333333336,24.64,21.25,31.0,28.0,30.0,0.0,114.5,28.0,0.5,2026-08-21 11:12:46
2024,3,2024_03_CAR_LV,2024-09-22,00-0038040,Z.White,Zamir White,RB,LV,CAR,HOME,1,7,7,5.5,40.0,0,dome,grass,3.4000000000000004,validation,v1_prior_game,26,2,2024.0,2.0,2024-09-15,LV,7.0,0,0,1,1,1,0,6.800000000000001,8.166666666666668,10.920000000000002,4.908869523627613,4.6000000000000005,15.600000000000001,5.700000000000001,1.5556349186104044,0.0,0.0,0.0,0.0,9.0,15.6667,17.8,11.0,4.0,2.6667,3.0,3.0,3.0,2.0,2.2,12.0,17.6667,20.0,13.0,18.3333,20.8,14.0,0.0,0.0,24.0,60.0,14.0,8.3333,38.0,68.3333,0.0,0.0,0.1111111111111111,0.08256172839506172,0.08615030934824984,0.08680555555555555,-0.04680851063829787,-0.02372071603630592,-0.027686915687734587,0.13390070921985814,0.10723809136717843,0.10984462304096057,1,3,5,40.0,37.0,39.2,0.63,0.58,0.614,,,3.8297872340425534,3.125,4.166666666666667,0.4454545454545455,3.727272727272727,101,2,1,27.1,26.333333333333332,26.2,31.150000000000002,39.0,34.333333333333336,37.5,0.0,166.5,20.0,1.5,2026-08-21 11:12:46
2024,3,2024_03_HOU_MIN,2024-09-22,00-0039603,B.Brooks,British Brooks,RB,HOU,MIN,AWAY,0,7,7,-2.0,46.0,0,dome,sportturf,0.2,validation,v1_prior_game,1,1,2024.0,1.0,2024-09-08,HOU,14.0,0,0,1,0,0,0,0.0,0.0,0.0,,0.0,0.0,0.0,,0.0,0.0,0.0,0.0,0.0,0.0,0.0,0.0,0.0,0.0,0.0,0.0,0.0,0.0,0.0,0.0,0.0,0.0,0.0,0.0,0.0,0.0,0.0,0.0,0.0,0.0,0.0,0.0,0.0,0.0,0.0,0.0,0.0,0.0,0.0,0.0,0.0,0.0,0.0,0.0,0.0,0.0,1,1,1,0.0,0.0,0.0,0.0,0.0,0.0,,,,,,,,101,2,1,17.4,16.599999999999998,21.68,15.399999999999999,22.0,23.0,22.5,0.0,72.5,16.5,0.5,2026-08-21 11:12:46
2024,4,2024_04_PHI_TB,2024-09-29,00-0034844,S.Barkley,Saquon Barkley,RB,PHI,TB,AWAY,0,7,7,-1.0,42.0,0,outdoors,grass,13.600000000000001,validation,v1_prior_game,77,3,2024.0,3.0,2024-09-22,PHI,7.0,0,0,1,1,1,0,33.6,28.133333333333336,23.380000000000003,10.570808862144846,8.8,33.6,28.133333333333336,9.124326459160333,0.0,0.0,0.0,0.0,17.0,21.0,18.6,21.0,4.0,3.6667,3.8,3.6667,4.0,3.3333,3.0,21.0,24.3333,21.6,21.0,24.6667,22.4,24.6667,0.0,0.0,147.0,117.0,9.0,17.6667,156.0,134.6667,2.0,1.6667,0.1111111111111111,0.11749680715197956,0.11376731506041851,0.11749680715197956,-0.03007518796992481,0.025311539768568415,0.05006099960336228,0.1456140350877193,0.19396328856596723,0.20569367231298136,1,3,5,58.0,61.0,59.2,0.8,0.8333333333333334,0.818,,,5.571428571428571,4.818181818181818,5.3,1.1405405405405407,5.45945945945946,102,3,1,21.5,28.96666666666667,23.7,28.96666666666667,24.0,27.333333333333332,27.333333333333332,0.0,86.0,70.33333333333333,1.0,2026-08-21 11:12:46
2024,4,2024_04_LA_CHI,2024-09-29,00-0037840,K.Williams,Kyren Williams,RB,LA,CHI,AWAY,0,7,7,3.0,40.0,0,outdoors,grass,20.4,validation,v1_prior_game,23,3,2024.0,3.0,2024-09-22,LA,7.0,0,0,1,1,1,0,31.6,20.400000000000002,21.54,8.545057050716515,14.4,31.6,20.400000000000002,9.707728879609277,0.0,0.0,0.0,0.0,24.0,18.0,19.2,18.0,2.0,3.3333,2.4,3.3333,2.0,3.0,2.2,26.0,21.0,21.4,26.0,21.3333,21.6,21.3333,0.0,0.0,89.0,54.6667,27.0,19.3333,116.0,74.0,3.0,1.6667,0.08695652173913043,0.11154723564143854,0.07869304726721607,0.11154723564143854,0.037037037037037035,-0.01341879724009414,-0.011081581374359514,0.15636070853462158,0.15792769539409193,0.11028246393877246,1,3,5,52.0,54.666666666666664,55.4,0.9,0.8666666666666667,0.866,,,3.037037037037037,5.8,6.444444444444445,0.95625,3.46875,102,3,1,34.1,24.833333333333332,24.2,24.833333333333332,27.0,27.0,27.0,0.0,96.33333333333333,32.0,1.3333333333333333,2026-08-21 11:12:46
2024,5,2024_05_BAL_CIN,2024-10-06,00-0039244,C.Collier,Chris Collier,RB,BAL,CIN,AWAY,0,7,7,-2.5,48.5,1,outdoors,fieldturf,0.0,validation,v1_prior_game,0,0,,,,,,1,1,0,0,0,0,,,,,,,,,,,,,,,,,,,,,,,,,,,,,,,,,,,,,,,,,,,,,,,,,,,0,0,0,,,,,,,,,,,,,,102,4,1,29.700000000000003,24.0,21.720000000000002,23.85,32.0,29.0,30.5,0.0,114.25,21.75,1.0,2026-08-21 11:12:46
2024,5,2024_05_ARI_SF,2024-10-06,00-0039363,I.Guerendo,Isaac Guerendo,RB,SF,ARI,HOME,1,7,7,7.0,48.5,1,outdoors,grass,2.2,validation,v1_prior_game,4,4,2024.0,4.0,2024-09-29,SF,7.0,0,0,1,1,0,0,0.0,0.6333333333333334,0.47500000000000003,0.95,0.0,1.9000000000000001,0.47500000000000003,0.95,0.0,0.0,0.0,0.0,1.0,2.3333,1.75,1.75,0.0,0.0,0.0,0.0,0.0,0.0,0.0,1.0,2.3333,1.75,1.0,2.3333,1.75,1.75,0.0,0.0,0.0,6.3333,0.0,0.0,0.0,6.3333,0.0,0.0,0.0,0.0,0.0,0.0,0.0,0.0,0.0,0.0,0.0,0.0,1,3,4,5.0,5.333333333333333,4.75,0.08,0.07666666666666667,0.0675,,,2.7142857142857144,,,0.27142857142857146,2.7142857142857144,103,4,1,40.7,32.4,26.4,28.725,33.0,33.666666666666664,32.5,0.0,125.25,32.0,1.5,2026-08-21 11:12:46
2024,5,2024_05_NYJ_MIN,2024-10-06,00-0039794,B.Allen,Braelon Allen,RB,NYJ,MIN,AWAY,0,7,7,2.5,42.0,0,outdoors,grass,3.8000000000000003,validation,v1_prior_game,4,4,2024.0,4.0,2024-09-29,NYJ,7.0,0,0,1,1,0,0,5.6000000000000005,11.666666666666666,9.425,7.383032349019383,2.7,19.6,9.425,7.383032349019383,0.0,0.0,0.0,0.0,8.0,8.6667,6.75,6.75,1.0,2.6667,2.25,2.25,1.0,2.0,1.75,9.0,10.6667,8.5,9.0,11.3333,9.0,9.0,0.0,0.0,34.0,40.6667,12.0,16.0,46.0,56.6667,0.0,0.6667,0.024390243902439025,0.08351885750094824,0.0712598327808836,0.0712598327808836,0.0,0.0,-0.005128205128205128,0.03658536585365854,0.12527828625142234,0.10330000558158181,1,3,4,27.0,23.333333333333332,19.75,0.36,0.34333333333333327,0.3025,,,4.6923076923076925,6.0,8.0,1.0294117647058822,5.0,103,4,1,14.5,16.366666666666664,16.3,15.625,24.0,21.333333333333332,21.75,0.0,62.25,24.0,0.5,2026-08-21 11:12:46
2024,6,2024_06_BUF_NYJ,2024-10-14,00-0035537,Ty.Johnson,Ty Johnson,RB,BUF,NYJ,AWAY,0,8,8,-1.0,42.0,1,outdoors,fieldturf,3.4000000000000004,validation,v1_prior_game,68,5,2024.0,5.0,2024-10-06,BUF,8.0,0,0,1,1,1,0,1.5,7.133333333333334,5.26,5.164590980900618,0.7000000000000001,13.600000000000001,5.26,5.164590980900618,0.0,0.0,0.0,0.0,3.0,2.3333,2.0,2.0,0.0,1.0,1.2,1.2,0.0,1.0,0.8,3.0,3.3333,2.8,3.0,3.3333,3.2,3.2,0.0,0.0,15.0,12.0,0.0,9.3333,15.0,21.3333,0.0,0.6667,0.0,0.03333333333333333,0.050917874396135265,0.050917874396135265,0.0,0.04483430799220273,0.08087475485686277,0.0,0.0813840155945419,0.13298913999400683,1,3,5,21.0,16.666666666666668,14.2,0.34,0.27,0.24000000000000005,,,5.142857142857143,9.333333333333334,9.333333333333334,2.14,6.4,104,5,1,14.500000000000002,12.4,15.940000000000001,15.940000000000001,27.0,24.666666666666668,26.8,0.0,94.0,21.4,0.2,2026-08-21 11:12:46
2024,6,2024_06_LAC_DEN,2024-10-13,00-0036997,J.Williams,Javonte Williams,RB,DEN,LAC,HOME,1,7,14,-3.0,37.0,1,outdoors,grass,4.6,validation,v1_prior_game,42,5,2024.0,5.0,2024-10-06,DEN,7.0,0,0,1,1,1,0,16.1,10.733333333333334,9.4,4.94368283772331,3.3000000000000003,16.1,9.4,4.94368283772331,0.0,0.0,0.0,0.0,13.0,11.3333,10.6,10.6,6.0,4.3333,4.0,4.0,5.0,3.6667,3.4,18.0,15.0,14.0,19.0,15.6667,14.6,14.6,0.0,0.0,61.0,50.0,50.0,27.3333,111.0,77.3333,0.0,0.0,0.23076923076923078,0.1561387631975867,0.13351009774539185,0.13351009774539185,-0.0625,-0.01295475795826427,-0.0070152790173828045,0.30240384615384613,0.22513981422559506,0.19535445130591983,1,3,5,40.0,36.666666666666664,37.2,0.63,0.57,0.5780000000000001,,,4.411764705882353,6.3076923076923075,7.454545454545454,0.6851063829787235,4.9361702127659575,103,4,1,17.5,19.033333333333335,18.76,19.475,27.0,29.333333333333332,28.5,0.0,86.0,26.25,0.5,2026-08-21 11:12:46
2024,6,2024_06_TB_NO,2024-10-13,00-0039595,D.Williams,D.J. Williams,RB,TB,NO,AWAY,0,10,6,-3.5,42.5,1,dome,sportturf,0.0,validation,v1_prior_game,0,0,,,,,,1,1,0,0,0,0,,,,,,,,,,,,,,,,,,,,,,,,,,,,,,,,,,,,,,,,,,,,,,,,,,,0,0,0,,,,,,,,,,,,,,104,5,1,23.3,27.166666666666668,20.720000000000002,20.720000000000002,35.0,26.666666666666668,24.6,0.0,89.8,35.4,0.6,2026-08-21 11:12:46
2024,7,2024_07_LAC_ARI,2024-10-21,00-0033553,J.Conner,James Conner,RB,ARI,LAC,HOME,1,8,8,-1.0,44.0,0,closed,grass,17.200000000000003,validation,v1_prior_game,83,6,2024.0,6.0,2024-10-13,ARI,8.0,0,0,1,1,1,0,6.6000000000000005,12.966666666666667,12.360000000000001,7.057124060125342,3.5,19.4,13.516666666666666,6.9187908384823045,0.0,0.0,0.0,0.0,7.0,14.6667,14.8,15.0,5.0,3.0,2.2,2.5,4.0,2.3333,1.8,11.0,17.0,16.6,12.0,17.6667,17.0,17.5,0.0,0.0,24.0,71.3333,22.0,15.0,46.0,86.3333,0.0,0.3333,0.15625,0.10056818181818182,0.07574707155589508,0.08462793597399859,-0.03125,-0.03713043079050273,-0.027938809991550972,0.2125,0.12486097117392081,0.09406344033975696,1,3,5,16.0,32.0,36.2,0.28,0.55,0.6040000000000001,,,4.863636363636363,5.0,6.428571428571429,0.7339622641509433,4.886792452830188,104,5,1,10.4,16.8,17.660000000000004,17.660000000000004,19.0,27.333333333333332,26.6,0.0,77.6,27.0,0.4,2026-08-21 11:12:46
2024,7,2024_07_LV_LA,2024-10-20,00-0034972,A.Mattison,Alexander Mattison,RB,LV,LA,AWAY,0,7,14,7.0,43.0,0,dome,matrixturf,15.3,validation,v1_prior_game,81,6,2024.0,6.0,2024-10-13,LV,7.0,0,0,1,1,1,0,17.5,11.200000000000001,10.620000000000001,4.927169572888678,6.0,17.5,11.549999999999999,4.960947490147421,0.0,0.0,0.0,0.0,14.0,11.3333,8.2,7.6667,5.0,3.0,2.4,3.0,5.0,2.3333,2.0,19.0,13.6667,10.2,19.0,14.3333,10.6,10.6667,0.0,0.0,33.0,43.6667,32.0,18.3333,65.0,62.0,1.0,0.3333,0.13513513513513514,0.08671171171171171,0.06741164241164241,0.08742636867636867,-0.004201680672268907,0.002206943383413971,0.004519054208962121,0.1997615262321145,0.13161242793595737,0.10428080156373712,1,3,5,43.0,34.666666666666664,29.2,0.68,0.5366666666666666,0.454,,,3.8529411764705883,6.111111111111111,7.857142857142857,0.7813953488372093,4.325581395348837,104,5,1,18.9,23.233333333333334,26.020000000000003,26.020000000000003,27.0,27.666666666666668,30.8,0.0,124.2,28.0,1.2,2026-08-21 11:12:46
2024,7,2024_07_NE_JAX,2024-10-20,00-0038555,T.Bigsby,Tank Bigsby,RB,JAX,NE,HOME,1,7,7,6.5,42.0,0,outdoors,grass,23.8,validation,v1_prior_game,19,6,2024.0,6.0,2024-10-13,JAX,7.0,0,0,1,1,1,0,2.4000000000000004,12.433333333333332,7.639999999999999,10.799675921063557,0.0,25.9,7.583333333333333,9.660521034947683,0.0,0.0,0.0,0.0,7.0,9.0,5.8,6.8333,0.0,0.3333,0.2,0.1667,0.0,0.3333,0.2,7.0,9.3333,6.0,7.0,9.3333,6.0,7.0,0.0,0.0,24.0,71.6667,0.0,9.3333,24.0,81.0,0.0,0.6667,0.0,0.00980392156862745,0.0058823529411764705,0.004901960784313725,0.0,-0.0044444444444444444,-0.002666666666666667,0.0,0.011594771241830065,0.006956862745098038,1,3,5,17.0,19.0,13.2,0.27,0.32,0.21800000000000003,,,7.962962962962963,28.0,28.0,1.332142857142857,8.678571428571429,105,6,1,42.6,29.900000000000002,27.259999999999998,25.95,29.0,31.666666666666668,28.5,0.0,116.66666666666667,31.166666666666668,1.1666666666666667,2026-08-21 11:12:46
2024,8,2024_08_ARI_MIA,2024-10-27,00-0031687,R.Mostert,Raheem Mostert,RB,MIA,ARI,HOME,1,7,6,4.0,46.5,0,outdoors,grass,16.0,validation,v1_prior_game,67,3,2024.0,7.0,2024-10-20,MIA,7.0,0,0,1,1,1,0,3.0,6.233333333333334,9.8,6.366710296534625,3.0,18.3,6.233333333333334,4.841831609353359,0.0,0.0,0.0,0.0,11.0,12.0,12.4,12.0,0.0,1.6667,1.6,1.6667,0.0,1.3333,1.4,11.0,13.3333,13.8,11.0,13.6667,14.0,13.6667,0.0,0.0,50.0,46.3333,0.0,9.3333,50.0,55.6667,0.0,0.0,0.0,0.04928315412186379,0.050510063413289216,0.04928315412186379,0.0,-0.00029648713859240167,-0.017254738089283014,0.0,0.07371719018578102,0.06368677845743573,1,3,5,23.0,32.666666666666664,30.0,0.33,0.44333333333333336,0.43200000000000005,,,3.861111111111111,5.6,7.0,0.45609756097560983,4.073170731707317,106,7,1,12.700000000000001,15.366666666666667,24.86,23.0,23.0,25.666666666666668,29.571428571428573,0.0,114.42857142857143,31.285714285714285,0.8571428571428571,2026-08-21 11:12:46
2024,8,2024_08_CHI_WAS,2024-10-27,00-0036275,D.Swift,D'Andre Swift,RB,CHI,WAS,AWAY,0,14,7,1.5,46.5,0,outdoors,grass,18.9,validation,v1_prior_game,62,6,2024.0,6.0,2024-10-13,CHI,14.0,0,0,1,1,1,0,21.9,23.8,17.16,9.787900694224478,6.2,29.5,15.133333333333335,10.064127715140874,0.0,0.0,0.0,0.0,17.0,18.0,16.2,15.1667,4.0,4.3333,4.4,3.8333,4.0,4.3333,3.8,21.0,22.3333,20.0,21.0,22.3333,20.6,19.0,0.0,0.0,91.0,85.6667,28.0,49.0,119.0,134.6667,1.0,1.0,0.15384615384615385,0.18115218115218115,0.1547697400638577,0.13472190982332968,-0.1320754716981132,-0.04277871848626566,-0.03689530126719799,0.13831640058055156,0.24178316878788575,0.20632789920874797,1,3,5,45.0,44.333333333333336,45.4,0.68,0.66,0.634,,,4.7592592592592595,11.307692307692308,11.307692307692308,1.0656716417910448,6.029850746268656,106,7,1,15.0,18.900000000000002,22.6,21.985714285714288,22.0,24.0,26.285714285714285,0.0,114.42857142857143,22.571428571428573,0.8571428571428571,2026-08-21 11:12:46
2024,8,2024_08_NYJ_NE,2024-10-27,00-0036875,R.Stevenson,Rhamondre Stevenson,RB,NE,NYJ,HOME,1,7,7,-7.0,41.0,1,outdoors,fieldturf,23.5,validation,v1_prior_game,47,6,2024.0,7.0,2024-10-20,NE,7.0,0,0,1,1,1,0,4.5,10.633333333333335,9.84,8.079170749526217,0.30000000000000027,19.200000000000003,11.799999999999999,8.675713227164671,0.0,0.0,0.0,0.0,7.0,10.6667,11.8,14.0,3.0,4.0,3.4,3.3333,2.0,3.3333,2.4,9.0,14.0,14.2,10.0,14.6667,15.2,17.3333,0.0,0.0,18.0,50.0,7.0,9.6667,25.0,59.6667,0.0,0.3333,0.08333333333333333,0.12430555555555554,0.11625,0.11861413043478262,0.017857142857142856,-0.049160924852679144,-0.004668968704710934,0.1375,0.15204568593645792,0.17110672190670234,1,3,5,30.0,31.0,33.2,0.5,0.5066666666666667,0.54,,,4.6875,2.4166666666666665,2.9,0.7250000000000001,4.068181818181818,106,7,1,24.1,20.066666666666666,16.580000000000002,17.914285714285715,37.0,30.333333333333332,28.285714285714285,0.0,106.71428571428571,25.285714285714285,0.2857142857142857,2026-08-21 11:12:46
2024,10,2024_10_NE_CHI,2024-11-10,00-0035806,J.Hasty,JaMycal Hasty,RB,NE,CHI,AWAY,0,7,7,6.5,37.5,0,outdoors,grass,3.4000000000000004,validation,v1_prior_game,39,7,2024.0,9.0,2024-11-03,NE,7.0,0,0,1,1,1,0,0.7,6.5,4.299999999999999,6.45445582524197,0.5,15.7,3.1,5.654791478619408,0.0,0.0,0.0,0.0,1.0,2.0,2.0,1.5714,1.0,2.6667,1.8,1.2857,1.0,2.3333,1.4,2.0,4.3333,3.4,2.0,4.6667,3.8,2.8571,0.0,0.0,0.0,3.3333,-3.0,18.3333,-3.0,21.6667,0.0,0.3333,0.02564102564102564,0.07634868118739087,0.052059208712434524,0.03718514908031038,-0.013289036544850499,-0.009709181953873562,0.0024585144963149173,0.029159212880143115,0.1077265944133748,0.07980977321607222,1,3,5,10.0,17.0,14.0,0.14,0.26333333333333336,0.22400000000000003,,,1.6666666666666667,6.875,7.857142857142857,1.3928571428571428,4.642857142857143,107,8,1,43.6,22.86666666666667,22.880000000000003,23.6125,37.0,28.0,27.0,0.0,110.5,26.875,1.0,2026-08-21 11:12:46
2024,10,2024_10_SF_TB,2024-11-10,00-0039363,I.Guerendo,Isaac Guerendo,RB,SF,TB,AWAY,0,14,6,-6.5,50.5,0,outdoors,grass,0.0,validation,v1_prior_game,8,8,2024.0,8.0,2024-10-27,SF,14.0,0,0,1,1,1,0,19.200000000000003,10.266666666666667,6.6,8.00905737274993,0.0,19.200000000000003,4.362500000000001,6.821591247125347,0.0,0.0,0.0,0.0,14.0,8.3333,6.2,4.625,4.0,1.6667,1.0,0.625,3.0,1.3333,0.8,17.0,9.6667,7.0,18.0,10.0,7.2,5.25,0.0,0.0,85.0,62.0,17.0,7.3333,102.0,69.3333,1.0,0.3333,0.16,0.06408602150537634,0.03845161290322581,0.02403225806451613,0.031088082901554404,0.011520101707925542,0.006912061024755325,0.2617616580310881,0.10419310345361239,0.06251586207216744,1,3,5,43.0,21.666666666666668,15.8,0.63,0.3233333333333333,0.238,,,7.44,4.4,5.5,1.0266666666666668,6.933333333333334,108,9,1,33.1,33.0,27.419999999999998,26.5,37.0,31.333333333333332,27.22222222222222,0.0,96.66666666666667,49.44444444444444,1.0,2026-08-21 11:12:46
2024,11,2024_11_KC_BUF,2024-11-17,00-0035537,Ty.Johnson,Ty Johnson,RB,BUF,KC,HOME,1,7,7,2.5,46.5,0,outdoors,a_turf,1.8,validation,v1_prior_game,73,10,2024.0,10.0,2024-11-10,BUF,7.0,0,0,1,1,1,0,6.2,2.8333333333333335,3.8600000000000003,2.9812748950742534,0.0,7.4,4.5600000000000005,4.043430886429659,0.0,0.0,0.0,0.0,0.0,1.0,1.4,1.7,3.0,1.3333,1.0,1.1,3.0,1.0,0.8,3.0,2.0,2.2,3.0,2.3333,2.4,2.8,0.0,0.0,0.0,7.6667,32.0,10.6667,32.0,18.3333,0.0,0.0,0.08571428571428572,0.03898809523809524,0.029642857142857144,0.04028036576949621,0.007751937984496124,0.019250645994832043,0.014243990290501917,0.13399778516057584,0.07195759505352528,0.05443507891763706,1,3,5,22.0,18.666666666666668,18.6,0.3,0.26333333333333336,0.274,,,7.666666666666667,8.0,10.666666666666666,1.2142857142857142,7.857142857142857,108,9,1,9.200000000000001,14.066666666666668,13.26,13.855555555555556,19.0,21.0,21.333333333333332,0.0,51.0,27.555555555555557,0.3333333333333333,2026-08-21 11:12:46
2024,11,2024_11_WAS_PHI,2024-11-14,00-0036919,K.Gainwell,Kenny Gainwell,RB,PHI,WAS,HOME,1,4,4,4.5,49.5,1,outdoors,grass,5.9,validation,v1_prior_game,58,9,2024.0,10.0,2024-11-10,PHI,4.0,0,0,1,1,1,0,4.9,2.9333333333333336,3.7600000000000002,2.5254702532399786,1.9000000000000001,7.7,2.855555555555556,2.20970083445198,0.0,0.0,0.0,0.0,7.0,5.6667,6.6,4.2222,1.0,1.0,1.0,1.1111,1.0,0.6667,0.6,8.0,6.3333,7.2,8.0,6.6667,7.6,5.3333,0.0,0.0,30.0,19.3333,9.0,3.3333,39.0,22.6667,0.0,0.0,0.05,0.048703279938977884,0.05184101558243435,0.04572265872076493,0.004291845493562232,-0.0029432618953883632,0.0018370262247864894,0.07800429184549357,0.07099463658169497,0.07904744173100206,1,3,5,22.0,17.666666666666668,18.0,0.32,0.25,0.264,,,3.411764705882353,3.3333333333333335,5.0,0.44000000000000006,3.4,109,10,1,22.200000000000003,19.633333333333336,20.1,21.28,40.0,28.0,26.8,0.0,116.8,19.0,0.9,2026-08-21 11:12:46
2024,11,2024_11_MIN_TEN,2024-11-17,00-0037276,T.Chandler,Ty Chandler,RB,MIN,TEN,AWAY,0,7,7,-6.0,40.0,0,outdoors,grass,0.0,validation,v1_prior_game,25,7,2024.0,10.0,2024-11-10,MIN,7.0,0,0,1,1,1,0,1.8,2.7000000000000006,2.3400000000000003,2.1102132593650342,0.4,5.9,3.8714285714285723,3.1452155653279084,0.0,0.0,0.0,0.0,4.0,6.6667,6.0,6.8571,0.0,0.6667,0.6,0.8571,0.0,0.6667,0.6,4.0,7.3333,6.6,4.0,7.3333,6.6,7.7143,0.0,0.0,18.0,17.3333,0.0,3.0,18.0,20.3333,0.0,0.0,0.0,0.023809523809523808,0.02169312169312169,0.03412862729632916,0.0,-0.003940110323089046,-0.004440190761327476,0.0,0.03295620848812338,0.029431549006753304,1,3,5,12.0,23.0,19.8,0.14,0.3166666666666667,0.284,,,2.6,4.5,4.5,0.3681818181818182,2.772727272727273,108,9,1,20.4,27.040000000000003,24.564,22.76888888888889,30.0,24.666666666666668,25.22222222222222,0.3333333333333333,80.22222222222223,24.0,1.4444444444444444,2026-08-21 11:12:46
2024,11,2024_11_KC_BUF,2024-11-17,00-0039875,R.Davis,Ray Davis,RB,BUF,KC,HOME,1,7,7,2.5,46.5,0,outdoors,a_turf,1.1,validation,v1_prior_game,10,10,2024.0,10.0,2024-11-10,BUF,7.0,0,0,1,1,1,0,0.6000000000000001,6.833333333333333,10.080000000000002,8.029134448992618,0.6000000000000001,18.200000000000003,6.969999999999999,6.648984884927925,0.0,0.0,0.0,0.0,3.0,4.3333,7.6,6.4,0.0,0.6667,1.2,1.1,0.0,0.6667,1.2,3.0,5.0,8.8,3.0,5.0,8.8,7.5,0.0,0.0,6.0,18.3333,0.0,23.3333,6.0,41.6667,0.0,0.3333,0.0,0.018518518518518517,0.04344806763285024,0.04185730051640846,0.0,0.0047619047619047615,0.040196049161566404,0.0,0.031111111111111107,0.09330933586237183,1,3,5,11.0,12.333333333333334,18.0,0.15,0.17,0.266,,,4.230769230769231,35.0,35.0,1.3666666666666667,8.333333333333334,108,9,1,9.200000000000001,14.066666666666668,13.26,13.855555555555556,19.0,21.0,21.333333333333332,0.0,51.0,27.555555555555557,0.3333333333333333,2026-08-21 11:12:46
2024,12,2024_12_SF_GB,2024-11-24,00-0033280,C.McCaffrey,Christian McCaffrey,RB,SF,GB,AWAY,0,7,7,6.5,44.5,0,outdoors,grass,7.800000000000001,validation,v1_prior_game,77,2,2024.0,11.0,2024-11-17,SF,7.0,0,0,1,1,1,0,14.600000000000001,14.800000000000002,22.240000000000002,11.82658023267927,13.1,41.7,15.650000000000002,1.4849242404917509,0.0,0.0,0.0,0.0,19.0,15.3333,15.6,16.0,5.0,5.6667,6.4,6.0,4.0,4.6667,5.0,23.0,20.0,20.6,24.0,21.0,22.0,22.0,0.0,0.0,79.0,60.6667,27.0,40.6667,106.0,101.3333,0.0,0.0,0.17857142857142858,0.1898796555659301,0.19784387725564195,0.1922268907563025,0.13071895424836602,0.10774321008719338,0.09202186590194009,0.35936041083099907,0.36023973040993046,0.361181122014821,1,3,5,59.0,51.0,53.2,0.94,0.7866666666666666,0.826,,,3.9565217391304346,7.176470588235294,8.714285714285714,0.7047619047619048,4.825396825396825,109,10,1,27.5,22.866666666666664,23.28,22.619999999999997,27.0,28.0,26.8,0.0,98.1,36.1,0.9,2026-08-21 11:12:46
2024,12,2024_12_KC_CAR,2024-11-24,00-0033526,S.Perine,Samaje Perine,RB,KC,CAR,AWAY,0,7,14,-11.0,43.0,0,outdoors,grass,4.4,validation,v1_prior_game,78,10,2024.0,11.0,2024-11-17,KC,7.0,0,0,1,1,1,0,2.8,7.333333333333333,6.16,4.251235114646096,2.8,13.5,5.19,3.5538554963432163,0.0,0.0,0.0,0.0,0.0,0.3333,0.6,1.4,4.0,3.6667,2.8,2.3,2.0,2.6667,2.2,2.0,3.0,2.8,4.0,4.0,3.4,3.7,0.0,0.0,0.0,3.3333,8.0,23.3333,8.0,26.6667,0.0,0.3333,0.12903225806451613,0.09935995903737839,0.07904454685099846,0.06827097097215075,0.008771929824561403,0.01217756577604452,0.017854749241291545,0.19968873797396716,0.15756423459929872,0.13106514474540176,1,3,5,11.0,17.0,17.6,0.2,0.24,0.248,,,10.0,6.363636363636363,8.75,1.8333333333333333,6.666666666666667,109,10,1,20.9,25.133333333333336,28.4,29.99,29.0,35.0,33.1,0.0,133.9,30.0,1.6,2026-08-21 11:12:46
2024,12,2024_12_PIT_CLE,2024-11-21,00-0036893,N.Harris,Najee Harris,RB,PIT,CLE,AWAY,0,4,4,-3.5,36.5,1,outdoors,grass,7.4,validation,v1_prior_game,61,10,2024.0,11.0,2024-11-17,PIT,4.0,0,0,1,1,1,0,13.3,13.566666666666668,15.420000000000002,3.3685308370267313,11.3,20.200000000000003,12.8,3.81196945306637,0.0,0.0,0.0,0.0,18.0,19.3333,18.6,17.5,5.0,3.0,2.4,2.9,4.0,2.3333,1.8,22.0,21.6667,20.4,23.0,22.3333,21.0,20.4,0.0,0.0,63.0,76.6667,30.0,15.6667,93.0,92.3333,0.0,0.3333,0.15625,0.10146604938271604,0.08567834138486312,0.10561253084482396,-0.0547945205479452,-0.015670806460210008,-0.002394746860614955,0.19601883561643835,0.14122950955192706,0.1268411892748642,1,3,5,45.0,40.333333333333336,37.0,0.58,0.5466666666666667,0.518,,,3.9655172413793105,5.222222222222222,6.714285714285714,0.6074626865671642,4.134328358208955,109,10,1,13.200000000000001,18.666666666666668,16.0,18.839999999999996,22.0,19.333333333333332,22.8,0.0,83.6,23.8,0.9,2026-08-21 11:12:46
2024,12,2024_12_DEN_LV,2024-11-24,00-0036997,J.Williams,Javonte Williams,RB,DEN,LV,AWAY,0,7,7,-6.5,41.5,1,dome,grass,2.4,validation,v1_prior_game,48,11,2024.0,11.0,2024-11-17,DEN,7.0,0,0,1,1,1,0,18.700000000000003,10.600000000000001,13.419999999999998,9.08993949374802,2.7,26.1,10.790909090909093,7.147230868728749,0.0,0.0,0.0,0.0,9.0,7.3333,10.6,10.1818,5.0,3.3333,3.6,4.0,4.0,2.6667,3.0,13.0,10.0,13.6,14.0,10.6667,14.2,14.1818,0.0,0.0,59.0,34.0,28.0,25.3333,87.0,59.3333,1.0,0.3333,0.15625,0.10619588744588744,0.11403332194121667,0.12956519076664022,-0.04316546762589928,-0.019297462812380744,-0.015590823366440793,0.2041591726618705,0.14578560720016465,0.16013640655531644,1,3,5,32.0,29.333333333333332,34.2,0.52,0.45,0.512,,,4.636363636363637,7.6,9.5,0.9937500000000001,5.5625,109,10,1,21.900000000000002,23.100000000000005,23.220000000000006,24.83,30.0,29.666666666666668,27.9,0.0,101.2,32.1,1.1,2026-08-21 11:12:46
2024,13,2024_13_IND_NE,2024-12-01,00-0037120,T.Goodson,Tyler Goodson,RB,IND,NE,AWAY,0,7,7,-2.5,41.5,0,outdoors,fieldturf,0.0,validation,v1_prior_game,16,10,2024.0,12.0,2024-11-24,IND,7.0,0,0,1,1,1,0,0.0,2.966666666666667,1.78,3.9802009999496257,0.0,8.9,4.04,5.0175691325581155,0.0,0.0,0.0,0.0,0.0,0.0,0.0,2.7,0.0,1.0,0.8,1.3,0.0,0.6667,0.4,0.0,0.6667,0.4,0.0,1.0,0.8,4.0,0.0,0.0,0.0,0.0,0.0,3.0,0.0,3.0,0.0,0.3333,0.0,0.02857142857142857,0.02359447004608295,0.035578597030209935,0.0,0.014492753623188406,0.018920601049168668,0.0,0.053002070393374734,0.048636125803542485,1,3,5,0.0,3.6666666666666665,2.8,0.0,0.05666666666666667,0.044,,,,3.0,4.5,2.966666666666667,3.0,111,12,1,22.6,14.533333333333333,16.660000000000004,22.733333333333334,25.0,22.0,28.666666666666668,0.0,112.08333333333333,24.416666666666668,1.0,2026-08-21 11:12:46
2024,13,2024_13_TEN_WAS,2024-12-01,00-0038611,C.Rodriguez,Chris Rodriguez Jr.,RB,WAS,TEN,HOME,1,7,7,6.0,45.0,0,outdoors,grass,15.4,validation,v1_prior_game,11,2,2024.0,10.0,2024-11-10,WAS,21.0,0,0,1,1,1,0,0.4,8.366666666666665,6.299999999999999,7.577268637180551,0.4,19.5,2.8000000000000003,3.3941125496954285,0.0,0.0,0.0,0.0,2.0,7.6667,8.0,6.5,0.0,0.3333,0.2,0.0,0.0,0.3333,0.2,2.0,8.0,8.2,2.0,8.0,8.2,6.5,0.0,0.0,4.0,38.0,0.0,2.3333,4.0,40.3333,0.0,0.6667,0.0,0.010416666666666666,0.00625,0.0,0.0,-0.00338409475465313,-0.002030456852791878,0.0,0.013256133671742809,0.007953680203045686,1,3,5,5.0,16.333333333333332,16.2,0.08,0.2633333333333333,0.268,,,4.956521739130435,7.0,7.0,1.0458333333333332,5.041666666666667,110,11,1,9.5,15.6,21.504,21.029090909090908,20.0,26.0,25.0,0.2727272727272727,73.45454545454545,23.09090909090909,1.2727272727272727,2026-08-21 11:12:46
2024,13,2024_13_CHI_DET,2024-11-28,00-0039021,R.Johnson,Roschon Johnson,RB,CHI,DET,AWAY,0,4,4,9.5,47.5,1,dome,fieldturf,0.0,validation,v1_prior_game,24,9,2024.0,12.0,2024-11-24,CHI,4.0,0,0,1,1,1,0,8.2,6.8,6.22,3.827139924277659,1.1,11.100000000000001,7.7444444444444445,4.009086900751564,0.0,0.0,0.0,0.0,2.0,4.3333,3.6,5.3333,1.0,1.3333,1.4,1.6667,1.0,1.0,1.0,3.0,5.3333,4.6,3.0,5.6667,5.0,7.0,0.0,0.0,2.0,10.3333,10.0,7.6667,12.0,18.0,1.0,0.6667,0.02127659574468085,0.043485912394628935,0.04275821410344403,0.048149150285389124,0.013812154696132596,0.02913907998497865,0.016399437150878788,0.04158340190431409,0.08562622458142845,0.0756169271607812,1,3,5,29.0,26.333333333333332,24.8,0.38,0.37666666666666665,0.356,,,2.3846153846153846,5.75,7.666666666666667,1.2,3.176470588235294,110,11,1,3.5,9.4,15.180000000000001,16.327272727272728,11.0,19.333333333333332,21.181818181818183,0.0,68.72727272727273,23.636363636363637,0.6363636363636364,2026-08-21 11:12:46
2024,16,2024_16_PIT_BAL,2024-12-21,00-0030578,C.Patterson,Cordarrelle Patterson,RB,PIT,BAL,AWAY,0,6,6,7.0,44.5,1,outdoors,grass,8.2,validation,v1_prior_game,98,10,2024.0,15.0,2024-12-15,PIT,6.0,0,0,1,1,1,0,1.8,3.066666666666667,2.0000000000000004,3.6735541373443783,-0.8999999999999999,8.3,2.9000000000000004,3.677257432139097,0.0,0.0,0.0,0.0,2.0,3.0,2.2,3.0,1.0,1.6667,1.2,1.3,1.0,1.6667,1.2,3.0,4.6667,3.4,3.0,4.6667,3.4,4.3,0.0,0.0,9.0,9.3333,-1.0,11.3333,8.0,20.6667,0.0,0.0,0.047619047619047616,0.057539682539682536,0.040773809523809525,0.04276593701996927,-0.038461538461538464,0.008602761181644677,0.0024219306815895457,0.0445054945054945,0.09233145663667508,0.06285606576282697,1,3,5,6.0,8.333333333333334,9.0,0.14,0.14,0.138,,,3.111111111111111,6.8,6.8,0.6571428571428573,4.428571428571429,113,14,1,17.6,18.000000000000004,20.3,20.142857142857146,25.0,25.0,25.285714285714285,0.0,63.857142857142854,41.142857142857146,0.7857142857142857,2026-08-21 11:12:46
2024,16,2024_16_DET_CHI,2024-12-22,00-0036275,D.Swift,D'Andre Swift,RB,CHI,DET,HOME,1,6,7,-7.0,47.5,1,outdoors,grass,8.3,validation,v1_prior_game,70,14,2024.0,15.0,2024-12-16,CHI,6.0,0,0,1,1,1,0,9.9,8.1,10.04,4.079583312055288,5.0,16.4,12.971428571428575,7.393388790142026,0.0,0.0,0.0,0.0,19.0,14.6667,14.2,15.1429,1.0,2.0,2.4,3.0,1.0,1.3333,1.8,20.0,16.0,16.0,20.0,16.6667,16.6,18.1429,0.0,0.0,79.0,52.0,10.0,15.6667,89.0,67.6667,0.0,0.0,0.03225806451612903,0.06630824372759857,0.06970944863875543,0.09728620766156858,0.0,-0.0018902217375499815,0.005818853510164684,0.04838709677419355,0.09813921037511286,0.10863737041524842,1,3,5,46.0,44.666666666666664,43.4,0.69,0.7233333333333333,0.658,,,3.5454545454545454,7.833333333333333,11.75,0.486,4.06,113,14,1,54.5,29.833333333333332,19.919999999999998,19.22142857142857,31.0,21.666666666666668,21.285714285714285,0.0,71.42857142857143,32.214285714285715,0.9285714285714286,2026-08-21 11:12:46
2024,17,2024_17_DAL_PHI,2024-12-29,00-0033045,E.Elliott,Ezekiel Elliott,RB,DAL,PHI,AWAY,0,7,7,7.5,37.5,1,outdoors,grass,0.2,validation,v1_prior_game,109,14,2024.0,16.0,2024-12-22,DAL,7.0,0,0,1,1,1,0,6.1,4.266666666666667,2.7600000000000002,2.655748482066779,0.4,6.1,4.092857142857143,3.8555582825746098,0.0,0.0,0.0,0.0,1.0,4.0,3.2,5.0714,0.0,0.6667,0.4,1.0714,0.0,0.6667,0.4,1.0,4.6667,3.6,1.0,4.6667,3.6,6.1429,0.0,0.0,1.0,11.6667,0.0,4.3333,1.0,16.0,1.0,0.3333,0.0,0.022657450076804916,0.013594470046082949,0.02793525542261071,0.0,-0.0011070236392124802,-0.0006642141835274881,0.0,0.03321125856775864,0.019926755140655183,1,3,5,3.0,7.666666666666667,9.0,0.05,0.11333333333333334,0.13200000000000003,,,2.9166666666666665,6.5,6.5,0.9142857142857144,3.4285714285714284,114,15,1,10.4,12.733333333333334,14.020000000000001,16.90666666666667,22.0,23.333333333333332,24.733333333333334,0.0,77.6,30.8,0.3333333333333333,2026-08-21 11:12:46
2024,17,2024_17_KC_PIT,2024-12-25,00-0033526,S.Perine,Samaje Perine,RB,KC,PIT,AWAY,0,4,4,-3.0,43.5,0,outdoors,grass,4.9,validation,v1_prior_game,83,15,2024.0,16.0,2024-12-21,KC,4.0,0,0,1,1,1,0,8.0,5.1000000000000005,4.44,2.1686401268998043,2.5,8.0,4.94,3.09787945905859,0.0,0.0,0.0,0.0,0.0,0.6667,0.6,1.1333,3.0,2.0,1.8,2.1333,3.0,1.6667,1.6,3.0,2.3333,2.2,3.0,2.6667,2.4,3.2667,0.0,0.0,0.0,4.6667,50.0,29.6667,50.0,34.3333,0.0,0.0,0.07317073170731707,0.051680692245518946,0.04656397090286692,0.06103530428238947,0.004291845493562232,-0.009640941219800515,-0.01296387664803433,0.11276038940646915,0.07077237951441805,0.06077124270067635,1,3,5,14.0,16.666666666666668,18.4,0.19,0.22999999999999998,0.252,,,7.0,14.833333333333334,17.8,1.9125,12.875,114,15,1,24.1,19.3,20.2,20.77333333333333,30.0,29.666666666666668,25.866666666666667,0.0,86.93333333333334,34.8,0.8,2026-08-21 11:12:46
2024,17,2024_17_DAL_PHI,2024-12-29,00-0034844,S.Barkley,Saquon Barkley,RB,PHI,DAL,HOME,1,7,7,7.5,37.5,1,outdoors,grass,18.900000000000002,validation,v1_prior_game,89,15,2024.0,16.0,2024-12-22,PHI,7.0,0,0,1,1,1,0,27.0,16.933333333333334,23.340000000000003,14.34810091963393,9.4,46.2,22.426666666666662,11.787370157846714,0.0,0.0,0.0,0.0,29.0,22.6667,23.4,20.9333,1.0,1.3333,2.4,2.7333,0.0,0.6667,1.6,29.0,23.3333,25.0,30.0,24.0,25.8,23.6667,0.0,0.0,150.0,113.0,0.0,3.0,150.0,116.0,2.0,0.6667,0.04,0.052382569326542165,0.1205936282832318,0.11917021782663555,0.1013215859030837,0.041489911350410615,0.041687012899087106,0.13092511013215857,0.10761679193510067,0.2100713514542087,1,3,5,61.0,51.333333333333336,50.6,0.82,0.73,0.75,,,4.985294117647059,2.25,4.5,0.7055555555555555,4.833333333333333,114,15,1,29.200000000000003,21.96666666666667,18.54,24.26,30.0,23.666666666666668,26.466666666666665,0.0,93.86666666666666,40.733333333333334,1.1333333333333333,2026-08-21 11:12:46
2024,17,2024_17_NYJ_BUF,2024-12-29,00-0036187,R.Gilliam,Reggie Gilliam,RB,BUF,NYJ,HOME,1,7,7,10.0,44.5,1,outdoors,a_turf,0.30000000000000004,validation,v1_prior_game,29,5,2024.0,16.0,2024-12-22,BUF,7.0,0,0,1,1,1,0,0.0,0.0,0.0,0.0,0.0,0.0,0.0,0.0,0.0,0.0,0.0,0.0,0.0,0.0,0.0,0.0,0.0,0.0,0.0,0.0,0.0,0.0,0.0,0.0,0.0,0.0,0.0,0.0,0.0,0.0,0.0,0.0,0.0,0.0,0.0,0.0,0.0,0.0,0.0,0.0,0.0,0.0,0.0,0.0,0.0,0.0,0.0,0.0,0.0,0.0,1,3,5,18.0,13.666666666666666,10.6,0.31,0.2233333333333333,0.17200000000000001,,,,,,,,114,15,1,21.299999999999997,20.766666666666666,17.86,19.593333333333337,29.0,29.333333333333332,28.866666666666667,0.0,97.93333333333334,26.666666666666668,0.6,2026-08-21 11:12:46
2024,17,2024_17_ATL_WAS,2024-12-29,00-0038542,B.Robinson,Bijan Robinson,RB,ATL,WAS,AWAY,0,7,7,3.5,46.5,0,outdoors,grass,24.8,validation,v1_prior_game,32,15,2024.0,16.0,2024-12-22,ATL,7.0,0,0,1,1,1,0,24.3,19.633333333333336,18.94,6.470548662980598,10.3,25.5,19.040000000000003,6.212406940952919,0.0,0.0,0.0,0.0,22.0,22.0,20.8,17.2667,2.0,2.0,3.2,4.1333,2.0,1.6667,3.0,24.0,23.6667,23.8,24.0,24.0,24.0,21.4,0.0,0.0,94.0,103.6667,9.0,9.3333,103.0,113.0,2.0,1.0,0.07692307692307693,0.08532571032571033,0.11036058046039895,0.14103195909019003,-0.03164556962025317,0.009584074245434025,0.002327780255030905,0.09323271665043817,0.1346974174603693,0.1671703168691201,1,3,5,50.0,52.333333333333336,52.0,0.75,0.7866666666666666,0.764,,,4.712121212121212,4.666666666666667,5.6,0.8180555555555556,4.708333333333333,114,15,1,29.3,20.0,22.619999999999997,21.72666666666667,35.0,23.333333333333332,26.533333333333335,0.0,113.46666666666667,24.466666666666665,0.9333333333333333,2026-08-21 11:12:46
2024,17,2024_17_SEA_CHI,2024-12-26,00-0039165,Z.Charbonnet,Zach Charbonnet,RB,SEA,CHI,AWAY,0,4,4,-3.5,43.5,0,outdoors,grass,10.600000000000001,validation,v1_prior_game,31,15,2024.0,16.0,2024-12-22,SEA,4.0,0,0,1,1,1,0,3.3,18.4,13.899999999999997,14.55970466733443,2.2,38.3,11.146666666666668,10.035285366194245,0.0,0.0,0.0,0.0,1.0,10.3333,8.2,7.0667,2.0,4.3333,3.2,3.2667,2.0,3.3333,2.4,3.0,13.6667,10.6,3.0,14.6667,11.4,10.3333,0.0,0.0,-1.0,62.3333,14.0,28.3333,13.0,90.6667,0.0,1.0,0.047619047619047616,0.13934353867613045,0.10429577837809205,0.0972641349374889,0.0,-0.02298998477342426,-0.011643453229645953,0.07142857142857142,0.19292231867279866,0.1482932503063859,1,3,5,14.0,37.333333333333336,33.0,0.22,0.6066666666666667,0.53,,,6.032258064516129,6.538461538461538,8.5,1.2545454545454544,6.181818181818182,114,15,1,36.0,33.03333333333333,29.660000000000004,25.35333333333333,39.0,32.666666666666664,29.4,0.0,117.2,35.0,1.0666666666666667,2026-08-21 11:12:46
2024,1,2024_01_CAR_NO,2024-09-08,00-0031299,J.Matthews,Jordan Matthews,TE,CAR,NO,AWAY,0,7,7,3.5,41.5,1,dome,sportturf,0.0,validation,v1_prior_game,13,0,2019.0,12.0,2019-11-24,PHI,1750.0,0,1,1,1,1,1,5.7,3.5333333333333337,3.9200000000000004,2.5704085278414404,1.6,7.4,,,0.0,0.0,0.0,,0.0,0.0,0.0,,6.0,5.0,3.6,,3.0,2.0,1.6,3.0,2.0,1.6,6.0,5.0,3.6,,0.0,0.0,0.0,0.0,27.0,15.3333,27.0,15.3333,0.0,0.0,0.13333333333333333,0.11748418665711897,0.08726682778374509,,0.3516483516483517,0.19682639506219543,0.12516770926446896,0.4461538461538462,0.3140047565292153,0.21851763816074588,1,3,5,72.0,56.0,39.8,0.97,0.7466666666666667,0.542,,,,3.066666666666667,7.666666666666667,0.7066666666666668,3.066666666666667,99,0,1,21.5,10.166666666666666,8.98,,8.0,5.666666666666667,,,,,,2026-08-21 11:12:46
2024,1,2024_01_NYJ_SF,2024-09-09,00-0033576,E.Saubert,Eric Saubert,TE,SF,NYJ,HOME,1,7,7,3.5,43.0,0,outdoors,grass,0.0,validation,v1_prior_game,42,0,2023.0,18.0,2024-01-06,HOU,247.0,0,1,1,1,1,1,1.5,1.4000000000000001,2.04,2.2984777571253545,0.0,6.0,,,0.0,0.0,0.0,,0.0,0.0,0.0,,1.0,1.0,1.2,,1.0,1.0,1.2,1.0,1.0,1.2,1.0,1.0,1.2,,0.0,0.0,0.0,0.0,5.0,4.0,5.0,4.0,0.0,0.0,0.038461538461538464,0.03591888000490151,0.038217994669607576,,0.019157088122605363,0.00481693676137718,0.01747349539015964,0.07110226937813145,0.05725017574031629,0.0695584387775231,1,3,5,13.0,16.666666666666668,19.2,0.23,0.27,0.296,,,,4.0,4.0,1.4000000000000001,4.0,98,0,1,2.5,15.366666666666667,11.96,,6.0,9.666666666666666,,,,,,2026-08-21 11:12:46
2024,2,2024_02_NYG_WAS,2024-09-15,00-0031484,C.Manhertz,Chris Manhertz,TE,NYG,WAS,AWAY,0,7,7,1.5,42.5,1,outdoors,grass,0.0,validation,v1_prior_game,41,0,2023.0,16.0,2023-12-24,DEN,266.0,0,1,1,1,1,1,0.0,0.5333333333333333,0.72,0.9959919678390986,0.0,2.0,,,0.0,0.0,0.0,,0.0,0.0,0.0,,0.0,0.3333,0.6,,0.0,0.3333,0.4,0.0,0.3333,0.4,0.0,0.3333,0.6,,0.0,0.0,0.0,0.0,0.0,2.0,0.0,2.0,0.0,0.0,0.0,0.011494252873563218,0.023679768507354714,,0.0,0.01,-0.0009044549491476872,0.0,0.024241379310344827,0.03488653429662869,1,3,5,24.0,26.333333333333332,24.8,0.35,0.38999999999999996,0.414,,,,6.0,6.0,1.6,6.0,99,1,1,1.5,7.900000000000001,8.26,1.5,2.0,4.333333333333333,2.0,0.0,0.0,5.0,0.0,2026-08-21 11:12:46
2024,2,2024_02_LA_ARI,2024-09-15,00-0036244,C.Parkinson,Colby Parkinson,TE,LA,ARI,AWAY,0,7,7,-1.0,47.5,1,closed,grass,2.2,validation,v1_prior_game,36,1,2024.0,1.0,2024-09-08,LA,7.0,0,0,1,1,1,0,8.7,6.1000000000000005,6.12,3.6588249479853494,1.6,10.7,8.7,,0.0,0.0,0.0,0.0,0.0,0.0,0.0,0.0,5.0,4.0,3.4,5.0,4.0,3.0,2.6,4.0,3.0,2.6,5.0,4.0,3.4,5.0,0.0,0.0,0.0,0.0,47.0,31.0,47.0,31.0,0.0,0.0,0.10416666666666667,0.11630730380730381,0.0982566045066045,0.10416666666666667,0.03793103448275862,0.08352087114337568,0.07490311322071758,0.18280172413793103,0.23292556551131868,0.19981708601440903,1,3,5,69.0,46.666666666666664,36.8,0.88,0.7433333333333333,0.5879999999999999,,,,7.75,10.333333333333334,1.5250000000000001,7.75,99,1,1,5.4,12.833333333333334,14.020000000000001,5.4,4.0,5.666666666666667,4.0,0.0,0.0,34.0,0.0,2026-08-21 11:12:46
2024,2,2024_02_CIN_KC,2024-09-15,00-0039824,J.Wiley,Jared Wiley,TE,KC,CIN,HOME,1,10,7,6.5,47.5,0,outdoors,grass,1.7000000000000002,validation,v1_prior_game,0,0,,,,,,1,1,0,0,0,0,,,,,,,,,,,,,,,,,,,,,,,,,,,,,,,,,,,,,,,,,,,,,,,,,,,0,0,0,,,,,,,,,,,,,,99,1,1,8.899999999999999,7.866666666666667,8.48,8.899999999999999,7.0,7.0,7.0,0.0,0.0,49.0,0.0,2026-08-21 11:12:46
2024,3,2024_03_GB_TEN,2024-09-22,00-0032394,N.Vannett,Nick Vannett,TE,TEN,GB,HOME,1,7,7,3.0,37.0,0,outdoors,grass,8.9,validation,v1_prior_game,54,1,2024.0,1.0,2024-09-08,TEN,14.0,0,0,1,1,1,0,3.1,2.733333333333333,2.52,0.9808159868191382,1.3,3.8,3.1,,0.0,0.0,0.0,0.0,0.0,0.0,0.0,0.0,2.0,2.3333,2.0,2.0,2.0,1.6667,1.4,2.0,1.6667,1.4,2.0,2.3333,2.0,2.0,0.0,0.0,0.0,0.0,11.0,10.6667,11.0,10.6667,0.0,0.0,0.07407407407407407,0.06718648473034437,0.0594785575048733,0.07407407407407407,0.0,0.027756557168321875,0.024056334165789475,0.1111111111111111,0.12020931711334187,0.10605727017336257,1,3,5,16.0,32.333333333333336,27.0,0.25,0.4766666666666666,0.406,,,,4.571428571428571,6.4,1.1714285714285713,4.571428571428571,100,2,1,7.3,7.866666666666667,11.040000000000001,8.25,5.0,5.333333333333333,5.5,0.0,0.0,42.5,0.0,2026-08-21 11:12:46
2024,3,2024_03_KC_ATL,2024-09-22,00-0034073,R.Dwelley,Ross Dwelley,TE,ATL,KC,HOME,1,6,7,-3.0,46.0,0,closed,fieldturf,0.0,validation,v1_prior_game,34,0,2023.0,7.0,2023-10-23,SF,335.0,0,1,1,1,1,1,2.2,2.9333333333333336,1.7600000000000002,2.8684490582891655,0.0,6.6000000000000005,,,0.0,0.0,0.0,,0.0,0.0,0.0,,1.0,1.0,0.8,,1.0,0.6667,0.4,1.0,0.6667,0.4,1.0,1.0,0.8,,0.0,0.0,0.0,0.0,12.0,22.6667,12.0,22.6667,0.0,0.0,0.034482758620689655,0.03820365458296492,0.030922192749778955,,0.0,0.08311571675302246,0.05384293998558831,0.05172413793103448,0.1154864836015631,0.08407334711458025,1,3,5,3.0,8.666666666666666,7.0,0.06,0.16,0.12800000000000003,,,,22.666666666666668,34.0,2.9333333333333336,22.666666666666668,100,2,1,29.1,26.0,18.96,29.3,16.0,13.666666666666666,15.0,0.0,0.0,138.0,0.5,2026-08-21 11:12:46
2024,3,2024_03_NYG_CLE,2024-09-22,00-0038115,D.Bellinger,Daniel Bellinger,TE,NYG,CLE,AWAY,0,7,7,6.5,38.0,0,outdoors,grass,2.7,validation,v1_prior_game,26,1,2024.0,1.0,2024-09-08,NYG,14.0,0,0,1,1,1,0,1.3,5.833333333333335,4.86,3.083504499753487,1.3,8.3,1.3,,0.0,0.0,0.0,0.0,0.0,0.0,0.0,0.0,1.0,3.3333,2.8,1.0,1.0,3.0,2.6,1.0,3.0,2.6,1.0,3.3333,2.8,1.0,0.0,0.0,0.0,0.0,3.0,28.3333,3.0,28.3333,0.0,0.0,0.02631578947368421,0.10468835907432399,0.09457772132694733,0.02631578947368421,0.009259259259259259,0.06349605830730327,0.051943501750569686,0.04595516569200779,0.20147977942659825,0.17822703321581976,1,3,5,16.0,29.333333333333332,34.6,0.23,0.43,0.548,,,,8.5,9.444444444444445,1.7500000000000004,8.5,101,2,1,12.8,7.7,11.24,8.65,8.0,5.666666666666667,6.5,0.0,0.0,46.5,0.0,2026-08-21 11:12:46
2024,4,2024_04_DAL_NYG,2024-09-26,00-0031484,C.Manhertz,Chris Manhertz,TE,NYG,DAL,HOME,1,4,4,-5.5,45.0,1,outdoors,fieldturf,0.0,validation,v1_prior_game,43,2,2024.0,3.0,2024-09-22,NYG,4.0,0,0,1,1,1,0,0.0,0.0,0.32,0.7155417527999328,0.0,1.6,0.0,0.0,0.0,0.0,0.0,0.0,0.0,0.0,0.0,0.0,0.0,0.0,0.2,0.0,0.0,0.0,0.2,0.0,0.0,0.2,0.0,0.0,0.2,0.0,0.0,0.0,0.0,0.0,0.0,0.0,0.0,0.0,0.0,0.0,0.0,0.0,0.006896551724137931,0.0,0.0,0.0,0.006,0.0,0.0,0.014544827586206895,1,3,5,27.0,25.666666666666668,26.4,0.38,0.39666666666666667,0.40199999999999997,,,,,,,,102,3,1,5.4,7.466666666666666,8.219999999999999,7.466666666666666,3.0,4.333333333333333,4.333333333333333,0.0,6.0,35.333333333333336,0.0,2026-08-21 11:12:46
2024,4,2024_04_CIN_CAR,2024-09-29,00-0036825,F.Franks,Feleipe Franks,TE,CAR,CIN,HOME,1,7,6,-4.5,47.0,0,outdoors,grass,0.0,validation,v1_prior_game,11,2,2024.0,2.0,2024-09-15,CAR,14.0,0,0,1,1,1,0,0.0,0.0,0.0,0.0,0.0,0.0,0.0,0.0,0.0,0.0,0.0,0.0,0.0,0.3333,0.2,0.0,0.0,0.0,0.0,0.0,0.0,0.0,0.0,0.0,0.3333,0.2,0.0,0.0,0.0,0.0,0.0,0.0,0.0,0.0,0.0,0.0,0.0,0.0,0.0,0.0,0.0,0.0,0.0,0.0,0.0,0.0,0.0,0.0,0.0,0.0,1,3,5,0.0,2.6666666666666665,3.2,0.0,0.04,0.05,,,0.0,,,,,101,3,1,8.8,7.0,7.140000000000001,7.0,5.0,5.333333333333333,5.333333333333333,0.0,0.3333333333333333,33.0,0.0,2026-08-21 11:12:46
2024,5,2024_05_NO_KC,2024-10-07,00-0035547,J.Fortson,Joseph Fortson,TE,KC,NO,HOME,1,8,8,5.5,43.0,0,outdoors,grass,1.5,validation,v1_prior_game,14,0,2022.0,15.0,2022-12-18,KC,659.0,0,1,1,1,1,0,0.0,2.0666666666666664,2.98,2.841126537132762,0.0,7.1000000000000005,,,0.0,0.0,0.0,,0.0,0.0,0.0,,1.0,1.6667,1.6,,0.0,1.0,1.2,0.0,1.0,1.2,1.0,1.6667,1.6,,0.0,0.0,0.0,0.0,0.0,10.6667,0.0,10.6667,0.0,0.0,0.024390243902439025,0.04964986195102844,0.04840742869135439,,0.01762114537444934,0.03515776590988143,0.0448110298149667,0.04892016761577308,0.09908522906345966,0.10397886390750828,1,3,5,12.0,13.0,12.8,0.16,0.18666666666666668,0.19,,,,6.4,10.666666666666666,1.2399999999999998,6.4,103,4,1,0.0,12.433333333333332,12.040000000000001,9.675,3.0,7.0,5.75,0.0,0.0,54.25,0.0,2026-08-21 11:12:46
2024,5,2024_05_GB_LA,2024-10-06,00-0036244,C.Parkinson,Colby Parkinson,TE,LA,GB,HOME,1,7,7,-3.0,49.5,0,dome,matrixturf,12.2,validation,v1_prior_game,39,4,2024.0,4.0,2024-09-29,LA,7.0,0,0,1,1,1,0,7.300000000000001,4.866666666666667,5.42,2.6166772823563855,2.2,8.7,5.824999999999999,2.834754545517712,0.0,0.0,0.0,0.0,0.0,0.0,0.0,0.0,7.0,4.6667,4.6,4.75,4.0,2.6667,3.0,4.0,2.6667,3.0,7.0,4.6667,4.6,4.75,0.0,0.0,0.0,0.0,33.0,22.0,33.0,22.0,0.0,0.0,0.2413793103448276,0.17761489625557592,0.15817150185590967,0.15925283885834862,0.15422885572139303,0.11877086203567007,0.08937503990742746,0.4700291645222165,0.34956194780833294,0.29981978071906373,1,3,5,53.0,51.0,53.0,0.87,0.8933333333333334,0.868,,,,4.714285714285714,8.25,1.042857142857143,4.714285714285714,102,4,1,12.5,13.5,11.360000000000001,12.425,4.0,6.0,6.0,0.0,0.0,44.25,0.5,2026-08-21 11:12:46
2024,5,2024_05_IND_JAX,2024-10-06,00-0037292,A.Ogletree,Andrew Ogletree,TE,IND,JAX,AWAY,0,7,7,3.5,45.0,1,outdoors,grass,1.5,validation,v1_prior_game,14,3,2024.0,4.0,2024-09-29,IND,7.0,0,0,1,1,1,0,8.5,3.5666666666666664,2.1399999999999997,3.6807607909235287,0.0,8.5,3.5666666666666664,4.411726797222753,0.0,0.0,0.0,0.0,0.0,0.0,0.0,0.0,1.0,1.0,1.2,1.0,1.0,0.6667,0.4,1.0,0.6667,0.4,1.0,1.0,1.2,1.0,0.0,0.0,0.0,0.0,15.0,9.0,15.0,9.0,1.0,0.3333,0.03571428571428571,0.03341013824884793,0.03797980614618984,0.03341013824884793,0.01524390243902439,0.025964834949554316,0.030863859667064265,0.06424216027874564,0.06829059183795992,0.07857441098622975,1,3,5,24.0,19.333333333333332,22.6,0.36,0.3233333333333333,0.36199999999999993,,,,9.0,13.5,3.5666666666666664,9.0,102,4,1,10.100000000000001,8.966666666666667,7.160000000000001,7.550000000000001,6.0,4.666666666666667,5.0,0.0,0.0,33.0,0.25,2026-08-21 11:12:46
2024,5,2024_05_LV_DEN,2024-10-06,00-0038783,N.Adkins,Nate Adkins,TE,DEN,LV,HOME,1,7,7,3.0,36.0,1,outdoors,grass,1.8,validation,v1_prior_game,8,3,2024.0,4.0,2024-09-29,DEN,7.0,0,0,1,1,1,0,1.0,0.8666666666666667,0.78,0.7429670248402683,0.0,1.6,0.8666666666666667,0.8082903768654761,0.0,0.0,0.0,0.0,0.0,0.0,0.0,0.0,1.0,1.0,0.8,1.0,1.0,0.6667,0.6,1.0,0.6667,0.6,1.0,1.0,0.8,1.0,0.0,0.0,0.0,0.0,0.0,2.0,0.0,2.0,0.0,0.0,0.04,0.03323826500297088,0.028276292335115867,0.03323826500297088,0.0,0.026277915632754344,0.013123577573485205,0.06,0.06825193844738436,0.05160094280411344,1,3,5,28.0,21.666666666666668,15.8,0.46,0.3433333333333333,0.256,,,,2.0,3.0,0.8666666666666667,2.0,102,4,1,12.3,11.1,8.8,10.225000000000001,5.0,6.0,5.5,0.0,0.0,44.75,0.25,2026-08-21 11:12:46
2024,5,2024_05_DAL_PIT,2024-10-06,00-0039530,B.Spann-Ford,Brevyn Spann-Ford,TE,DAL,PIT,AWAY,0,10,7,2.5,43.5,0,outdoors,grass,4.0,validation,v1_prior_game,3,3,2024.0,4.0,2024-09-26,DAL,10.0,0,0,1,1,0,0,0.0,0.0,0.0,0.0,0.0,0.0,0.0,0.0,0.0,0.0,0.0,0.0,0.0,0.0,0.0,0.0,0.0,0.3333,0.3333,0.3333,0.0,0.0,0.0,0.0,0.0,0.0,0.0,0.3333,0.3333,0.3333,0.0,0.0,0.0,0.0,0.0,0.0,0.0,0.0,0.0,0.0,0.0,0.008130081300813009,0.008130081300813009,0.008130081300813009,0.0,0.005797101449275362,0.005797101449275362,0.0,0.016253092965712267,0.016253092965712267,1,3,3,5.0,12.0,12.0,0.09,0.17,0.17,,,,0.0,,0.0,0.0,103,4,1,8.5,7.166666666666667,10.18,8.625,1.0,5.0,5.0,0.0,0.0,23.75,0.5,2026-08-21 11:12:46
2024,6,2024_06_TB_NO,2024-10-13,00-0034981,F.Moreau,Foster Moreau,TE,NO,TB,HOME,1,6,10,-3.5,42.5,1,dome,sportturf,7.4,validation,v1_prior_game,65,4,2024.0,5.0,2024-10-07,NO,6.0,0,0,1,1,1,0,9.3,3.5,5.220000000000001,6.282276657391013,0.0,14.3,6.2,6.798529252713413,0.0,0.0,0.0,0.0,0.0,0.0,0.0,0.0,2.0,1.3333,1.8,2.0,2.0,1.0,1.6,2.0,1.0,1.6,2.0,1.3333,1.8,2.0,0.0,0.0,0.0,0.0,13.0,5.0,13.0,5.0,1.0,0.3333,0.0625,0.049818840579710144,0.07122463768115941,0.07903079710144928,0.027227722772277228,0.0051076536225051076,0.03757680742606167,0.11280940594059406,0.0783036184053188,0.1331407217199823,1,3,5,28.0,38.333333333333336,41.2,0.53,0.68,0.682,,,,3.75,5.0,2.625,3.75,104,5,1,15.8,12.633333333333333,9.4,9.4,8.0,7.333333333333333,6.0,0.0,0.0,48.0,0.0,2026-08-21 11:12:46
2024,6,2024_06_CIN_NYG,2024-10-13,00-0038115,D.Bellinger,Daniel Bellinger,TE,NYG,CIN,HOME,1,7,7,-4.5,46.0,0,outdoors,fieldturf,0.0,validation,v1_prior_game,28,3,2024.0,4.0,2024-09-26,NYG,17.0,0,0,1,1,1,0,0.0,1.3333333333333333,4.040000000000001,3.8298825047251785,0.0,8.3,1.3333333333333333,1.3503086067019396,0.0,0.0,0.0,0.0,0.0,0.0,0.0,0.0,0.0,0.6667,2.2,0.6667,0.0,0.6667,2.0,0.0,0.6667,2.0,0.0,0.6667,2.2,0.6667,0.0,0.0,0.0,0.0,0.0,6.6667,0.0,6.6667,0.0,0.0,0.0,0.018872939925571503,0.06887362150520045,0.018872939925571503,0.0,0.02794022092267706,0.053009915686136354,0.0,0.047867564534231195,0.1404173732380961,1,3,5,13.0,18.333333333333332,25.4,0.19,0.26,0.368,,,,10.0,10.0,2.0,10.0,103,5,1,41.400000000000006,17.933333333333334,13.2,13.2,12.0,6.666666666666667,6.2,0.0,0.6,49.4,0.6,2026-08-21 11:12:46
2024,7,2024_07_CIN_CLE,2024-10-20,00-0032141,G.Swaim,Geoff Swaim,TE,CLE,CIN,HOME,1,7,7,-5.5,42.0,1,outdoors,grass,0.0,validation,v1_prior_game,59,1,2024.0,6.0,2024-10-13,CLE,7.0,0,0,1,1,1,0,0.0,2.1999999999999997,2.02,1.8579558659989748,0.0,3.6,0.0,,0.0,0.0,0.0,0.0,0.0,0.0,0.0,0.0,0.0,1.0,1.0,0.0,0.0,1.0,1.0,0.0,1.0,1.0,0.0,1.0,1.0,0.0,0.0,0.0,0.0,0.0,0.0,12.0,0.0,12.0,0.0,0.0,0.0,0.03775743707093821,0.03644756569083879,0.0,0.0,0.043676464559504774,0.03414811700285088,0.0,0.08720968079806064,0.0785750304382538,1,3,5,19.0,22.666666666666668,22.4,0.33,0.3433333333333333,0.33999999999999997,,,,12.0,12.0,2.1999999999999997,12.0,104,6,1,6.0,17.000000000000004,12.620000000000001,12.0,3.0,6.0,5.666666666666667,0.0,0.5,46.166666666666664,0.5,2026-08-21 11:12:46
2024,7,2024_07_DEN_NO,2024-10-17,00-0036422,A.Trautman,Adam Trautman,TE,DEN,NO,AWAY,0,4,4,-2.5,37.0,0,dome,sportturf,0.0,validation,v1_prior_game,52,3,2024.0,5.0,2024-10-06,DEN,11.0,0,0,1,1,1,0,2.9000000000000004,1.7333333333333334,2.04,1.2361229712289956,0.0,3.1,1.7333333333333334,1.530795000427338,0.0,0.0,0.0,0.0,0.0,0.0,0.0,0.0,1.0,1.0,1.2,1.0,1.0,0.6667,0.8,1.0,0.6667,0.8,1.0,1.0,1.2,1.0,0.0,0.0,0.0,0.0,19.0,10.6667,19.0,10.6667,0.0,0.0,0.038461538461538464,0.03056094232564821,0.03791989872872226,0.03056094232564821,0.027777777777777776,0.0196046486369067,0.02456630989447419,0.07713675213675214,0.059564667534307,0.07407626501921533,1,3,5,34.0,34.666666666666664,33.8,0.54,0.5233333333333333,0.514,,,,10.666666666666666,16.0,1.7333333333333334,10.666666666666666,105,6,1,9.5,10.633333333333333,13.839999999999998,11.766666666666666,6.0,7.333333333333333,7.0,0.0,0.0,56.0,0.16666666666666666,2026-08-21 11:12:46
2024,7,2024_07_BAL_TB,2024-10-21,00-0037311,K.Kieft,Ko Kieft,TE,TB,BAL,HOME,1,8,8,-4.5,51.0,0,outdoors,grass,0.0,validation,v1_prior_game,24,1,2024.0,2.0,2024-09-15,TB,36.0,0,0,1,1,1,0,0.0,2.4,1.44,3.2199378875996976,0.0,7.2,0.0,,0.0,0.0,0.0,0.0,0.0,0.0,0.0,0.0,0.0,0.3333,0.4,0.0,0.0,0.3333,0.2,0.0,0.3333,0.2,0.0,0.3333,0.4,0.0,0.0,0.0,0.0,0.0,0.0,0.6667,0.0,0.6667,0.0,0.3333,0.0,0.012345679012345678,0.014303959131545339,0.0,0.0,0.0,0.007067137809187279,0.0,0.018518518518518517,0.026402935163749103,1,3,5,1.0,10.333333333333334,8.8,0.02,0.15333333333333335,0.132,,,,2.0,2.0,7.2,2.0,105,6,1,10.8,9.866666666666665,13.500000000000004,13.433333333333332,5.0,5.666666666666667,8.0,0.0,0.0,72.66666666666667,0.0,2026-08-21 11:12:46
2024,7,2024_07_CAR_WAS,2024-10-20,00-0039686,C.Yankoff,Colson Yankoff,TE,WAS,CAR,HOME,1,7,7,10.0,51.0,0,outdoors,grass,0.0,validation,v1_prior_game,3,3,2024.0,5.0,2024-10-06,WAS,14.0,0,0,1,1,0,0,0.0,0.0,0.0,0.0,0.0,0.0,0.0,0.0,0.0,0.0,0.0,0.0,0.0,0.0,0.0,0.0,0.0,0.0,0.0,0.0,0.0,0.0,0.0,0.0,0.0,0.0,0.0,0.0,0.0,0.0,0.0,0.0,0.0,0.0,0.0,0.0,0.0,0.0,0.0,0.0,0.0,0.0,0.0,0.0,0.0,0.0,0.0,0.0,0.0,0.0,1,3,3,1.0,0.3333333333333333,0.3333333333333333,0.01,0.0033333333333333335,0.0033333333333333335,,,,,,,,105,6,1,10.0,10.266666666666666,9.4,12.75,5.0,5.666666666666667,6.5,0.0,5.833333333333333,53.333333333333336,0.3333333333333333,2026-08-21 11:12:46
2024,8,2024_08_KC_LV,2024-10-27,00-0030506,T.Kelce,Travis Kelce,TE,KC,LV,AWAY,0,7,7,-9.0,42.0,1,dome,grass,25.0,validation,v1_prior_game,101,6,2024.0,7.0,2024-10-20,KC,7.0,0,0,1,1,1,0,5.7,12.533333333333333,9.24,6.441506035082168,1.6,16.0,8.766666666666667,5.876960665740981,0.0,0.0,0.0,0.0,0.0,0.0,0.2,0.1667,5.0,8.0,6.4,6.0,4.0,6.6667,5.0,4.0,6.6667,5.2,5.0,8.0,6.4,6.0,0.0,0.0,0.0,0.0,17.0,58.6667,17.0,58.6667,0.0,0.0,0.2,0.2718487394957983,0.21697397799699591,0.2055030063555213,0.1792452830188679,0.302288727783395,0.2460296967148466,0.42547169811320756,0.619375218692074,0.49768175469588644,1,3,5,54.0,57.666666666666664,57.8,0.77,0.8033333333333333,0.818,,,,7.333333333333333,8.8,1.5666666666666667,7.333333333333333,105,7,1,6.7,6.133333333333333,7.32,8.471428571428573,3.0,3.3333333333333335,4.571428571428571,0.0,0.0,39.0,0.14285714285714285,2026-08-21 11:12:46
2024,8,2024_08_DAL_SF,2024-10-27,00-0033576,E.Saubert,Eric Saubert,TE,SF,DAL,HOME,1,7,14,5.5,48.0,0,outdoors,grass,0.0,validation,v1_prior_game,45,3,2024.0,3.0,2024-09-22,SF,35.0,0,0,1,1,1,0,6.1000000000000005,3.5666666666666664,2.68,2.556755756813701,0.0,6.1000000000000005,3.5666666666666664,3.1785741037976973,0.0,0.0,0.0,0.0,0.0,0.0,0.0,0.0,2.0,1.6667,1.4,1.6667,2.0,1.3333,1.2,2.0,1.3333,1.2,2.0,1.6667,1.4,1.6667,0.0,0.0,0.0,0.0,41.0,22.3333,41.0,22.3333,0.0,0.0,0.06666666666666667,0.052234993614303955,0.04548491676411587,0.052234993614303955,0.06402439024390244,0.062450803401235204,0.037620918070170165,0.14481707317073172,0.12206805280232058,0.09456201779529293,1,3,5,61.0,35.333333333333336,27.4,0.86,0.49666666666666665,0.404,,,,13.4,16.75,2.1399999999999997,13.4,105,6,1,12.2,8.833333333333334,6.959999999999999,8.15,2.0,2.6666666666666665,3.5,0.0,3.0,31.833333333333332,0.3333333333333333,2026-08-21 11:12:46
2024,8,2024_08_MIN_LA,2024-10-24,00-0035249,J.Oliver,Josh Oliver,TE,MIN,LA,AWAY,0,4,4,-3.0,47.5,0,dome,matrixturf,11.0,validation,v1_prior_game,43,4,2024.0,7.0,2024-10-20,MIN,4.0,0,0,1,1,1,0,1.5,3.5,4.0600000000000005,3.4975705854206858,0.0,9.0,3.8,3.9824615503479754,0.0,0.0,0.0,0.0,0.0,0.0,0.0,0.0,1.0,1.3333,1.8,1.5,1.0,1.0,1.4,1.0,1.0,1.4,1.0,1.3333,1.8,1.5,0.0,0.0,0.0,0.0,5.0,5.0,5.0,5.0,0.0,0.3333,0.038461538461538464,0.050845204178537516,0.06185191522704161,0.05987303356868574,0.023255813953488372,0.059546354550013614,0.06039447939667484,0.07397137745974955,0.11795025445281578,0.1350540084182348,1,3,5,35.0,37.333333333333336,35.4,0.58,0.5833333333333334,0.55,,,,3.75,5.0,2.625,3.75,104,6,1,23.200000000000003,18.133333333333336,16.4,15.283333333333333,16.0,8.0,6.5,0.0,0.0,67.83333333333333,0.5,2026-08-21 11:12:46
2024,8,2024_08_BUF_SEA,2024-10-27,00-0035644,N.Fant,Noah Fant,TE,SEA,BUF,HOME,1,7,7,-3.0,45.5,0,outdoors,fieldturf,5.2,validation,v1_prior_game,85,7,2024.0,7.0,2024-10-20,SEA,7.0,0,0,1,1,1,0,10.5,9.4,8.959999999999999,3.6895799218881273,4.6,12.3,7.185714285714285,4.277627290694602,0.0,0.0,0.0,0.0,0.0,0.0,0.0,0.0,4.0,4.3333,4.2,4.0,4.0,4.3333,4.2,4.0,4.3333,4.2,4.0,4.3333,4.2,4.0,0.0,0.0,0.0,0.0,65.0,50.6667,65.0,50.6667,0.0,0.0,0.14285714285714285,0.11492673992673992,0.11286685013100106,0.1134430989307815,0.07936507936507936,0.07214794382935975,0.09469366670304508,0.2698412698412698,0.22289367057066176,0.23558584188863319,1,3,5,32.0,42.0,41.0,0.53,0.6366666666666666,0.584,,,,11.692307692307692,11.692307692307692,2.1692307692307695,11.692307692307692,105,7,1,21.9,12.533333333333331,10.66,11.085714285714285,12.0,8.666666666666666,8.285714285714286,0.0,0.0,45.142857142857146,0.14285714285714285,2026-08-21 11:12:46
2024,8,2024_08_CHI_WAS,2024-10-27,00-0036628,J.Bates,John Bates,TE,WAS,CHI,HOME,1,7,14,1.5,46.5,0,outdoors,grass,3.0,validation,v1_prior_game,41,5,2024.0,7.0,2024-10-20,WAS,7.0,0,0,1,1,1,0,0.0,0.6333333333333333,0.6799999999999999,0.9418067742376882,0.0,1.9,0.6799999999999999,0.9418067742376882,0.0,0.0,0.0,0.0,0.0,0.0,0.0,0.0,0.0,0.3333,0.6,0.6,0.0,0.3333,0.4,0.0,0.3333,0.4,0.0,0.3333,0.6,0.6,0.0,0.0,0.0,0.0,0.0,3.0,0.0,3.0,0.0,0.0,0.0,0.011111111111111112,0.02189655172413793,0.02189655172413793,0.0,0.005747126436781609,0.006844997173544374,0.0,0.020689655172413793,0.03763632560768796,1,3,5,29.0,30.0,28.6,0.42,0.4466666666666667,0.43199999999999994,,,,9.0,9.0,1.9,9.0,104,6,1,20.300000000000004,10.533333333333335,8.98,9.583333333333334,12.0,8.666666666666666,6.166666666666667,0.0,0.0,45.833333333333336,0.16666666666666666,2026-08-21 11:12:46
2024,9,2024_09_NE_TEN,2024-11-03,00-0033090,H.Henry,Hunter Henry,TE,NE,TEN,AWAY,0,7,7,3.0,38.5,0,outdoors,grass,12.600000000000001,validation,v1_prior_game,79,8,2024.0,8.0,2024-10-27,NE,7.0,0,0,1,1,1,0,9.5,13.266666666666667,9.64,5.708152065248438,3.2,17.200000000000003,9.225000000000001,6.483330272982507,0.0,0.0,0.0,0.0,0.0,0.0,0.0,0.0,6.0,6.6667,5.4,5.625,5.0,5.3333,4.0,5.0,5.3333,4.0,6.0,6.6667,5.4,5.625,0.0,0.0,0.0,0.0,45.0,59.3333,45.0,59.3333,0.0,0.3333,0.20689655172413793,0.20606229143492769,0.1690540415276233,0.2000881237808515,0.149812734082397,0.21313633579144084,0.17923763988106262,0.4152137414438848,0.4582888722064002,0.3790474102081788,1,3,5,57.0,52.0,52.4,0.85,0.81,0.828,,,,8.9,11.125,1.9900000000000002,8.9,106,7,1,24.6,15.600000000000001,11.2,8.614285714285716,7.0,8.0,5.428571428571429,0.0,0.0,33.285714285714285,0.2857142857142857,2026-08-21 11:12:46
2024,10,2024_10_ATL_NO,2024-11-10,00-0033357,T.Hill,Taysom Hill,TE,NO,ATL,HOME,1,7,7,-3.5,46.5,1,dome,sportturf,7.0,validation,v1_prior_game,96,5,2024.0,9.0,2024-11-03,NO,7.0,0,0,1,1,1,0,16.0,12.206666666666669,8.824,5.964551952996972,2.9000000000000004,16.0,8.824,5.964551952996972,1.0,0.6667,0.4,0.4,5.0,5.0,4.6,4.6,5.0,3.0,2.4,2.4,4.0,2.0,1.6,9.0,7.0,6.2,5.0,3.0,2.4,2.4,0.0,1.0,19.0,21.0,41.0,20.6667,60.0,41.6667,1.0,1.0,0.17857142857142858,0.09461152882205515,0.08676691729323309,0.08676691729323309,0.03414634146341464,0.02688598979013046,0.035781680629428186,0.2917595818815331,0.16073748608617403,0.15519755238044936,1,3,5,35.0,26.333333333333332,25.6,0.44,0.3466666666666667,0.366,0.5,1.5,4.2,6.888888888888889,10.333333333333334,4.068888888888889,14.222222222222221,108,9,1,14.100000000000001,18.400000000000002,14.5,13.366666666666665,10.0,8.333333333333334,6.888888888888889,0.0,2.6666666666666665,52.111111111111114,0.4444444444444444,2026-08-21 11:12:46
2024,10,2024_10_MIA_LA,2024-11-11,00-0039074,D.Allen,Davis Allen,TE,LA,MIA,HOME,1,8,8,2.5,49.5,0,dome,matrixturf,8.4,validation,v1_prior_game,10,3,2024.0,9.0,2024-11-03,LA,8.0,0,0,1,1,1,0,1.5,0.5,1.6,2.8151376520518494,0.0,6.5,0.5,0.8660254037844386,0.0,0.0,0.0,0.0,0.0,0.0,0.0,0.0,3.0,1.6667,1.8,1.6667,1.0,0.3333,1.0,1.0,0.3333,1.0,3.0,1.6667,1.8,1.6667,0.0,0.0,0.0,0.0,5.0,1.6667,5.0,1.6667,0.0,0.0,0.07142857142857142,0.03816137566137566,0.057679434092477576,0.03816137566137566,0.04357798165137615,0.012283518391293068,0.022464450657417347,0.13764744429882045,0.06584052636596864,0.1022442665989085,1,3,5,42.0,17.0,21.0,0.55,0.22333333333333336,0.296,,,,1.0,5.0,0.3,1.0,107,8,1,15.899999999999999,14.033333333333331,10.44,9.899999999999999,13.0,10.333333333333334,7.625,0.0,0.0,44.0,0.125,2026-08-21 11:12:46
2024,11,2024_11_SEA_SF,2024-11-17,00-0038643,B.Willis,Brayden Willis,TE,SF,SEA,HOME,1,7,14,6.0,49.0,1,outdoors,grass,0.0,validation,v1_prior_game,1,0,2023.0,4.0,2023-10-01,SF,413.0,0,1,1,0,0,0,0.0,0.0,0.0,,0.0,0.0,,,0.0,0.0,0.0,,0.0,0.0,0.0,,0.0,0.0,0.0,,0.0,0.0,0.0,0.0,0.0,0.0,0.0,0.0,0.0,,0.0,0.0,0.0,0.0,0.0,0.0,0.0,0.0,0.0,0.0,0.0,0.0,0.0,,0.0,0.0,0.0,0.0,0.0,0.0,1,1,1,1.0,1.0,1.0,0.02,0.02,0.02,,,,,,,,107,9,1,2.9,12.166666666666666,13.820000000000002,12.877777777777778,4.0,7.333333333333333,7.222222222222222,0.0,0.0,55.44444444444444,0.3333333333333333,2026-08-21 11:12:46
2024,11,2024_11_LV_MIA,2024-11-17,00-0038720,J.Hill,Julian Hill,TE,MIA,LV,HOME,1,6,14,8.0,43.5,0,outdoors,grass,4.800000000000001,validation,v1_prior_game,17,7,2024.0,10.0,2024-11-11,MIA,6.0,0,0,1,1,1,0,0.0,1.8333333333333333,1.98,2.1522081683703367,0.0,4.4,1.6428571428571428,1.9060055463867733,0.0,0.0,0.0,0.0,0.0,0.0,0.0,0.0,1.0,2.0,1.6,1.5714,0.0,1.3333,1.2,0.0,1.3333,1.2,1.0,2.0,1.6,1.5714,0.0,0.0,0.0,0.0,0.0,5.0,0.0,5.0,0.0,0.0,0.03571428571428571,0.06852358168147642,0.05401737481533746,0.05027410084407417,0.032679738562091505,0.03790843310325168,0.033424671512436444,0.07644724556489262,0.12932127569449078,0.1044233322817117,1,3,5,29.0,28.666666666666668,30.2,0.55,0.4633333333333334,0.462,,,,2.5,3.75,0.9166666666666666,2.5,107,9,1,46.199999999999996,27.73333333333333,18.98,15.08888888888889,15.0,11.333333333333334,7.0,0.0,0.0,59.77777777777778,0.5555555555555556,2026-08-21 11:12:46
2024,13,2024_13_LAC_ATL,2024-12-01,00-0037475,S.Smartt,Stone Smartt,TE,LAC,ATL,AWAY,0,6,14,-1.0,47.0,0,closed,fieldturf,1.3,validation,v1_prior_game,19,4,2024.0,8.0,2024-10-27,LAC,35.0,0,0,1,1,1,0,0.0,2.033333333333333,1.9,1.8920887928424501,0.0,4.1,1.525,1.9585283590832514,0.0,0.0,0.0,0.0,0.0,0.0,0.0,0.0,0.0,1.0,1.2,0.75,0.0,0.6667,0.8,0.0,0.6667,0.8,0.0,1.0,1.2,0.75,0.0,0.0,0.0,0.0,0.0,13.6667,0.0,13.6667,0.0,0.0,0.0,0.02877070619006103,0.030595757047369953,0.021578029642545772,0.0,0.048919597285321664,0.049481628501063135,0.0,0.0773997773848167,0.08053077552179912,1,3,5,1.0,6.0,10.0,0.02,0.08666666666666667,0.13,,,,13.666666666666666,20.5,2.033333333333333,13.666666666666666,110,11,1,8.2,11.166666666666666,14.920000000000002,12.699999999999996,2.0,6.333333333333333,6.454545454545454,0.0,3.4545454545454546,49.0,0.45454545454545453,2026-08-21 11:12:46
2024,13,2024_13_ARI_MIN,2024-12-01,00-0037744,T.McBride,Trey McBride,TE,ARI,MIN,AWAY,0,7,7,3.5,45.5,0,dome,sportturf,21.6,validation,v1_prior_game,39,10,2024.0,12.0,2024-11-24,ARI,7.0,0,0,1,1,1,0,25.3,16.366666666666667,16.12,6.8060267410582505,10.100000000000001,25.3,13.570000000000002,6.111019191227888,0.0,0.0,0.0,0.0,0.0,0.3333,0.2,0.1,15.0,8.0,8.4,8.0,12.0,6.3333,6.6,12.0,6.6667,6.8,15.0,8.0,8.4,8.0,0.0,0.0,0.0,0.6667,133.0,79.6667,133.0,80.3333,0.0,0.3333,0.4411764705882353,0.28667870657034744,0.2946738906088751,0.2775876907639117,0.3157894736842105,0.30195985459143354,0.287000015659255,0.8828173374613002,0.6413899580695246,0.642910846874791,1,3,5,56.0,50.0,53.6,0.97,0.86,0.9,,,2.0,9.958333333333334,12.578947368421053,2.0458333333333334,10.041666666666666,110,11,1,13.4,12.866666666666667,9.66,10.663636363636364,10.0,9.666666666666666,6.909090909090909,0.0,0.0,46.63636363636363,0.18181818181818182,2026-08-21 11:12:46
2024,15,2024_15_CHI_MIN,2024-12-16,00-0035229,T.Hockenson,T.J. Hockenson,TE,MIN,CHI,HOME,1,8,8,7.0,43.5,1,dome,sportturf,10.2,validation,v1_prior_game,78,6,2024.0,14.0,2024-12-08,MIN,8.0,0,0,1,1,1,0,8.5,10.9,10.24,6.3657678248582075,3.3,18.4,9.483333333333333,5.987793138266106,0.0,0.0,0.0,0.0,0.0,0.0,0.0,0.0,5.0,6.6667,6.4,6.0,4.0,4.6667,4.8,4.0,4.6667,4.8,5.0,6.6667,6.4,6.0,0.0,0.0,0.0,0.0,45.0,62.3333,45.0,62.3333,0.0,0.0,0.17857142857142858,0.2199404761904762,0.20061293436293437,0.18737946550446552,0.13745704467353953,0.18314972734738574,0.15892189932434192,0.3640770741286205,0.45811552342888434,0.4121647310714409,1,3,5,37.0,39.666666666666664,38.6,0.62,0.6466666666666666,0.5760000000000001,,,,9.35,13.357142857142858,1.6350000000000002,9.35,111,13,1,22.5,20.166666666666668,14.459999999999999,12.738461538461538,7.0,8.0,6.846153846153846,0.0,0.15384615384615385,62.61538461538461,0.3076923076923077,2026-08-21 11:12:46
2024,15,2024_15_IND_DEN,2024-12-15,00-0038394,W.Mallory,Will Mallory,TE,IND,DEN,AWAY,0,14,13,4.5,43.5,0,outdoors,grass,0.0,validation,v1_prior_game,17,6,2024.0,13.0,2024-12-01,IND,14.0,0,0,1,1,1,0,1.7000000000000002,1.2333333333333334,1.04,0.96591925128346,0.0,2.0,1.1500000000000001,0.9049861877399015,0.0,0.0,0.0,0.0,0.0,0.0,0.0,0.0,1.0,1.3333,1.2,1.1667,1.0,0.6667,0.6,1.0,0.6667,0.6,1.0,1.3333,1.2,1.1667,0.0,0.0,0.0,0.0,7.0,5.6667,7.0,5.6667,0.0,0.0,0.041666666666666664,0.044918074756784436,0.04159730950053531,0.03836812828748313,0.017766497461928935,0.030210124090996552,0.03341914706262168,0.07493654822335025,0.08852419899887425,0.08578936719463814,1,3,5,5.0,9.666666666666666,8.4,0.08,0.15333333333333335,0.13,,,,4.25,8.5,0.925,4.25,112,13,1,26.2,13.5,14.179999999999998,12.115384615384613,19.0,11.666666666666666,8.538461538461538,0.0,0.0,44.23076923076923,0.38461538461538464,2026-08-21 11:12:46
2024,15,2024_15_WAS_NO,2024-12-15,00-0039912,B.Sinnott,Ben Sinnott,TE,WAS,NO,AWAY,0,14,7,-7.5,44.5,0,dome,sportturf,1.7000000000000002,validation,v1_prior_game,6,6,2024.0,13.0,2024-12-01,WAS,14.0,0,0,1,1,1,0,1.3,1.1666666666666667,2.4200000000000004,3.577988261579403,0.0,8.6,2.016666666666667,3.3492785292756206,0.0,0.0,0.0,0.0,0.0,0.0,0.0,0.0,1.0,0.6667,0.8,0.6667,1.0,0.6667,0.8,1.0,0.6667,0.8,1.0,0.6667,0.8,0.6667,0.0,0.0,0.0,0.0,3.0,5.0,3.0,5.0,0.0,0.0,0.03333333333333333,0.028654970760233916,0.03319298245614035,0.027660818713450292,0.012048192771084338,0.014117074358038212,0.008470244614822927,0.058433734939759036,0.052864408190977624,0.05571864491458658,1,3,5,24.0,23.0,26.0,0.29,0.32666666666666666,0.37,,,,7.5,7.5,1.75,7.5,112,13,1,9.5,11.266666666666666,11.2,10.984615384615385,7.0,7.333333333333333,7.0,0.0,0.0,55.23076923076923,0.07692307692307693,2026-08-21 11:12:46
2024,16,2024_16_SF_MIA,2024-12-22,00-0038720,J.Hill,Julian Hill,TE,MIA,SF,HOME,1,7,10,-2.0,44.0,0,outdoors,grass,0.0,validation,v1_prior_game,21,11,2024.0,14.0,2024-12-08,MIA,14.0,0,0,1,1,1,0,2.4000000000000004,1.9000000000000001,2.1000000000000005,1.7492855684535904,0.0,4.800000000000001,2.0,1.760113632695344,0.0,0.0,0.0,0.0,0.0,0.0,0.0,0.0,1.0,1.3333,1.6,1.6364,1.0,1.0,1.0,1.0,1.0,1.0,1.0,1.3333,1.6,1.6364,0.0,0.0,0.0,0.0,14.0,9.0,14.0,9.0,0.0,0.0,0.022222222222222223,0.03132045088566828,0.04307798481711525,0.0483267585708918,0.02127659574468085,0.020976380967945314,0.05282964146172481,0.04822695035460993,0.06166414300606413,0.10159772624888024,1,3,5,32.0,29.0,30.8,0.44,0.41333333333333333,0.47000000000000003,,,,6.75,9.0,1.425,6.75,113,14,1,7.8,5.933333333333334,6.619999999999999,8.799999999999999,7.0,3.6666666666666665,5.642857142857143,0.0,0.0,35.142857142857146,0.21428571428571427,2026-08-21 11:12:46
2024,17,2024_17_IND_NYG,2024-12-29,00-0036876,K.Granson,Kylen Granson,TE,IND,NYG,AWAY,0,7,7,-7.5,40.5,0,outdoors,fieldturf,6.4,validation,v1_prior_game,52,14,2024.0,15.0,2024-12-15,IND,14.0,0,0,1,1,1,0,7.7,2.566666666666667,2.5200000000000005,3.230634612580011,0.0,7.7,1.7214285714285713,2.366814987871504,0.0,0.0,0.0,0.0,0.0,0.0,0.0,0.0,4.0,3.0,2.6,1.6429,3.0,1.0,1.2,3.0,1.0,1.2,4.0,3.0,2.6,1.6429,0.0,0.0,0.0,0.0,47.0,15.6667,47.0,15.6667,0.0,0.0,0.1111111111111111,0.10537037037037038,0.08893650793650794,0.059830416998134676,0.06628242074927954,0.1330774783462292,0.09044690108641248,0.21306436119116234,0.251209790397916,0.19671759266525063,1,3,5,27.0,31.333333333333332,30.0,0.36,0.5066666666666667,0.472,,,,5.222222222222222,15.666666666666666,0.8555555555555556,5.222222222222222,113,15,1,1.7000000000000002,12.933333333333335,10.940000000000001,8.726666666666665,4.0,5.333333333333333,4.533333333333333,0.0,0.0,37.93333333333333,0.2,2026-08-21 11:12:46
2024,17,2024_17_ATL_WAS,2024-12-29,00-0036970,K.Pitts,Kyle Pitts,TE,ATL,WAS,AWAY,0,7,7,3.5,46.5,0,outdoors,grass,14.4,validation,v1_prior_game,59,15,2024.0,16.0,2024-12-22,ATL,7.0,0,0,1,1,1,0,1.7000000000000002,3.633333333333334,2.56,2.5363359398943985,0.0,6.800000000000001,7.553333333333334,6.975658357732948,0.0,0.0,0.0,0.0,0.0,0.0,0.0,0.0,2.0,4.0,3.4,4.4,1.0,2.0,1.4,1.0,2.0,1.4,2.0,4.0,3.4,4.4,0.0,0.0,0.0,0.0,7.0,16.3333,7.0,16.3333,0.0,0.0,0.07692307692307693,0.16302841302841303,0.1290330187789353,0.1426609059293878,0.06962025316455696,0.18225427092711446,0.15102683031749295,0.16411879259980527,0.37212060919159967,0.29926830939064797,1,3,5,30.0,37.0,37.6,0.45,0.5433333333333333,0.558,,,,4.083333333333333,8.166666666666666,0.9083333333333335,4.083333333333333,113,15,1,0.0,8.566666666666668,11.14,10.866666666666667,0.0,5.666666666666667,5.4,0.0,0.0,40.0,0.4666666666666667,2026-08-21 11:12:46
2024,18,2024_18_BUF_NE,2025-01-05,00-0036590,Q.Morris,Quintin Morris,TE,BUF,NE,AWAY,0,7,8,-3.0,36.5,1,outdoors,fieldturf,5.0,validation,v1_prior_game,20,9,2024.0,17.0,2024-12-29,BUF,7.0,0,0,1,1,1,0,0.0,0.0,0.4800000000000001,1.0733126291998991,0.0,2.4000000000000004,1.0666666666666669,2.4331050121192876,0.0,0.0,0.0,0.0,0.0,0.0,0.0,0.0,1.0,0.3333,0.6,0.4444,0.0,0.0,0.2,0.0,0.0,0.2,1.0,0.3333,0.6,0.4444,0.0,0.0,0.0,0.0,0.0,0.0,0.0,0.0,0.0,0.0,0.037037037037037035,0.012345679012345678,0.02378167641325536,0.016298462204894955,0.11764705882352941,0.0392156862745098,0.05648307971837383,0.13790849673202615,0.04596949891067539,0.07521067042274472,1,3,5,14.0,5.333333333333333,13.6,0.2,0.07666666666666667,0.20400000000000001,,,,0.0,,0.0,0.0,115,16,1,10.200000000000001,13.966666666666669,15.520000000000001,12.206249999999999,6.0,9.666666666666666,7.25,0.0,-0.0625,52.125,0.3125,2026-08-21 11:12:46
2024,18,2024_18_WAS_DAL,2025-01-05,00-0036628,J.Bates,John Bates,TE,WAS,DAL,AWAY,0,7,7,-7.0,43.5,1,closed,matrixturf,0.0,validation,v1_prior_game,48,12,2024.0,17.0,2024-12-29,WAS,7.0,0,0,1,1,1,0,2.4000000000000004,1.3333333333333333,1.6,1.5247950681976907,0.0,3.7,1.2000000000000002,1.3375690296545106,0.0,0.0,0.0,0.0,0.0,0.0,0.0,0.0,1.0,1.0,1.4,1.0,1.0,0.6667,1.0,1.0,0.6667,1.0,1.0,1.0,1.4,1.0,0.0,0.0,0.0,0.0,14.0,6.6667,14.0,6.6667,0.0,0.0,0.02857142857142857,0.02953575695511179,0.042353807114243545,0.031672943633639344,0.023346303501945526,0.009127977513191521,0.014765905258548723,0.05919955530850472,0.05069321969190175,0.07386684435234943,1,3,5,43.0,36.333333333333336,31.6,0.52,0.47000000000000003,0.42400000000000004,,,,6.666666666666667,10.0,1.3333333333333333,6.666666666666667,115,16,1,4.4,5.266666666666667,7.56,9.5,3.0,4.333333333333333,4.6875,0.0,1.125,40.125,0.3125,2026-08-21 11:12:46
2024,18,2024_18_NYG_PHI,2025-01-05,00-0038498,E.Jenkins,E.J. Jenkins,TE,PHI,NYG,HOME,1,7,7,3.0,36.5,1,outdoors,grass,7.7,validation,v1_prior_game,1,1,2024.0,17.0,2024-12-29,PHI,7.0,0,0,1,0,0,0,0.0,0.0,0.0,,0.0,0.0,0.0,,0.0,0.0,0.0,0.0,0.0,0.0,0.0,0.0,1.0,1.0,1.0,1.0,0.0,0.0,0.0,0.0,0.0,0.0,1.0,1.0,1.0,1.0,0.0,0.0,0.0,0.0,0.0,0.0,0.0,0.0,0.0,0.0,0.05555555555555555,0.05555555555555555,0.05555555555555555,0.05555555555555555,0.025906735751295335,0.025906735751295335,0.025906735751295335,0.10146804835924006,0.10146804835924006,0.10146804835924006,1,1,1,11.0,11.0,11.0,0.17,0.17,0.17,,,,0.0,,0.0,0.0,114,16,1,6.4,7.400000000000001,10.700000000000001,8.581249999999999,5.0,4.333333333333333,4.5625,0.0,0.0,37.6875,0.1875,2026-08-21 11:12:46
2024,1,2024_01_TEN_CHI,2024-09-08,00-0030564,D.Hopkins,DeAndre Hopkins,WR,TEN,CHI,AWAY,0,7,7,4.0,43.0,0,outdoors,grass,1.8,validation,v1_prior_game,83,0,2023.0,18.0,2024-01-07,TEN,245.0,0,1,1,1,1,0,17.6,11.933333333333332,13.060000000000002,9.172676817592562,4.0,25.4,,,1.0,0.3333,0.2,,0.0,0.0,0.0,,10.0,7.0,8.4,,7.0,5.3333,5.0,7.0,5.3333,5.0,10.0,7.0,8.4,,0.0,0.0,0.0,0.0,46.0,46.0,46.0,46.0,1.0,0.3333,0.38461538461538464,0.2748717948717949,0.30082051282051286,,0.4825174825174825,0.34009575556338145,0.40255269196208837,0.9146853146853147,0.6503747212020593,0.7330176536042311,1,3,5,43.0,48.0,47.6,0.78,0.8166666666666668,0.772,0.0,0.0,,6.571428571428571,8.625,1.7047619047619047,6.571428571428571,99,0,1,55.800000000000004,29.46666666666667,31.0,,23.0,17.333333333333332,,,,,,2026-08-21 11:12:46
2024,1,2024_01_DEN_SEA,2024-09-08,00-0038543,J.Smith-Njigba,Jaxon Smith-Njigba,WR,SEA,DEN,HOME,1,7,7,6.5,42.0,0,outdoors,fieldturf,3.9000000000000004,validation,v1_prior_game,17,0,2023.0,18.0,2024-01-07,SEA,245.0,0,1,1,1,1,0,4.4,8.233333333333334,9.200000000000001,4.21604079676656,4.4,14.8,,,0.0,0.0,0.0,,0.0,0.0,0.0,,5.0,4.6667,5.0,,3.0,3.3333,3.6,3.0,3.3333,3.6,5.0,4.6667,5.0,,0.0,0.0,0.0,0.0,14.0,29.0,14.0,29.0,0.0,0.3333,0.19230769230769232,0.14911939911939912,0.1596329297942201,,0.0935672514619883,0.09759393694965383,0.13426658699535868,0.35395861448493027,0.2919948545438564,0.33343600558808123,1,3,5,36.0,36.0,38.4,0.65,0.65,0.6699999999999999,,,,6.214285714285714,8.7,1.7642857142857145,6.214285714285714,99,0,1,52.5,38.03333333333334,37.08,,19.0,19.0,,,,,,2026-08-21 11:12:46
2024,1,2024_01_NE_CIN,2024-09-08,00-0038619,A.Iosivas,Andrei Iosivas,WR,CIN,NE,HOME,1,7,7,8.0,40.5,0,outdoors,fieldturf,5.6,validation,v1_prior_game,11,0,2023.0,18.0,2024-01-07,CIN,245.0,0,1,1,1,1,0,20.6,9.9,6.459999999999999,8.403451671783447,0.0,20.6,,,0.0,0.0,0.0,,0.0,0.0,0.0,,7.0,5.6667,3.8,,5.0,3.3333,2.2,5.0,3.3333,2.2,7.0,5.6667,3.8,,0.0,0.0,0.0,0.0,36.0,25.6667,36.0,25.6667,2.0,0.6667,0.25,0.16666666666666666,0.11600000000000002,,0.3979591836734694,0.2441985030784616,0.18742819275616787,0.6535714285714285,0.4209389521549231,0.3051997349293175,1,3,5,59.0,41.0,28.8,0.92,0.6333333333333333,0.466,,,,4.529411764705882,7.7,1.747058823529412,4.529411764705882,99,0,1,8.200000000000001,20.233333333333338,24.54,,13.0,15.0,,,,,,2026-08-21 11:12:46
2024,2,2024_02_CIN_KC,2024-09-15,00-0038576,C.Jones,Charlie Jones,WR,CIN,KC,AWAY,0,7,10,6.5,47.5,0,outdoors,grass,0.0,validation,v1_prior_game,12,1,2024.0,1.0,2024-09-08,CIN,7.0,0,0,1,1,1,0,1.5,3.5666666666666664,2.92,3.676547293317468,0.0,9.2,1.5,,0.0,0.0,0.0,0.0,0.0,0.6667,0.4,0.0,1.0,1.3333,1.6,1.0,1.0,1.3333,1.4,1.0,2.0,1.8,1.0,1.3333,1.6,1.0,0.0,0.0,0.0,4.3333,5.0,18.0,5.0,22.3333,0.0,0.0,0.034482758620689655,0.04720853858784893,0.04832512315270936,0.034482758620689655,0.030864197530864196,0.12593432434702276,0.09541261191939612,0.07332907620263943,0.15896683492468933,0.1392765130726413,1,3,5,8.0,9.666666666666666,8.0,0.16,0.16333333333333333,0.132,,,6.5,13.5,13.5,2.675,16.75,100,1,1,20.0,20.933333333333334,17.94,20.0,16.0,18.333333333333332,16.0,0.0,14.0,96.0,0.0,2026-08-21 11:12:46
2024,3,2024_03_NYG_CLE,2024-09-22,00-0036133,J.Proche,James Proche,WR,CLE,NYG,HOME,1,7,7,6.5,38.0,0,outdoors,grass,0.0,validation,v1_prior_game,42,1,2024.0,2.0,2024-09-15,CLE,7.0,0,0,1,1,1,0,0.0,0.0,0.0,0.0,0.0,0.0,0.0,,0.0,0.0,0.0,0.0,0.0,0.0,0.0,0.0,0.0,1.3333,0.8,0.0,0.0,0.0,0.0,0.0,0.0,0.0,0.0,1.3333,0.8,0.0,0.0,0.0,0.0,0.0,0.0,0.0,0.0,0.0,0.0,0.0,0.0,0.05333333333333334,0.032,0.0,0.0,0.07183908045977011,0.043103448275862065,0.0,0.13028735632183908,0.07817241379310344,1,3,5,1.0,17.0,10.2,0.01,0.31666666666666665,0.19,,,,0.0,,0.0,0.0,101,2,1,24.900000000000002,31.133333333333336,34.62,28.200000000000003,18.0,18.0,14.5,0.0,0.0,112.0,1.0,2026-08-21 11:12:46
2024,4,2024_04_JAX_HOU,2024-09-29,00-0034928,S.Sims,Steven Sims,WR,HOU,JAX,HOME,1,7,6,5.5,44.5,1,closed,astroturf,0.0,validation,v1_prior_game,46,3,2024.0,3.0,2024-09-22,HOU,7.0,0,0,1,1,1,0,0.0,0.0,0.22000000000000003,0.49193495504995377,0.0,1.1,0.0,0.0,0.0,0.0,0.0,0.0,0.0,0.0,0.2,0.0,0.0,0.0,0.2,0.0,0.0,0.0,0.2,0.0,0.0,0.4,0.0,0.0,0.2,0.0,0.0,0.0,0.0,0.0,0.0,0.0,0.0,0.0,0.0,0.0,0.0,0.0,0.0058823529411764705,0.0,0.0,0.0,-0.0014492753623188406,0.0,0.0,0.007809036658141516,1,3,5,0.0,0.0,1.6,0.0,0.0,0.022,,,,,,,,102,3,1,38.1,38.0,31.98,38.0,14.0,20.0,20.0,0.0,1.0,179.0,1.0,2026-08-21 11:12:46
2024,4,2024_04_CLE_LV,2024-09-29,00-0036527,D.Turner,DJ Turner,WR,LV,CLE,HOME,1,7,7,-2.5,36.5,0,dome,grass,7.8,validation,v1_prior_game,15,3,2024.0,3.0,2024-09-22,LV,7.0,0,0,1,1,1,0,0.0,0.7000000000000001,0.42000000000000004,0.8318653737234167,0.0,1.9,0.7000000000000001,1.0440306508910548,0.0,0.0,0.0,0.0,0.0,0.3333,0.2,0.3333,0.0,0.3333,0.2,0.3333,0.0,0.3333,0.2,0.0,0.6667,0.4,0.0,0.3333,0.2,0.3333,0.0,0.0,0.0,0.6667,0.0,3.0,0.0,3.6667,0.0,0.0,0.0,0.010416666666666666,0.00625,0.010416666666666666,0.0,-0.0044742729306487695,-0.0026845637583892616,0.0,0.012493008948545862,0.007495805369127517,1,3,5,8.0,7.0,5.4,0.13,0.11333333333333334,0.088,,,2.0,9.0,9.0,2.1,11.0,102,3,1,43.0,34.03333333333333,33.480000000000004,34.03333333333333,23.0,19.666666666666668,19.666666666666668,0.0,12.666666666666666,137.66666666666666,1.0,2026-08-21 11:12:46
2024,4,2024_04_KC_LAC,2024-09-29,00-0036646,S.Fehoko,Simi Fehoko,WR,LAC,KC,HOME,1,7,7,-7.5,41.5,1,dome,matrixturf,0.0,validation,v1_prior_game,6,1,2024.0,3.0,2024-09-22,LAC,7.0,0,0,1,1,1,0,2.7,3.5333333333333337,2.56,3.2315630892804803,0.0,7.9,2.7,,0.0,0.0,0.0,0.0,0.0,0.0,0.0,0.0,3.0,1.6667,1.2,3.0,1.0,0.6667,0.6,1.0,0.6667,0.6,3.0,1.6667,1.2,3.0,0.0,0.0,0.0,0.0,17.0,8.6667,17.0,8.6667,0.0,0.3333,0.15789473684210525,0.07017543859649122,0.0487719298245614,0.15789473684210525,0.17553191489361702,0.092993396918562,0.06217054014316907,0.3597144456886898,0.17035853573773027,0.11667727283706046,1,3,5,33.0,16.333333333333332,11.6,0.72,0.31666666666666665,0.22000000000000003,,,,5.2,13.0,2.12,5.2,102,3,1,39.0,29.46666666666667,26.24,29.46666666666667,20.0,17.666666666666668,17.666666666666668,0.0,11.333333333333334,113.33333333333333,1.0,2026-08-21 11:12:46
2024,4,2024_04_NE_SF,2024-09-29,00-0039365,J.Cowing,Jacob Cowing,WR,SF,NE,HOME,1,7,10,10.5,41.5,0,outdoors,grass,0.0,validation,v1_prior_game,3,3,2024.0,3.0,2024-09-22,SF,7.0,0,0,1,1,0,0,0.0,0.0,0.0,0.0,0.0,0.0,0.0,0.0,0.0,0.0,0.0,0.0,0.0,0.0,0.0,0.0,0.0,0.0,0.0,0.0,0.0,0.0,0.0,0.0,0.0,0.0,0.0,0.0,0.0,0.0,0.0,0.0,0.0,0.0,0.0,0.0,0.0,0.0,0.0,0.0,0.0,0.0,0.0,0.0,0.0,0.0,0.0,0.0,0.0,0.0,1,3,3,0.0,0.0,0.0,0.0,0.0,0.0,,,,,,,,102,3,1,38.1,40.06666666666666,29.7,40.06666666666666,18.0,22.666666666666668,22.666666666666668,0.0,0.0,170.66666666666666,1.0,2026-08-21 11:12:46
2024,5,2024_05_BAL_CIN,2024-10-06,00-0031549,N.Agholor,Nelson Agholor,WR,BAL,CIN,AWAY,0,7,7,-2.5,48.5,1,outdoors,fieldturf,1.4,validation,v1_prior_game,91,4,2024.0,4.0,2024-09-29,BAL,7.0,0,0,1,1,1,0,3.0,3.966666666666667,4.48,3.133209217399949,1.6,8.9,3.375,2.2246722605064027,0.0,0.0,0.0,0.0,0.0,0.0,0.0,0.0,3.0,2.3333,2.6,2.0,2.0,1.3333,2.0,2.0,1.3333,2.0,3.0,2.3333,2.6,2.0,0.0,0.0,0.0,0.0,10.0,26.3333,10.0,26.3333,0.0,0.0,0.16666666666666666,0.1100358422939068,0.10948304383788254,0.0887768817204301,0.2608695652173913,0.19011577383455278,0.1515050227937918,0.43260869565217386,0.29813480512504714,0.270278081712478,1,3,5,29.0,34.333333333333336,38.0,0.51,0.5533333333333333,0.608,,,,11.285714285714286,19.75,1.7,11.285714285714286,102,4,1,46.300000000000004,36.699999999999996,30.96,31.175000000000004,29.0,18.333333333333332,17.0,0.0,3.75,135.5,1.0,2026-08-21 11:12:46
2024,5,2024_05_IND_JAX,2024-10-06,00-0039890,A.Mitchell,Adonai Mitchell,WR,IND,JAX,AWAY,0,7,7,3.5,45.0,1,outdoors,grass,9.16,validation,v1_prior_game,4,4,2024.0,4.0,2024-09-29,IND,7.0,0,0,1,1,0,0,1.0,1.6666666666666667,1.55,1.7156145643277025,0.0,4.0,1.55,1.7156145643277025,0.0,0.0,0.0,0.0,1.0,0.3333,0.25,0.25,3.0,2.6667,3.25,3.25,0.0,0.3333,0.5,1.0,0.6667,0.75,3.0,2.6667,3.25,3.25,0.0,0.0,10.0,3.3333,0.0,10.0,10.0,13.3333,0.0,0.0,0.10714285714285714,0.09724355692097626,0.1387221413749427,0.1387221413749427,0.20426829268292682,0.20440255905461857,0.21900704749609212,0.30370209059233444,0.2889471267196974,0.36138814530967855,1,3,4,13.0,17.666666666666668,20.5,0.2,0.30666666666666664,0.38999999999999996,,,10.0,3.75,30.0,0.625,5.0,103,4,1,55.300000000000004,42.366666666666674,39.28000000000001,42.325,28.0,23.0,22.0,0.0,2.25,193.5,1.25,2026-08-21 11:12:46
2024,6,2024_06_HOU_NE,2024-10-13,00-0038608,K.Boutte,Kayshon Boutte,WR,NE,HOU,HOME,1,7,7,-6.5,38.5,0,outdoors,fieldturf,14.9,validation,v1_prior_game,6,3,2024.0,5.0,2024-10-06,NE,7.0,0,0,1,1,1,0,5.4,2.9,2.5200000000000005,1.6513630733427462,1.2,5.4,2.9,2.2113344387495983,0.0,0.0,0.0,0.0,0.0,0.0,0.0,0.0,2.0,1.6667,1.6,1.6667,2.0,1.3333,1.2,2.0,1.3333,1.2,2.0,1.6667,1.6,1.6667,0.0,0.0,0.0,0.0,34.0,15.6667,34.0,15.6667,0.0,0.0,0.06666666666666667,0.06041666666666667,0.05537087912087911,0.06041666666666667,0.11510791366906475,0.05517150687891923,0.0988190331596096,0.18057553956834532,0.12924505481524345,0.15222964189304541,1,3,5,40.0,24.333333333333332,22.0,0.67,0.4166666666666667,0.358,,,,9.4,11.75,1.7399999999999998,9.4,104,5,1,17.5,31.96666666666667,32.17999999999999,32.17999999999999,18.0,19.666666666666668,19.0,0.0,3.0,136.8,1.4,2026-08-21 11:12:46
2024,6,2024_06_LAC_DEN,2024-10-13,00-0039915,L.McConkey,Ladd McConkey,WR,LAC,DEN,AWAY,0,14,7,-3.0,37.0,1,outdoors,grass,8.3,validation,v1_prior_game,4,4,2024.0,4.0,2024-09-29,LAC,14.0,0,0,1,1,0,0,17.7,9.9,11.149999999999999,6.162521129105089,4.6,17.7,11.149999999999999,6.162521129105089,0.0,0.0,0.0,0.0,0.0,0.0,0.0,0.0,7.0,5.6667,6.0,6.0,5.0,3.3333,3.75,5.0,3.3333,3.75,7.0,5.6667,6.0,6.0,0.0,0.0,0.0,0.0,67.0,45.6667,67.0,45.6667,1.0,0.3333,0.25925925925925924,0.2618583495776478,0.26639376218323585,0.26639376218323585,0.23316062176165803,0.3247651245115692,0.3003223096413456,0.5521013241220495,0.6201231115245701,0.6098162600237957,1,3,4,43.0,36.666666666666664,37.0,0.77,0.66,0.6625000000000001,,,,8.058823529411764,13.7,1.7470588235294118,8.058823529411764,104,5,1,20.5,24.433333333333337,21.560000000000002,21.560000000000002,18.0,19.0,16.2,0.0,2.8,104.8,0.2,2026-08-21 11:12:46
2024,7,2024_07_KC_SF,2024-10-20,00-0035719,D.Samuel,Deebo Samuel Sr.,WR,SF,KC,HOME,1,10,13,2.5,47.5,0,outdoors,grass,0.0,validation,v1_prior_game,71,5,2024.0,6.0,2024-10-10,SF,10.0,0,0,1,1,1,0,20.700000000000003,11.300000000000002,14.120000000000001,7.388301563959068,3.0,20.700000000000003,14.120000000000001,7.388301563959068,0.0,0.0,0.0,0.0,4.0,3.0,3.8,3.8,5.0,4.3333,6.4,6.4,3.0,2.3333,4.0,7.0,5.3333,7.8,5.0,4.3333,6.4,6.4,0.0,0.0,15.0,12.6667,102.0,57.0,117.0,69.6667,1.0,0.3333,0.18518518518518517,0.1570809591642925,0.21187309657137243,0.21187309657137243,0.1971153846153846,0.14393476414814535,0.21297854971258023,0.415758547008547,0.33637577365014054,0.4668946296558648,1,3,5,53.0,51.0,53.2,0.82,0.7966666666666667,0.798,,,4.222222222222222,13.153846153846153,24.428571428571427,2.607692307692308,16.076923076923077,104,5,1,22.8,29.466666666666665,27.560000000000002,27.560000000000002,17.0,17.666666666666668,17.2,0.0,7.6,110.0,1.0,2026-08-21 11:12:46
2024,7,2024_07_NYJ_PIT,2024-10-20,00-0037247,G.Pickens,George Pickens,WR,PIT,NYJ,HOME,1,7,6,-3.0,40.0,0,outdoors,grass,22.1,validation,v1_prior_game,40,6,2024.0,6.0,2024-10-13,PIT,7.0,0,0,1,1,1,0,8.3,10.066666666666666,9.16,4.607385375676752,4.9,16.3,9.883333333333333,4.485718077038131,0.0,0.0,0.0,0.0,0.0,0.0,0.0,0.1667,8.0,8.6667,7.4,7.3333,3.0,4.3333,4.0,3.0,4.3333,4.0,8.0,8.6667,7.4,7.3333,0.0,0.0,0.0,0.0,53.0,64.0,53.0,64.0,0.0,0.0,0.34782608695652173,0.3202689520624303,0.2817671060044833,0.28783622470070575,0.5550660792951542,0.45169756778777054,0.4156345281334774,0.9102853859413904,0.7965917255450848,0.713594828700159,1,3,5,45.0,46.333333333333336,48.0,0.67,0.7066666666666667,0.726,,,,7.384615384615385,14.76923076923077,1.1615384615384614,7.384615384615385,105,6,1,24.700000000000003,21.1,22.759999999999998,24.78333333333333,12.0,16.666666666666668,16.166666666666668,0.0,7.0,104.16666666666667,0.8333333333333334,2026-08-21 11:12:46
2024,8,2024_08_BUF_SEA,2024-10-27,00-0033555,M.Hollins,Mack Hollins,WR,BUF,SEA,AWAY,0,7,7,-3.0,45.5,0,outdoors,fieldturf,0.0,validation,v1_prior_game,74,7,2024.0,7.0,2024-10-20,BUF,7.0,0,0,1,1,1,0,0.0,4.166666666666667,3.3200000000000003,3.034303874037668,0.0,7.8,3.8714285714285714,4.026460101923394,0.0,0.0,0.0,0.0,0.0,0.0,0.0,0.0,1.0,3.0,3.4,2.8571,0.0,1.0,1.0,0.0,1.0,1.0,1.0,3.0,3.4,2.8571,0.0,0.0,0.0,0.0,0.0,11.6667,0.0,11.6667,0.0,0.3333,0.03125,0.1083676911544228,0.12279839247043145,0.10807200566383475,0.06060606060606061,0.1601478773892567,0.18610914236490114,0.08929924242424242,0.2746550509041139,0.314473988361078,1,3,5,41.0,40.0,40.4,0.75,0.6533333333333333,0.658,,,,3.888888888888889,11.666666666666666,1.3888888888888888,3.888888888888889,106,7,1,33.2,37.833333333333336,35.396,31.011428571428578,21.0,18.333333333333332,16.428571428571427,1.0,2.7142857142857144,125.57142857142857,1.1428571428571428,2026-08-21 11:12:46
2024,8,2024_08_GB_JAX,2024-10-27,00-0036196,G.Davis,Gabe Davis,WR,JAX,GB,HOME,1,7,7,-3.5,49.0,0,outdoors,grass,0.0,validation,v1_prior_game,69,7,2024.0,7.0,2024-10-20,JAX,7.0,0,0,1,1,1,0,2.3,9.533333333333333,6.639999999999999,8.444110373508863,0.8,21.5,7.1000000000000005,6.960842860841878,0.0,0.0,0.0,0.0,0.0,0.0,0.0,0.0,2.0,4.6667,5.0,5.0,1.0,3.0,2.4,1.0,3.0,2.4,2.0,4.6667,5.0,5.0,0.0,0.0,0.0,0.0,13.0,32.0,13.0,32.0,0.0,0.6667,0.1,0.14873949579831933,0.14776642475171886,0.16514087426570842,0.11711711711711711,0.20296060766649002,0.19250472904317817,0.231981981981982,0.365181669064022,0.35640294745780304,1,3,5,42.0,43.333333333333336,46.0,0.69,0.7200000000000001,0.742,,,,6.857142857142857,10.666666666666666,2.042857142857143,6.857142857142857,106,7,1,9.4,22.3,29.119999999999997,30.271428571428572,12.0,17.0,17.857142857142858,0.0,2.0,130.71428571428572,1.1428571428571428,2026-08-21 11:12:46
2024,8,2024_08_BAL_CLE,2024-10-27,00-0038979,C.Tillman,Cedric Tillman,WR,CLE,BAL,HOME,1,7,6,-7.5,44.5,1,outdoors,grass,28.9,validation,v1_prior_game,16,5,2024.0,7.0,2024-10-20,CLE,7.0,0,0,1,1,1,0,18.1,6.333333333333333,4.3,7.754031209635412,-0.5,18.1,4.3,7.754031209635412,0.0,0.0,0.0,0.0,0.0,0.3333,0.2,0.2,12.0,4.6667,3.4,3.4,8.0,3.0,2.2,8.0,3.3333,2.4,12.0,4.6667,3.4,3.4,0.0,0.0,0.0,-1.6667,81.0,28.3333,81.0,26.6667,0.0,0.0,0.25,0.10238095238095239,0.07820094634048122,0.07820094634048122,0.3557422969187675,0.13588180370187292,0.07198816172879452,0.6240196078431373,0.24868869116273962,0.167693132720878,1,3,5,69.0,37.333333333333336,32.8,0.82,0.5066666666666667,0.44399999999999995,,,-5.0,6.071428571428571,9.444444444444445,1.3571428571428572,5.714285714285714,106,7,1,35.7,51.53333333333334,44.2,42.714285714285715,24.0,25.0,21.428571428571427,0.0,6.0,179.71428571428572,1.7142857142857142,2026-08-21 11:12:46
2024,8,2024_08_NO_LAC,2024-10-27,00-0039614,J.Jackson,Jermaine Jackson,WR,NO,LAC,AWAY,0,10,6,7.0,41.5,0,dome,matrixturf,0.0,validation,v1_prior_game,1,1,2024.0,7.0,2024-10-17,NO,10.0,0,0,1,0,0,0,0.0,0.0,0.0,,0.0,0.0,0.0,,0.0,0.0,0.0,0.0,0.0,0.0,0.0,0.0,0.0,0.0,0.0,0.0,0.0,0.0,0.0,0.0,0.0,0.0,0.0,0.0,0.0,0.0,0.0,0.0,0.0,0.0,0.0,0.0,0.0,0.0,0.0,0.0,0.0,0.0,0.0,0.0,0.0,0.0,0.0,0.0,0.0,0.0,1,1,1,0.0,0.0,0.0,0.0,0.0,0.0,,,,,,,,105,6,1,15.1,25.53333333333333,24.3,24.650000000000002,12.0,13.333333333333334,13.166666666666666,0.0,1.3333333333333333,113.5,0.8333333333333334,2026-08-21 11:12:46
2024,9,2024_09_CHI_ARI,2024-11-03,00-0031763,D.Carter,DeAndre Carter,WR,CHI,ARI,AWAY,0,7,7,1.5,44.5,0,closed,grass,0.0,validation,v1_prior_game,100,7,2024.0,8.0,2024-10-27,CHI,7.0,0,0,1,1,1,0,1.7000000000000002,0.5666666666666668,1.3800000000000001,2.258760722166029,0.0,5.2,2.1,2.5839246635044657,0.0,0.0,0.0,0.0,0.0,0.0,0.0,0.0,1.0,0.3333,1.4,1.8571,1.0,0.3333,0.8,1.0,0.3333,0.8,1.0,0.3333,1.4,1.8571,0.0,0.0,0.0,0.0,7.0,2.3333,7.0,2.3333,0.0,0.0,0.047619047619047616,0.015873015873015872,0.034523809523809526,0.05131880338342233,0.01910828025477707,0.006369426751592356,0.024971934344090847,0.08480436760691537,0.028268122535638457,0.06926606832657786,1,3,5,3.0,2.3333333333333335,12.8,0.05,0.03666666666666667,0.148,,,,7.0,7.0,1.7000000000000002,7.0,107,8,1,23.3,36.800000000000004,36.160000000000004,34.275,16.0,18.0,17.5,0.0,3.5,156.75,1.0,2026-08-21 11:12:46
2024,9,2024_09_LV_CIN,2024-11-03,00-0034960,J.Meyers,Jakobi Meyers,WR,LV,CIN,AWAY,0,7,7,8.0,45.0,0,outdoors,fieldturf,18.5,validation,v1_prior_game,75,6,2024.0,8.0,2024-10-27,LV,7.0,0,0,1,1,1,0,17.2,13.433333333333332,13.680000000000001,5.688321369261761,6.9,21.2,12.966666666666667,5.379467135940758,0.0,0.0,0.0,0.0,0.0,0.0,0.0,0.1667,7.0,8.6667,8.0,7.1667,6.0,5.6667,5.6,6.0,5.6667,5.6,7.0,8.6667,8.0,7.1667,0.0,0.0,0.0,0.0,52.0,57.6667,52.0,57.6667,1.0,0.3333,0.25925925925925924,0.308641975308642,0.2591168091168091,0.2315556742640076,0.2028985507246377,0.33689691950561523,0.2868801814770079,0.5309178743961352,0.6987908066168935,0.5894913407091191,1,3,5,47.0,57.333333333333336,58.0,0.81,0.9166666666666666,0.9219999999999999,,,,6.653846153846154,10.176470588235293,1.5499999999999998,6.653846153846154,106,8,1,33.9,29.900000000000002,35.46,31.962500000000002,13.0,21.333333333333332,19.75,0.0,3.0,146.625,0.75,2026-08-21 11:12:46
2024,10,2024_10_MIN_JAX,2024-11-10,00-0034487,T.Sherfield,Trent Sherfield,WR,MIN,JAX,AWAY,0,7,7,-7.0,42.5,0,outdoors,grass,2.1,validation,v1_prior_game,73,6,2024.0,9.0,2024-11-03,MIN,7.0,0,0,1,1,1,0,1.7000000000000002,3.233333333333333,2.66,3.08188254156449,0.0,8.0,2.6666666666666665,2.7565679143940325,0.0,0.0,0.0,0.0,0.0,0.0,0.0,0.0,1.0,0.6667,0.8,1.0,1.0,0.6667,0.8,1.0,0.6667,0.8,1.0,0.6667,0.8,1.0,0.0,0.0,0.0,0.0,7.0,5.6667,7.0,5.6667,0.0,0.3333,0.030303030303030304,0.024593763724198508,0.03016366564192651,0.039025276923827644,0.01702127659574468,0.01336606655755592,0.018099532686213834,0.05736943907156673,0.0462468921765869,0.057915171343239445,1,3,5,10.0,5.666666666666667,10.8,0.14,0.09000000000000001,0.16600000000000004,,,,8.5,8.5,4.85,8.5,108,9,1,30.100000000000005,26.500000000000004,35.132,38.32888888888889,12.0,14.333333333333334,19.22222222222222,2.6666666666666665,2.6666666666666665,175.11111111111111,1.2222222222222223,2026-08-21 11:12:46
2024,10,2024_10_DET_HOU,2024-11-10,00-0034928,S.Sims,Steven Sims,WR,HOU,DET,HOME,1,10,7,-4.5,49.0,0,closed,astroturf,0.0,validation,v1_prior_game,49,6,2024.0,9.0,2024-10-31,HOU,10.0,0,0,1,1,1,0,0.0,0.0,0.0,0.0,0.0,0.0,0.0,0.0,0.0,0.0,0.0,0.0,0.0,0.3333,0.2,0.1667,0.0,0.0,0.0,0.0,0.0,0.0,0.0,0.0,0.3333,0.2,0.0,0.0,0.0,0.0,0.0,0.0,0.0,0.0,0.0,0.0,0.0,0.0,0.0,0.0,0.0,0.0,0.0,0.0,0.0,0.0,0.0,0.0,0.0,0.0,1,3,5,5.0,2.6666666666666665,1.6,0.06,0.03666666666666667,0.022,,,0.0,,,,,107,8,1,34.7,38.733333333333334,39.339999999999996,41.412499999999994,23.0,22.0,27.125,0.0,3.875,209.0,0.625,2026-08-21 11:12:46
2024,10,2024_10_MIA_LA,2024-11-11,00-0036427,T.Johnson,Tyler Johnson,WR,LA,MIA,HOME,1,8,8,2.5,49.5,0,dome,matrixturf,5.5,validation,v1_prior_game,34,7,2024.0,9.0,2024-11-03,LA,8.0,0,0,1,1,1,0,6.800000000000001,6.033333333333334,4.62,3.9104986894256846,0.0,9.7,5.714285714285714,4.504230815366286,0.0,0.0,0.0,0.0,0.0,0.0,0.0,0.0,5.0,4.3333,3.6,4.0,3.0,2.6667,2.2,3.0,2.6667,2.2,5.0,4.3333,3.6,4.0,0.0,0.0,0.0,0.0,38.0,33.6667,38.0,33.6667,0.0,0.0,0.11904761904761904,0.15554706731177317,0.13500740080685403,0.13314020692553066,0.07568807339449542,0.13993447250327984,0.11144950203556256,0.23155307994757535,0.33127473171995564,0.2805257526351748,1,3,5,29.0,35.333333333333336,29.0,0.38,0.5566666666666666,0.466,,,,7.769230769230769,12.625,1.3923076923076925,7.769230769230769,107,8,1,30.1,30.26666666666667,25.4,25.8125,15.0,15.666666666666666,14.375,0.0,3.375,118.5,0.625,2026-08-21 11:12:46
2024,10,2024_10_SF_TB,2024-11-10,00-0038821,R.Jarrett,Rakim Jarrett,WR,TB,SF,HOME,1,6,14,-6.5,50.5,0,outdoors,grass,3.0,validation,v1_prior_game,9,2,2024.0,9.0,2024-11-04,TB,6.0,0,0,1,1,1,0,1.9,5.2666666666666675,3.54,3.4645346007797357,0.0,8.8,5.3500000000000005,4.879036790187179,0.0,0.0,0.0,0.0,0.0,0.0,0.0,0.0,1.0,2.0,1.8,2.0,1.0,1.6667,1.2,1.0,1.6667,1.2,1.0,2.0,1.8,2.0,0.0,0.0,0.0,0.0,9.0,36.0,9.0,36.0,0.0,0.0,0.03225806451612903,0.04799569457581787,0.0441820321301061,0.04873772791023843,0.028368794326241134,0.09488053201786277,0.07653616234797257,0.06824525280256234,0.13840991427623073,0.11984836183873995,1,3,5,46.0,26.666666666666668,19.6,0.84,0.4366666666666667,0.316,,,,18.0,21.6,2.6333333333333337,18.0,107,8,1,50.7,38.266666666666666,29.72,32.475,25.0,23.0,19.0,0.0,6.75,144.25,1.0,2026-08-21 11:12:46
2024,11,2024_11_LV_MIA,2024-11-17,00-0036527,D.Turner,DJ Turner,WR,LV,MIA,AWAY,0,14,6,8.0,43.5,0,outdoors,grass,5.9,validation,v1_prior_game,21,9,2024.0,9.0,2024-11-03,LV,14.0,0,0,1,1,1,0,0.0,5.633333333333333,5.0600000000000005,4.992294061851726,0.0,13.2,3.9111111111111114,4.395009796474987,0.0,0.0,0.0,0.0,0.0,0.6667,0.6,0.5556,0.0,3.6667,3.8,2.3333,0.0,2.0,1.8,0.0,2.6667,2.4,0.0,3.6667,3.8,2.3333,0.0,0.0,0.0,2.6667,0.0,13.6667,0.0,16.3333,0.0,0.3333,0.0,0.11604938271604938,0.11347347347347347,0.07114267044822602,0.0,0.13272597356198643,0.16165239085988092,0.0,0.2669822555674646,0.2833668838121268,1,3,5,21.0,42.333333333333336,44.2,0.34,0.6066666666666667,0.6460000000000001,,,4.0,3.727272727272727,6.833333333333333,1.5363636363636362,4.454545454545454,108,9,1,44.2,38.233333333333334,31.24,27.855555555555554,31.0,20.666666666666668,16.22222222222222,0.0,3.0,131.11111111111111,0.5555555555555556,2026-08-21 11:12:46
2024,12,2024_12_PIT_CLE,2024-11-21,00-0036407,J.Jeudy,Jerry Jeudy,WR,CLE,PIT,HOME,1,4,4,-3.5,36.5,1,outdoors,grass,14.5,validation,v1_prior_game,67,10,2024.0,11.0,2024-11-17,CLE,4.0,0,0,1,1,1,0,26.200000000000003,17.8,12.14,9.334505878727594,2.8,26.200000000000003,10.9,6.972644962837115,0.0,0.0,0.0,0.0,0.0,0.0,0.0,0.0,11.0,10.0,7.8,7.2,6.0,6.0,4.0,6.0,6.0,4.0,11.0,10.0,7.8,7.2,0.0,0.0,0.0,0.0,142.0,98.0,142.0,98.0,1.0,0.3333,0.24444444444444444,0.2262322768155218,0.1868263226110522,0.18903891636442066,0.31533477321814257,0.2780884668268732,0.32943872974059707,0.5874010079193664,0.534010342002094,0.5108465947349962,1,3,5,62.0,69.33333333333333,68.0,0.85,0.94,0.9359999999999999,,,,9.8,16.333333333333332,1.7800000000000002,9.8,109,10,1,18.7,28.000000000000004,27.4,28.93,15.0,20.666666666666668,18.8,0.0,1.4,147.9,0.5,2026-08-21 11:12:46
2024,12,2024_12_ARI_SEA,2024-11-24,00-0038752,J.Bobo,Jake Bobo,WR,SEA,ARI,HOME,1,7,14,-1.0,46.5,1,outdoors,fieldturf,1.8,validation,v1_prior_game,21,7,2024.0,9.0,2024-11-03,SEA,21.0,0,0,1,1,1,0,0.0,0.8333333333333334,1.52,1.6452963258939102,0.0,3.8,2.442857142857143,2.1930626551751335,0.0,0.0,0.0,0.0,0.0,0.0,0.0,0.0,1.0,1.0,1.6,1.8571,0.0,0.3333,0.8,0.0,0.3333,0.8,1.0,1.0,1.6,1.8571,0.0,0.0,0.0,0.0,0.0,5.0,0.0,5.0,0.0,0.0,0.029411764705882353,0.03405436248573503,0.042227489286312814,0.044893263989063785,0.04297994269340974,0.07284931589105981,0.06443900760918671,0.07420360694421034,0.10207606485234443,0.1084485392558999,1,3,5,42.0,36.666666666666664,24.8,0.53,0.59,0.39,,,,5.0,15.0,0.8333333333333334,5.0,109,10,1,19.400000000000002,24.333333333333332,32.02,32.39,22.0,21.333333333333332,18.8,0.0,2.8,150.1,0.8,2026-08-21 11:12:46
2024,14,2024_14_CHI_SF,2024-12-08,00-0030279,K.Allen,Keenan Allen,WR,CHI,SF,AWAY,0,10,7,3.0,43.5,0,outdoors,grass,6.0,validation,v1_prior_game,94,10,2024.0,13.0,2024-11-28,CHI,10.0,0,0,1,1,1,0,24.3,18.666666666666668,14.6,8.5641695452624,7.6,24.3,11.81,7.858109752916976,0.0,0.0,0.0,0.0,0.0,0.0,0.0,0.0,8.0,10.3333,9.4,7.9,5.0,6.0,5.4,5.0,6.0,5.4,8.0,10.3333,9.4,7.9,0.0,0.0,0.0,0.0,73.0,66.6667,73.0,66.6667,2.0,1.0,0.2222222222222222,0.26647855817382243,0.2615965366136952,0.25635834041864386,0.21946564885496184,0.2876953323418343,0.2853311393787249,0.4869592875318066,0.6011045699000176,0.5921266024856501,1,3,5,64.0,66.0,64.6,0.96,0.9233333333333333,0.9260000000000002,,,,6.451612903225806,11.11111111111111,1.8064516129032258,6.451612903225806,111,12,1,19.6,29.066666666666663,29.0,29.508333333333336,11.0,17.0,17.833333333333332,0.0,6.75,129.16666666666666,0.8333333333333334,2026-08-21 11:12:46
2024,14,2024_14_CIN_DAL,2024-12-09,00-0036410,T.Higgins,Tee Higgins,WR,CIN,DAL,AWAY,0,8,11,-5.0,51.0,0,closed,matrixturf,4.300000000000001,validation,v1_prior_game,62,7,2024.0,13.0,2024-12-01,CIN,8.0,0,0,1,1,1,0,17.9,21.96666666666667,21.98,7.0474818197708045,14.7,29.8,18.400000000000002,8.524083528450435,0.0,0.0,0.0,0.0,0.0,0.0,0.0,0.0,10.0,10.3333,10.4,9.7143,5.0,6.0,6.8,5.0,6.0,6.8,10.0,10.3333,10.4,9.7143,0.0,0.0,0.0,0.0,69.0,99.6667,69.0,99.6667,1.0,1.0,0.2702702702702703,0.29540409975192583,0.3099068968634186,0.2915375077846473,0.33185840707964603,0.3616283351206962,0.3565374406328573,0.6377062903611577,0.6962459842123762,0.714436553738128,1,3,5,56.0,56.666666666666664,52.6,0.9,0.8533333333333334,0.826,,,,9.64516129032258,16.61111111111111,2.1258064516129034,9.64516129032258,111,12,1,23.5,31.933333333333337,34.760000000000005,32.733333333333334,23.0,20.666666666666668,18.0,0.0,9.416666666666666,147.91666666666666,0.8333333333333334,2026-08-21 11:12:46
2024,14,2024_14_NYJ_MIA,2024-12-08,00-0039880,M.Washington,Malik Washington,WR,MIA,NYJ,HOME,1,10,7,6.5,45.0,1,outdoors,grass,0.0,validation,v1_prior_game,9,9,2024.0,13.0,2024-11-28,MIA,10.0,0,0,1,1,1,0,2.8,2.9666666666666663,4.0600000000000005,3.911904906819694,0.9,10.5,2.777777777777778,3.275583069385425,0.0,0.0,0.0,0.0,0.0,0.6667,0.8,0.4444,4.0,3.0,2.2,1.6667,2.0,2.0,1.4,2.0,2.6667,2.2,4.0,3.0,2.2,1.6667,0.0,0.0,0.0,3.0,8.0,6.6667,8.0,9.6667,0.0,0.0,0.08695652173913043,0.07422360248447206,0.05881987577639751,0.05312022920718573,0.041666666666666664,-0.009902957206575481,0.022816395610695234,0.15960144927536232,0.10440333368210523,0.10420129059208294,1,3,5,27.0,25.666666666666668,23.2,0.38,0.37333333333333335,0.36000000000000004,,,4.5,2.2222222222222223,3.3333333333333335,0.9888888888888887,3.2222222222222223,111,12,1,27.1,31.23333333333333,26.7,26.53333333333333,16.0,15.0,15.916666666666666,0.0,4.083333333333333,125.41666666666667,0.75,2026-08-21 11:12:46
2024,14,2024_14_JAX_TEN,2024-12-08,00-0039893,B.Thomas,Brian Thomas Jr.,WR,JAX,TEN,AWAY,0,7,7,3.0,40.0,1,outdoors,grass,16.6,validation,v1_prior_game,12,12,2024.0,13.0,2024-12-01,JAX,7.0,0,0,1,1,1,0,18.700000000000003,11.833333333333334,11.34,6.429463430178292,3.2,18.700000000000003,13.791666666666666,6.786679243305606,0.0,0.0,0.0,0.0,1.0,0.6667,0.4,0.4167,10.0,6.6667,5.6,6.0833,4.0,3.6667,3.2,5.0,4.3333,3.6,10.0,6.6667,5.6,6.0833,0.0,0.0,11.0,5.0,76.0,56.6667,87.0,61.6667,1.0,0.3333,0.23809523809523808,0.21031746031746032,0.1795238095238095,0.19990097126481285,0.4439746300211416,0.2812229965218198,0.21187742442281204,0.6679250981576562,0.5123322880414644,0.41759991138168273,1,3,5,61.0,48.0,44.4,0.87,0.89,0.818,,,7.5,8.5,15.454545454545455,1.775,9.25,111,12,1,48.6,38.833333333333336,32.84,29.45833333333334,22.0,20.333333333333332,17.333333333333332,0.0,6.25,125.83333333333333,0.8333333333333334,2026-08-21 11:12:46
2024,15,2024_15_BUF_DET,2024-12-15,00-0033375,T.Patrick,Tim Patrick,WR,DET,BUF,HOME,1,10,7,2.5,55.5,0,dome,fieldturf,13.0,validation,v1_prior_game,62,11,2024.0,14.0,2024-12-05,DET,10.0,0,0,1,1,1,0,22.3,12.866666666666667,9.48,7.517113807838751,3.2,22.3,6.718181818181818,6.004301488402824,0.0,0.0,0.0,0.0,0.0,0.0,0.0,0.0,7.0,4.6667,4.0,3.0,6.0,4.0,3.4,6.0,4.0,3.4,7.0,4.6667,4.0,3.0,0.0,0.0,0.0,0.0,43.0,48.6667,43.0,48.6667,2.0,0.6667,0.175,0.13099543825350277,0.1244037145650049,0.0995340582685619,0.18222222222222223,0.1695967221576978,0.1526586606979783,0.3900555555555555,0.31521086289064254,0.2934666343360921,1,3,5,53.0,46.0,47.6,0.66,0.62,0.6679999999999999,,,,10.428571428571429,12.166666666666666,2.757142857142857,10.428571428571429,111,13,1,69.5,39.1,37.68,31.223076923076924,26.0,17.333333333333332,16.846153846153847,0.0,4.846153846153846,139.69230769230768,0.8461538461538461,2026-08-21 11:12:46
2024,15,2024_15_LA_SF,2024-12-12,00-0035719,D.Samuel,Deebo Samuel Sr.,WR,SF,LA,HOME,1,4,4,3.0,48.5,1,outdoors,grass,4.9,validation,v1_prior_game,78,12,2024.0,14.0,2024-12-08,SF,4.0,0,0,1,1,1,0,5.5,4.866666666666666,6.660000000000001,3.5373719058080404,3.1,12.600000000000001,9.708333333333334,6.840980569444351,0.0,0.0,0.0,0.0,5.0,1.6667,1.8,2.6667,3.0,4.0,5.0,5.3333,2.0,2.3333,3.2,7.0,4.0,5.0,3.0,4.0,5.0,5.3333,0.0,0.0,13.0,4.3333,22.0,21.0,35.0,25.3333,0.0,0.0,0.11538461538461539,0.18778280542986425,0.1979638009049774,0.19409870728181242,0.03787878787878788,0.09013131209392893,0.11738410938520889,0.1995920745920746,0.3447661266105466,0.3791145779271123,1,3,5,48.0,39.0,44.4,0.79,0.7366666666666667,0.772,,,2.6,5.25,9.0,1.2166666666666666,6.333333333333333,112,13,1,56.4,35.23333333333333,35.08,34.44615384615385,31.0,16.333333333333332,16.53846153846154,0.0,7.461538461538462,150.84615384615384,1.3846153846153846,2026-08-21 11:12:46
2024,15,2024_15_DAL_CAR,2024-12-15,00-0038640,J.Brooks,Jalen Brooks,WR,DAL,CAR,AWAY,0,6,7,2.5,42.0,0,outdoors,grass,8.7,validation,v1_prior_game,13,10,2024.0,13.0,2024-11-28,DAL,17.0,0,0,1,1,1,0,1.0,2.5,2.4200000000000004,2.2829805080201626,0.0,5.1000000000000005,2.4799999999999995,1.5732485852881328,0.0,0.0,0.0,0.0,0.0,0.0,0.0,0.0,1.0,2.6667,2.8,2.8,1.0,1.0,1.0,1.0,1.0,1.0,1.0,2.6667,2.8,2.8,0.0,0.0,0.0,0.0,0.0,15.0,0.0,15.0,0.0,0.0,0.027777777777777776,0.08648627075351213,0.07813050119084602,0.07200064298010454,-0.007352941176470588,0.2219771328220407,0.1883511001284691,0.03651960784313725,0.2851133991056967,0.24904152187619744,1,3,5,23.0,25.666666666666668,34.8,0.3,0.38999999999999996,0.512,,,,5.625,15.0,0.9375,5.625,112,13,1,23.5,30.400000000000002,26.160000000000004,30.763076923076923,13.0,17.333333333333332,17.46153846153846,2.1538461538461537,1.7692307692307692,136.53846153846155,0.9230769230769231,2026-08-21 11:12:46
2024,15,2024_15_LA_SF,2024-12-12,00-0039916,R.Pearsall,Ricky Pearsall,WR,SF,LA,HOME,1,4,4,3.0,48.5,1,outdoors,grass,2.6,validation,v1_prior_game,7,7,2024.0,14.0,2024-12-08,SF,4.0,0,0,1,1,1,0,1.5,0.5,3.7600000000000002,7.596907265460071,0.0,17.3,5.0857142857142845,6.872512537015016,0.0,0.0,0.0,0.0,0.0,0.0,0.0,0.1429,2.0,1.0,2.2,2.8571,1.0,0.3333,1.0,1.0,0.3333,1.0,2.0,1.0,2.2,2.8571,0.0,0.0,0.0,0.0,5.0,1.6667,5.0,1.6667,0.0,0.0,0.07692307692307693,0.04524886877828055,0.07672915319974144,0.10070515551133605,0.14393939393939395,0.14321789321789322,0.15605211781682368,0.21614219114219113,0.16812582841994606,0.22433021227138875,1,3,5,30.0,32.666666666666664,35.2,0.49,0.63,0.624,,,,1.6666666666666667,5.0,0.5,1.6666666666666667,112,13,1,56.4,35.23333333333333,35.08,34.44615384615385,31.0,16.333333333333332,16.53846153846154,0.0,7.461538461538462,150.84615384615384,1.3846153846153846,2026-08-21 11:12:46
2024,16,2024_16_ARI_CAR,2024-12-22,00-0033589,D.Moore,David Moore,WR,CAR,ARI,HOME,1,7,7,-5.5,47.0,0,outdoors,grass,11.9,validation,v1_prior_game,64,12,2024.0,15.0,2024-12-15,CAR,7.0,0,0,1,1,1,0,3.9000000000000004,5.8,8.260000000000002,6.960100573985983,3.8,20.1,5.216666666666667,5.36907531116576,0.0,0.0,0.0,0.0,0.0,0.0,0.0,0.0,4.0,6.0,6.4,4.1667,2.0,3.0,3.4,2.0,3.0,3.4,4.0,6.0,6.4,4.1667,0.0,0.0,0.0,0.0,19.0,28.0,19.0,28.0,0.0,0.0,0.14814814814814814,0.17305849826175032,0.19644115956311076,0.13155021388550966,0.07555555555555556,0.16181259600614437,0.2342035450645017,0.2751111111111111,0.37285656459692645,0.45860422088981745,1,3,5,32.0,52.333333333333336,53.0,0.58,0.7833333333333333,0.8240000000000001,,,,4.666666666666667,9.333333333333334,0.9666666666666666,4.666666666666667,113,14,1,21.4,26.933333333333334,27.119999999999997,31.43571428571428,12.0,14.0,17.571428571428573,0.0,2.2857142857142856,146.35714285714286,0.7857142857142857,2026-08-21 11:12:46
2024,16,2024_16_DET_CHI,2024-12-22,00-0036254,C.Johnson,Collin Johnson,WR,CHI,DET,HOME,1,6,7,-7.0,47.5,1,outdoors,grass,0.0,validation,v1_prior_game,24,4,2024.0,14.0,2024-12-08,CHI,14.0,0,0,1,1,1,0,1.6,0.5333333333333333,0.74,1.0285912696499033,0.0,2.1,0.4,0.8,0.0,0.0,0.0,0.0,0.0,0.0,0.0,0.0,1.0,0.3333,0.4,0.25,1.0,0.3333,0.4,1.0,0.3333,0.4,1.0,0.3333,0.4,0.25,0.0,0.0,0.0,0.0,6.0,2.0,6.0,2.0,0.0,0.0,0.041666666666666664,0.013888888888888888,0.015,0.010416666666666666,0.02142857142857143,0.007142857142857143,0.009146825396825398,0.0775,0.025833333333333333,0.028902777777777777,1,3,5,5.0,2.3333333333333335,4.0,0.09,0.04,0.057999999999999996,,,,6.0,6.0,1.6,6.0,113,14,1,26.1,33.63333333333333,29.2,36.26428571428571,14.0,19.0,23.785714285714285,0.0,2.0714285714285716,180.57142857142858,0.7142857142857143,2026-08-21 11:12:46
2024,17,2024_17_BAL_HOU,2024-12-25,00-0030431,R.Woods,Robert Woods,WR,HOU,BAL,HOME,1,4,4,-5.5,46.5,0,closed,astroturf,4.1,validation,v1_prior_game,99,12,2024.0,16.0,2024-12-21,HOU,4.0,0,0,1,1,1,0,4.9,2.7000000000000006,2.64,1.8392933425639317,0.0,4.9,2.5250000000000004,2.065352710357681,0.0,0.0,0.0,0.0,0.0,0.0,0.0,0.0,6.0,3.0,2.4,2.0833,3.0,1.6667,1.6,3.0,1.6667,1.6,6.0,3.0,2.4,2.0833,0.0,0.0,0.0,0.0,19.0,10.3333,19.0,10.3333,0.0,0.0,0.16216216216216217,0.09082173082173083,0.07306586351747643,0.06179315448625502,0.17761557177615572,0.10141576258693831,0.07722706013958971,0.36757414348655226,0.20722363004345304,0.16365773737392741,1,3,5,34.0,26.333333333333332,22.4,0.58,0.4633333333333334,0.386,,,,3.4444444444444446,6.2,0.9000000000000001,3.4444444444444446,114,15,1,25.1,24.333333333333332,23.939999999999998,38.212,13.0,15.333333333333334,21.066666666666666,0.13333333333333333,2.8,171.93333333333334,1.2666666666666666,2026-08-21 11:12:46
2024,17,2024_17_DET_SF,2024-12-30,00-0036259,J.Jennings,Jauan Jennings,WR,SF,DET,HOME,1,8,8,-4.0,50.5,0,outdoors,grass,13.7,validation,v1_prior_game,55,13,2024.0,16.0,2024-12-22,SF,8.0,0,0,1,1,1,0,9.100000000000001,14.066666666666668,11.96,9.118278346266909,5.1,28.0,14.2,12.328422445714619,0.0,0.0,0.0,0.0,0.0,0.0,0.0,0.0,6.0,7.6667,7.0,7.1538,4.0,4.3333,4.2,4.0,4.3333,4.2,6.0,7.6667,7.0,7.1538,0.0,0.0,0.0,0.0,51.0,57.3333,51.0,57.3333,0.0,0.6667,0.16216216216216217,0.2533923501665437,0.26470509335784476,0.25110702627538833,0.43243243243243246,0.356102436747598,0.3985746796720568,0.5459459459459459,0.6293602309731342,0.676059915807207,1,3,5,60.0,52.0,49.4,0.94,0.8733333333333334,0.9,,,,7.478260869565218,13.23076923076923,1.8347826086956522,7.478260869565218,114,15,1,52.8,33.733333333333334,36.379999999999995,37.36666666666666,31.0,19.333333333333332,24.266666666666666,0.0,2.066666666666667,187.6,0.7333333333333333,2026-08-21 11:12:46
2024,17,2024_17_NYJ_BUF,2024-12-29,00-0038679,T.Shavers,Tyrell Shavers,WR,BUF,NYJ,HOME,1,7,7,10.0,44.5,1,outdoors,a_turf,13.9,validation,v1_prior_game,0,0,,,,,,1,1,0,0,0,0,,,,,,,,,,,,,,,,,,,,,,,,,,,,,,,,,,,,,,,,,,,,,,,,,,,0,0,0,,,,,,,,,,,,,,114,15,1,21.200000000000003,39.800000000000004,38.08,29.186666666666667,15.0,22.666666666666668,17.266666666666666,0.0,3.6666666666666665,134.2,0.8,2026-08-21 11:12:46
2024,17,2024_17_CAR_TB,2024-12-29,00-0039855,J.McMillan,Jalen McMillan,WR,TB,CAR,HOME,1,7,7,9.5,47.5,1,outdoors,grass,23.0,validation,v1_prior_game,11,11,2024.0,16.0,2024-12-22,TB,7.0,0,0,1,1,1,0,16.7,19.03333333333333,12.74,8.858216524786464,2.1,21.9,8.49090909090909,7.513781277819383,0.0,0.0,0.0,0.0,0.0,0.0,0.0,0.1818,7.0,6.6667,5.0,4.2727,5.0,4.6667,3.4,5.0,4.6667,3.4,7.0,6.6667,5.0,4.2727,0.0,0.0,0.0,0.0,57.0,63.6667,57.0,63.6667,1.0,1.3333,0.16279069767441862,0.21451997614788312,0.15969237784559262,0.12660950142924854,0.25181598062953997,0.2656456586477201,0.21540154122566144,0.42045723295230586,0.5077319252752287,0.3903196456263519,1,3,5,60.0,51.666666666666664,51.4,0.83,0.7533333333333334,0.7300000000000001,,,,9.55,13.642857142857142,2.8549999999999995,9.55,114,15,1,18.0,31.333333333333332,32.339999999999996,31.361333333333334,14.0,16.333333333333332,17.533333333333335,1.8666666666666667,3.8666666666666667,137.0,1.0,2026-08-21 11:12:46
