player_id,player_name,player_display_name,position,position_group,headshot_url,season,week,season_type,game_id,team,opponent_team,completions,attempts,passing_yards,passing_tds,passing_interceptions,sacks_suffered,sack_yards_lost,sack_fumbles,sack_fumbles_lost,passing_air_yards,passing_yards_after_catch,passing_first_downs,passing_epa,passing_cpoe,passing_2pt_conversions,carries,rushing_yards,rushing_tds,rushing_fumbles,rushing_fumbles_lost,rushing_first_downs,rushing_epa,rushing_2pt_conversions,receptions,targets,receiving_yards,receiving_tds,receiving_fumbles,receiving_fumbles_lost,receiving_air_yards,receiving_yards_after_catch,receiving_first_downs,receiving_epa,receiving_2pt_conversions,target_share,air_yards_share,wopr,special_teams_tds,fumbles_lost_total,fantasy_points,fantasy_points_ppr,data_split,calculated_fantasy_points_ppr,fantasy_point_difference
00-0019596,T.Brady,Tom Brady,QB,QB,"https://static.www.nfl.com/image/private/f_auto,q_auto/league/q7dpdlxyu5rs05rgh1le",2018,1,REG,2018_01_HOU_NE,NE,HOU,26,39,277,3,1,2,-10,0,0,320,93,16,8.182893924308008,2.0075062910715737,0,1,2,0,0,0,1,1.8376272431341931,0,0,0,0,0,0,0,0,0,0,,0,0.0,0.0,0.0,0,0,21.279999999999998,21.279999999999998,training,21.28,0.0
00-0020531,D.Brees,Drew Brees,QB,QB,"https://static.www.nfl.com/image/private/f_auto,q_auto/league/bt6nv11jgsirnuymookt",2018,1,REG,2018_01_TB_NO,NO,TB,37,45,439,3,0,1,-7,0,0,348,167,19,23.326555751027698,13.136177171360362,1,0,0,0,0,0,0,,0,0,0,0,0,0,0,0,0,0,,0,0.0,0.0,0.0,0,0,31.56,31.56,training,31.56,0.0
00-0021547,A.Gates,Antonio Gates,TE,TE,"https://static.www.nfl.com/image/private/f_auto,q_auto/league/kndulvysinvn4tpvt0bc",2018,1,REG,2018_01_KC_LAC,LAC,KC,0,0,0,0,0,0,0,0,0,0,0,0,,,0,0,0,0,0,0,0,,0,2,3,16,0,0,0,27,5,1,1.9583864325687754,1,0.06,0.055900621118012424,0.1291304347826087,0,0,3.6,5.6,training,5.6,0.0
00-0022803,E.Manning,Eli Manning,QB,QB,"https://static.www.nfl.com/image/private/f_auto,q_auto/league/w51tf8uedjftbr4qpaex",2018,1,REG,2018_01_JAX_NYG,NYG,JAX,23,37,224,0,1,2,-14,0,0,249,86,8,-11.79819566015601,-4.550692521863514,0,1,2,0,0,0,0,-0.408166364999488,0,0,0,0,0,0,0,0,0,0,,0,0.0,0.0,0.0,0,0,7.160000000000001,7.160000000000001,training,7.16,-0.0
00-0022921,L.Fitzgerald,Larry Fitzgerald,WR,WR,"https://static.www.nfl.com/image/private/f_auto,q_auto/league/giswjsemt4f7ppwxtqgp",2018,1,REG,2018_01_WAS_ARI,ARI,WAS,0,0,0,0,0,0,0,0,0,0,0,0,,,0,0,0,0,0,0,0,,0,7,10,76,0,0,0,90,21,3,2.1039132206642535,0,0.29411764705882354,0.4326923076923077,0.7440610859728507,0,0,7.6000000000000005,14.600000000000001,training,14.6,-0.0
00-0022924,B.Roethlisberger,Ben Roethlisberger,QB,QB,"https://static.www.nfl.com/image/private/f_auto,q_auto/league/vziogpnyp9d0xtpiuqhr",2018,1,REG,2018_01_PIT_CLE,PIT,CLE,23,41,335,1,3,4,-22,2,2,382,213,17,-6.687471224036439,-9.987981544762123,0,3,16,0,0,0,2,3.017744515091181,0,0,0,0,0,0,0,0,0,0,,0,0.0,0.0,0.0,0,2,8.999999999999998,8.999999999999998,training,9.0,0.0
00-0022942,P.Rivers,Philip Rivers,QB,QB,"https://static.www.nfl.com/image/private/f_auto,q_auto/league/voakyrtj34sghkwxaxxf",2018,1,REG,2018_01_KC_LAC,LAC,KC,34,51,424,3,1,1,-6,0,0,483,249,23,16.117956372414145,3.6634639501571655,1,0,0,0,0,0,0,,0,0,0,0,0,0,0,0,0,0,,0,0.0,0.0,0.0,0,0,28.96,28.96,training,28.96,0.0
00-0022943,B.Watson,Benjamin Watson,TE,TE,"https://static.www.nfl.com/image/private/f_auto,q_auto/league/dorymozpdnrllkqlfzpu",2018,1,REG,2018_01_TB_NO,NO,TB,0,0,0,0,0,0,0,0,0,0,0,0,,,0,0,0,0,0,0,0,,0,4,4,44,0,0,0,41,3,4,5.120501109107863,0,0.09090909090909091,0.11781609195402298,0.21883490073145245,0,0,4.4,8.4,training,8.4,0.0
00-0023436,A.Smith,Alex Smith,QB,QB,"https://static.www.nfl.com/image/private/f_auto,q_auto/league/hinmlhyjffsmq6bwq6tk",2018,1,REG,2018_01_WAS_ARI,WAS,ARI,21,30,255,2,0,3,-8,1,0,101,180,13,13.331766827388144,1.4246637451237645,0,8,14,0,1,0,2,-0.5660300062736496,0,0,0,0,0,0,0,0,0,0,,0,0.0,0.0,0.0,0,0,19.6,19.6,training,19.6,0.0
00-0023459,A.Rodgers,Aaron Rodgers,QB,QB,"https://static.www.nfl.com/image/upload/f_auto,q_auto/league/dypvakakxhccxs67tb0y",2018,1,REG,2018_01_CHI_GB,GB,CHI,20,30,286,3,0,2,-19,1,0,285,159,11,9.927506220425231,4.003050871964159,0,1,15,0,0,0,0,0.3016404495574534,0,0,0,0,0,0,0,0,0,0,,0,0.0,0.0,0.0,0,0,24.939999999999998,24.939999999999998,training,24.94,0.0
00-0023500,F.Gore,Frank Gore,RB,RB,"https://static.www.nfl.com/image/private/f_auto,q_auto/league/gfuklcqmphmdy9ncwrdt",2018,1,REG,2018_01_TEN_MIA,MIA,TEN,0,0,0,0,0,0,0,0,0,0,0,0,,,0,9,61,0,0,0,3,0.69200548430962,0,0,0,0,0,0,0,0,0,0,,0,0.0,0.0,0.0,0,0,6.1000000000000005,6.1000000000000005,training,6.1,-0.0
00-0023564,D.Sproles,Darren Sproles,RB,RB,"https://static.www.nfl.com/image/private/f_auto,q_auto/league/gvj5ng27blmwuz170aeo",2018,1,REG,2018_01_ATL_PHI,PHI,ATL,0,0,0,0,0,0,0,0,0,0,0,0,,,0,5,10,0,0,0,1,-0.4127008264185861,0,4,7,22,0,0,0,-3,22,1,-0.5681926220422611,0,0.2,-0.010526315789473684,0.29263157894736846,0,0,3.2,7.2,training,7.2,0.0
00-0023662,M.Cassel,Matt Cassel,QB,QB,"https://static.www.nfl.com/image/private/f_auto,q_auto/league/n1ucqggyu5hlsqzuv5gj",2018,1,REG,2018_01_NYJ_DET,DET,NYJ,2,6,14,0,1,0,0,0,0,49,4,0,-8.034381276112981,-39.63901400566101,0,1,-1,0,0,0,0,0.0,0,0,0,0,0,0,0,0,0,0,,0,0.0,0.0,0.0,0,0,-1.54,-1.54,training,-1.54,0.0
00-0023682,R.Fitzpatrick,Ryan Fitzpatrick,QB,QB,"https://static.www.nfl.com/image/private/f_auto,q_auto/league/pkhhxwplsawnhln9rsun",2018,1,REG,2018_01_TB_NO,TB,NO,21,28,417,4,0,0,0,0,0,341,130,17,29.170436745339323,12.812101202351707,0,12,36,1,0,0,3,1.32630235736724,0,0,0,0,0,0,0,0,0,0,,0,0.0,0.0,0.0,0,0,42.28,42.28,training,42.28,0.0
00-0024221,V.Davis,Vernon Davis,TE,TE,"https://static.www.nfl.com/image/private/f_auto,q_auto/league/so5ywayfeeu4zeijln5m",2018,1,REG,2018_01_WAS_ARI,WAS,ARI,0,0,0,0,0,0,0,0,0,0,0,0,,,0,0,0,0,0,0,0,,0,1,1,9,0,0,0,6,3,1,1.2715472425334156,0,0.034482758620689655,0.0594059405940594,0.09330829634687607,0,0,0.9,1.9,training,1.9,0.0
00-0024334,B.Marshall,Brandon Marshall,WR,WR,"https://static.www.nfl.com/image/private/f_auto,q_auto/league/jhziqh0scfksvxen6f3s",2018,1,REG,2018_01_SEA_DEN,SEA,DEN,0,0,0,0,0,0,0,0,0,0,0,0,,,0,0,0,0,0,0,0,,0,3,6,46,1,0,0,83,1,3,2.75478701633082,0,0.18181818181818182,0.24629080118694363,0.4451308335581332,0,0,10.600000000000001,13.600000000000001,training,13.6,-0.0
00-0024389,D.Walker,Delanie Walker,TE,TE,"https://static.www.nfl.com/image/private/f_auto,q_auto/league/diknegkpqy0qnri7877z",2018,1,REG,2018_01_TEN_MIA,TEN,MIA,0,0,0,0,0,0,0,0,0,0,0,0,,,0,0,0,0,0,0,0,,0,4,7,52,0,0,0,46,20,4,-4.934593169949949,0,0.18421052631578946,0.1776061776061776,0.4006401137980085,0,0,5.2,9.2,training,9.2,0.0
00-0025394,A.Peterson,Adrian Peterson,RB,RB,"https://static.www.nfl.com/image/private/f_auto,q_auto/league/ug2ua3skqc9f6vkbowxc",2018,1,REG,2018_01_WAS_ARI,WAS,ARI,0,0,0,0,0,0,0,0,0,0,0,0,,,0,26,96,1,0,0,4,0.7175965062633622,0,2,3,70,0,1,1,2,70,1,-0.6749396980158053,0,0.10344827586206896,0.019801980198019802,0.1690337999317173,0,1,20.6,22.6,training,22.6,0.0
00-0025396,T.Ginn,Ted Ginn,WR,WR,"https://static.www.nfl.com/image/private/f_auto,q_auto/league/av3kbvba3bp4c6wrqz3g",2018,1,REG,2018_01_TB_NO,NO,TB,0,0,0,0,0,0,0,0,0,0,0,0,,,0,1,5,0,0,0,0,0.036217785673215985,0,5,6,68,1,0,0,72,4,3,4.929986836548895,1,0.13636363636363635,0.20689655172413793,0.3493730407523511,0,0,15.3,20.3,training,20.3,0.0
00-0025399,M.Lynch,Marshawn Lynch,RB,RB,"https://static.www.nfl.com/image/private/f_auto,q_auto/league/ddhpebfqtr9yxsnbx9ht",2018,1,REG,2018_01_LA_OAK,LV,LA,0,0,0,0,0,0,0,0,0,0,0,0,,,0,11,41,1,0,0,4,0.8804875042405911,0,2,2,8,0,0,0,-2,10,0,-0.26274256099713966,0,0.05263157894736842,-0.009569377990430622,0.07224880382775119,0,0,10.9,12.9,training,12.9,0.0
00-0025418,G.Olsen,Greg Olsen,TE,TE,"https://static.www.nfl.com/image/private/f_auto,q_auto/league/jevf1bubmrv2vvmiwq3r",2018,1,REG,2018_01_DAL_CAR,CAR,DAL,0,0,0,0,0,0,0,0,0,0,0,0,,,0,0,0,0,0,0,0,,0,2,2,33,0,0,0,25,8,1,3.123728510690853,0,0.08,0.16129032258064516,0.2329032258064516,0,0,3.3000000000000003,5.300000000000001,training,5.3,-0.0
00-0026035,D.Amendola,Danny Amendola,WR,WR,"https://static.www.nfl.com/image/private/f_auto,q_auto/league/etz06w7s0ardf49mnayz",2018,1,REG,2018_01_TEN_MIA,MIA,TEN,0,0,0,0,0,0,0,0,0,0,0,0,,,0,0,0,0,0,0,0,,0,4,6,26,0,0,0,50,12,0,-2.5791190477320924,0,0.21428571428571427,0.1718213058419244,0.4417034855179185,0,0,2.6,6.6,training,6.6,0.0
00-0026143,M.Ryan,Matt Ryan,QB,QB,"https://static.www.nfl.com/image/private/f_auto,q_auto/league/s6zam4ekrrnonsck6vak",2018,1,REG,2018_01_ATL_PHI,ATL,PHI,21,43,251,0,1,4,-26,1,0,380,92,9,-11.715433984411524,-6.530203269078181,0,2,8,0,0,0,1,0.938788982864935,0,0,0,0,0,0,0,0,0,0,,0,0.0,0.0,0.0,0,0,8.840000000000002,8.840000000000002,training,8.84,-0.0
00-0026153,J.Stewart,Jonathan Stewart,RB,RB,"https://static.www.nfl.com/image/private/f_auto,q_auto/league/dzvxfj3xrgnzc3jbag2n",2018,1,REG,2018_01_JAX_NYG,NYG,JAX,0,0,0,0,0,0,0,0,0,0,0,0,,,0,2,8,0,0,0,0,-0.23081072879722342,0,0,0,0,0,0,0,0,0,0,,0,0.0,0.0,0.0,0,0,0.8,0.8,training,0.8,0.0
00-0026158,J.Flacco,Joe Flacco,QB,QB,"https://static.www.nfl.com/image/upload/f_auto,q_auto/league/dre1d2f2d6dxqohzn5l2",2018,1,REG,2018_01_BUF_BAL,BAL,BUF,25,34,236,3,0,1,0,0,0,205,93,12,8.984330046490426,2.144405421088724,0,2,3,0,1,0,1,-0.6342069485690445,0,0,0,0,0,0,0,0,0,0,,0,0.0,0.0,0.0,0,0,21.74,21.74,training,21.74,0.0
00-0026176,J.Nelson,Jordy Nelson,WR,WR,"https://static.www.nfl.com/image/private/f_auto,q_auto/league/bde2n4ozsakatgs4yyp2",2018,1,REG,2018_01_LA_OAK,LV,LA,0,0,0,0,0,0,0,0,0,0,0,0,,,0,0,0,0,0,0,0,,0,3,4,23,0,0,0,23,8,1,-4.588249079608675,0,0.10526315789473684,0.11004784688995216,0.23492822966507176,0,0,2.3000000000000003,5.300000000000001,training,5.3,-0.0
00-0026189,D.Jackson,DeSean Jackson,WR,WR,"https://static.www.nfl.com/image/private/f_auto,q_auto/league/pr5m864fqvnoozihylrh",2018,1,REG,2018_01_TB_NO,TB,NO,0,0,0,0,0,0,0,0,0,0,0,0,,,0,0,0,0,0,0,0,,0,5,5,146,2,0,0,117,29,4,12.442178895464167,0,0.17857142857142858,0.34310850439882695,0.5080330959363217,0,0,26.6,31.6,training,31.6,0.0
00-0026293,M.Slater,Matthew Slater,WR,WR,"https://static.www.nfl.com/image/private/f_auto,q_auto/league/cs1ojdzhxjuanbw6vflv",2018,1,REG,2018_01_HOU_NE,NE,HOU,0,0,0,0,0,0,0,0,0,0,0,0,,,0,0,0,0,0,0,0,,0,0,0,0,0,0,0,0,0,0,,0,0.0,0.0,0.0,0,0,0.0,0.0,training,0.0,0.0
00-0026345,P.Garcon,Pierre Garcon,WR,WR,"https://static.www.nfl.com/image/private/f_auto,q_auto/league/xwjogot7xrfj9qwhsgtn",2018,1,REG,2018_01_SF_MIN,SF,MIN,0,0,0,0,0,0,0,0,0,0,0,0,,,0,0,0,0,0,0,0,,0,2,6,21,0,0,0,52,0,2,-0.5071569378677365,0,0.1875,0.14130434782608695,0.38016304347826085,0,0,2.1,4.1,training,4.1,0.0
00-0026498,M.Stafford,Matthew Stafford,QB,QB,"https://static.www.nfl.com/image/upload/f_auto,q_auto/league/jwpkjfrkzufdyh8u1mg7",2018,1,REG,2018_01_NYJ_DET,DET,NYJ,27,46,286,1,4,0,0,0,0,354,140,15,-15.735497826109684,-11.659772823686184,0,1,6,0,0,0,0,0.109954456333071,0,0,0,0,0,0,0,0,0,0,,0,0.0,0.0,0.0,0,0,8.04,8.04,training,8.04,0.0
00-0026901,M.Wallace,Mike Wallace,WR,WR,"https://static.www.nfl.com/image/private/f_auto,q_auto/league/dy9z5wbsitf6l9psjq4y",2018,1,REG,2018_01_ATL_PHI,PHI,ATL,0,0,0,0,0,0,0,0,0,0,0,0,,,0,0,0,0,0,0,0,,0,0,3,0,0,0,0,109,0,0,-0.7305784642230719,0,0.08571428571428572,0.3824561403508772,0.3962907268170426,0,0,0.0,0.0,training,0.0,0.0
00-0026983,D.Heyward-Bey,Darrius Heyward-Bey,WR,WR,"https://static.www.nfl.com/image/private/f_auto,q_auto/league/d5otkkbb0z2rdd2bjatd",2018,1,REG,2018_01_PIT_CLE,PIT,CLE,0,0,0,0,0,0,0,0,0,0,0,0,,,0,0,0,0,0,0,0,,0,0,0,0,0,0,0,0,0,0,,0,0.0,0.0,0.0,0,0,0.0,0.0,training,0.0,0.0
00-0026986,M.Crabtree,Michael Crabtree,WR,WR,"https://static.www.nfl.com/image/private/f_auto,q_auto/league/kcavcmeyaion38ewxwyk",2018,1,REG,2018_01_BUF_BAL,BAL,BUF,0,0,0,0,0,0,0,0,0,0,0,0,,,0,0,0,0,0,0,0,,0,3,6,38,1,0,0,61,6,2,2.427636824140791,0,0.16216216216216217,0.23828125,0.41004011824324327,0,0,9.8,12.8,training,12.8,0.0
00-0027029,L.McCoy,LeSean McCoy,RB,RB,"https://static.www.nfl.com/image/private/f_auto,q_auto/league/pbktgxotzvm04sasmxwl",2018,1,REG,2018_01_BUF_BAL,BUF,BAL,0,0,0,0,0,0,0,0,0,0,0,0,,,0,7,22,0,0,0,1,-4.440666072827298,0,1,3,-1,0,0,0,-11,4,0,-2.4013869371265173,0,0.09375,-0.029891304347826088,0.11970108695652174,0,0,2.1,3.1,training,3.1,0.0
00-0027061,J.Cook,Jared Cook,TE,TE,"https://static.www.nfl.com/image/private/f_auto,q_auto/league/cthoenebptadlu4g928v",2018,1,REG,2018_01_LA_OAK,LV,LA,0,0,0,0,0,0,0,0,0,0,0,0,,,0,0,0,0,0,0,0,,0,9,12,180,0,0,0,103,106,7,-0.5929056343738921,0,0.3157894736842105,0.49282296650717705,0.8186602870813398,0,0,18.0,27.0,training,27.0,0.0
00-0027215,L.Paulsen,Logan Paulsen,TE,TE,"https://static.www.nfl.com/image/private/f_auto,q_auto/league/rckjvflmpzh9tiescxcd",2018,1,REG,2018_01_ATL_PHI,ATL,PHI,0,0,0,0,0,0,0,0,0,0,0,0,,,0,0,0,0,0,0,0,,0,0,0,0,0,0,0,0,0,0,,0,0.0,0.0,0.0,0,0,0.0,0.0,training,0.0,0.0
00-0027325,L.Blount,LeGarrette Blount,RB,RB,"https://static.www.nfl.com/image/private/f_auto,q_auto/league/s3eilto1yi0yhoamvvo3",2018,1,REG,2018_01_NYJ_DET,DET,NYJ,0,0,0,0,0,0,0,0,0,0,0,0,,,0,4,-3,0,0,0,0,-2.948450767667964,0,0,0,0,0,0,0,0,0,0,,0,0.0,0.0,0.0,0,0,-0.30000000000000004,-0.30000000000000004,training,-0.3,0.0
00-0027531,C.Ivory,Chris Ivory,RB,RB,"https://static.www.nfl.com/image/private/f_auto,q_auto/league/wuhrkffigvt55hcqd4yw",2018,1,REG,2018_01_BUF_BAL,BUF,BAL,0,0,0,0,0,0,0,0,0,0,0,0,,,0,3,3,0,0,0,0,-1.671008350327611,0,0,0,0,0,0,0,0,0,0,,0,0.0,0.0,0.0,0,0,0.30000000000000004,0.30000000000000004,training,0.3,-0.0
00-0027656,R.Gronkowski,Rob Gronkowski,TE,TE,"https://static.www.nfl.com/image/private/f_auto,q_auto/league/svpo7chliiymc0r7hegp",2018,1,REG,2018_01_HOU_NE,NE,HOU,0,0,0,0,0,0,0,0,0,0,0,0,,,0,0,0,0,0,0,0,,0,7,8,123,1,1,1,107,21,5,6.609981590765528,0,0.20512820512820512,0.334375,0.5417548076923077,0,1,16.3,23.3,training,23.3,0.0
00-0027685,E.Sanders,Emmanuel Sanders,WR,WR,"https://static.www.nfl.com/image/private/f_auto,q_auto/league/potkibjtm855tsawozs0",2018,1,REG,2018_01_SEA_DEN,DEN,SEA,0,0,0,0,0,0,0,0,0,0,0,0,,,0,0,0,0,0,0,0,,0,10,11,135,1,0,0,104,51,3,3.7158856220776215,0,0.28205128205128205,0.28415300546448086,0.6219840269020597,0,0,19.5,29.5,training,29.5,0.0
00-0027691,A.Roberts,Andre Roberts,WR,WR,"https://static.www.nfl.com/image/private/f_auto,q_auto/league/hjoyjewh7knoafxt4k93",2018,1,REG,2018_01_NYJ_DET,NYJ,DET,0,0,0,0,0,0,0,0,0,0,0,0,,,0,1,2,0,0,0,0,-0.45652357023209333,0,0,0,0,0,0,0,0,0,0,,0,0.0,0.0,0.0,1,0,6.2,6.2,training,6.2,0.0
00-0027696,J.Graham,Jimmy Graham,TE,TE,"https://static.www.nfl.com/image/private/f_auto,q_auto/league/h7xs06oj6g03mippwtse",2018,1,REG,2018_01_CHI_GB,GB,CHI,0,0,0,0,0,0,0,0,0,0,0,0,,,0,0,0,0,0,0,0,,0,2,4,8,0,0,0,40,4,0,-2.999446053625332,0,0.1111111111111111,0.11428571428571428,0.24666666666666665,0,0,0.8,2.8,training,2.8,0.0
00-0027793,A.Brown,Antonio Brown,WR,WR,"https://static.www.nfl.com/image/private/f_auto,q_auto/league/ecxsx9t7bfg42bgfwj3v",2018,1,REG,2018_01_PIT_CLE,PIT,CLE,0,0,0,0,0,0,0,0,0,0,0,0,,,0,0,0,0,0,0,0,,0,9,16,93,1,0,0,180,47,6,-3.3182009121519513,0,0.3902439024390244,0.4712041884816754,0.9152087855957094,0,0,15.3,24.3,training,24.3,0.0
00-0027854,S.Bradford,Sam Bradford,QB,QB,"https://static.www.nfl.com/image/private/f_auto,q_auto/league/fizwrxzfdaw7v2vzzpn6",2018,1,REG,2018_01_WAS_ARI,ARI,WAS,20,34,153,0,1,2,-8,1,1,208,66,6,-14.832660128929884,-12.7706939683241,0,2,7,0,0,0,1,0.39248498622328043,0,0,0,0,0,0,0,0,0,0,,0,0.0,0.0,0.0,0,1,2.8200000000000003,2.8200000000000003,training,2.82,-0.0
00-0027874,De.Thomas,Demaryius Thomas,WR,WR,"https://static.www.nfl.com/image/private/f_auto,q_auto/league/p1yjsqtqimjd6iazu3h9",2018,1,REG,2018_01_SEA_DEN,DEN,SEA,0,0,0,0,0,0,0,0,0,0,0,0,,,0,0,0,0,0,0,0,,0,6,10,63,1,0,0,68,39,6,-1.5238328710547648,0,0.2564102564102564,0.18579234972677597,0.5146700294241278,0,0,12.3,18.3,training,18.3,0.0
00-0027891,G.Tate,Golden Tate,WR,WR,"https://static.www.nfl.com/image/private/f_auto,q_auto/league/yfqebrp2o9t1gt1wqjku",2018,1,REG,2018_01_NYJ_DET,DET,NYJ,0,0,0,0,0,0,0,0,0,0,0,0,,,0,0,0,0,0,0,0,,0,7,15,79,1,0,0,97,32,4,-2.42288629039428,0,0.28846153846153844,0.24069478908188585,0.6011786600496277,0,0,13.9,20.9,training,20.9,0.0
00-0027939,C.Newton,Cam Newton,QB,QB,"https://static.www.nfl.com/image/private/f_auto,q_auto/league/zwmgw2gmnn2kch4nquft",2018,1,REG,2018_01_DAL_CAR,CAR,DAL,17,26,161,0,0,3,-15,0,0,155,89,9,-0.6709656695717703,-0.23475265502929688,0,13,58,1,0,0,4,-1.8373052517417818,0,0,0,0,0,0,0,0,0,0,,0,0.0,0.0,0.0,0,0,18.240000000000002,18.240000000000002,training,18.24,-0.0
00-0027942,A.Green,A.J. Green,WR,WR,"https://static.www.nfl.com/image/private/f_auto,q_auto/league/guj5a9vnnzqfiljupzuj",2018,1,REG,2018_01_CIN_IND,CIN,IND,0,0,0,0,0,0,0,0,0,0,0,0,,,0,0,0,0,0,0,0,,0,6,8,92,1,2,1,97,19,5,2.13367426849436,0,0.2857142857142857,0.697841726618705,0.917060637204522,0,1,13.200000000000001,19.200000000000003,training,19.2,-0.0
00-0027944,J.Jones,Julio Jones,WR,WR,"https://static.www.nfl.com/image/upload/f_auto,q_auto/league/omrddf2phtyztzx2nup1",2018,1,REG,2018_01_ATL_PHI,ATL,PHI,0,0,0,0,0,0,0,0,0,0,0,0,,,0,1,11,0,0,0,1,1.005722414702177,0,10,19,169,0,0,0,282,31,7,1.1281717132078484,0,0.48717948717948717,0.7421052631578947,1.250242914979757,0,0,18.0,28.0,training,28.0,0.0
00-0027948,B.Gabbert,Blaine Gabbert,QB,QB,"https://static.www.nfl.com/image/private/f_auto,q_auto/league/fphhd3wedamgkps6e0dl",2018,1,REG,2018_01_TEN_MIA,TEN,MIA,11,22,117,0,1,0,0,0,0,140,60,8,-6.951273646496702,-20.500949837944724,0,0,0,0,0,0,0,,0,0,0,0,0,0,0,0,0,0,,0,0.0,0.0,0.0,0,0,2.6799999999999997,2.6799999999999997,training,2.68,0.0
00-0027973,A.Dalton,Andy Dalton,QB,QB,"https://static.www.nfl.com/image/upload/f_auto,q_auto/league/sfsneh0bn46e2kwve7sr",2018,1,REG,2018_01_CIN_IND,CIN,IND,21,28,243,2,1,2,-14,0,0,139,139,11,2.6774968590396497,3.8208620888846263,0,2,8,0,0,0,1,0.4750619772821665,0,0,0,0,0,0,0,0,0,0,,0,0.0,0.0,0.0,0,0,16.52,16.52,training,16.52,0.0
00-0027981,K.Rudolph,Kyle Rudolph,TE,TE,"https://static.www.nfl.com/image/private/f_auto,q_auto/league/mtvrkfel5750mlevcvtp",2018,1,REG,2018_01_SF_MIN,MIN,SF,0,0,0,0,0,0,0,0,0,0,0,0,,,0,0,0,0,0,0,0,,0,1,2,11,1,0,0,16,0,1,1.1689765444607474,0,0.05714285714285714,0.06274509803921569,0.1296358543417367,0,0,7.1,8.1,training,8.1,0.0
00-0027985,L.Kendricks,Lance Kendricks,TE,TE,"https://static.www.nfl.com/image/private/f_auto,q_auto/league/njjeo5udwowpbfnufl5l",2018,1,REG,2018_01_CHI_GB,GB,CHI,0,0,0,0,0,0,0,0,0,0,0,0,,,0,0,0,0,0,0,0,,0,1,1,13,0,0,0,1,12,1,0.8034970522858202,0,0.027777777777777776,0.002857142857142857,0.043666666666666666,0,0,1.3,2.3,training,2.3,0.0
00-0027996,T.Smith,Torrey Smith,WR,WR,"https://static.www.nfl.com/image/private/f_auto,q_auto/league/sqvbn4ybxagyfwva3i51",2018,1,REG,2018_01_DAL_CAR,CAR,DAL,0,0,0,0,0,0,0,0,0,0,0,0,,,0,0,0,0,0,0,0,,0,1,2,15,0,0,0,23,4,1,0.902001399663277,0,0.08,0.14838709677419354,0.22387096774193546,0,0,1.5,2.5,training,2.5,0.0
00-0028002,R.Cobb,Randall Cobb,WR,WR,"https://static.www.nfl.com/image/private/f_auto,q_auto/league/kuwo5hnkbtesfw6n9w1s",2018,1,REG,2018_01_CHI_GB,GB,CHI,0,0,0,0,0,0,0,0,0,0,0,0,,,0,0,0,0,0,0,0,,0,9,10,142,1,0,0,58,99,5,10.644524553092197,0,0.2777777777777778,0.1657142857142857,0.5326666666666666,0,0,20.200000000000003,29.200000000000003,training,29.2,-0.0
00-0028042,L.Stocker,Luke Stocker,TE,TE,"https://static.www.nfl.com/image/private/f_auto,q_auto/league/keoilbfzupthtliuou1a",2018,1,REG,2018_01_TEN_MIA,TEN,MIA,0,0,0,0,0,0,0,0,0,0,0,0,,,0,0,0,0,0,0,0,,0,2,2,37,0,0,0,33,4,1,2.6824422002537176,0,0.05263157894736842,0.1274131274131274,0.16813655761024182,0,0,3.7,5.7,training,5.7,0.0
00-0028063,T.Jones,Taiwan Jones,RB,RB,"https://static.www.nfl.com/image/private/f_auto,q_auto/league/va09vgfr7bdc2wb6ikq4",2018,1,REG,2018_01_BUF_BAL,BUF,BAL,0,0,0,0,0,0,0,0,0,0,0,0,,,0,0,0,0,0,0,0,,0,0,0,0,0,0,0,0,0,0,,0,0.0,0.0,0.0,0,0,0.0,0.0,training,0.0,0.0
00-0028064,B.Powell,Bilal Powell,RB,RB,"https://static.www.nfl.com/image/private/f_auto,q_auto/league/a5qlloemeetaqawzwuf7",2018,1,REG,2018_01_NYJ_DET,NYJ,DET,0,0,0,0,0,0,0,0,0,0,0,0,,,0,12,60,0,0,0,3,-0.9661717742565088,0,1,2,5,0,0,0,7,10,0,-7.990260293940082,0,0.1,0.04216867469879518,0.17951807228915664,0,0,6.5,7.5,training,7.5,0.0
00-0028083,J.Rodgers,Jacquizz Rodgers,RB,RB,"https://static.www.nfl.com/image/private/f_auto,q_auto/league/ztmescfueap5glplyf7w",2018,1,REG,2018_01_TB_NO,TB,NO,0,0,0,0,0,0,0,0,0,0,0,0,,,0,2,1,0,0,0,0,-1.1290981483180076,0,1,1,2,0,0,0,-2,4,0,-0.5193373459624127,0,0.03571428571428571,-0.005865102639296188,0.04946585672392124,0,0,0.30000000000000004,1.3,training,1.3,0.0
00-0028087,D.Lewis,Dion Lewis,RB,RB,"https://static.www.nfl.com/image/private/f_auto,q_auto/league/mvv0a1lqk90dscqn8uuj",2018,1,REG,2018_01_TEN_MIA,TEN,MIA,0,0,0,0,0,0,0,0,0,0,0,0,,,0,16,75,1,0,0,2,1.018926075368654,0,5,8,35,0,0,0,-9,44,2,-6.521347362140659,0,0.21052631578947367,-0.03474903474903475,0.2914651493598862,0,0,17.0,22.0,training,22.0,0.0
00-0028091,J.Kerley,Jeremy Kerley,WR,WR,"https://static.www.nfl.com/image/private/f_auto,q_auto/league/lsfc40maht2r3k0ctu1b",2018,1,REG,2018_01_BUF_BAL,BUF,BAL,0,0,0,0,0,0,0,0,0,0,0,0,,,0,0,0,0,0,0,0,,0,2,4,7,0,0,0,15,15,0,-2.0337088025407866,0,0.125,0.04076086956521739,0.21603260869565216,0,0,0.7000000000000001,2.7,training,2.7,0.0
00-0028093,N.Paul,Niles Paul,TE,TE,"https://static.www.nfl.com/image/private/f_auto,q_auto/league/c2hufhhjyuitenxujhpz",2018,1,REG,2018_01_JAX_NYG,JAX,NYG,0,0,0,0,0,0,0,0,0,0,0,0,,,0,0,0,0,0,0,0,,0,0,1,0,0,0,0,21,0,0,-0.4719917328329757,0,0.030303030303030304,0.09130434782608696,0.10936758893280632,0,0,0.0,0.0,training,0.0,0.0
00-0028097,L.Smith,Lee Smith,TE,TE,"https://static.www.nfl.com/image/private/f_auto,q_auto/league/gcaqwhzrinlqicrljwlr",2018,1,REG,2018_01_LA_OAK,LV,LA,0,0,0,0,0,0,0,0,0,0,0,0,,,0,0,0,0,0,0,0,,0,0,0,0,0,0,0,0,0,0,,0,0.0,0.0,0.0,0,0,0.0,0.0,training,0.0,0.0
00-0019596,T.Brady,Tom Brady,QB,QB,"https://static.www.nfl.com/image/private/f_auto,q_auto/league/q7dpdlxyu5rs05rgh1le",2019,1,REG,2019_01_PIT_NE,NE,PIT,24,36,341,3,0,1,-7,0,0,286,136,14,17.000392686236893,-0.18886567817793953,0,0,0,0,0,0,0,,0,0,0,0,0,0,0,0,0,0,,0,0.0,0.0,0.0,0,0,25.64,25.64,training,25.64,0.0
00-0020531,D.Brees,Drew Brees,QB,QB,"https://static.www.nfl.com/image/private/f_auto,q_auto/league/bt6nv11jgsirnuymookt",2019,1,REG,2019_01_HOU_NO,NO,HOU,32,43,370,2,1,1,-8,0,0,295,134,19,13.203921532816675,11.077493352767748,0,0,0,0,0,0,0,,0,0,0,0,0,0,0,0,0,0,,0,0.0,0.0,0.0,0,0,20.8,20.8,training,20.8,0.0
00-0022127,J.Witten,Jason Witten,TE,TE,"https://static.www.nfl.com/image/private/f_auto,q_auto/league/r7uafhtwuexuaty0nhsc",2019,1,REG,2019_01_NYG_DAL,DAL,NYG,0,0,0,0,0,0,0,0,0,0,0,0,,,0,0,0,0,0,0,0,,0,3,4,15,1,0,0,3,16,1,0.06046539108501747,0,0.125,0.009966777408637873,0.19447674418604652,0,0,7.5,10.5,training,10.5,0.0
00-0022803,E.Manning,Eli Manning,QB,QB,"https://static.www.nfl.com/image/private/f_auto,q_auto/league/w51tf8uedjftbr4qpaex",2019,1,REG,2019_01_NYG_DAL,NYG,DAL,30,44,306,1,0,1,-4,1,1,285,144,15,1.7074195183836225,1.932559385895729,0,1,6,0,0,0,0,0.28693024639505893,0,0,0,0,0,0,0,0,0,0,,0,0.0,0.0,0.0,0,1,14.840000000000003,14.840000000000003,training,14.84,-0.0
00-0022921,L.Fitzgerald,Larry Fitzgerald,WR,WR,"https://static.www.nfl.com/image/private/f_auto,q_auto/league/giswjsemt4f7ppwxtqgp",2019,1,REG,2019_01_DET_ARI,ARI,DET,0,0,0,0,0,0,0,0,0,0,0,0,,,0,0,0,0,0,0,0,,0,8,13,113,1,0,0,153,16,3,3.7259896304664895,0,0.25,0.2698412698412698,0.5638888888888889,0,0,17.3,25.3,training,25.3,0.0
00-0022924,B.Roethlisberger,Ben Roethlisberger,QB,QB,"https://static.www.nfl.com/image/private/f_auto,q_auto/league/vziogpnyp9d0xtpiuqhr",2019,1,REG,2019_01_PIT_NE,PIT,NE,27,47,276,0,1,1,0,1,0,465,140,11,-8.184870418769794,-8.076634305588742,0,1,7,0,0,0,0,0.03243474895134568,0,0,0,0,0,0,0,0,0,0,,0,0.0,0.0,0.0,0,0,9.74,9.74,training,9.74,0.0
00-0022942,P.Rivers,Philip Rivers,QB,QB,"https://static.www.nfl.com/image/private/f_auto,q_auto/league/voakyrtj34sghkwxaxxf",2019,1,REG,2019_01_IND_LAC,LAC,IND,25,34,333,3,1,4,-23,1,0,234,177,14,7.975745781830012,6.993950991069569,0,1,6,0,0,0,1,-0.1693831265438348,0,0,0,0,0,0,0,0,0,0,,0,0.0,0.0,0.0,0,0,23.92,23.92,training,23.92,0.0
00-0023459,A.Rodgers,Aaron Rodgers,QB,QB,"https://static.www.nfl.com/image/upload/f_auto,q_auto/league/dypvakakxhccxs67tb0y",2019,1,REG,2019_01_GB_CHI,GB,CHI,18,30,203,1,0,5,-37,0,0,300,87,10,-3.7905377670540474,-0.9360205244134974,0,3,8,0,0,0,0,-5.137486730489437,0,0,0,0,0,0,0,0,0,0,,0,0.0,0.0,0.0,0,0,12.920000000000002,12.920000000000002,training,12.92,-0.0
00-0023500,F.Gore,Frank Gore,RB,RB,"https://static.www.nfl.com/image/private/f_auto,q_auto/league/gfuklcqmphmdy9ncwrdt",2019,1,REG,2019_01_BUF_NYJ,BUF,NYJ,0,0,0,0,0,0,0,0,0,0,0,0,,,0,11,20,0,0,0,1,-3.214009376068134,0,0,0,0,0,0,0,0,0,0,,0,0.0,0.0,0.0,0,0,2.0,2.0,training,2.0,0.0
00-0023564,D.Sproles,Darren Sproles,RB,RB,"https://static.www.nfl.com/image/private/f_auto,q_auto/league/gvj5ng27blmwuz170aeo",2019,1,REG,2019_01_WAS_PHI,PHI,WAS,0,0,0,0,0,0,0,0,0,0,0,0,,,0,9,47,0,0,0,2,-1.9269946898710915,1,3,3,16,0,0,0,-3,19,0,-0.8170068813847773,0,0.07692307692307693,-0.008746355685131196,0.10926216640502355,0,0,8.3,11.3,training,11.3,0.0
00-0023682,R.Fitzpatrick,Ryan Fitzpatrick,QB,QB,"https://static.www.nfl.com/image/private/f_auto,q_auto/league/pkhhxwplsawnhln9rsun",2019,1,REG,2019_01_BAL_MIA,MIA,BAL,14,29,185,1,1,2,-5,0,0,402,50,10,0.44086842451198816,-5.233777905332631,0,1,8,0,0,0,1,0.10739074531011283,0,0,0,0,0,0,0,0,0,0,,0,0.0,0.0,0.0,0,0,10.200000000000001,10.200000000000001,training,10.2,-0.0
00-0024221,V.Davis,Vernon Davis,TE,TE,"https://static.www.nfl.com/image/private/f_auto,q_auto/league/so5ywayfeeu4zeijln5m",2019,1,REG,2019_01_WAS_PHI,WAS,PHI,0,0,0,0,0,0,0,0,0,0,0,0,,,0,0,0,0,0,0,0,,0,4,7,59,1,0,0,33,54,1,1.2265779973571354,0,0.16279069767441862,0.10185185185185185,0.3154823428079242,0,0,11.9,15.9,training,15.9,0.0
00-0024243,M.Lewis,Marcedes Lewis,TE,TE,"https://static.www.nfl.com/image/private/f_auto,q_auto/league/ppq07tipygpftz5csipx",2019,1,REG,2019_01_GB_CHI,GB,CHI,0,0,0,0,0,0,0,0,0,0,0,0,,,0,0,0,0,0,0,0,,0,2,3,14,0,0,0,21,8,0,0.33394499972928315,0,0.1111111111111111,0.07,0.21566666666666667,0,0,1.4000000000000001,3.4000000000000004,training,3.4,-0.0
00-0024389,De.Walker,Delanie Walker,TE,TE,"https://static.www.nfl.com/image/private/f_auto,q_auto/league/diknegkpqy0qnri7877z",2019,1,REG,2019_01_TEN_CLE,TEN,CLE,0,0,0,0,0,0,0,0,0,0,0,0,,,0,0,0,0,0,0,0,,0,5,6,55,2,0,0,35,20,5,6.7557103968574665,0,0.25,0.2413793103448276,0.5439655172413793,0,0,17.5,22.5,training,22.5,0.0
00-0025396,T.Ginn,Ted Ginn,WR,WR,"https://static.www.nfl.com/image/private/f_auto,q_auto/league/av3kbvba3bp4c6wrqz3g",2019,1,REG,2019_01_HOU_NO,NO,HOU,0,0,0,0,0,0,0,0,0,0,0,0,,,0,0,0,0,0,0,0,,0,7,7,101,0,0,0,89,12,5,5.585477161973861,0,0.1794871794871795,0.3016949152542373,0.4804172099087353,0,0,10.100000000000001,17.1,training,17.1,0.0
00-0025418,G.Olsen,Greg Olsen,TE,TE,"https://static.www.nfl.com/image/private/f_auto,q_auto/league/jevf1bubmrv2vvmiwq3r",2019,1,REG,2019_01_LA_CAR,CAR,LA,0,0,0,0,0,0,0,0,0,0,0,0,,,0,0,0,0,0,0,0,,0,4,9,36,0,0,0,62,16,2,-7.407403641725776,0,0.24324324324324326,0.2605042016806723,0.5472178060413355,0,0,3.6,7.6,training,7.6,0.0
00-0025708,M.Moore,Matt Moore,QB,QB,"https://static.www.nfl.com/image/private/f_auto,q_auto/league/h04zarfikqlgerdftbgp",2019,1,REG,2019_01_KC_JAX,KC,JAX,0,1,0,0,0,0,0,0,0,-4,0,0,-0.3029050289360713,-85.7847273349762,0,1,-1,0,0,0,0,-3.3719916444970295,0,0,0,0,0,0,0,0,0,0,,0,0.0,0.0,0.0,0,0,-0.1,-0.1,training,-0.1,0.0
00-0026035,D.Amendola,Danny Amendola,WR,WR,"https://static.www.nfl.com/image/private/f_auto,q_auto/league/etz06w7s0ardf49mnayz",2019,1,REG,2019_01_DET_ARI,DET,ARI,0,0,0,0,0,0,0,0,0,0,0,0,,,0,0,0,0,0,0,0,,0,7,13,104,1,0,0,122,43,5,3.0555191226594616,0,0.3170731707317073,0.23552123552123552,0.6404746209624258,0,0,16.4,23.4,training,23.4,0.0
00-0026143,M.Ryan,Matt Ryan,QB,QB,"https://static.www.nfl.com/image/private/f_auto,q_auto/league/s6zam4ekrrnonsck6vak",2019,1,REG,2019_01_ATL_MIN,ATL,MIN,33,46,304,2,2,4,-32,0,0,360,118,16,-7.880094879801385,3.3820614549848766,0,2,24,0,0,0,1,0.9837264593224972,0,0,0,0,0,0,0,0,0,0,,0,0.0,0.0,0.0,0,0,18.560000000000002,18.560000000000002,training,18.56,-0.0
00-0026158,J.Flacco,Joe Flacco,QB,QB,"https://static.www.nfl.com/image/upload/f_auto,q_auto/league/dre1d2f2d6dxqohzn5l2",2019,1,REG,2019_01_DEN_OAK,DEN,LV,21,31,268,1,0,3,-19,1,0,243,104,11,7.573604200706965,4.530867536862691,0,1,1,0,0,0,0,-0.06840666037169285,0,0,0,0,0,0,0,0,0,0,,0,0.0,0.0,0.0,0,0,14.82,14.82,training,14.82,0.0
00-0026189,D.Jackson,DeSean Jackson,WR,WR,"https://static.www.nfl.com/image/private/f_auto,q_auto/league/pr5m864fqvnoozihylrh",2019,1,REG,2019_01_WAS_PHI,PHI,WAS,0,0,0,0,0,0,0,0,0,0,0,0,,,0,0,0,0,0,0,0,,0,8,9,154,2,0,0,142,15,6,15.253048511396628,0,0.23076923076923078,0.4139941690962099,0.6359497645211931,0,0,27.4,35.4,training,35.4,0.0
00-0026498,M.Stafford,Matthew Stafford,QB,QB,"https://static.www.nfl.com/image/upload/f_auto,q_auto/league/jwpkjfrkzufdyh8u1mg7",2019,1,REG,2019_01_DET_ARI,DET,ARI,27,45,385,3,0,3,-24,2,1,518,157,17,11.41597672488304,4.010775249178817,0,3,22,0,0,0,2,1.0117388876969926,0,0,0,0,0,0,0,0,0,0,,0,0.0,0.0,0.0,0,1,27.599999999999998,27.599999999999998,training,27.6,0.0
00-0027029,L.McCoy,LeSean McCoy,RB,RB,"https://static.www.nfl.com/image/private/f_auto,q_auto/league/pbktgxotzvm04sasmxwl",2019,1,REG,2019_01_KC_JAX,KC,JAX,0,0,0,0,0,0,0,0,0,0,0,0,,,0,10,81,0,0,0,6,3.6157992212101817,0,1,1,12,0,0,0,4,8,1,1.3901757964631543,0,0.029411764705882353,0.022222222222222223,0.059673202614379084,0,0,9.3,10.3,training,10.3,0.0
00-0027061,J.Cook,Jared Cook,TE,TE,"https://static.www.nfl.com/image/private/f_auto,q_auto/league/cthoenebptadlu4g928v",2019,1,REG,2019_01_HOU_NO,NO,HOU,0,0,0,0,0,0,0,0,0,0,0,0,,,0,0,0,0,0,0,0,,0,2,3,37,0,0,0,39,15,2,2.863809531670995,0,0.07692307692307693,0.13220338983050847,0.20792698826597134,0,0,3.7,5.7,training,5.7,0.0
00-0027150,J.Edelman,Julian Edelman,WR,WR,"https://static.www.nfl.com/image/private/f_auto,q_auto/league/aqcqn3w2ysnekbrqfrse",2019,1,REG,2019_01_PIT_NE,NE,PIT,1,1,32,0,0,0,0,0,0,-6,38,1,1.9238021319033578,12.90234923362732,0,1,8,0,0,0,1,0.8005011465866119,0,6,11,83,0,0,0,92,37,4,2.969430536043968,0,0.2972972972972973,0.32857142857142857,0.6759459459459459,0,0,10.379999999999999,16.38,training,16.38,0.0
00-0027685,E.Sanders,Emmanuel Sanders,WR,WR,"https://static.www.nfl.com/image/private/f_auto,q_auto/league/potkibjtm855tsawozs0",2019,1,REG,2019_01_DEN_OAK,DEN,LV,0,0,0,0,0,0,0,0,0,0,0,0,,,0,0,0,0,0,0,0,,0,5,7,86,1,0,0,87,32,3,6.034967868358494,0,0.23333333333333334,0.35802469135802467,0.6006172839506172,0,0,14.6,19.6,training,19.6,0.0
00-0027696,J.Graham,Jimmy Graham,TE,TE,"https://static.www.nfl.com/image/private/f_auto,q_auto/league/h7xs06oj6g03mippwtse",2019,1,REG,2019_01_GB_CHI,GB,CHI,0,0,0,0,0,0,0,0,0,0,0,0,,,0,0,0,0,0,0,0,,0,3,5,30,1,0,0,58,17,2,0.21862277970649302,0,0.18518518518518517,0.19333333333333333,0.4131111111111111,0,0,9.0,12.0,training,12.0,0.0
00-0027939,C.Newton,Cam Newton,QB,QB,"https://static.www.nfl.com/image/private/f_auto,q_auto/league/zwmgw2gmnn2kch4nquft",2019,1,REG,2019_01_LA_CAR,CAR,LA,25,38,239,0,1,3,-23,0,0,238,114,13,-2.6027920963938502,-1.815383418186291,0,3,-2,0,1,1,0,-6.019934088573791,0,0,0,0,0,0,0,0,0,0,,0,0.0,0.0,0.0,0,1,5.36,5.36,training,5.36,0.0
00-0027944,J.Jones,Julio Jones,WR,WR,"https://static.www.nfl.com/image/upload/f_auto,q_auto/league/omrddf2phtyztzx2nup1",2019,1,REG,2019_01_ATL_MIN,ATL,MIN,0,0,0,0,0,0,0,0,0,0,0,0,,,0,0,0,0,0,0,0,,0,6,11,31,1,0,0,107,11,4,-4.59857881914638,0,0.24444444444444444,0.2972222222222222,0.5747222222222221,0,0,9.1,15.1,training,15.1,0.0
00-0027966,M.Ingram,Mark Ingram,RB,RB,"https://static.www.nfl.com/image/private/f_auto,q_auto/league/qyju9wutyssrf0b26ran",2019,1,REG,2019_01_BAL_MIA,BAL,MIA,0,0,0,0,0,0,0,0,0,0,0,0,,,0,14,107,2,0,0,3,7.560036351613235,0,0,0,0,0,0,0,0,0,0,,0,0.0,0.0,0.0,0,0,22.700000000000003,22.700000000000003,training,22.7,-0.0
00-0027973,A.Dalton,Andy Dalton,QB,QB,"https://static.www.nfl.com/image/upload/f_auto,q_auto/league/sfsneh0bn46e2kwve7sr",2019,1,REG,2019_01_CIN_SEA,CIN,SEA,35,51,418,2,0,5,-23,2,2,381,186,18,8.67743584828683,3.138865986648871,0,0,0,0,0,0,0,,0,0,0,0,0,0,0,0,0,0,,0,0.0,0.0,0.0,0,2,20.72,20.72,training,20.72,0.0
00-0027981,K.Rudolph,Kyle Rudolph,TE,TE,"https://static.www.nfl.com/image/private/f_auto,q_auto/league/mtvrkfel5750mlevcvtp",2019,1,REG,2019_01_ATL_MIN,MIN,ATL,0,0,0,0,0,0,0,0,0,0,0,0,,,0,0,0,0,0,0,0,,0,0,1,0,0,0,0,4,0,0,-0.4908847843762487,0,0.1111111111111111,0.0784313725490196,0.22156862745098038,0,0,0.0,0.0,training,0.0,0.0
00-0028002,R.Cobb,Randall Cobb,WR,WR,"https://static.www.nfl.com/image/private/f_auto,q_auto/league/kuwo5hnkbtesfw6n9w1s",2019,1,REG,2019_01_NYG_DAL,DAL,NYG,0,0,0,0,0,0,0,0,0,0,0,0,,,0,0,0,0,0,0,0,,0,4,5,69,1,0,0,35,41,4,7.1378026125603355,0,0.15625,0.11627906976744186,0.3157703488372093,0,0,12.9,16.9,training,16.9,0.0
00-0028042,L.Stocker,Luke Stocker,TE,TE,"https://static.www.nfl.com/image/private/f_auto,q_auto/league/keoilbfzupthtliuou1a",2019,1,REG,2019_01_ATL_MIN,ATL,MIN,0,0,0,0,0,0,0,0,0,0,0,0,,,0,0,0,0,0,0,0,,0,0,1,0,0,0,0,3,0,0,-7.068585567583796,0,0.022222222222222223,0.008333333333333333,0.03916666666666667,0,0,0.0,0.0,training,0.0,0.0
00-0028063,T.Jones,Taiwan Jones,RB,RB,"https://static.www.nfl.com/image/private/f_auto,q_auto/league/va09vgfr7bdc2wb6ikq4",2019,1,REG,2019_01_HOU_NO,HOU,NO,0,0,0,0,0,0,0,0,0,0,0,0,,,0,0,0,0,0,0,0,,0,0,0,0,0,0,0,0,0,0,,0,0.0,0.0,0.0,0,0,0.0,0.0,training,0.0,0.0
00-0028087,D.Lewis,Dion Lewis,RB,RB,"https://static.www.nfl.com/image/private/f_auto,q_auto/league/mvv0a1lqk90dscqn8uuj",2019,1,REG,2019_01_TEN_CLE,TEN,CLE,0,0,0,0,0,0,0,0,0,0,0,0,,,0,3,7,0,0,0,0,-0.8027940872125328,0,3,4,6,0,0,0,-10,12,0,-3.5229850906724494,0,0.16666666666666666,-0.06896551724137931,0.2017241379310345,0,0,1.3,4.3,training,4.3,0.0
00-0028097,L.Smith,Lee Smith,TE,TE,"https://static.www.nfl.com/image/private/f_auto,q_auto/league/gcaqwhzrinlqicrljwlr",2019,1,REG,2019_01_BUF_NYJ,BUF,NYJ,0,0,0,0,0,0,0,0,0,0,0,0,,,0,0,0,0,0,0,0,,0,0,0,0,0,0,0,0,0,0,,0,0.0,0.0,0.0,0,0,0.0,0.0,training,0.0,0.0
00-0028112,C.Clay,Charles Clay,TE,TE,"https://static.www.nfl.com/image/private/f_auto,q_auto/league/gbfhfjn5cxtou5aazegt",2019,1,REG,2019_01_DET_ARI,ARI,DET,0,0,0,0,0,0,0,0,0,0,0,0,,,0,0,0,0,0,0,0,,0,1,1,5,0,0,0,5,0,0,-0.056105508701875806,0,0.019230769230769232,0.008818342151675485,0.03501899335232669,0,0,0.5,1.5,training,1.5,0.0
00-0028114,D.Harris,Dwayne Harris,WR,WR,"https://static.www.nfl.com/image/private/f_auto,q_auto/league/cz34jefkstkm3mvjznvg",2019,1,REG,2019_01_DEN_OAK,LV,DEN,0,0,0,0,0,0,0,0,0,0,0,0,,,0,0,0,0,0,0,0,,0,1,1,7,0,0,0,0,7,0,-0.5586881316266954,0,0.038461538461538464,0.0,0.057692307692307696,0,0,0.7000000000000001,1.7000000000000002,training,1.7,-0.0
00-0028118,T.Taylor,Tyrod Taylor,QB,QB,"https://static.www.nfl.com/image/upload/f_auto,q_auto/league/whpztm9akd7yefplp37r",2019,1,REG,2019_01_IND_LAC,LAC,IND,0,0,0,0,0,0,0,0,0,0,0,0,,,0,0,0,0,0,0,0,,0,0,1,0,0,0,0,-4,0,0,-0.3670203557703644,0,0.029411764705882353,-0.017094017094017096,0.03215183509301156,0,0,0.0,0.0,training,0.0,0.0
00-0028142,V.Green,Virgil Green,TE,TE,"https://static.www.nfl.com/image/private/f_auto,q_auto/league/ic5ifab8fb39m4e9el3n",2019,1,REG,2019_01_IND_LAC,LAC,IND,0,0,0,0,0,0,0,0,0,0,0,0,,,0,0,0,0,0,0,0,,0,1,1,4,0,0,0,1,3,1,0.13672457967186347,0,0.029411764705882353,0.004273504273504274,0.04710910005027652,0,0,0.4,1.4,training,1.4,0.0
00-0028237,C.Hogan,Chris Hogan,WR,WR,"https://static.www.nfl.com/image/private/f_auto,q_auto/league/fmpqnciwjqicsjzy63mc",2019,1,REG,2019_01_LA_CAR,CAR,LA,0,0,0,0,0,0,0,0,0,0,0,0,,,0,0,0,0,0,0,0,,0,0,1,0,0,0,0,3,0,0,-0.3231870202580467,0,0.02702702702702703,0.012605042016806723,0.049364069952305245,0,0,0.0,0.0,training,0.0,0.0
00-0028411,D.Inman,Dontrelle Inman,WR,WR,"https://static.www.nfl.com/image/private/f_auto,q_auto/league/ankqlmlhk3orbiztqott",2019,1,REG,2019_01_IND_LAC,LAC,IND,0,0,0,0,0,0,0,0,0,0,0,0,,,0,0,0,0,0,0,0,,0,1,1,5,0,0,0,4,1,0,-1.0325171417789534,0,0.029411764705882353,0.017094017094017096,0.05608345902463549,0,0,0.5,1.5,training,1.5,0.0
00-0028581,P.DiMarco,Patrick DiMarco,RB,RB,"https://static.www.nfl.com/image/private/f_auto,q_auto/league/aogfdoxrgi8kssdps73x",2019,1,REG,2019_01_BUF_NYJ,BUF,NYJ,0,0,0,0,0,0,0,0,0,0,0,0,,,0,0,0,0,0,0,0,,0,2,2,9,0,0,0,8,1,0,-0.15231985179707408,0,0.05714285714285714,0.024691358024691357,0.10299823633156967,0,0,0.9,2.9,training,2.9,0.0
00-0028986,C.Keenum,Case Keenum,QB,QB,"https://static.www.nfl.com/image/upload/f_auto,q_auto/league/weixhyzal4ntsyszyepu",2019,1,REG,2019_01_WAS_PHI,WAS,PHI,30,44,380,3,0,1,-10,0,0,324,186,15,21.74909209827126,3.6906943764797475,0,0,0,0,0,0,0,,0,0,0,0,0,0,0,0,0,0,,0,0.0,0.0,0.0,0,0,27.200000000000003,27.200000000000003,training,27.2,-0.0
00-0029000,C.Beasley,Cole Beasley,WR,WR,"https://static.www.nfl.com/image/private/f_auto,q_auto/league/y5r0fhwctl6ljwvmktvu",2019,1,REG,2019_01_BUF_NYJ,BUF,NYJ,0,0,0,0,0,0,0,0,0,0,0,0,,,0,0,0,0,0,0,0,,0,5,9,40,0,0,0,59,21,2,-5.728352273697965,0,0.2571428571428571,0.18209876543209877,0.5131834215167548,0,0,4.0,9.0,training,9.0,0.0
00-0029137,A.Jeffery,Alshon Jeffery,WR,WR,"https://static.www.nfl.com/image/private/f_auto,q_auto/league/qrbsgwhzlsmwgkdfjryh",2019,1,REG,2019_01_WAS_PHI,PHI,WAS,0,0,0,0,0,0,0,0,0,0,0,0,,,0,1,2,1,0,0,1,0.6571754727629013,0,5,7,49,1,0,0,56,10,4,2.6907438825583085,0,0.1794871794871795,0.16326530612244897,0.3835164835164835,0,0,17.1,22.1,training,22.1,0.0
00-0029239,B.Bolden,Brandon Bolden,RB,RB,"https://static.www.nfl.com/image/private/f_auto,q_auto/league/kqqwz35z9brhkzbs4bcn",2019,1,REG,2019_01_PIT_NE,NE,PIT,0,0,0,0,0,0,0,0,0,0,0,0,,,0,1,7,0,0,0,0,0.4333675503730774,0,0,0,0,0,0,0,0,0,0,,0,0.0,0.0,0.0,0,0,0.7000000000000001,0.7000000000000001,training,0.7,-0.0
00-0029263,R.Wilson,Russell Wilson,QB,QB,"https://static.www.nfl.com/image/upload/f_auto,q_auto/league/vkstxj0evgkjiycu4glc",2019,1,REG,2019_01_CIN_SEA,SEA,CIN,14,20,195,2,0,4,-35,0,0,197,96,6,4.026023040176369,12.202661915829307,0,4,8,0,0,0,0,-1.0623010257841088,0,0,0,0,0,0,0,0,0,0,,0,0.0,0.0,0.0,0,0,16.6,16.6,training,16.6,0.0
00-0029269,T.Benjamin,Travis Benjamin,WR,WR,"https://static.www.nfl.com/image/private/f_auto,q_auto/league/io9silocxbywvisvcvpx",2019,1,REG,2019_01_IND_LAC,LAC,IND,0,0,0,0,0,0,0,0,0,0,0,0,,,0,0,0,0,0,0,0,,0,2,3,12,0,0,0,34,15,1,-0.269847220974043,0,0.08823529411764706,0.1452991452991453,0.2340623428858723,0,0,1.2000000000000002,3.2,training,3.2,0.0
00-0029293,M.Jones,Marvin Jones,WR,WR,"https://static.www.nfl.com/image/private/f_auto,q_auto/league/ciy9sxefmcnwjw7ln3h2",2019,1,REG,2019_01_DET_ARI,DET,ARI,0,0,0,0,0,0,0,0,0,0,0,0,,,0,1,4,0,0,0,0,-0.37605179473757744,0,4,4,56,0,0,0,52,4,3,3.698362057155464,0,0.0975609756097561,0.10038610038610038,0.21661173368490444,0,0,6.0,10.0,training,10.0,0.0
00-0029319,J.Bellamy,Josh Bellamy,WR,WR,"https://static.www.nfl.com/image/private/f_auto,q_auto/league/kgyz7lr35xl5j7oxjwlw",2019,1,REG,2019_01_BUF_NYJ,NYJ,BUF,0,0,0,0,0,0,0,0,0,0,0,0,,,0,0,0,0,0,0,0,,0,1,1,15,0,0,0,11,4,1,1.1353914907667786,0,0.024390243902439025,0.04932735426008968,0.07111451383572132,0,0,1.5,2.5,training,2.5,0.0
00-0029492,J.Olawale,Jamize Olawale,RB,RB,"https://static.www.nfl.com/image/private/f_auto,q_auto/league/dp7xdilrkk9f2i5ovne9",2019,1,REG,2019_01_NYG_DAL,DAL,NYG,0,0,0,0,0,0,0,0,0,0,0,0,,,0,0,0,0,0,0,0,,0,0,1,0,0,0,0,32,0,0,-0.44020121661014855,0,0.03125,0.10631229235880399,0.12129360465116279,0,0,0.0,0.0,training,0.0,0.0
00-0029567,N.Foles,Nick Foles,QB,QB,"https://static.www.nfl.com/image/private/f_auto,q_auto/league/dxuz2ir773wylutxo7zs",2019,1,REG,2019_01_KC_JAX,JAX,KC,5,8,75,1,0,0,0,0,0,79,25,3,6.1070978759089485,-3.745090961456299,0,0,0,0,0,0,0,,0,0,0,0,0,0,0,0,0,0,,0,0.0,0.0,0.0,0,0,7.0,7.0,training,7.0,0.0
00-0029572,J.Wright,Jarius Wright,WR,WR,"https://static.www.nfl.com/image/private/f_auto,q_auto/league/f4xgfra44cd6qjy6havp",2019,1,REG,2019_01_LA_CAR,CAR,LA,0,0,0,0,0,0,0,0,0,0,0,0,,,0,0,0,0,0,0,0,,0,1,1,14,0,0,0,10,4,1,1.4206459866836667,0,0.02702702702702703,0.04201680672268908,0.0699523052464229,0,0,1.4000000000000001,2.4000000000000004,training,2.4,-0.0
00-0029587,R.Ellison,Rhett Ellison,TE,TE,"https://static.www.nfl.com/image/private/f_auto,q_auto/league/pqvmhpdoritjtp8ng7ep",2019,1,REG,2019_01_NYG_DAL,NYG,DAL,0,0,0,0,0,0,0,0,0,0,0,0,,,0,0,0,0,0,0,0,,0,1,2,8,0,0,0,31,6,0,-0.7427422538748942,0,0.045454545454545456,0.09872611464968153,0.13729009843659523,0,0,0.8,1.8,training,1.8,0.0
00-0029604,K.Cousins,Kirk Cousins,QB,QB,"https://static.www.nfl.com/image/upload/f_auto,q_auto/league/za7cynvpwlsro1tsaijk",2019,1,REG,2019_01_ATL_MIN,MIN,ATL,8,10,98,1,0,1,-1,1,0,51,42,4,8.41886515065562,17.185257540808784,0,6,4,1,1,0,3,-1.3698675041669048,0,0,0,0,0,0,0,0,0,0,,0,0.0,0.0,0.0,0,0,14.32,14.32,training,14.32,0.0
00-0029608,T.Hilton,T.Y. Hilton,WR,WR,"https://static.www.nfl.com/image/private/f_auto,q_auto/league/b8kor0sgeynyd8u8cush",2019,1,REG,2019_01_IND_LAC,IND,LAC,0,0,0,0,0,0,0,0,0,0,0,0,,,0,0,0,0,0,0,0,,0,8,9,87,2,0,0,67,44,3,7.712355381168891,0,0.3333333333333333,0.4240506329113924,0.7968354430379747,0,0,20.700000000000003,28.700000000000003,training,28.7,-0.0
00-0029632,M.Sanu,Mohamed Sanu,WR,WR,"https://static.www.nfl.com/image/private/f_auto,q_auto/league/a6loroqhta6g65aqnsrk",2019,1,REG,2019_01_ATL_MIN,ATL,MIN,0,0,0,0,0,0,0,0,0,0,0,0,,,0,0,0,0,0,0,0,,0,5,6,57,0,0,0,37,30,2,0.6150118426303379,0,0.13333333333333333,0.10277777777777777,0.27194444444444443,0,0,5.7,10.7,training,10.7,0.0
00-0029664,J.Gordon,Josh Gordon,WR,WR,"https://static.www.nfl.com/image/private/f_auto,q_auto/league/wwqz2ujrj7wp86tyaxof",2019,1,REG,2019_01_PIT_NE,NE,PIT,0,0,0,0,0,0,0,0,0,0,0,0,,,0,0,0,0,0,0,0,,0,3,4,73,1,0,0,56,24,2,4.905508354857764,0,0.10810810810810811,0.2,0.3021621621621622,0,0,13.3,16.3,training,16.3,0.0
00-0029665,R.Griffin,Robert Griffin III,QB,QB,"https://static.www.nfl.com/image/private/f_auto,q_auto/league/k7asgb06pdsilmrb378b",2019,1,REG,2019_01_BAL_MIA,BAL,MIA,6,6,55,1,0,0,0,0,0,38,17,5,8.937259258527774,29.543672998746235,0,4,9,0,0,0,0,-4.912528352346271,0,0,0,0,0,0,0,0,0,0,,0,0.0,0.0,0.0,0,0,7.1000000000000005,7.1000000000000005,training,7.1,-0.0
00-0029701,R.Tannehill,Ryan Tannehill,QB,QB,"https://static.www.nfl.com/image/private/f_auto,q_auto/league/yvwju12dl6haf3r8uzrm",2019,1,REG,2019_01_TEN_CLE,TEN,CLE,0,0,0,0,0,0,0,0,0,0,0,0,,,0,2,-2,0,0,0,0,-3.0258198782103136,0,0,0,0,0,0,0,0,0,0,,0,0.0,0.0,0.0,0,0,-0.2,-0.2,training,-0.2,0.0
00-0029738,D.Fells,Darren Fells,TE,TE,"https://static.www.nfl.com/image/private/f_auto,q_auto/league/eh0rbweg4wbzgzpvprnv",2019,1,REG,2019_01_HOU_NO,HOU,NO,0,0,0,0,0,0,0,0,0,0,0,0,,,0,0,0,0,0,0,0,,0,0,1,0,0,0,0,-1,0,0,-0.658006751909852,0,0.034482758620689655,-0.003076923076923077,0.04957029177718833,0,0,0.0,0.0,training,0.0,0.0
00-0019596,T.Brady,Tom Brady,QB,QB,"https://static.www.nfl.com/image/private/f_auto,q_auto/league/q7dpdlxyu5rs05rgh1le",2020,1,REG,2020_01_TB_NO,TB,NO,23,36,239,2,2,3,-15,1,0,292,90,10,-10.443857305171482,-0.28671184006859274,0,3,9,1,0,0,2,1.5054478323436342,0,0,0,0,0,0,0,0,0,0,,0,0.0,0.0,0.0,0,0,20.46,20.46,training,20.46,0.0
00-0020531,D.Brees,Drew Brees,QB,QB,"https://static.www.nfl.com/image/private/f_auto,q_auto/league/bt6nv11jgsirnuymookt",2020,1,REG,2020_01_TB_NO,NO,TB,18,30,160,2,0,1,-9,0,0,145,99,9,-2.923641370770747,-9.123068842394598,0,2,0,0,0,0,0,-0.9120299202407676,0,0,0,0,0,0,0,0,0,0,,0,0.0,0.0,0.0,0,0,14.4,14.4,training,14.4,0.0
00-0022127,J.Witten,Jason Witten,TE,TE,"https://static.www.nfl.com/image/private/f_auto,q_auto/league/r7uafhtwuexuaty0nhsc",2020,1,REG,2020_01_LV_CAR,LV,CAR,0,0,0,0,0,0,0,0,0,0,0,0,,,0,0,0,0,0,0,0,,0,1,1,2,0,0,0,2,0,0,-1.301103974755736,0,0.03571428571428571,0.012048192771084338,0.06200516351118761,0,0,0.2,1.2,training,1.2,0.0
00-0022921,L.Fitzgerald,Larry Fitzgerald,WR,WR,"https://static.www.nfl.com/image/private/f_auto,q_auto/league/giswjsemt4f7ppwxtqgp",2020,1,REG,2020_01_ARI_SF,ARI,SF,0,0,0,0,0,0,0,0,0,0,0,0,,,0,0,0,0,0,0,0,,0,4,5,34,0,0,0,15,23,2,1.3585642774123698,0,0.13513513513513514,0.078125,0.25739020270270274,0,0,3.4000000000000004,7.4,training,7.4,0.0
00-0022924,B.Roethlisberger,Ben Roethlisberger,QB,QB,"https://static.www.nfl.com/image/private/f_auto,q_auto/league/vziogpnyp9d0xtpiuqhr",2020,1,REG,2020_01_PIT_NYG,PIT,NYG,21,32,229,3,0,2,-21,0,0,221,105,14,15.101035712175156,1.5084351262738627,0,3,9,0,1,0,1,-3.4936577103217132,0,0,0,0,0,0,0,0,0,0,,0,0.0,0.0,0.0,0,0,22.06,22.06,training,22.06,0.0
00-0022942,P.Rivers,Philip Rivers,QB,QB,"https://static.www.nfl.com/image/private/f_auto,q_auto/league/voakyrtj34sghkwxaxxf",2020,1,REG,2020_01_IND_JAX,IND,JAX,36,46,363,1,2,0,0,0,0,289,212,17,9.91244937595375,10.472451409567958,0,1,3,0,0,0,0,-0.3309874623082578,0,0,0,0,0,0,0,0,0,0,,0,0.0,0.0,0.0,0,0,14.82,14.82,training,14.82,0.0
00-0023459,A.Rodgers,Aaron Rodgers,QB,QB,"https://static.www.nfl.com/image/upload/f_auto,q_auto/league/dypvakakxhccxs67tb0y",2020,1,REG,2020_01_GB_MIN,GB,MIN,32,44,364,4,0,0,0,0,0,391,155,17,17.96795294877168,13.068196250171196,0,1,2,0,0,0,1,1.9661847822135314,0,0,0,0,0,0,0,0,0,0,,0,0.0,0.0,0.0,0,0,30.76,30.76,training,30.76,0.0
00-0023500,F.Gore,Frank Gore,RB,RB,"https://static.www.nfl.com/image/private/f_auto,q_auto/league/gfuklcqmphmdy9ncwrdt",2020,1,REG,2020_01_NYJ_BUF,NYJ,BUF,0,0,0,0,0,0,0,0,0,0,0,0,,,0,6,24,0,0,0,1,-0.40239067329093814,0,0,0,0,0,0,0,0,0,0,,0,0.0,0.0,0.0,0,0,2.4000000000000004,2.4000000000000004,training,2.4,-0.0
00-0023682,R.Fitzpatrick,Ryan Fitzpatrick,QB,QB,"https://static.www.nfl.com/image/private/f_auto,q_auto/league/pkhhxwplsawnhln9rsun",2020,1,REG,2020_01_MIA_NE,MIA,NE,20,30,191,0,3,1,-9,0,0,251,59,11,-8.427611074317511,3.812964061896006,0,5,18,0,0,0,2,1.5051213808911852,1,0,0,0,0,0,0,0,0,0,,0,0.0,0.0,0.0,0,0,5.44,5.44,training,5.44,0.0
00-0025394,A.Peterson,Adrian Peterson,RB,RB,"https://static.www.nfl.com/image/private/f_auto,q_auto/league/ug2ua3skqc9f6vkbowxc",2020,1,REG,2020_01_CHI_DET,DET,CHI,0,0,0,0,0,0,0,0,0,0,0,0,,,0,14,93,0,0,0,5,0.25188815454021096,0,3,3,21,0,0,0,2,19,0,0.5257801681291312,0,0.07317073170731707,0.005376344086021506,0.11351953842119065,0,0,11.4,14.4,training,14.4,0.0
00-0025396,T.Ginn,Ted Ginn,WR,WR,"https://static.www.nfl.com/image/private/f_auto,q_auto/league/av3kbvba3bp4c6wrqz3g",2020,1,REG,2020_01_CHI_DET,CHI,DET,0,0,0,0,0,0,0,0,0,0,0,0,,,0,0,0,0,0,0,0,,0,0,1,0,0,0,0,17,0,0,-3.245735666481778,0,0.027777777777777776,0.04871060171919771,0.07576408787010505,0,0,0.0,0.0,training,0.0,0.0
00-0025418,G.Olsen,Greg Olsen,TE,TE,"https://static.www.nfl.com/image/private/f_auto,q_auto/league/jevf1bubmrv2vvmiwq3r",2020,1,REG,2020_01_SEA_ATL,SEA,ATL,0,0,0,0,0,0,0,0,0,0,0,0,,,0,0,0,0,0,0,0,,0,4,4,24,1,0,0,19,5,2,2.7865732829086483,0,0.11428571428571428,0.09268292682926829,0.23630662020905924,0,0,8.4,12.4,training,12.4,0.0
00-0026035,D.Amendola,Danny Amendola,WR,WR,"https://static.www.nfl.com/image/private/f_auto,q_auto/league/etz06w7s0ardf49mnayz",2020,1,REG,2020_01_CHI_DET,DET,CHI,0,0,0,0,0,0,0,0,0,0,0,0,,,0,0,0,0,0,0,0,,0,5,7,81,0,0,0,67,22,4,6.323142931680195,0,0.17073170731707318,0.18010752688172044,0.3821728297928141,0,0,8.1,13.1,training,13.1,0.0
00-0026143,M.Ryan,Matt Ryan,QB,QB,"https://static.www.nfl.com/image/private/f_auto,q_auto/league/s6zam4ekrrnonsck6vak",2020,1,REG,2020_01_SEA_ATL,ATL,SEA,37,54,450,2,1,2,-16,0,0,524,106,23,6.093836281449664,4.676273923653823,0,1,-1,0,0,0,0,-0.10763946653707901,0,0,0,0,0,0,0,0,0,0,,0,0.0,0.0,0.0,0,0,23.9,23.9,training,23.9,0.0
00-0026189,D.Jackson,DeSean Jackson,WR,WR,"https://static.www.nfl.com/image/private/f_auto,q_auto/league/pr5m864fqvnoozihylrh",2020,1,REG,2020_01_PHI_WAS,PHI,WAS,0,0,0,0,0,0,0,0,0,0,0,0,,,0,0,0,0,0,0,0,,0,2,7,46,0,0,0,214,7,2,0.3254670492315199,0,0.16666666666666666,0.4115384615384615,0.5380769230769231,0,0,4.6000000000000005,6.6000000000000005,training,6.6,-0.0
00-0026498,M.Stafford,Matthew Stafford,QB,QB,"https://static.www.nfl.com/image/upload/f_auto,q_auto/league/jwpkjfrkzufdyh8u1mg7",2020,1,REG,2020_01_CHI_DET,DET,CHI,24,42,297,1,1,1,-9,0,0,372,129,14,2.0176983728598192,-8.616518538172652,0,5,23,0,0,0,1,-0.6981131115462631,0,0,0,0,0,0,0,0,0,0,,0,0.0,0.0,0.0,0,0,16.18,16.18,training,16.18,0.0
00-0027029,L.McCoy,LeSean McCoy,RB,RB,"https://static.www.nfl.com/image/private/f_auto,q_auto/league/pbktgxotzvm04sasmxwl",2020,1,REG,2020_01_TB_NO,TB,NO,0,0,0,0,0,0,0,0,0,0,0,0,,,0,0,0,0,0,0,0,,0,1,1,2,0,0,0,3,-1,0,-0.5301901305792853,0,0.029411764705882353,0.010273972602739725,0.05130942788074133,0,0,0.2,1.2,training,1.2,0.0
00-0027061,J.Cook,Jared Cook,TE,TE,"https://static.www.nfl.com/image/private/f_auto,q_auto/league/cthoenebptadlu4g928v",2020,1,REG,2020_01_TB_NO,NO,TB,0,0,0,0,0,0,0,0,0,0,0,0,,,0,0,0,0,0,0,0,,0,5,7,80,0,0,0,76,19,3,2.6603658765088767,0,0.23333333333333334,0.4578313253012048,0.6704819277108434,0,0,8.0,13.0,training,13.0,0.0
00-0027150,J.Edelman,Julian Edelman,WR,WR,"https://static.www.nfl.com/image/private/f_auto,q_auto/league/aqcqn3w2ysnekbrqfrse",2020,1,REG,2020_01_MIA_NE,NE,MIA,0,0,0,0,0,0,0,0,0,0,0,0,,,0,1,23,0,0,0,1,2.2398156931158155,0,5,7,57,0,0,0,61,22,4,2.59668218519073,0,0.3684210526315789,0.6039603960396039,0.9754038561750911,0,0,8.0,13.0,training,13.0,0.0
00-0027656,R.Gronkowski,Rob Gronkowski,TE,TE,"https://static.www.nfl.com/image/private/f_auto,q_auto/league/svpo7chliiymc0r7hegp",2020,1,REG,2020_01_TB_NO,TB,NO,0,0,0,0,0,0,0,0,0,0,0,0,,,0,0,0,0,0,0,0,,0,2,3,11,0,0,0,22,16,0,-0.5680996680166572,0,0.08823529411764706,0.07534246575342465,0.18509266720386786,0,0,1.1,3.1,training,3.1,0.0
00-0027685,E.Sanders,Emmanuel Sanders,WR,WR,"https://static.www.nfl.com/image/private/f_auto,q_auto/league/potkibjtm855tsawozs0",2020,1,REG,2020_01_TB_NO,NO,TB,0,0,0,0,0,0,0,0,0,0,0,0,,,0,0,0,0,0,0,0,,0,3,5,15,1,0,0,24,6,2,0.03850762180682077,0,0.16666666666666666,0.14457831325301204,0.35120481927710845,0,0,7.5,10.5,training,10.5,0.0
00-0027691,A.Roberts,Andre Roberts,WR,WR,"https://static.www.nfl.com/image/private/f_auto,q_auto/league/hjoyjewh7knoafxt4k93",2020,1,REG,2020_01_NYJ_BUF,BUF,NYJ,0,0,0,0,0,0,0,0,0,0,0,0,,,0,0,0,0,0,0,0,,0,0,0,0,0,0,0,0,0,0,,0,0.0,0.0,0.0,0,0,0.0,0.0,training,0.0,0.0
00-0027696,J.Graham,Jimmy Graham,TE,TE,"https://static.www.nfl.com/image/private/f_auto,q_auto/league/h7xs06oj6g03mippwtse",2020,1,REG,2020_01_CHI_DET,CHI,DET,0,0,0,0,0,0,0,0,0,0,0,0,,,0,0,0,0,0,0,0,,0,3,7,25,1,0,0,37,13,2,-0.013897635595640168,0,0.19444444444444445,0.10601719197707736,0.3658787010506208,0,0,8.5,11.5,training,11.5,0.0
00-0027939,C.Newton,Cam Newton,QB,QB,"https://static.www.nfl.com/image/private/f_auto,q_auto/league/zwmgw2gmnn2kch4nquft",2020,1,REG,2020_01_MIA_NE,NE,MIA,15,19,155,0,0,2,-15,0,0,101,88,8,3.384856143326033,4.251539707183838,0,15,75,2,0,0,8,6.777132124931086,0,0,0,0,0,0,0,0,0,0,,0,0.0,0.0,0.0,0,0,25.7,25.7,training,25.7,0.0
00-0027942,A.Green,A.J. Green,WR,WR,"https://static.www.nfl.com/image/private/f_auto,q_auto/league/guj5a9vnnzqfiljupzuj",2020,1,REG,2020_01_LAC_CIN,CIN,LAC,0,0,0,0,0,0,0,0,0,0,0,0,,,0,0,0,0,0,0,0,,0,5,9,51,0,0,0,132,12,4,-1.1096361850987069,0,0.2571428571428571,0.4536082474226804,0.703240058910162,0,0,5.1000000000000005,10.100000000000001,training,10.1,-0.0
00-0027944,J.Jones,Julio Jones,WR,WR,"https://static.www.nfl.com/image/upload/f_auto,q_auto/league/omrddf2phtyztzx2nup1",2020,1,REG,2020_01_SEA_ATL,ATL,SEA,0,0,0,0,0,0,0,0,0,0,0,0,,,0,0,0,0,0,0,0,,0,9,12,157,0,0,0,188,28,6,6.918159662062898,0,0.23076923076923078,0.35877862595419846,0.597298884321785,0,0,15.700000000000001,24.700000000000003,training,24.7,-0.0
00-0027966,M.Ingram,Mark Ingram,RB,RB,"https://static.www.nfl.com/image/private/f_auto,q_auto/league/qyju9wutyssrf0b26ran",2020,1,REG,2020_01_CLE_BAL,BAL,CLE,0,0,0,0,0,0,0,0,0,0,0,0,,,0,10,29,0,0,0,1,-1.98265189176891,0,0,0,0,0,0,0,0,0,0,,0,0.0,0.0,0.0,0,0,2.9000000000000004,2.9000000000000004,training,2.9,-0.0
00-0027981,K.Rudolph,Kyle Rudolph,TE,TE,"https://static.www.nfl.com/image/private/f_auto,q_auto/league/mtvrkfel5750mlevcvtp",2020,1,REG,2020_01_GB_MIN,MIN,GB,0,0,0,0,0,0,0,0,0,0,0,0,,,0,0,0,0,0,0,0,,0,2,2,28,0,0,0,22,6,1,2.421017159247925,0,0.08,0.08239700374531835,0.17767790262172284,0,0,2.8000000000000003,4.800000000000001,training,4.8,-0.0
00-0028002,R.Cobb,Randall Cobb,WR,WR,"https://static.www.nfl.com/image/private/f_auto,q_auto/league/kuwo5hnkbtesfw6n9w1s",2020,1,REG,2020_01_HOU_KC,HOU,KC,0,0,0,0,0,0,0,0,0,0,0,0,,,0,0,0,0,0,0,0,,0,2,3,23,0,0,0,11,21,1,0.25358748451992874,0,0.0967741935483871,0.038869257950530034,0.17236977088795163,0,0,2.3000000000000003,4.300000000000001,training,4.3,-0.0
00-0028042,L.Stocker,Luke Stocker,TE,TE,"https://static.www.nfl.com/image/private/f_auto,q_auto/league/keoilbfzupthtliuou1a",2020,1,REG,2020_01_SEA_ATL,ATL,SEA,0,0,0,0,0,0,0,0,0,0,0,0,,,0,0,0,0,0,0,0,,0,0,1,0,0,0,0,5,0,0,-0.2801667182939127,0,0.019230769230769232,0.009541984732824428,0.035525543159130944,0,0,0.0,0.0,training,0.0,0.0
00-0028087,D.Lewis,Dion Lewis,RB,RB,"https://static.www.nfl.com/image/private/f_auto,q_auto/league/mvv0a1lqk90dscqn8uuj",2020,1,REG,2020_01_PIT_NYG,NYG,PIT,0,0,0,0,0,0,0,0,0,0,0,0,,,0,1,1,0,0,0,0,-0.5149949113838375,0,0,1,0,0,0,0,1,0,0,-0.6971924446988851,0,0.02564102564102564,0.004310344827586207,0.04147877984084881,0,0,0.1,0.1,training,0.1,0.0
00-0028118,T.Taylor,Tyrod Taylor,QB,QB,"https://static.www.nfl.com/image/upload/f_auto,q_auto/league/whpztm9akd7yefplp37r",2020,1,REG,2020_01_LAC_CIN,LAC,CIN,16,30,208,0,0,2,-1,0,0,335,80,10,-0.19123305879765118,-2.4686184422723176,0,6,7,0,0,0,1,-5.524574456503615,0,0,0,0,0,0,0,0,0,0,,0,0.0,0.0,0.0,0,0,9.02,9.02,training,9.02,0.0
00-0028142,V.Green,Virgil Green,TE,TE,"https://static.www.nfl.com/image/private/f_auto,q_auto/league/ic5ifab8fb39m4e9el3n",2020,1,REG,2020_01_LAC_CIN,LAC,CIN,0,0,0,0,0,0,0,0,0,0,0,0,,,0,0,0,0,0,0,0,,0,1,2,10,0,0,0,11,4,0,-0.15598774142563343,0,0.06896551724137931,0.03283582089552239,0.12643335048893464,0,0,1.0,2.0,training,2.0,0.0
00-0028237,C.Hogan,Chris Hogan,WR,WR,"https://static.www.nfl.com/image/private/f_auto,q_auto/league/fmpqnciwjqicsjzy63mc",2020,1,REG,2020_01_NYJ_BUF,NYJ,BUF,0,0,0,0,0,0,0,0,0,0,0,0,,,0,0,0,0,0,0,0,,0,1,4,0,0,0,0,49,0,0,-3.1748745084623806,0,0.12121212121212122,0.19066147859922178,0.31528121683763705,0,0,0.0,1.0,training,1.0,0.0
00-0028411,D.Inman,Dontrelle Inman,WR,WR,"https://static.www.nfl.com/image/private/f_auto,q_auto/league/ankqlmlhk3orbiztqott",2020,1,REG,2020_01_PHI_WAS,WAS,PHI,0,0,0,0,0,0,0,0,0,0,0,0,,,0,0,0,0,0,0,0,,0,2,5,21,0,0,0,70,4,2,-0.37191992840962484,0,0.16666666666666666,0.28225806451612906,0.44758064516129037,0,0,2.1,4.1,training,4.1,0.0
00-0029000,C.Beasley,Cole Beasley,WR,WR,"https://static.www.nfl.com/image/private/f_auto,q_auto/league/y5r0fhwctl6ljwvmktvu",2020,1,REG,2020_01_NYJ_BUF,BUF,NYJ,0,0,0,0,0,0,0,0,0,0,0,0,,,0,0,0,0,0,0,0,,0,4,7,58,0,0,0,48,14,2,2.6784988113795407,0,0.15555555555555556,0.17204301075268819,0.35376344086021505,0,0,5.800000000000001,9.8,training,9.8,0.0
00-0029119,D.Carrier,Derek Carrier,TE,TE,"https://static.www.nfl.com/image/private/f_auto,q_auto/league/fohbnjxhixammxtonhnd",2020,1,REG,2020_01_LV_CAR,LV,CAR,0,0,0,0,0,0,0,0,0,0,0,0,,,0,0,0,0,0,0,0,,0,0,0,0,0,0,0,0,0,0,,0,0.0,0.0,0.0,0,0,0.0,0.0,training,0.0,0.0
00-0029263,R.Wilson,Russell Wilson,QB,QB,"https://static.www.nfl.com/image/upload/f_auto,q_auto/league/vkstxj0evgkjiycu4glc",2020,1,REG,2020_01_SEA_ATL,SEA,ATL,31,35,322,4,0,3,-23,0,0,205,160,15,19.570175917828838,19.803182908466884,0,3,29,0,0,0,1,1.2997414325363934,0,0,0,0,0,0,0,0,0,0,,0,0.0,0.0,0.0,0,0,31.78,31.78,training,31.78,0.0
00-0029293,M.Jones,Marvin Jones,WR,WR,"https://static.www.nfl.com/image/private/f_auto,q_auto/league/ciy9sxefmcnwjw7ln3h2",2020,1,REG,2020_01_CHI_DET,DET,CHI,0,0,0,0,0,0,0,0,0,0,0,0,,,0,0,0,0,0,0,0,,0,4,8,55,0,0,0,70,18,3,-4.487987340710876,0,0.1951219512195122,0.1881720430107527,0.4244033569367952,0,0,5.5,9.5,training,9.5,0.0
00-0029604,K.Cousins,Kirk Cousins,QB,QB,"https://static.www.nfl.com/image/upload/f_auto,q_auto/league/za7cynvpwlsro1tsaijk",2020,1,REG,2020_01_GB_MIN,MIN,GB,19,25,259,2,1,2,-11,0,0,267,72,12,6.6637364413530245,7.924916744232178,1,4,34,0,0,0,3,1.722698389319703,0,0,0,0,0,0,0,0,0,0,,0,0.0,0.0,0.0,0,0,21.759999999999998,21.759999999999998,training,21.76,0.0
00-0029608,T.Hilton,T.Y. Hilton,WR,WR,"https://static.www.nfl.com/image/private/f_auto,q_auto/league/b8kor0sgeynyd8u8cush",2020,1,REG,2020_01_IND_JAX,IND,JAX,0,0,0,0,0,0,0,0,0,0,0,0,,,0,0,0,0,0,0,0,,0,4,9,53,0,0,0,109,1,4,-3.8162874928021284,0,0.1956521739130435,0.3771626297577855,0.5574921017000151,0,0,5.300000000000001,9.3,training,9.3,0.0
00-0029665,R.Griffin,Robert Griffin III,QB,QB,"https://static.www.nfl.com/image/private/f_auto,q_auto/league/k7asgb06pdsilmrb378b",2020,1,REG,2020_01_CLE_BAL,BAL,CLE,1,1,9,0,0,0,0,0,0,5,4,1,-0.9065175668802112,30.33854365348816,0,1,-1,0,0,0,0,0.0,0,0,0,0,0,0,0,0,0,0,,0,0.0,0.0,0.0,0,0,0.26,0.26,training,0.26,0.0
00-0029701,R.Tannehill,Ryan Tannehill,QB,QB,"https://static.www.nfl.com/image/private/f_auto,q_auto/league/yvwju12dl6haf3r8uzrm",2020,1,REG,2020_01_TEN_DEN,TEN,DEN,29,43,249,2,0,1,-2,0,0,266,96,17,9.900781189791775,5.2987683564424515,0,3,14,0,0,0,2,-0.2066854638978839,0,0,0,0,0,0,0,0,0,0,,0,0.0,0.0,0.0,0,0,19.36,19.36,training,19.36,0.0
00-0029738,D.Fells,Darren Fells,TE,TE,"https://static.www.nfl.com/image/private/f_auto,q_auto/league/eh0rbweg4wbzgzpvprnv",2020,1,REG,2020_01_HOU_KC,HOU,KC,0,0,0,0,0,0,0,0,0,0,0,0,,,0,0,0,0,0,0,0,,0,2,2,19,0,0,0,6,13,1,0.9488177325110883,0,0.06451612903225806,0.02120141342756184,0.11161518294768039,0,0,1.9000000000000001,3.9000000000000004,training,3.9,-0.0
00-0030035,A.Thielen,Adam Thielen,WR,WR,"https://static.www.nfl.com/image/upload/f_auto,q_auto/league/pv6gajxtt6zhum2unnsl",2020,1,REG,2020_01_GB_MIN,MIN,GB,0,0,0,0,0,0,0,0,0,0,0,0,,,0,0,0,0,0,0,0,,0,6,8,110,2,0,0,143,2,5,8.541484934612644,1,0.32,0.5355805243445693,0.8549063670411985,0,0,25.0,31.0,training,31.0,0.0
00-0030061,Z.Ertz,Zach Ertz,TE,TE,"https://static.www.nfl.com/image/upload/f_auto,q_auto/league/xktmmeumuoglbuam75iz",2020,1,REG,2020_01_PHI_WAS,PHI,WAS,0,0,0,0,0,0,0,0,0,0,0,0,,,0,0,0,0,0,0,0,,0,3,7,18,1,0,0,57,4,2,-1.4717749893316068,0,0.16666666666666666,0.10961538461538461,0.3267307692307692,0,0,7.8,10.8,training,10.8,0.0
00-0030085,K.Stills,Kenny Stills,WR,WR,"https://static.www.nfl.com/image/private/f_auto,q_auto/league/wswn6tehkzj8mdfbablx",2020,1,REG,2020_01_HOU_KC,HOU,KC,0,0,0,0,0,0,0,0,0,0,0,0,,,0,0,0,0,0,0,0,,0,0,2,0,0,0,0,30,0,0,-1.9798786489991471,0,0.06451612903225806,0.10600706713780919,0.17097914054485353,0,0,0.0,0.0,training,0.0,0.0
00-0030108,R.Griffin,Ryan Griffin,TE,TE,"https://static.www.nfl.com/image/private/f_auto,q_auto/league/izjfxtmk2dhzhrlwpt9g",2020,1,REG,2020_01_NYJ_BUF,NYJ,BUF,0,0,0,0,0,0,0,0,0,0,0,0,,,0,0,0,0,0,0,0,,0,0,0,0,0,0,0,0,0,0,,0,0.0,0.0,0.0,0,0,0.0,0.0,training,0.0,0.0
00-0030155,D.Harris,Demetrius Harris,TE,TE,"https://static.www.nfl.com/image/private/f_auto,q_auto/league/nlajcnjlosuajmqswxvl",2020,1,REG,2020_01_CHI_DET,CHI,DET,0,0,0,0,0,0,0,0,0,0,0,0,,,0,0,0,0,0,0,0,,0,0,1,0,0,0,0,13,0,0,-0.7492729149525985,0,0.027777777777777776,0.03724928366762178,0.06774116523400191,0,0,0.0,0.0,training,0.0,0.0
00-0030181,J.Doyle,Jack Doyle,TE,TE,"https://static.www.nfl.com/image/private/f_auto,q_auto/league/h6abyvmg2g93llboizi6",2020,1,REG,2020_01_IND_JAX,IND,JAX,0,0,0,0,0,0,0,0,0,0,0,0,,,0,0,0,0,0,0,0,,0,3,4,49,0,0,0,43,18,2,4.30578930710908,0,0.08695652173913043,0.14878892733564014,0.23458703174364376,0,0,4.9,7.9,training,7.9,0.0
00-0030216,J.Hill,Josh Hill,TE,TE,"https://static.www.nfl.com/image/private/f_auto,q_auto/league/knah0tszz2eg7plftej6",2020,1,REG,2020_01_TB_NO,NO,TB,0,0,0,0,0,0,0,0,0,0,0,0,,,0,0,0,0,0,0,0,,0,0,1,0,0,0,0,22,0,0,-0.6078958477592096,0,0.03333333333333333,0.13253012048192772,0.14277108433734942,0,0,0.0,0.0,training,0.0,0.0
00-0030279,K.Allen,Keenan Allen,WR,WR,"https://static.www.nfl.com/image/upload/f_auto,q_auto/league/ri267r6lzfwarh89hsn6",2020,1,REG,2020_01_LAC_CIN,LAC,CIN,0,0,0,0,0,0,0,0,0,0,0,0,,,0,0,0,0,0,0,0,,0,4,8,37,0,0,0,88,24,4,1.017386309511494,0,0.27586206896551724,0.2626865671641791,0.5976737004632012,0,0,3.7,7.7,training,7.7,0.0
00-0030288,R.Burkhead,Rex Burkhead,RB,RB,"https://static.www.nfl.com/image/private/f_auto,q_auto/league/ysgdnkasvp07qmrkasve",2020,1,REG,2020_01_MIA_NE,NE,MIA,0,0,0,0,0,0,0,0,0,0,0,0,,,0,7,32,0,0,0,2,1.3960336755926899,0,0,0,0,0,0,0,0,0,0,,0,0.0,0.0,0.0,0,0,3.2,3.2,training,3.2,0.0
00-0030404,C.Thompson,Chris Thompson,RB,RB,"https://static.www.nfl.com/image/private/f_auto,q_auto/league/ypyldro2efcy5jcrytft",2020,1,REG,2020_01_IND_JAX,JAX,IND,0,0,0,0,0,0,0,0,0,0,0,0,,,0,0,0,0,0,0,0,,0,2,2,6,0,0,0,2,4,0,-1.655976398382336,0,0.1,0.02247191011235955,0.1657303370786517,0,0,0.6000000000000001,2.6,training,2.6,0.0
00-0030431,R.Woods,Robert Woods,WR,WR,"https://static.www.nfl.com/image/upload/f_auto,q_auto/league/ydjg5fylwkf5aaxiul6v",2020,1,REG,2020_01_DAL_LA,LA,DAL,0,0,0,0,0,0,0,0,0,0,0,0,,,0,1,14,0,0,0,1,0.7739187418483198,0,6,8,105,0,0,0,18,87,4,5.114857632899657,0,0.2857142857142857,0.12857142857142856,0.5185714285714286,0,0,11.9,17.9,training,17.9,0.0
00-0030443,L.Toilolo,Levine Toilolo,TE,TE,"https://static.www.nfl.com/image/private/f_auto,q_auto/league/w6qnlfw0cuxest48srd0",2020,1,REG,2020_01_PIT_NYG,NYG,PIT,0,0,0,0,0,0,0,0,0,0,0,0,,,0,0,0,0,0,0,0,,0,1,1,13,0,0,0,5,8,1,1.0752800987102091,0,0.02564102564102564,0.021551724137931036,0.05354774535809019,0,0,1.3,2.3,training,2.3,0.0
00-0030456,G.Bernard,Giovani Bernard,RB,RB,"https://static.www.nfl.com/image/private/f_auto,q_auto/league/guht9y14gftgsugb87xz",2020,1,REG,2020_01_LAC_CIN,CIN,LAC,0,0,0,0,0,0,0,0,0,0,0,0,,,0,1,7,0,0,0,0,-0.01759718859102577,0,4,5,21,0,0,0,-3,23,2,-3.5667931684292853,0,0.14285714285714285,-0.010309278350515464,0.20706921944035345,0,0,2.8000000000000003,6.800000000000001,training,6.8,-0.0
00-0030470,V.McDonald,Vance McDonald,TE,TE,"https://static.www.nfl.com/image/private/f_auto,q_auto/league/apafzol1dcqu56cqotv9",2020,1,REG,2020_01_PIT_NYG,PIT,NYG,0,0,0,0,0,0,0,0,0,0,0,0,,,0,0,0,0,0,0,0,,0,1,2,3,0,0,0,3,1,0,-1.8891445568297058,0,0.06451612903225806,0.013574660633484163,0.106276455991826,0,0,0.30000000000000004,1.3,training,1.3,0.0
00-0030472,J.Reed,Jordan Reed,TE,TE,"https://static.www.nfl.com/image/private/f_auto,q_auto/league/jur0qgejd3lzv8flmxcq",2020,1,REG,2020_01_ARI_SF,SF,ARI,0,0,0,0,0,0,0,0,0,0,0,0,,,0,0,0,0,0,0,0,,0,2,2,12,0,0,0,5,7,1,0.3232814405928366,0,0.0625,0.022727272727272728,0.1096590909090909,0,0,1.2000000000000002,3.2,training,3.2,0.0
00-0030496,L.Bell,Le'Veon Bell,RB,RB,"https://static.www.nfl.com/image/private/f_auto,q_auto/league/sm3ij3pcby5ciqwaaqa1",2020,1,REG,2020_01_NYJ_BUF,NYJ,BUF,0,0,0,0,0,0,0,0,0,0,0,0,,,0,6,14,0,0,0,1,-1.9626029850915074,0,2,2,32,0,0,0,18,14,1,0.7256055269390345,0,0.06060606060606061,0.07003891050583658,0.1399363282631765,0,0,4.6000000000000005,6.6000000000000005,training,6.6,-0.0
00-0030506,T.Kelce,Travis Kelce,TE,TE,"https://static.www.nfl.com/image/upload/f_auto,q_auto/league/dpxovcfku6ud2aohgf6a",2020,1,REG,2020_01_HOU_KC,KC,HOU,0,0,0,0,0,0,0,0,0,0,0,0,,,0,0,0,0,0,0,0,,0,6,6,50,1,0,0,14,36,4,5.312630690983497,0,0.1875,0.09523809523809523,0.34791666666666665,0,0,11.0,17.0,training,17.0,0.0
00-0030513,L.Murray,Latavius Murray,RB,RB,"https://static.www.nfl.com/image/private/f_auto,q_auto/league/zepm7ghltyeqydn0qxcg",2020,1,REG,2020_01_TB_NO,NO,TB,0,0,0,0,0,0,0,0,0,0,0,0,,,0,15,48,0,0,0,3,-1.9422242275322787,0,0,1,0,0,0,0,0,0,0,-0.7680604456691071,0,0.03333333333333333,0.0,0.05,0,0,4.800000000000001,4.800000000000001,training,4.8,-0.0
00-0030549,T.Eifert,Tyler Eifert,TE,TE,"https://static.www.nfl.com/image/private/f_auto,q_auto/league/nibaefmxxjry7zca415v",2020,1,REG,2020_01_IND_JAX,JAX,IND,0,0,0,0,0,0,0,0,0,0,0,0,,,0,0,0,0,0,0,0,,0,1,1,8,0,0,0,1,7,0,0.5787052712403238,0,0.05,0.011235955056179775,0.08286516853932585,0,0,0.8,1.8,training,1.8,0.0
00-0019596,T.Brady,Tom Brady,QB,QB,"https://static.www.nfl.com/image/private/f_auto,q_auto/league/q7dpdlxyu5rs05rgh1le",2021,1,REG,2021_01_DAL_TB,TB,DAL,32,50,379,4,2,0,0,0,0,446,176,22,14.006987331264142,3.231738739543491,0,0,0,0,0,0,0,,0,0,0,0,0,0,0,0,0,0,,0,0.0,0.0,0.0,0,0,27.16,27.16,training,27.16,0.0
00-0022924,B.Roethlisberger,Ben Roethlisberger,QB,QB,"https://static.www.nfl.com/image/private/f_auto,q_auto/league/vziogpnyp9d0xtpiuqhr",2021,1,REG,2021_01_PIT_BUF,PIT,BUF,18,32,188,1,0,2,-11,1,0,196,85,9,-0.827915468918885,-10.494156181812286,0,4,5,0,0,0,0,-1.411891358322464,0,0,0,0,0,0,0,0,0,0,,0,0.0,0.0,0.0,0,0,12.02,12.02,training,12.02,0.0
00-0023459,Aa.Rodgers,Aaron Rodgers,QB,QB,"https://static.www.nfl.com/image/upload/f_auto,q_auto/league/dypvakakxhccxs67tb0y",2021,1,REG,2021_01_GB_NO,GB,NO,15,28,133,0,2,1,-11,0,0,238,72,6,-15.949714735417334,-8.025815452520664,0,0,0,0,0,0,0,,0,0,0,0,0,0,0,0,0,0,,0,0.0,0.0,0.0,0,0,1.3200000000000003,1.3200000000000003,training,1.32,-0.0
00-0023682,R.Fitzpatrick,Ryan Fitzpatrick,QB,QB,"https://static.www.nfl.com/image/private/f_auto,q_auto/league/pkhhxwplsawnhln9rsun",2021,1,REG,2021_01_LAC_WAS,WAS,LAC,3,6,13,0,0,1,-2,1,0,9,6,0,-4.27462314258315,-17.919545372327168,0,1,2,0,0,0,0,-1.195524337576888,0,0,0,0,0,0,0,0,0,0,,0,0.0,0.0,0.0,0,0,0.72,0.72,training,0.72,0.0
00-0024243,M.Lewis,Marcedes Lewis,TE,TE,"https://static.www.nfl.com/image/private/f_auto,q_auto/league/ppq07tipygpftz5csipx",2021,1,REG,2021_01_GB_NO,GB,NO,0,0,0,0,0,0,0,0,0,0,0,0,,,0,0,0,0,0,0,0,,0,1,1,19,0,0,0,5,14,1,1.3413259310182184,0,0.030303030303030304,0.015197568389057751,0.05609284332688588,0,0,1.9000000000000001,2.9000000000000004,training,2.9,-0.0
00-0026035,D.Amendola,Danny Amendola,WR,WR,"https://static.www.nfl.com/image/private/f_auto,q_auto/league/etz06w7s0ardf49mnayz",2021,1,REG,2021_01_JAX_HOU,HOU,JAX,0,0,0,0,0,0,0,0,0,0,0,0,,,0,0,0,0,0,0,0,,0,5,5,34,1,0,0,20,14,2,3.8470692208211403,0,0.15625,0.06289308176100629,0.2784001572327044,0,0,9.4,14.4,training,14.4,0.0
00-0026143,M.Ryan,Matt Ryan,QB,QB,"https://static.www.nfl.com/image/private/f_auto,q_auto/league/s6zam4ekrrnonsck6vak",2021,1,REG,2021_01_PHI_ATL,ATL,PHI,21,35,164,0,0,3,-28,0,0,179,67,8,-15.975289404987098,-9.304779587369977,0,2,8,0,1,0,0,-1.3091508568031713,0,0,0,0,0,0,0,0,0,0,,0,0.0,0.0,0.0,0,0,7.36,7.36,training,7.36,0.0
00-0026189,D.Jackson,DeSean Jackson,WR,WR,"https://static.www.nfl.com/image/private/f_auto,q_auto/league/pr5m864fqvnoozihylrh",2021,1,REG,2021_01_CHI_LA,LA,CHI,0,0,0,0,0,0,0,0,0,0,0,0,,,0,0,0,0,0,0,0,,0,2,2,21,0,0,0,16,5,1,1.4131451757857576,0,0.07692307692307693,0.07017543859649122,0.16450742240215924,0,0,2.1,4.1,training,4.1,0.0
00-0026498,M.Stafford,Matthew Stafford,QB,QB,"https://static.www.nfl.com/image/upload/f_auto,q_auto/league/jwpkjfrkzufdyh8u1mg7",2021,1,REG,2021_01_CHI_LA,LA,CHI,20,26,321,3,0,1,-9,0,0,228,140,13,18.848576589254023,8.26362818479538,0,5,-5,0,0,0,0,-4.942732217314187,0,0,0,0,0,0,0,0,0,0,,0,0.0,0.0,0.0,0,0,24.34,24.34,training,24.34,0.0
00-0027061,J.Cook,Jared Cook,TE,TE,"https://static.www.nfl.com/image/private/f_auto,q_auto/league/cthoenebptadlu4g928v",2021,1,REG,2021_01_LAC_WAS,LAC,WAS,0,0,0,0,0,0,0,0,0,0,0,0,,,0,0,0,0,0,0,0,,0,5,8,56,0,0,0,67,26,3,4.15152113730521,0,0.17391304347826086,0.18406593406593408,0.3897157190635452,0,0,5.6000000000000005,10.600000000000001,training,10.6,-0.0
00-0027656,R.Gronkowski,Rob Gronkowski,TE,TE,"https://static.www.nfl.com/image/private/f_auto,q_auto/league/svpo7chliiymc0r7hegp",2021,1,REG,2021_01_DAL_TB,TB,DAL,0,0,0,0,0,0,0,0,0,0,0,0,,,0,0,0,0,0,0,0,,0,8,8,90,2,0,0,53,37,5,8.576409575733123,0,0.17777777777777778,0.11883408071748879,0.3498505231689088,0,0,21.0,29.0,training,29.0,0.0
00-0027685,E.Sanders,Emmanuel Sanders,WR,WR,"https://static.www.nfl.com/image/private/f_auto,q_auto/league/potkibjtm855tsawozs0",2021,1,REG,2021_01_PIT_BUF,BUF,PIT,0,0,0,0,0,0,0,0,0,0,0,0,,,0,0,0,0,0,0,0,,0,4,8,52,0,0,0,149,5,3,3.0042970144422725,0,0.16666666666666666,0.3059548254620123,0.4641683778234086,0,0,5.2,9.2,training,9.2,0.0
00-0027691,A.Roberts,Andre Roberts,WR,WR,"https://static.www.nfl.com/image/private/f_auto,q_auto/league/hjoyjewh7knoafxt4k93",2021,1,REG,2021_01_JAX_HOU,HOU,JAX,0,0,0,0,0,0,0,0,0,0,0,0,,,0,0,0,0,0,0,0,,0,0,0,0,0,0,0,0,0,0,,0,0.0,0.0,0.0,0,0,0.0,0.0,training,0.0,0.0
00-0027696,J.Graham,Jimmy Graham,TE,TE,"https://static.www.nfl.com/image/private/f_auto,q_auto/league/h7xs06oj6g03mippwtse",2021,1,REG,2021_01_CHI_LA,CHI,LA,0,0,0,0,0,0,0,0,0,0,0,0,,,0,0,0,0,0,0,0,,0,1,2,11,0,0,0,12,1,1,1.282060219149571,0,0.05,0.07100591715976332,0.12470414201183433,0,0,1.1,2.1,training,2.1,0.0
00-0027793,A.Brown,Antonio Brown,WR,WR,"https://static.www.nfl.com/image/private/f_auto,q_auto/league/ecxsx9t7bfg42bgfwj3v",2021,1,REG,2021_01_DAL_TB,TB,DAL,0,0,0,0,0,0,0,0,0,0,0,0,,,0,1,6,0,0,0,0,0.308483928674832,0,5,7,121,1,0,0,144,27,4,7.001013476459775,0,0.15555555555555556,0.32286995515695066,0.4593423019431988,0,0,18.700000000000003,23.700000000000003,training,23.7,-0.0
00-0027942,A.Green,A.J. Green,WR,WR,"https://static.www.nfl.com/image/private/f_auto,q_auto/league/guj5a9vnnzqfiljupzuj",2021,1,REG,2021_01_ARI_TEN,ARI,TEN,0,0,0,0,0,0,0,0,0,0,0,0,,,0,0,0,0,0,0,0,,0,2,6,25,0,0,0,53,1,1,-1.7337598239537328,0,0.1875,0.20229007633587787,0.4228530534351145,0,0,2.5,4.5,training,4.5,0.0
00-0027944,J.Jones,Julio Jones,WR,WR,"https://static.www.nfl.com/image/upload/f_auto,q_auto/league/omrddf2phtyztzx2nup1",2021,1,REG,2021_01_ARI_TEN,TEN,ARI,0,0,0,0,0,0,0,0,0,0,0,0,,,0,0,0,0,0,0,0,,0,3,6,29,0,0,0,66,10,2,-1.4262569521088153,0,0.16666666666666666,0.24087591240875914,0.41861313868613137,0,0,2.9000000000000004,5.9,training,5.9,0.0
00-0027966,M.Ingram,Mark Ingram,RB,RB,"https://static.www.nfl.com/image/private/f_auto,q_auto/league/qyju9wutyssrf0b26ran",2021,1,REG,2021_01_JAX_HOU,HOU,JAX,0,0,0,0,0,0,0,0,0,0,0,0,,,0,26,85,1,0,0,3,-4.8467408252181485,0,0,1,0,0,0,0,19,0,0,-1.583291145390831,0,0.03125,0.059748427672955975,0.08869889937106917,0,0,14.5,14.5,training,14.5,0.0
00-0027973,A.Dalton,Andy Dalton,QB,QB,"https://static.www.nfl.com/image/upload/f_auto,q_auto/league/sfsneh0bn46e2kwve7sr",2021,1,REG,2021_01_CHI_LA,CHI,LA,27,38,206,0,1,3,-28,1,1,163,95,13,-10.919018580636475,-5.006917056284453,0,2,13,0,0,0,1,1.1217297074617818,0,0,0,0,0,0,0,0,0,0,,0,0.0,0.0,0.0,0,1,5.54,5.54,training,5.54,0.0
00-0027981,K.Rudolph,Kyle Rudolph,TE,TE,"https://static.www.nfl.com/image/private/f_auto,q_auto/league/mtvrkfel5750mlevcvtp",2021,1,REG,2021_01_DEN_NYG,NYG,DEN,0,0,0,0,0,0,0,0,0,0,0,0,,,0,0,0,0,0,0,0,,0,2,5,8,0,0,0,34,1,0,-2.8402380075422116,0,0.1388888888888889,0.1111111111111111,0.2861111111111111,0,0,0.8,2.8,training,2.8,0.0
00-0028002,R.Cobb,Randall Cobb,WR,WR,"https://static.www.nfl.com/image/private/f_auto,q_auto/league/kuwo5hnkbtesfw6n9w1s",2021,1,REG,2021_01_GB_NO,GB,NO,0,0,0,0,0,0,0,0,0,0,0,0,,,0,1,1,0,0,0,0,-0.46127630572300404,0,1,1,32,0,0,0,29,3,1,2.527628395240754,0,0.030303030303030304,0.08814589665653495,0.10715667311411992,0,0,3.3000000000000003,4.300000000000001,training,4.3,-0.0
00-0028118,Ty.Taylor,Tyrod Taylor,QB,QB,"https://static.www.nfl.com/image/upload/f_auto,q_auto/league/whpztm9akd7yefplp37r",2021,1,REG,2021_01_JAX_HOU,HOU,JAX,21,33,291,2,0,1,-2,0,0,318,102,13,14.053602164235166,1.7178318463265896,0,4,40,0,1,0,1,3.2496773087159627,0,0,0,0,0,0,0,0,0,0,,0,0.0,0.0,0.0,0,0,23.64,23.64,training,23.64,0.0
00-0028237,C.Hogan,Chris Hogan,WR,WR,"https://static.www.nfl.com/image/private/f_auto,q_auto/league/fmpqnciwjqicsjzy63mc",2021,1,REG,2021_01_GB_NO,NO,GB,0,0,0,0,0,0,0,0,0,0,0,0,,,0,0,0,0,0,0,0,,0,1,1,10,1,0,0,10,0,1,3.2119568060152233,0,0.05,0.06578947368421052,0.12105263157894738,0,0,7.0,8.0,training,8.0,0.0
00-0029000,C.Beasley,Cole Beasley,WR,WR,"https://static.www.nfl.com/image/private/f_auto,q_auto/league/y5r0fhwctl6ljwvmktvu",2021,1,REG,2021_01_PIT_BUF,BUF,PIT,0,0,0,0,0,0,0,0,0,0,0,0,,,0,0,0,0,0,0,0,,0,8,13,60,0,0,0,78,25,1,-3.4420622273464687,0,0.2708333333333333,0.1601642710472279,0.5183649897330596,0,0,6.0,14.0,training,14.0,0.0
00-0029239,B.Bolden,Brandon Bolden,RB,RB,"https://static.www.nfl.com/image/private/f_auto,q_auto/league/kqqwz35z9brhkzbs4bcn",2021,1,REG,2021_01_MIA_NE,NE,MIA,0,0,0,0,0,0,0,0,0,0,0,0,,,0,1,5,0,0,0,0,0.17110393376788124,0,0,0,0,0,0,0,0,0,0,,0,0.0,0.0,0.0,0,0,0.5,0.5,training,0.5,0.0
00-0029263,R.Wilson,Russell Wilson,QB,QB,"https://static.www.nfl.com/image/upload/f_auto,q_auto/league/vkstxj0evgkjiycu4glc",2021,1,REG,2021_01_SEA_IND,SEA,IND,18,23,254,4,0,3,-13,0,0,231,112,12,12.114889423595741,19.510269732702348,0,5,9,0,0,0,2,-0.24086391628952697,0,0,0,0,0,0,0,0,0,0,,0,0.0,0.0,0.0,0,0,27.06,27.06,training,27.06,0.0
00-0029293,M.Jones,Marvin Jones,WR,WR,"https://static.www.nfl.com/image/private/f_auto,q_auto/league/ciy9sxefmcnwjw7ln3h2",2021,1,REG,2021_01_JAX_HOU,JAX,HOU,0,0,0,0,0,0,0,0,0,0,0,0,,,0,0,0,0,0,0,0,,0,5,9,77,1,0,0,108,12,3,5.024109754478559,0,0.18,0.25961538461538464,0.45173076923076927,0,0,13.7,18.7,training,18.7,0.0
00-0029604,K.Cousins,Kirk Cousins,QB,QB,"https://static.www.nfl.com/image/upload/f_auto,q_auto/league/za7cynvpwlsro1tsaijk",2021,1,REG,2021_01_MIN_CIN,MIN,CIN,36,49,351,2,0,3,-26,0,0,303,175,15,10.872766085566832,6.755379036716793,0,0,0,0,0,0,0,,0,0,0,0,0,0,0,0,0,0,,0,0.0,0.0,0.0,0,0,22.04,22.04,training,22.04,0.0
00-0029632,M.Sanu,Mohamed Sanu,WR,WR,"https://static.www.nfl.com/image/private/f_auto,q_auto/league/a6loroqhta6g65aqnsrk",2021,1,REG,2021_01_SF_DET,SF,DET,0,0,0,0,0,0,0,0,0,0,0,0,,,0,0,0,0,0,0,0,,0,1,1,7,0,0,0,5,2,1,1.76756967761321,0,0.043478260869565216,0.030303030303030304,0.08642951251646903,0,0,0.7000000000000001,1.7000000000000002,training,1.7,-0.0
00-0029701,R.Tannehill,Ryan Tannehill,QB,QB,"https://static.www.nfl.com/image/private/f_auto,q_auto/league/yvwju12dl6haf3r8uzrm",2021,1,REG,2021_01_ARI_TEN,TEN,ARI,21,35,212,1,1,6,-56,2,2,270,79,11,-19.695788016229532,-6.562654205730984,0,2,17,1,0,0,2,2.436689066933468,0,0,0,0,0,0,0,0,0,0,,0,0.0,0.0,0.0,0,2,14.18,14.18,training,14.18,0.0
00-0029738,D.Fells,Darren Fells,TE,TE,"https://static.www.nfl.com/image/private/f_auto,q_auto/league/eh0rbweg4wbzgzpvprnv",2021,1,REG,2021_01_SF_DET,DET,SF,0,0,0,0,0,0,0,0,0,0,0,0,,,0,0,0,0,0,0,0,,0,1,1,2,0,0,0,0,2,0,-0.49434309359639883,0,0.017857142857142856,0.0,0.026785714285714284,0,0,0.2,1.2,training,1.2,0.0
00-0030035,A.Thielen,Adam Thielen,WR,WR,"https://static.www.nfl.com/image/upload/f_auto,q_auto/league/pv6gajxtt6zhum2unnsl",2021,1,REG,2021_01_MIN_CIN,MIN,CIN,0,0,0,0,0,0,0,0,0,0,0,0,,,0,0,0,0,0,0,0,,0,9,10,92,2,0,0,73,25,5,7.392760532879038,0,0.2127659574468085,0.23248407643312102,0.4818877896733975,0,0,21.200000000000003,30.200000000000003,training,30.2,-0.0
00-0030061,Z.Ertz,Zach Ertz,TE,TE,"https://static.www.nfl.com/image/upload/f_auto,q_auto/league/xktmmeumuoglbuam75iz",2021,1,REG,2021_01_PHI_ATL,PHI,ATL,0,0,0,0,0,0,0,0,0,0,0,0,,,0,0,0,0,0,0,0,,0,2,2,34,0,0,0,31,3,1,2.0735448909108527,0,0.0625,0.2421875,0.26328125,0,0,3.4000000000000004,5.4,training,5.4,0.0
00-0030068,M.Goodwin,Marquise Goodwin,WR,WR,"https://static.www.nfl.com/image/upload/f_auto,q_auto/league/cof5bbih1o9dtnonwmjp",2021,1,REG,2021_01_CHI_LA,CHI,LA,0,0,0,0,0,0,0,0,0,0,0,0,,,0,1,-2,0,0,0,0,-0.9823495403397828,0,4,4,45,0,0,0,28,17,2,5.673903991701081,0,0.1,0.16568047337278108,0.2659763313609468,0,0,4.3,8.3,training,8.3,0.0
00-0030108,R.Griffin,Ryan Griffin,TE,TE,"https://static.www.nfl.com/image/private/f_auto,q_auto/league/izjfxtmk2dhzhrlwpt9g",2021,1,REG,2021_01_NYJ_CAR,NYJ,CAR,0,0,0,0,0,0,0,0,0,0,0,0,,,0,0,0,0,0,0,0,,0,3,6,22,0,0,0,24,11,1,-4.849915081053041,0,0.16666666666666666,0.06666666666666667,0.29666666666666663,0,0,2.2,5.2,training,5.2,0.0
00-0030155,D.Harris,Demetrius Harris,TE,TE,"https://static.www.nfl.com/image/private/f_auto,q_auto/league/nlajcnjlosuajmqswxvl",2021,1,REG,2021_01_ARI_TEN,ARI,TEN,0,0,0,0,0,0,0,0,0,0,0,0,,,0,0,0,0,0,0,0,,0,0,3,0,0,0,0,25,0,0,-5.493260670627933,0,0.09375,0.09541984732824428,0.207418893129771,0,0,0.0,0.0,training,0.0,0.0
00-0030181,J.Doyle,Jack Doyle,TE,TE,"https://static.www.nfl.com/image/private/f_auto,q_auto/league/h6abyvmg2g93llboizi6",2021,1,REG,2021_01_SEA_IND,IND,SEA,0,0,0,0,0,0,0,0,0,0,0,0,,,0,0,0,0,0,0,0,,0,3,4,21,0,0,0,16,9,2,1.1402292059501633,0,0.11428571428571428,0.07692307692307693,0.22527472527472528,0,0,2.1,5.1,training,5.1,0.0
00-0030279,K.Allen,Keenan Allen,WR,WR,"https://static.www.nfl.com/image/upload/f_auto,q_auto/league/ri267r6lzfwarh89hsn6",2021,1,REG,2021_01_LAC_WAS,LAC,WAS,0,0,0,0,0,0,0,0,0,0,0,0,,,0,0,0,0,0,0,0,,0,9,13,100,0,1,0,112,34,7,8.645793658286554,0,0.2826086956521739,0.3076923076923077,0.6392976588628763,0,0,10.0,19.0,training,19.0,0.0
00-0030288,R.Burkhead,Rex Burkhead,RB,RB,"https://static.www.nfl.com/image/private/f_auto,q_auto/league/ysgdnkasvp07qmrkasve",2021,1,REG,2021_01_JAX_HOU,HOU,JAX,0,0,0,0,0,0,0,0,0,0,0,0,,,0,0,0,0,0,0,0,,0,1,2,6,0,0,0,-4,12,1,-0.08523670723662802,0,0.0625,-0.012578616352201259,0.08494496855345912,0,0,0.6000000000000001,1.6,training,1.6,0.0
00-0030431,R.Woods,Robert Woods,WR,WR,"https://static.www.nfl.com/image/upload/f_auto,q_auto/league/ydjg5fylwkf5aaxiul6v",2021,1,REG,2021_01_CHI_LA,LA,CHI,0,0,0,0,0,0,0,0,0,0,0,0,,,0,1,7,0,0,0,0,0.5451001912588254,0,3,4,27,1,0,0,23,8,2,2.92008578490179,0,0.15384615384615385,0.10087719298245613,0.3013832658569501,0,0,9.4,12.4,training,12.4,0.0
00-0030456,G.Bernard,Giovani Bernard,RB,RB,"https://static.www.nfl.com/image/private/f_auto,q_auto/league/guht9y14gftgsugb87xz",2021,1,REG,2021_01_DAL_TB,TB,DAL,0,0,0,0,0,0,0,0,0,0,0,0,,,0,0,0,0,0,0,0,,0,2,3,12,0,0,0,19,13,1,0.3690513703331817,0,0.06666666666666667,0.042600896860986545,0.12982062780269057,0,0,1.2000000000000002,3.2,training,3.2,0.0
00-0030506,T.Kelce,Travis Kelce,TE,TE,"https://static.www.nfl.com/image/upload/f_auto,q_auto/league/dpxovcfku6ud2aohgf6a",2021,1,REG,2021_01_CLE_KC,KC,CLE,0,0,0,0,0,0,0,0,0,0,0,0,,,0,0,0,0,0,0,0,,0,6,7,76,2,0,0,54,31,6,10.179287643288262,0,0.20588235294117646,0.16119402985074627,0.4216593503072871,0,0,19.6,25.6,training,25.6,0.0
00-0030513,L.Murray,Latavius Murray,RB,RB,"https://static.www.nfl.com/image/private/f_auto,q_auto/league/zepm7ghltyeqydn0qxcg",2021,1,REG,2021_01_BAL_LV,BAL,LV,0,0,0,0,0,0,0,0,0,0,0,0,,,0,10,28,1,0,0,1,-4.7959092514938675,0,0,0,0,0,0,0,0,0,0,,0,0.0,0.0,0.0,0,0,8.8,8.8,training,8.8,0.0
00-0030564,D.Hopkins,DeAndre Hopkins,WR,WR,"https://static.www.nfl.com/image/upload/f_auto,q_auto/league/snvo6holyfdjmrlqxqxu",2021,1,REG,2021_01_ARI_TEN,ARI,TEN,0,0,0,0,0,0,0,0,0,0,0,0,,,0,0,0,0,0,0,0,,0,6,8,83,2,0,0,90,25,4,8.875767773017287,0,0.25,0.3435114503816794,0.6154580152671756,0,0,20.3,26.3,training,26.3,0.0
00-0030578,C.Patterson,Cordarrelle Patterson,RB,RB,"https://static.www.nfl.com/image/upload/f_auto,q_auto/league/jktdrwmujfuqp94csnav",2021,1,REG,2021_01_PHI_ATL,ATL,PHI,0,0,0,0,0,0,0,0,0,0,0,0,,,0,7,54,0,0,0,4,4.004965066793375,0,2,2,13,0,0,0,5,8,1,0.16276101022958755,0,0.06060606060606061,0.027932960893854747,0.11046216353478923,0,0,6.7,8.7,training,8.7,0.0
00-0030663,W.Snead,Willie Snead,WR,WR,"https://static.www.nfl.com/image/private/f_auto,q_auto/league/fr5xckiwhguuaishnbju",2021,1,REG,2021_01_BAL_LV,LV,BAL,0,0,0,0,0,0,0,0,0,0,0,0,,,0,0,0,0,0,0,0,,0,0,1,0,0,0,0,5,0,0,-5.257569836510811,0,0.019230769230769232,0.00909090909090909,0.03520979020979021,0,0,0.0,0.0,training,0.0,0.0
00-0030669,A.Wilson,Albert Wilson,WR,WR,"https://static.www.nfl.com/image/private/f_auto,q_auto/league/slythouwdcrug0poiios",2021,1,REG,2021_01_MIA_NE,MIA,NE,0,0,0,0,0,0,0,0,0,0,0,0,,,0,0,0,0,0,0,0,,0,0,2,0,0,0,0,30,0,0,-4.114650565956254,0,0.07407407407407407,0.11952191235059761,0.1947764497565294,0,0,0.0,0.0,training,0.0,0.0
00-0030874,D.Williams,Damien Williams,RB,RB,"https://static.www.nfl.com/image/private/f_auto,q_auto/league/ga4vusnfwfvhp2ksqw7x",2021,1,REG,2021_01_CHI_LA,CHI,LA,0,0,0,0,0,0,0,0,0,0,0,0,,,0,6,12,0,0,0,2,-1.6488789313007146,0,4,5,28,0,0,0,0,25,1,-0.7300401710672304,0,0.125,0.0,0.1875,0,0,4.0,8.0,training,8.0,0.0
00-0031045,C.Hyde,Carlos Hyde,RB,RB,"https://static.www.nfl.com/image/private/f_auto,q_auto/league/qpmv42ldpkpdf1gpgeua",2021,1,REG,2021_01_JAX_HOU,JAX,HOU,0,0,0,0,0,0,0,0,0,0,0,0,,,0,9,44,0,0,0,3,0.07665954134427011,0,2,2,14,0,0,0,-2,16,0,-0.21419868047814816,0,0.04,-0.004807692307692308,0.05663461538461538,0,0,5.800000000000001,7.800000000000001,training,7.8,-0.0
00-0031062,J.White,James White,RB,RB,"https://static.www.nfl.com/image/private/f_auto,q_auto/league/z1nnkmnstccnqya5d5ee",2021,1,REG,2021_01_MIA_NE,NE,MIA,0,0,0,0,0,0,0,0,0,0,0,0,,,0,4,12,0,0,0,2,-0.542588212294504,0,6,7,49,0,0,0,29,23,2,2.6196401758352295,0,0.18421052631578946,0.12133891213389121,0.361253027967408,0,0,6.1000000000000005,12.100000000000001,training,12.1,-0.0
00-0031236,B.Cooks,Brandin Cooks,WR,WR,"https://static.www.nfl.com/image/upload/f_auto,q_auto/league/krz3gv9jjs92arlctvqf",2021,1,REG,2021_01_JAX_HOU,HOU,JAX,0,0,0,0,0,0,0,0,0,0,0,0,,,0,0,0,0,0,0,0,,0,5,7,132,0,0,0,132,19,4,8.17255024446058,0,0.21875,0.41509433962264153,0.618691037735849,0,0,13.200000000000001,18.200000000000003,training,18.2,-0.0
00-0031237,T.Bridgewater,Teddy Bridgewater,QB,QB,"https://static.www.nfl.com/image/upload/f_auto,q_auto/league/wggyfg1dgyiwcgxafoen",2021,1,REG,2021_01_DEN_NYG,DEN,NYG,28,36,264,2,0,2,-9,0,0,312,87,17,23.347826930988465,15.41972313608442,0,3,19,0,0,0,1,1.1220871484204116,0,0,0,0,0,0,0,0,0,0,,0,0.0,0.0,0.0,0,0,20.46,20.46,training,20.46,0.0
00-0031260,L.Thomas,Logan Thomas,TE,TE,"https://static.www.nfl.com/image/private/f_auto,q_auto/league/acm0ymhqdzqxdibwjphv",2021,1,REG,2021_01_LAC_WAS,WAS,LAC,0,0,0,0,0,0,0,0,0,0,0,0,,,0,0,0,0,0,0,0,,0,3,3,30,1,0,0,27,3,2,2.9009436263877433,0,0.15,0.225,0.38249999999999995,0,0,9.0,12.0,training,12.0,0.0
00-0031280,D.Carr,Derek Carr,QB,QB,"https://static.www.nfl.com/image/upload/f_auto,q_auto/league/qsz1pyrlu6bmvby6maaf",2021,1,REG,2021_01_BAL_LV,LV,BAL,34,56,435,2,1,3,-26,0,0,550,169,17,9.61616741518598,-3.3904613783726325,0,4,6,0,1,0,0,-3.3392614352633245,0,0,0,0,0,0,0,0,0,0,,0,0.0,0.0,0.0,0,0,24.000000000000004,24.000000000000004,training,24.0,-0.0
00-0031319,D.Spencer,Diontae Spencer,WR,WR,"https://static.www.nfl.com/image/private/f_auto,q_auto/league/lf3axvxomg2ktozc1rei",2021,1,REG,2021_01_DEN_NYG,DEN,NYG,0,0,0,0,0,0,0,0,0,0,0,0,,,0,0,0,0,0,0,0,,0,0,0,0,0,0,0,0,0,0,,0,0.0,0.0,0.0,0,0,0.0,0.0,training,0.0,0.0
00-0031325,S.Watkins,Sammy Watkins,WR,WR,"https://static.www.nfl.com/image/private/f_auto,q_auto/league/nkqk4ac4uncxocqlgp2k",2021,1,REG,2021_01_BAL_LV,BAL,LV,0,0,0,0,0,0,0,0,0,0,0,0,,,0,0,0,0,0,0,0,,0,4,8,96,0,0,0,85,38,4,4.016481991682667,0,0.27586206896551724,0.35864978902953587,0.664847955768951,0,0,9.600000000000001,13.600000000000001,training,13.6,-0.0
00-0031345,J.Garoppolo,Jimmy Garoppolo,QB,QB,"https://static.www.nfl.com/image/upload/f_auto,q_auto/league/ivz3zwvjxvgcu4dzabur",2021,1,REG,2021_01_SF_DET,SF,DET,17,25,314,1,0,1,-8,0,0,162,188,12,20.323549204891922,6.228279254653237,0,3,2,0,1,1,0,-6.392430615785997,0,0,0,0,0,0,0,0,0,0,,0,0.0,0.0,0.0,0,1,14.760000000000002,14.760000000000002,training,14.76,-0.0
00-0031381,D.Adams,Davante Adams,WR,WR,"https://static.www.nfl.com/image/upload/f_auto,q_auto/league/tdzluk4xau3arxqk9zsl",2021,1,REG,2021_01_GB_NO,GB,NO,0,0,0,0,0,0,0,0,0,0,0,0,,,0,0,0,0,0,0,0,,0,5,7,56,0,0,0,51,12,1,-8.393261289864313,0,0.21212121212121213,0.15501519756838905,0.4266924564796905,0,0,5.6000000000000005,10.600000000000001,training,10.6,-0.0
00-0031382,J.Landry,Jarvis Landry,WR,WR,"https://static.www.nfl.com/image/private/f_auto,q_auto/league/w2q9uwsjvgadwyvnvopb",2021,1,REG,2021_01_CLE_KC,CLE,KC,0,0,0,0,0,0,0,0,0,0,0,0,,,0,2,13,1,0,0,2,4.849257742171176,0,5,5,71,0,0,0,16,55,3,3.065270115796011,0,0.18518518518518517,0.056338028169014086,0.31721439749608765,0,0,14.4,19.4,training,19.4,0.0
00-0031387,E.Ebron,Eric Ebron,TE,TE,"https://static.www.nfl.com/image/private/f_auto,q_auto/league/uaxsxymncppase7ihczd",2021,1,REG,2021_01_PIT_BUF,PIT,BUF,0,0,0,0,0,0,0,0,0,0,0,0,,,0,0,0,0,0,0,0,,0,1,2,19,0,0,0,23,2,1,1.2792281268630177,0,0.0625,0.11734693877551021,0.17589285714285713,0,0,1.9000000000000001,2.9000000000000004,training,2.9,-0.0
00-0031408,M.Evans,Mike Evans,WR,WR,"https://static.www.nfl.com/image/upload/f_auto,q_auto/league/zc4ujpmndyxrbiyyjomz",2021,1,REG,2021_01_DAL_TB,TB,DAL,0,0,0,0,0,0,0,0,0,0,0,0,,,0,0,0,0,0,0,0,,0,3,6,24,0,0,0,46,6,2,0.6690618144348264,0,0.13333333333333333,0.1031390134529148,0.27219730941704035,0,0,2.4000000000000004,5.4,training,5.4,0.0
00-0031428,A.Robinson,Allen Robinson,WR,WR,"https://static.www.nfl.com/image/upload/f_auto,q_auto/league/fyukft9lraurbsq0laom",2021,1,REG,2021_01_CHI_LA,CHI,LA,0,0,0,0,0,0,0,0,0,0,0,0,,,0,0,0,0,0,0,0,,0,6,11,35,0,0,0,42,10,3,-3.3038125666207634,0,0.275,0.2485207100591716,0.5864644970414201,0,0,3.5,9.5,training,9.5,0.0
00-0031484,C.Manhertz,Chris Manhertz,TE,TE,"https://static.www.nfl.com/image/upload/f_auto,q_auto/league/bw0kytk1nwrdln9t3wzg",2021,1,REG,2021_01_JAX_HOU,JAX,HOU,0,0,0,0,0,0,0,0,0,0,0,0,,,0,0,0,0,0,0,0,,0,1,1,22,1,0,0,18,4,1,2.9497965711634606,0,0.02,0.04326923076923077,0.060288461538461534,0,0,8.2,9.2,training,9.2,0.0
00-0019596,T.Brady,Tom Brady,QB,QB,"https://static.www.nfl.com/image/private/f_auto,q_auto/league/q7dpdlxyu5rs05rgh1le",2022,1,REG,2022_01_TB_DAL,TB,DAL,18,27,212,1,1,2,-17,0,0,305,87,9,1.0508535547742515,3.290234671698676,0,2,-1,0,0,0,0,-1.4371675145812333,0,0,0,0,0,0,0,0,0,0,,0,0.0,0.0,0.0,0,0,10.38,10.38,training,10.38,0.0
00-0023459,A.Rodgers,Aaron Rodgers,QB,QB,"https://static.www.nfl.com/image/upload/f_auto,q_auto/league/dypvakakxhccxs67tb0y",2022,1,REG,2022_01_GB_MIN,GB,MIN,22,34,195,0,1,4,-33,1,1,190,134,9,-11.627544641436543,-2.7847707271575928,0,1,-1,0,0,0,0,0.0,0,0,0,0,0,0,0,0,0,0,,0,0.0,0.0,0.0,0,1,3.7,3.7,training,3.7,0.0
00-0026143,M.Ryan,Matt Ryan,QB,QB,"https://static.www.nfl.com/image/private/f_auto,q_auto/league/s6zam4ekrrnonsck6vak",2022,1,REG,2022_01_IND_HOU,IND,HOU,32,50,352,1,1,2,-12,1,0,313,176,20,3.004784380851166,-4.770667577276424,0,4,12,0,2,1,2,-4.417951034498401,0,0,0,0,0,0,0,0,0,0,,0,0.0,0.0,0.0,0,1,15.279999999999998,15.279999999999998,training,15.28,0.0
00-0026158,J.Flacco,Joe Flacco,QB,QB,"https://static.www.nfl.com/image/upload/f_auto,q_auto/league/dre1d2f2d6dxqohzn5l2",2022,1,REG,2022_01_BAL_NYJ,NYJ,BAL,37,59,309,1,1,3,-12,0,0,286,139,18,-7.11291638909344,-4.062917201142562,0,1,0,0,0,0,0,-1.2306267250096425,0,0,0,0,0,0,0,0,0,0,,0,0.0,0.0,0.0,0,0,14.36,14.36,training,14.36,0.0
00-0026197,C.Henne,Chad Henne,QB,QB,"https://static.www.nfl.com/image/private/f_auto,q_auto/league/ornr9pcnzveqlntqc7jx",2022,1,REG,2022_01_KC_ARI,KC,ARI,0,0,0,0,0,0,0,0,0,0,0,0,,,0,0,0,0,0,0,0,,0,0,0,0,0,0,0,0,0,0,,0,0.0,0.0,0.0,0,0,0.0,0.0,training,0.0,0.0
00-0026498,M.Stafford,Matthew Stafford,QB,QB,"https://static.www.nfl.com/image/upload/f_auto,q_auto/league/jwpkjfrkzufdyh8u1mg7",2022,1,REG,2022_01_BUF_LA,LA,BUF,29,41,240,1,3,7,-49,1,0,239,124,14,-16.745452827553688,-0.5920314934195542,0,1,2,0,0,0,1,0.15880790958181024,0,0,0,0,0,0,0,0,0,0,,0,0.0,0.0,0.0,0,0,7.8,7.8,training,7.8,0.0
00-0027691,A.Roberts,Andre Roberts,WR,WR,"https://static.www.nfl.com/image/private/f_auto,q_auto/league/hjoyjewh7knoafxt4k93",2022,1,REG,2022_01_CLE_CAR,CAR,CLE,0,0,0,0,0,0,0,0,0,0,0,0,,,0,0,0,0,0,0,0,,0,0,0,0,0,0,0,0,0,0,,0,0.0,0.0,0.0,0,0,0.0,0.0,training,0.0,0.0
00-0027942,A.Green,A.J. Green,WR,WR,"https://static.www.nfl.com/image/private/f_auto,q_auto/league/guj5a9vnnzqfiljupzuj",2022,1,REG,2022_01_KC_ARI,ARI,KC,0,0,0,0,0,0,0,0,0,0,0,0,,,0,0,0,0,0,0,0,,0,2,4,13,0,0,0,42,0,1,-3.7782565512023867,0,0.1111111111111111,0.15730337078651685,0.27677902621722844,0,0,1.3,3.3,training,3.3,0.0
00-0027944,J.Jones,Julio Jones,WR,WR,"https://static.www.nfl.com/image/upload/f_auto,q_auto/league/omrddf2phtyztzx2nup1",2022,1,REG,2022_01_TB_DAL,TB,DAL,0,0,0,0,0,0,0,0,0,0,0,0,,,0,2,17,0,0,0,2,1.3329689854872413,0,3,5,69,0,0,0,110,15,2,2.7300653654403564,0,0.18518518518518517,0.36065573770491804,0.5302367941712204,0,0,8.6,11.6,training,11.6,0.0
00-0027966,M.Ingram,Mark Ingram,RB,RB,"https://static.www.nfl.com/image/private/f_auto,q_auto/league/qyju9wutyssrf0b26ran",2022,1,REG,2022_01_NO_ATL,NO,ATL,0,0,0,0,0,0,0,0,0,0,0,0,,,0,4,22,0,0,0,2,1.3174470590166747,0,1,1,1,0,1,1,-6,7,0,-4.832685916684568,0,0.03125,-0.020477815699658702,0.032540529010238906,0,1,0.30000000000000027,1.3000000000000003,training,1.3,-0.0
00-0028002,R.Cobb,Randall Cobb,WR,WR,"https://static.www.nfl.com/image/private/f_auto,q_auto/league/kuwo5hnkbtesfw6n9w1s",2022,1,REG,2022_01_GB_MIN,GB,MIN,0,0,0,0,0,0,0,0,0,0,0,0,,,0,0,0,0,0,0,0,,0,2,3,14,0,0,0,55,4,2,0.8892778426525183,0,0.08571428571428572,0.2511415525114155,0.3043705153294194,0,0,1.4000000000000001,3.4000000000000004,training,3.4,-0.0
00-0028063,T.Jones,Taiwan Jones,RB,RB,"https://static.www.nfl.com/image/private/f_auto,q_auto/league/va09vgfr7bdc2wb6ikq4",2022,1,REG,2022_01_BUF_LA,BUF,LA,0,0,0,0,0,0,0,0,0,0,0,0,,,0,0,0,0,0,0,0,,0,0,0,0,0,0,0,0,0,0,,0,0.0,0.0,0.0,0,0,0.0,0.0,training,0.0,0.0
00-0029239,B.Bolden,Brandon Bolden,RB,RB,"https://static.www.nfl.com/image/private/f_auto,q_auto/league/kqqwz35z9brhkzbs4bcn",2022,1,REG,2022_01_LV_LAC,LV,LAC,0,0,0,0,0,0,0,0,0,0,0,0,,,0,3,7,0,0,0,0,-2.071117811021395,0,2,2,21,1,0,0,13,8,1,2.5430968048632288,0,0.05714285714285714,0.03812316715542522,0.11240050272308337,0,0,8.8,10.8,training,10.8,0.0
00-0029263,R.Wilson,Russell Wilson,QB,QB,"https://static.www.nfl.com/image/upload/f_auto,q_auto/league/vkstxj0evgkjiycu4glc",2022,1,REG,2022_01_DEN_SEA,DEN,SEA,29,42,340,1,0,2,-10,0,0,275,230,13,15.1618857017008,7.822624539456716,0,1,2,0,0,0,0,-0.43221654824446887,0,0,0,0,0,0,0,0,0,0,,0,0.0,0.0,0.0,0,0,17.8,17.8,training,17.8,0.0
00-0029293,M.Jones,Marvin Jones,WR,WR,"https://static.www.nfl.com/image/private/f_auto,q_auto/league/ciy9sxefmcnwjw7ln3h2",2022,1,REG,2022_01_JAX_WAS,JAX,WAS,0,0,0,0,0,0,0,0,0,0,0,0,,,0,0,0,0,0,0,0,,0,4,6,38,0,0,0,101,3,3,2.2841701168799773,0,0.15789473684210525,0.27900552486187846,0.4321459726664728,0,0,3.8000000000000003,7.800000000000001,training,7.8,-0.0
00-0029604,K.Cousins,Kirk Cousins,QB,QB,"https://static.www.nfl.com/image/upload/f_auto,q_auto/league/za7cynvpwlsro1tsaijk",2022,1,REG,2022_01_GB_MIN,MIN,GB,23,32,277,2,0,1,-8,0,0,164,152,12,9.272198556757568,5.163186596285913,0,0,0,0,0,0,0,,0,0,0,0,0,0,0,0,0,0,,0,0.0,0.0,0.0,0,0,19.08,19.08,training,19.08,0.0
00-0029701,R.Tannehill,Ryan Tannehill,QB,QB,"https://static.www.nfl.com/image/private/f_auto,q_auto/league/yvwju12dl6haf3r8uzrm",2022,1,REG,2022_01_NYG_TEN,TEN,NYG,20,33,266,2,0,1,0,0,0,296,103,13,7.819076049187833,-0.14203359042444536,0,2,7,0,0,0,1,1.437250970164314,0,0,0,0,0,0,0,0,0,0,,0,0.0,0.0,0.0,0,0,19.34,19.34,training,19.34,0.0
00-0030035,A.Thielen,Adam Thielen,WR,WR,"https://static.www.nfl.com/image/upload/f_auto,q_auto/league/pv6gajxtt6zhum2unnsl",2022,1,REG,2022_01_GB_MIN,MIN,GB,0,0,0,0,0,0,0,0,0,0,0,0,,,0,0,0,0,0,0,0,,0,3,4,36,0,0,0,27,12,2,0.4974655919941142,0,0.12903225806451613,0.16463414634146342,0.30879228953579857,0,0,3.6,6.6,training,6.6,0.0
00-0030061,Z.Ertz,Zach Ertz,TE,TE,"https://static.www.nfl.com/image/upload/f_auto,q_auto/league/xktmmeumuoglbuam75iz",2022,1,REG,2022_01_KC_ARI,ARI,KC,0,0,0,0,0,0,0,0,0,0,0,0,,,0,0,0,0,0,0,0,,0,2,4,14,1,0,0,22,4,1,2.188852904524654,1,0.1111111111111111,0.08239700374531835,0.2243445692883895,0,0,9.4,11.4,training,11.4,0.0
00-0030068,M.Goodwin,Marquise Goodwin,WR,WR,"https://static.www.nfl.com/image/upload/f_auto,q_auto/league/cof5bbih1o9dtnonwmjp",2022,1,REG,2022_01_DEN_SEA,SEA,DEN,0,0,0,0,0,0,0,0,0,0,0,0,,,0,0,0,0,0,0,0,,0,2,2,22,0,0,0,22,0,1,1.2333948758682656,0,0.07407407407407407,0.1527777777777778,0.21805555555555556,0,0,2.2,4.2,training,4.2,0.0
00-0030108,R.Griffin,Ryan Griffin,TE,TE,"https://static.www.nfl.com/image/private/f_auto,q_auto/league/izjfxtmk2dhzhrlwpt9g",2022,1,REG,2022_01_SF_CHI,CHI,SF,0,0,0,0,0,0,0,0,0,0,0,0,,,0,0,0,0,0,0,0,,0,0,2,0,0,0,0,29,0,0,-1.0381559445522726,0,0.11764705882352941,0.17901234567901234,0.3017792302106027,0,0,0.0,0.0,training,0.0,0.0
00-0030279,K.Allen,Keenan Allen,WR,WR,"https://static.www.nfl.com/image/upload/f_auto,q_auto/league/ri267r6lzfwarh89hsn6",2022,1,REG,2022_01_LV_LAC,LAC,LV,0,0,0,0,0,0,0,0,0,0,0,0,,,0,0,0,0,0,0,0,,0,4,4,66,0,0,0,52,14,2,4.267381469602697,0,0.11764705882352941,0.2184873949579832,0.3294117647058823,0,0,6.6000000000000005,10.600000000000001,training,10.6,-0.0
00-0030288,R.Burkhead,Rex Burkhead,RB,RB,"https://static.www.nfl.com/image/private/f_auto,q_auto/league/ysgdnkasvp07qmrkasve",2022,1,REG,2022_01_IND_HOU,HOU,IND,0,0,0,0,0,0,0,0,0,0,0,0,,,0,14,40,0,0,0,1,-4.099348779709544,0,5,8,30,0,0,0,3,30,1,-1.5441989070968702,0,0.2222222222222222,0.011278195488721804,0.3412280701754386,0,0,7.0,12.0,training,12.0,0.0
00-0030431,R.Woods,Robert Woods,WR,WR,"https://static.www.nfl.com/image/upload/f_auto,q_auto/league/ydjg5fylwkf5aaxiul6v",2022,1,REG,2022_01_NYG_TEN,TEN,NYG,0,0,0,0,0,0,0,0,0,0,0,0,,,0,0,0,0,0,0,0,,0,1,2,13,0,0,0,30,0,1,-0.1604239463340491,0,0.06451612903225806,0.10135135135135136,0.16772013949433304,0,0,1.3,2.3,training,2.3,0.0
00-0030506,T.Kelce,Travis Kelce,TE,TE,"https://static.www.nfl.com/image/upload/f_auto,q_auto/league/dpxovcfku6ud2aohgf6a",2022,1,REG,2022_01_KC_ARI,KC,ARI,0,0,0,0,0,0,0,0,0,0,0,0,,,0,0,0,0,0,0,0,,0,8,9,121,1,0,0,95,34,7,11.62586954307958,0,0.23076923076923078,0.3125,0.5649038461538461,0,0,18.1,26.1,training,26.1,0.0
00-0030565,G.Smith,Geno Smith,QB,QB,"https://static.www.nfl.com/image/upload/f_auto,q_auto/league/zppfqqcyjfma14jjif3a",2022,1,REG,2022_01_DEN_SEA,SEA,DEN,23,28,195,2,0,2,-18,1,0,144,89,9,8.274173974503805,12.449767302583766,0,6,14,0,0,0,1,-2.87951385427732,0,0,0,0,0,0,0,0,0,0,,0,0.0,0.0,0.0,0,0,17.2,17.2,training,17.2,0.0
00-0030578,C.Patterson,Cordarrelle Patterson,RB,RB,"https://static.www.nfl.com/image/upload/f_auto,q_auto/league/jktdrwmujfuqp94csnav",2022,1,REG,2022_01_NO_ATL,ATL,NO,0,0,0,0,0,0,0,0,0,0,0,0,,,0,22,120,1,0,0,10,2.395265986036975,0,3,5,16,0,0,0,18,10,1,-0.3315959378448907,0,0.15625,0.06382978723404255,0.2790558510638298,0,0,19.6,22.6,training,22.6,0.0
00-0030874,D.Williams,Damien Williams,RB,RB,"https://static.www.nfl.com/image/private/f_auto,q_auto/league/ga4vusnfwfvhp2ksqw7x",2022,1,REG,2022_01_NO_ATL,ATL,NO,0,0,0,0,0,0,0,0,0,0,0,0,,,0,2,2,0,0,0,0,-1.1297846529632807,0,0,0,0,0,0,0,0,0,0,,0,0.0,0.0,0.0,0,0,0.2,0.2,training,0.2,0.0
00-0031236,B.Cooks,Brandin Cooks,WR,WR,"https://static.www.nfl.com/image/upload/f_auto,q_auto/league/krz3gv9jjs92arlctvqf",2022,1,REG,2022_01_IND_HOU,HOU,IND,0,0,0,0,0,0,0,0,0,0,0,0,,,0,0,0,0,0,0,0,,0,7,12,82,0,0,0,131,11,4,-1.1666815507662944,0,0.3333333333333333,0.4924812030075188,0.8447368421052631,0,0,8.200000000000001,15.200000000000001,training,15.2,-0.0
00-0031260,L.Thomas,Logan Thomas,TE,TE,"https://static.www.nfl.com/image/private/f_auto,q_auto/league/acm0ymhqdzqxdibwjphv",2022,1,REG,2022_01_JAX_WAS,WAS,JAX,0,0,0,0,0,0,0,0,0,0,0,0,,,0,0,0,0,0,0,0,,0,3,6,45,0,0,0,70,19,2,3.3000864693894982,0,0.14634146341463414,0.2413793103448276,0.3884777123633305,0,0,4.5,7.5,training,7.5,0.0
00-0031273,C.Brate,Cameron Brate,TE,TE,"https://static.www.nfl.com/image/private/f_auto,q_auto/league/jhioqec65qy4z7s6w9a6",2022,1,REG,2022_01_TB_DAL,TB,DAL,0,0,0,0,0,0,0,0,0,0,0,0,,,0,0,0,0,0,0,0,,0,1,3,7,0,0,0,15,1,1,-1.4454917990951799,0,0.1111111111111111,0.04918032786885246,0.20109289617486337,0,0,0.7000000000000001,1.7000000000000002,training,1.7,-0.0
00-0031280,D.Carr,Derek Carr,QB,QB,"https://static.www.nfl.com/image/upload/f_auto,q_auto/league/qsz1pyrlu6bmvby6maaf",2022,1,REG,2022_01_LV_LAC,LV,LAC,22,37,295,2,3,5,-29,2,0,341,126,17,-5.492958870270653,-2.382502555847168,0,0,0,0,0,0,0,,0,0,0,0,0,0,0,0,0,0,,0,0.0,0.0,0.0,0,0,13.8,13.8,training,13.8,0.0
00-0031325,S.Watkins,Sammy Watkins,WR,WR,"https://static.www.nfl.com/image/private/f_auto,q_auto/league/nkqk4ac4uncxocqlgp2k",2022,1,REG,2022_01_GB_MIN,GB,MIN,0,0,0,0,0,0,0,0,0,0,0,0,,,0,0,0,0,0,0,0,,0,3,3,18,0,0,0,2,16,2,1.192840953823179,0,0.08571428571428572,0.0091324200913242,0.1349641226353555,0,0,1.8,4.8,training,4.8,0.0
00-0031376,J.McKinnon,Jerick McKinnon,RB,RB,"https://static.www.nfl.com/image/private/f_auto,q_auto/league/yezxe2j778cndbhkxwez",2022,1,REG,2022_01_KC_ARI,KC,ARI,0,0,0,0,0,0,0,0,0,0,0,0,,,0,4,22,0,0,0,1,-0.4302958510816097,0,3,4,27,0,0,0,-3,41,1,1.3778271748160478,0,0.10256410256410256,-0.009868421052631578,0.14693825910931174,0,0,4.9,7.9,training,7.9,0.0
00-0031381,D.Adams,Davante Adams,WR,WR,"https://static.www.nfl.com/image/upload/f_auto,q_auto/league/tdzluk4xau3arxqk9zsl",2022,1,REG,2022_01_LV_LAC,LV,LAC,0,0,0,0,0,1,-10,0,0,0,0,0,-1.8045640784548596,,0,0,0,0,0,0,0,,0,10,17,141,1,0,0,177,62,8,5.192713035765337,0,0.4857142857142857,0.5190615835777126,1.0919145370758274,0,0,20.1,30.1,training,30.1,0.0
00-0031382,J.Landry,Jarvis Landry,WR,WR,"https://static.www.nfl.com/image/private/f_auto,q_auto/league/w2q9uwsjvgadwyvnvopb",2022,1,REG,2022_01_NO_ATL,NO,ATL,0,0,0,0,0,0,0,0,0,0,0,0,,,0,0,0,0,0,0,0,,0,7,9,114,0,0,0,123,15,4,4.501336231245021,0,0.28125,0.4197952218430034,0.7157316552901023,0,0,11.4,18.4,training,18.4,0.0
00-0031384,R.Rodgers,Richard Rodgers,TE,TE,"https://static.www.nfl.com/image/private/f_auto,q_auto/league/l9zei9dkcmbml3q1nshk",2022,1,REG,2022_01_LV_LAC,LAC,LV,0,0,0,0,0,0,0,0,0,0,0,0,,,0,0,0,0,0,0,0,,0,0,1,0,0,0,0,1,0,0,-0.22918983356794342,0,0.029411764705882353,0.004201680672268907,0.04705882352941176,0,0,0.0,0.0,training,0.0,0.0
00-0031408,M.Evans,Mike Evans,WR,WR,"https://static.www.nfl.com/image/upload/f_auto,q_auto/league/zc4ujpmndyxrbiyyjomz",2022,1,REG,2022_01_TB_DAL,TB,DAL,0,0,0,0,0,0,0,0,0,0,0,0,,,0,0,0,0,0,0,0,,0,5,7,71,1,0,0,90,10,5,2.6532603239174932,0,0.25925925925925924,0.29508196721311475,0.5954462659380692,0,0,13.100000000000001,18.1,training,18.1,0.0
00-0031428,Al.Robinson,Allen Robinson,WR,WR,"https://static.www.nfl.com/image/upload/f_auto,q_auto/league/fyukft9lraurbsq0laom",2022,1,REG,2022_01_BUF_LA,LA,BUF,0,0,0,0,0,0,0,0,0,0,0,0,,,0,0,0,0,0,0,0,,0,1,2,12,0,0,0,28,0,0,-2.1046880520298146,0,0.04878048780487805,0.11715481171548117,0.1551790999081539,0,0,1.2000000000000002,2.2,training,2.2,0.0
00-0031503,J.Winston,Jameis Winston,QB,QB,"https://static.www.nfl.com/image/upload/f_auto,q_auto/league/e5qyxnibbyawi0pvfpjl",2022,1,REG,2022_01_NO_ATL,NO,ATL,23,34,269,2,0,4,-35,0,0,293,62,12,2.2887728355077313,7.236052863299847,1,2,9,0,0,0,0,-0.9775295588187873,0,0,0,0,0,0,0,0,0,0,,0,0.0,0.0,0.0,0,0,21.659999999999997,21.659999999999997,training,21.66,0.0
00-0031544,A.Cooper,Amari Cooper,WR,WR,"https://static.www.nfl.com/image/upload/f_auto,q_auto/league/zmtzqznqui37unmo5xv9",2022,1,REG,2022_01_CLE_CAR,CLE,CAR,0,0,0,0,0,0,0,0,0,0,0,0,,,0,0,0,0,0,0,0,,0,3,6,17,0,0,0,63,6,0,-4.698070694284979,0,0.2,0.2540322580645161,0.4778225806451613,0,0,1.7000000000000002,4.7,training,4.7,0.0
00-0031547,D.Parker,DeVante Parker,WR,WR,"https://static.www.nfl.com/image/private/f_auto,q_auto/league/beuyfjou6kckaoqqpa96",2022,1,REG,2022_01_NE_MIA,NE,MIA,0,0,0,0,0,0,0,0,0,0,0,0,,,0,0,0,0,0,0,0,,0,1,2,9,0,0,0,26,5,1,-5.299231964861974,0,0.06666666666666667,0.0931899641577061,0.16523297491039426,0,0,0.9,1.9,training,1.9,0.0
00-0031549,N.Agholor,Nelson Agholor,WR,WR,"https://static.www.nfl.com/image/upload/f_auto,q_auto/league/wyxfkarcjgqdz3pl8nnr",2022,1,REG,2022_01_NE_MIA,NE,MIA,0,0,0,0,0,0,0,0,0,0,0,0,,,0,0,0,0,0,0,0,,0,3,5,28,0,1,1,52,23,1,-1.8218899687053636,0,0.16666666666666666,0.1863799283154122,0.3804659498207885,0,1,0.8000000000000003,3.8000000000000003,training,3.8,-0.0
00-0031588,S.Diggs,Stefon Diggs,WR,WR,"https://static.www.nfl.com/image/upload/f_auto,q_auto/league/cemcexmscsarpvwhafln",2022,1,REG,2022_01_BUF_LA,BUF,LA,0,0,0,0,0,0,0,0,0,0,0,0,,,0,0,0,0,0,0,0,,0,8,9,122,1,0,0,99,27,5,10.827455860562623,0,0.2903225806451613,0.43612334801762115,0.7407702145800767,0,0,18.200000000000003,26.200000000000003,training,26.2,-0.0
00-0031610,D.Waller,Darren Waller,TE,TE,"https://static.www.nfl.com/image/upload/f_auto,q_auto/league/loyehiyzcu2lexjk7plq",2022,1,REG,2022_01_LV_LAC,LV,LAC,0,0,0,0,0,0,0,0,0,0,0,0,,,0,0,0,0,0,0,0,,0,4,6,79,0,0,0,83,27,4,0.025576882332511985,0,0.17142857142857143,0.2434017595307918,0.4275240888144114,0,0,7.9,11.9,training,11.9,0.0
00-0031687,R.Mostert,Raheem Mostert,RB,RB,"https://static.www.nfl.com/image/upload/f_auto,q_auto/league/fas5rkweusx2hl7abtzh",2022,1,REG,2022_01_NE_MIA,MIA,NE,0,0,0,0,0,0,0,0,0,0,0,0,,,0,5,16,0,0,0,2,-0.5766637841588818,0,1,1,16,0,0,0,2,14,1,0.907143781427294,0,0.03225806451612903,0.007272727272727273,0.05347800586510264,0,0,3.2,4.2,training,4.2,0.0
00-0031690,E.Tomlinson,Eric Tomlinson,TE,TE,"https://static.www.nfl.com/image/upload/f_auto,q_auto/league/i2n4shhc4sprxbsbhfcy",2022,1,REG,2022_01_DEN_SEA,DEN,SEA,0,0,0,0,0,0,0,0,0,0,0,0,,,0,0,0,0,0,0,0,,0,0,1,0,0,0,0,3,0,0,-0.40714303974527866,0,0.024390243902439025,0.01090909090909091,0.04422172949002218,0,0,0.0,0.0,training,0.0,0.0
00-0031763,D.Carter,DeAndre Carter,WR,WR,"https://static.www.nfl.com/image/upload/f_auto,q_auto/league/jx4io3owliw3l5xve6ta",2022,1,REG,2022_01_LV_LAC,LAC,LV,0,0,0,0,0,0,0,0,0,0,0,0,,,0,0,0,0,0,0,0,,0,3,4,64,1,0,0,77,5,3,4.723621832788922,0,0.11764705882352941,0.3235294117647059,0.40294117647058825,0,0,12.4,15.4,training,15.4,0.0
00-0031941,J.Crowder,Jamison Crowder,WR,WR,"https://static.www.nfl.com/image/upload/f_auto,q_auto/league/rfysbrjrvfdr72cx8who",2022,1,REG,2022_01_BUF_LA,BUF,LA,0,0,0,0,0,0,0,0,0,0,0,0,,,0,0,0,0,0,0,0,,0,3,4,28,0,0,0,24,16,3,-0.8354651326080784,0,0.12903225806451613,0.10572687224669604,0.2675571976694614,0,0,2.8000000000000003,5.800000000000001,training,5.8,-0.0
00-0032054,B.Perriman,Breshad Perriman,WR,WR,"https://static.www.nfl.com/image/private/f_auto,q_auto/league/zpwov1n42bi5lsqdlxhh",2022,1,REG,2022_01_TB_DAL,TB,DAL,0,0,0,0,0,0,0,0,0,0,0,0,,,0,1,-7,0,0,0,0,-2.1824002475477755,0,0,3,0,0,0,0,86,0,0,-1.9433786737796153,0,0.1111111111111111,0.2819672131147541,0.3640437158469945,0,0,-0.7000000000000001,-0.7000000000000001,training,-0.7,0.0
00-0032063,M.Davis,Mike Davis,RB,RB,"https://static.www.nfl.com/image/private/f_auto,q_auto/league/csrqinegeyunycijua2q",2022,1,REG,2022_01_BAL_NYJ,BAL,NYJ,0,0,0,0,0,0,0,0,0,0,0,0,,,0,2,11,0,1,0,1,-0.13739975239150226,0,0,0,0,0,0,0,0,0,0,,0,0.0,0.0,0.0,0,0,1.1,1.1,training,1.1,0.0
00-0032104,A.Abdullah,Ameer Abdullah,RB,RB,"https://static.www.nfl.com/image/upload/f_auto,q_auto/league/k8teyeiqchljlm0h5te4",2022,1,REG,2022_01_LV_LAC,LV,LAC,0,0,0,0,0,0,0,0,0,0,0,0,,,0,0,0,0,0,0,0,,0,0,1,0,0,0,0,17,0,0,-0.7789825769141316,0,0.02857142857142857,0.04985337243401759,0.07775450356095517,0,0,0.0,0.0,training,0.0,0.0
00-0032128,C.Conley,Chris Conley,WR,WR,"https://static.www.nfl.com/image/upload/f_auto,q_auto/league/mr4h7vx02uwpr7xlfk6y",2022,1,REG,2022_01_IND_HOU,HOU,IND,0,0,0,0,0,0,0,0,0,0,0,0,,,0,0,0,0,0,0,0,,0,0,2,0,0,0,0,18,0,0,-2.0706287384964526,0,0.05555555555555555,0.06766917293233082,0.1307017543859649,0,0,0.0,0.0,training,0.0,0.0
00-0032141,G.Swaim,Geoff Swaim,TE,TE,"https://static.www.nfl.com/image/upload/f_auto,q_auto/league/kecuhwgbqvlqt6gb0dz6",2022,1,REG,2022_01_NYG_TEN,TEN,NYG,0,0,0,0,0,0,0,0,0,0,0,0,,,0,0,0,0,0,0,0,,0,3,4,19,0,0,0,4,19,1,0.2609499695827253,0,0.12903225806451613,0.013513513513513514,0.20300784655623366,0,0,1.9000000000000001,4.9,training,4.9,0.0
00-0032144,M.Gordon,Melvin Gordon,RB,RB,"https://static.www.nfl.com/image/private/f_auto,q_auto/league/i4g8x7yotpgszlyanow0",2022,1,REG,2022_01_DEN_SEA,DEN,SEA,0,0,0,0,0,0,0,0,0,0,0,0,,,0,12,58,0,1,1,2,-4.17942285357276,0,2,2,14,0,0,0,7,7,0,0.00034062012398461405,0,0.04878048780487805,0.025454545454545455,0.0909889135254989,0,1,5.2,7.2,training,7.2,0.0
00-0032200,T.Montgomery,Ty Montgomery,WR,WR,"https://static.www.nfl.com/image/private/f_auto,q_auto/league/eagn4fvhnc9cp3wxeqoz",2022,1,REG,2022_01_NE_MIA,NE,MIA,0,0,0,0,0,0,0,0,0,0,0,0,,,0,2,-2,0,0,0,0,-3.0911792758852243,0,3,4,15,1,0,0,13,7,1,2.1808464441564865,0,0.13333333333333333,0.04659498207885305,0.23261648745519714,0,0,7.3,10.3,training,10.3,0.0
00-0032208,P.Dorsett,Phillip Dorsett,WR,WR,"https://static.www.nfl.com/image/upload/f_auto,q_auto/league/zkmdppfkcxqn5iwlcsyy",2022,1,REG,2022_01_IND_HOU,HOU,IND,0,0,0,0,0,0,0,0,0,0,0,0,,,0,0,0,0,0,0,0,,0,0,1,0,0,0,0,5,0,0,-0.8868623122107238,0,0.027777777777777776,0.018796992481203006,0.05482456140350877,0,0,0.0,0.0,training,0.0,0.0
00-0032211,T.Lockett,Tyler Lockett,WR,WR,"https://static.www.nfl.com/image/upload/f_auto,q_auto/league/gyhvviyep9iigeaobxmi",2022,1,REG,2022_01_DEN_SEA,SEA,DEN,0,0,0,0,0,0,0,0,0,0,0,0,,,0,0,0,0,0,0,0,,0,3,4,28,0,0,0,29,5,2,2.7132535204291344,0,0.14814814814814814,0.2013888888888889,0.36319444444444443,0,0,2.8000000000000003,5.800000000000001,training,5.8,-0.0
00-0032214,T.Kroft,Tyler Kroft,TE,TE,"https://static.www.nfl.com/image/private/f_auto,q_auto/league/ztko1uhl01ebiutefibj",2022,1,REG,2022_01_SF_CHI,SF,CHI,0,0,0,0,0,0,0,0,0,0,0,0,,,0,0,0,0,0,0,0,,0,1,2,9,0,0,0,33,3,0,-0.3242325395112857,0,0.07692307692307693,0.16176470588235295,0.22861990950226246,0,0,0.9,1.9,training,1.9,0.0
00-0032268,M.Mariota,Marcus Mariota,QB,QB,"https://static.www.nfl.com/image/upload/f_auto,q_auto/league/grx6m1fmu1odltjo3y31",2022,1,REG,2022_01_NO_ATL,ATL,NO,20,33,215,0,0,0,0,0,0,282,78,8,5.021303329926311,-6.941740773618221,0,12,72,1,2,1,3,-1.745047339121811,0,0,0,0,0,0,0,0,0,0,,0,0.0,0.0,0.0,0,1,19.8,19.8,training,19.8,0.0
00-0032385,S.Shepard,Sterling Shepard,WR,WR,"https://static.www.nfl.com/image/upload/f_auto,q_auto/league/l47czwi8aaznnit0se5h",2022,1,REG,2022_01_NYG_TEN,NYG,TEN,0,0,0,0,0,0,0,0,0,0,0,0,,,0,0,0,0,0,0,0,,0,2,4,71,1,0,0,42,28,1,4.230541545897722,0,0.19047619047619047,0.35,0.5307142857142857,0,0,13.100000000000001,15.100000000000001,training,15.1,-0.0
00-0032392,A.Hooper,Austin Hooper,TE,TE,"https://static.www.nfl.com/image/upload/f_auto,q_auto/league/dd0j9ccd8fxokl48alzg",2022,1,REG,2022_01_NYG_TEN,TEN,NYG,0,0,0,0,0,0,0,0,0,0,0,0,,,0,0,0,0,0,0,0,,0,1,2,6,0,0,0,10,2,0,-0.09077149600489065,0,0.06451612903225806,0.033783783783783786,0.12042284219703575,0,0,0.6000000000000001,1.6,training,1.6,0.0
00-0032398,C.Moore,Chris Moore,WR,WR,"https://static.www.nfl.com/image/upload/f_auto,q_auto/league/o0s29hnpztyxqotqdx8h",2022,1,REG,2022_01_IND_HOU,HOU,IND,0,0,0,0,0,0,0,0,0,0,0,0,,,0,0,0,0,0,0,0,,0,3,3,31,0,0,0,15,16,2,3.3580196034163237,0,0.08333333333333333,0.05639097744360902,0.16447368421052633,0,0,3.1,6.1,training,6.1,0.0
00-0023459,A.Rodgers,Aaron Rodgers,QB,QB,"https://static.www.nfl.com/image/upload/f_auto,q_auto/league/dypvakakxhccxs67tb0y",2023,1,REG,2023_01_BUF_NYJ,NYJ,BUF,0,1,0,0,0,1,-10,0,0,17,0,0,-2.0319598843343556,,0,0,0,0,0,0,0,,0,0,0,0,0,0,0,0,0,0,,0,0.0,0.0,0.0,0,0,0.0,0.0,training,0.0,0.0
00-0026498,M.Stafford,Matthew Stafford,QB,QB,"https://static.www.nfl.com/image/upload/f_auto,q_auto/league/jwpkjfrkzufdyh8u1mg7",2023,1,REG,2023_01_LA_SEA,LA,SEA,24,38,334,0,0,0,0,0,0,409,106,17,20.67998153272862,-0.42592617305549413,0,3,11,0,0,0,1,0.8680859408923425,0,0,0,0,0,0,0,0,0,0,,0,0.0,0.0,0.0,0,0,14.459999999999999,14.459999999999999,training,14.46,0.0
00-0028002,R.Cobb,Randall Cobb,WR,WR,"https://static.www.nfl.com/image/private/f_auto,q_auto/league/kuwo5hnkbtesfw6n9w1s",2023,1,REG,2023_01_BUF_NYJ,NYJ,BUF,0,0,0,0,0,0,0,0,0,0,0,0,,,0,0,0,0,0,0,0,,0,0,1,0,0,0,0,10,0,0,-3.9241312073427252,0,0.05555555555555555,0.08849557522123894,0.14528023598820058,0,0,0.0,0.0,training,0.0,0.0
00-0028118,T.Taylor,Tyrod Taylor,QB,QB,"https://static.www.nfl.com/image/upload/f_auto,q_auto/league/whpztm9akd7yefplp37r",2023,1,REG,2023_01_DAL_NYG,NYG,DAL,2,2,6,0,0,0,0,0,0,-10,16,0,-0.544656885205768,11.933872103691101,0,0,0,0,0,0,0,,0,0,0,0,0,0,0,0,0,0,,0,0.0,0.0,0.0,0,0,0.24,0.24,training,0.24,0.0
00-0029239,B.Bolden,Brandon Bolden,RB,RB,"https://static.www.nfl.com/image/private/f_auto,q_auto/league/kqqwz35z9brhkzbs4bcn",2023,1,REG,2023_01_LV_DEN,LV,DEN,0,0,0,0,0,0,0,0,0,0,0,0,,,0,0,0,0,0,0,0,,0,0,0,0,0,0,0,0,0,0,,0,0.0,0.0,0.0,0,0,0.0,0.0,training,0.0,0.0
00-0029263,R.Wilson,Russell Wilson,QB,QB,"https://static.www.nfl.com/image/upload/f_auto,q_auto/league/vkstxj0evgkjiycu4glc",2023,1,REG,2023_01_LV_DEN,DEN,LV,27,34,177,2,0,2,-11,0,0,137,78,11,2.355538343570046,14.956555236130953,0,1,1,0,0,0,0,-0.6033213866176084,0,0,0,0,0,0,0,0,0,0,,0,0.0,0.0,0.0,0,0,15.18,15.18,training,15.18,0.0
00-0029293,M.Jones,Marvin Jones,WR,WR,"https://static.www.nfl.com/image/private/f_auto,q_auto/league/ciy9sxefmcnwjw7ln3h2",2023,1,REG,2023_01_DET_KC,DET,KC,0,0,0,0,0,0,0,0,0,0,0,0,,,0,0,0,0,0,0,0,,0,2,6,8,0,1,1,50,4,0,-6.195231214631349,0,0.1875,0.21008403361344538,0.4283088235294118,0,1,-1.2,0.8,training,0.8,0.0
00-0029604,K.Cousins,Kirk Cousins,QB,QB,"https://static.www.nfl.com/image/upload/f_auto,q_auto/league/za7cynvpwlsro1tsaijk",2023,1,REG,2023_01_TB_MIN,MIN,TB,33,44,344,2,1,2,-16,1,1,298,145,15,0.32368977627827666,4.992012476379221,0,3,7,0,1,1,1,-5.517632261035033,0,0,0,0,0,0,0,0,0,0,,0,0.0,0.0,0.0,0,2,16.459999999999997,16.459999999999997,training,16.46,0.0
00-0029701,R.Tannehill,Ryan Tannehill,QB,QB,"https://static.www.nfl.com/image/private/f_auto,q_auto/league/yvwju12dl6haf3r8uzrm",2023,1,REG,2023_01_TEN_NO,TEN,NO,16,34,198,0,3,3,-17,0,0,310,124,8,-12.0429618927599,-19.289592360005233,0,3,5,0,0,0,0,-1.8367608468979597,0,0,0,0,0,0,0,0,0,0,,0,0.0,0.0,0.0,0,0,2.42,2.42,training,2.42,0.0
00-0030035,A.Thielen,Adam Thielen,WR,WR,"https://static.www.nfl.com/image/upload/f_auto,q_auto/league/pv6gajxtt6zhum2unnsl",2023,1,REG,2023_01_CAR_ATL,CAR,ATL,0,0,0,0,0,0,0,0,0,0,0,0,,,0,0,0,0,0,0,0,,0,2,2,12,0,0,0,9,3,1,0.7571652349433862,0,0.06451612903225806,0.03202846975088968,0.11919412237400986,0,0,1.2000000000000002,3.2,training,3.2,0.0
00-0030061,Z.Ertz,Zach Ertz,TE,TE,"https://static.www.nfl.com/image/upload/f_auto,q_auto/league/xktmmeumuoglbuam75iz",2023,1,REG,2023_01_ARI_WAS,ARI,WAS,0,0,0,0,0,0,0,0,0,0,0,0,,,0,0,0,0,0,0,0,,0,6,10,21,0,0,0,56,6,1,-3.3606025351883275,0,0.3333333333333333,0.3010752688172043,0.710752688172043,0,0,2.1,8.1,training,8.1,0.0
00-0030068,M.Goodwin,Marquise Goodwin,WR,WR,"https://static.www.nfl.com/image/upload/f_auto,q_auto/league/cof5bbih1o9dtnonwmjp",2023,1,REG,2023_01_CIN_CLE,CLE,CIN,0,0,0,0,0,0,0,0,0,0,0,0,,,0,0,0,0,0,0,0,,0,0,2,0,0,0,0,86,0,0,-2.1259560177568346,0,0.06896551724137931,0.2613981762917933,0.28642699926632426,0,0,0.0,0.0,training,0.0,0.0
00-0030279,K.Allen,Keenan Allen,WR,WR,"https://static.www.nfl.com/image/upload/f_auto,q_auto/league/ri267r6lzfwarh89hsn6",2023,1,REG,2023_01_MIA_LAC,LAC,MIA,0,0,0,0,0,0,0,0,0,0,0,0,,,0,2,6,0,0,0,1,0.15395117574371397,0,6,9,76,0,0,0,105,26,2,3.6617455728701316,0,0.2903225806451613,0.44871794871794873,0.7495864350703061,0,0,8.200000000000001,14.200000000000001,training,14.2,-0.0
00-0030431,R.Woods,Robert Woods,WR,WR,"https://static.www.nfl.com/image/upload/f_auto,q_auto/league/ydjg5fylwkf5aaxiul6v",2023,1,REG,2023_01_HOU_BAL,HOU,BAL,0,0,0,0,0,0,0,0,0,0,0,0,,,0,0,0,0,0,0,0,,0,6,10,57,0,0,0,75,21,4,2.579465683744496,0,0.23255813953488372,0.28846153846153844,0.5507602862254025,0,0,5.7,11.7,training,11.7,0.0
00-0030513,L.Murray,Latavius Murray,RB,RB,"https://static.www.nfl.com/image/private/f_auto,q_auto/league/zepm7ghltyeqydn0qxcg",2023,1,REG,2023_01_BUF_NYJ,BUF,NYJ,0,0,0,0,0,0,0,0,0,0,0,0,,,0,2,8,0,0,0,0,-0.030656790593639016,0,1,2,9,0,0,0,4,8,1,2.017519950132316,0,0.05128205128205128,0.011834319526627219,0.08520710059171598,0,0,1.7000000000000002,2.7,training,2.7,0.0
00-0030564,D.Hopkins,DeAndre Hopkins,WR,WR,"https://static.www.nfl.com/image/upload/f_auto,q_auto/league/snvo6holyfdjmrlqxqxu",2023,1,REG,2023_01_TEN_NO,TEN,NO,0,0,0,0,0,0,0,0,0,0,0,0,,,0,0,0,0,0,0,0,,0,7,13,65,0,0,0,130,5,3,-4.983140539345896,0,0.3939393939393939,0.41935483870967744,0.8844574780058649,0,0,6.5,13.5,training,13.5,0.0
00-0030565,G.Smith,Geno Smith,QB,QB,"https://static.www.nfl.com/image/upload/f_auto,q_auto/league/zppfqqcyjfma14jjif3a",2023,1,REG,2023_01_LA_SEA,SEA,LA,16,26,112,1,0,2,-17,0,0,127,71,7,-4.389090738004491,-1.2529852489630382,0,1,6,0,0,0,0,0.2509351506596431,0,0,0,0,0,0,0,0,0,0,,0,0.0,0.0,0.0,0,0,9.08,9.08,training,9.08,0.0
00-0031235,O.Beckham,Odell Beckham Jr.,WR,WR,"https://static.www.nfl.com/image/upload/f_auto,q_auto/league/ffmalg3wr7lwnsz59i7v",2023,1,REG,2023_01_HOU_BAL,BAL,HOU,0,0,0,0,0,0,0,0,0,0,0,0,,,0,0,0,0,0,0,0,,0,2,3,37,0,0,0,39,1,2,4.027975242817774,0,0.14285714285714285,0.38235294117647056,0.48193277310924365,0,0,3.7,5.7,training,5.7,0.0
00-0031236,B.Cooks,Brandin Cooks,WR,WR,"https://static.www.nfl.com/image/upload/f_auto,q_auto/league/krz3gv9jjs92arlctvqf",2023,1,REG,2023_01_DAL_NYG,DAL,NYG,0,0,0,0,0,0,0,0,0,0,0,0,,,0,0,0,0,0,0,0,,0,2,4,22,0,0,0,40,2,2,1.7024592057568952,0,0.16,0.22099447513812154,0.39469613259668507,0,0,2.2,4.2,training,4.2,0.0
00-0031260,L.Thomas,Logan Thomas,TE,TE,"https://static.www.nfl.com/image/private/f_auto,q_auto/league/acm0ymhqdzqxdibwjphv",2023,1,REG,2023_01_ARI_WAS,WAS,ARI,0,0,0,0,0,0,0,0,0,0,0,0,,,0,0,0,0,0,0,0,,0,4,8,43,0,0,0,47,12,1,-0.9567330903955735,0,0.27586206896551724,0.20614035087719298,0.558091349062311,0,0,4.3,8.3,training,8.3,0.0
00-0031280,D.Carr,Derek Carr,QB,QB,"https://static.www.nfl.com/image/upload/f_auto,q_auto/league/qsz1pyrlu6bmvby6maaf",2023,1,REG,2023_01_TEN_NO,NO,TEN,23,33,305,1,1,4,-23,0,0,378,103,12,3.6704846313371933,6.1527174530607285,0,3,4,0,0,0,0,-3.6662277916329913,0,0,0,0,0,0,0,0,0,0,,0,0.0,0.0,0.0,0,0,14.600000000000003,14.600000000000003,training,14.6,-0.0
00-0031345,J.Garoppolo,Jimmy Garoppolo,QB,QB,"https://static.www.nfl.com/image/upload/f_auto,q_auto/league/ivz3zwvjxvgcu4dzabur",2023,1,REG,2023_01_LV_DEN,LV,DEN,20,26,200,2,1,0,0,0,0,183,62,11,13.086084981785486,13.071728211182814,0,9,11,0,1,0,2,-1.8650454481248744,0,0,0,0,0,0,0,0,0,0,,0,0.0,0.0,0.0,0,0,15.1,15.1,training,15.1,0.0
00-0031376,J.McKinnon,Jerick McKinnon,RB,RB,"https://static.www.nfl.com/image/private/f_auto,q_auto/league/yezxe2j778cndbhkxwez",2023,1,REG,2023_01_DET_KC,KC,DET,0,0,0,0,0,0,0,0,0,0,0,0,,,0,0,0,0,0,0,0,,0,1,2,10,0,0,0,5,4,1,-0.20583996561019724,0,0.05405405405405406,0.014124293785310734,0.09096808673079859,0,0,1.0,2.0,training,2.0,0.0
00-0031381,D.Adams,Davante Adams,WR,WR,"https://static.www.nfl.com/image/upload/f_auto,q_auto/league/tdzluk4xau3arxqk9zsl",2023,1,REG,2023_01_LV_DEN,LV,DEN,0,0,0,0,0,0,0,0,0,0,0,0,,,0,0,0,0,0,0,0,,0,6,9,66,0,0,0,95,3,4,6.864858189132065,0,0.34615384615384615,0.5191256830601093,0.8826187473728457,0,0,6.6000000000000005,12.600000000000001,training,12.6,-0.0
00-0031408,M.Evans,Mike Evans,WR,WR,"https://static.www.nfl.com/image/upload/f_auto,q_auto/league/zc4ujpmndyxrbiyyjomz",2023,1,REG,2023_01_TB_MIN,TB,MIN,0,0,0,0,0,0,0,0,0,0,0,0,,,0,0,0,0,0,0,0,,0,6,10,66,1,0,0,120,12,2,2.7904149845126085,0,0.3125,0.47619047619047616,0.8020833333333333,0,0,12.600000000000001,18.6,training,18.6,0.0
00-0031428,A.Robinson,Allen Robinson,WR,WR,"https://static.www.nfl.com/image/upload/f_auto,q_auto/league/fyukft9lraurbsq0laom",2023,1,REG,2023_01_SF_PIT,PIT,SF,0,0,0,0,0,0,0,0,0,0,0,0,,,0,0,0,0,0,0,0,,0,5,8,64,0,0,0,57,26,2,0.40006992750568315,0,0.17777777777777778,0.1743119266055046,0.38868501529051985,0,0,6.4,11.4,training,11.4,0.0
00-0031484,C.Manhertz,Chris Manhertz,TE,TE,"https://static.www.nfl.com/image/upload/f_auto,q_auto/league/bw0kytk1nwrdln9t3wzg",2023,1,REG,2023_01_LV_DEN,DEN,LV,0,0,0,0,0,0,0,0,0,0,0,0,,,0,0,0,0,0,0,0,,0,0,0,0,0,0,0,0,0,0,,0,0.0,0.0,0.0,0,0,0.0,0.0,training,0.0,0.0
00-0031544,A.Cooper,Amari Cooper,WR,WR,"https://static.www.nfl.com/image/upload/f_auto,q_auto/league/zmtzqznqui37unmo5xv9",2023,1,REG,2023_01_CIN_CLE,CLE,CIN,0,0,0,0,0,0,0,0,0,0,0,0,,,0,0,0,0,0,0,0,,0,3,7,37,0,0,0,122,1,2,-0.5473477478371933,0,0.2413793103448276,0.3708206686930091,0.6216434336023478,0,0,3.7,6.7,training,6.7,0.0
00-0031588,S.Diggs,Stefon Diggs,WR,WR,"https://static.www.nfl.com/image/upload/f_auto,q_auto/league/cemcexmscsarpvwhafln",2023,1,REG,2023_01_BUF_NYJ,BUF,NYJ,0,0,0,0,0,0,0,0,0,0,0,0,,,0,0,0,0,0,0,0,,0,10,13,102,1,0,0,135,28,6,3.7230798516538925,0,0.3333333333333333,0.3994082840236686,0.779585798816568,0,0,16.200000000000003,26.200000000000003,training,26.2,-0.0
00-0031610,D.Waller,Darren Waller,TE,TE,"https://static.www.nfl.com/image/upload/f_auto,q_auto/league/loyehiyzcu2lexjk7plq",2023,1,REG,2023_01_DAL_NYG,NYG,DAL,0,0,0,0,0,0,0,0,0,0,0,0,,,0,0,0,0,0,0,0,,0,3,5,36,0,0,0,40,14,2,-0.8427859193761833,0,0.1724137931034483,0.23391812865497075,0.42236337971365195,0,0,3.6,6.6,training,6.6,0.0
00-0031687,R.Mostert,Raheem Mostert,RB,RB,"https://static.www.nfl.com/image/upload/f_auto,q_auto/league/fas5rkweusx2hl7abtzh",2023,1,REG,2023_01_MIA_LAC,MIA,LAC,0,0,0,0,0,0,0,0,0,0,0,0,,,0,10,37,1,0,0,3,-0.3588860075105913,0,2,2,13,0,0,0,1,12,0,-0.16764384759814766,0,0.045454545454545456,0.00202020202020202,0.06959595959595959,0,0,11.0,13.0,training,13.0,0.0
00-0031763,D.Carter,DeAndre Carter,WR,WR,"https://static.www.nfl.com/image/upload/f_auto,q_auto/league/jx4io3owliw3l5xve6ta",2023,1,REG,2023_01_LV_DEN,LV,DEN,0,0,0,0,0,0,0,0,0,0,0,0,,,0,0,0,0,0,0,0,,0,1,1,5,0,0,0,-2,7,0,-0.00103103113360703,0,0.038461538461538464,-0.01092896174863388,0.05004203446826398,0,0,0.5,1.5,training,1.5,0.0
00-0031941,J.Crowder,Jamison Crowder,WR,WR,"https://static.www.nfl.com/image/upload/f_auto,q_auto/league/rfysbrjrvfdr72cx8who",2023,1,REG,2023_01_ARI_WAS,WAS,ARI,0,0,0,0,0,0,0,0,0,0,0,0,,,0,0,0,0,0,0,0,,0,0,0,0,0,0,0,0,0,0,,0,0.0,0.0,0.0,0,0,0.0,0.0,training,0.0,0.0
00-0032062,B.Bell,Blake Bell,TE,TE,"https://static.www.nfl.com/image/private/f_auto,q_auto/league/eqrmmjto8koqqc9j2kjj",2023,1,REG,2023_01_DET_KC,KC,DET,0,0,0,0,0,0,0,0,0,0,0,0,,,0,0,0,0,0,0,0,,0,2,3,12,1,0,0,13,8,1,1.0904156708274968,0,0.08108108108108109,0.03672316384180791,0.14732783631088717,0,0,7.2,9.2,training,9.2,0.0
00-0032104,A.Abdullah,Ameer Abdullah,RB,RB,"https://static.www.nfl.com/image/upload/f_auto,q_auto/league/k8teyeiqchljlm0h5te4",2023,1,REG,2023_01_LV_DEN,LV,DEN,0,0,0,0,0,0,0,0,0,0,0,0,,,0,0,0,0,0,0,0,,0,0,1,0,0,0,0,6,0,0,-4.914182559703477,0,0.038461538461538464,0.03278688524590164,0.08064312736443885,0,0,0.0,0.0,training,0.0,0.0
00-0032200,T.Montgomery,Ty Montgomery,WR,WR,"https://static.www.nfl.com/image/private/f_auto,q_auto/league/eagn4fvhnc9cp3wxeqoz",2023,1,REG,2023_01_PHI_NE,NE,PHI,0,0,0,0,0,0,0,0,0,0,0,0,,,0,1,7,0,0,0,0,0.3958870782516897,0,2,3,9,0,0,0,27,11,1,-0.5691501031978987,0,0.05555555555555555,0.06699751861042183,0.13023159636062862,0,0,1.6,3.6,training,3.6,0.0
00-0032208,P.Dorsett,Phillip Dorsett,WR,WR,"https://static.www.nfl.com/image/upload/f_auto,q_auto/league/zkmdppfkcxqn5iwlcsyy",2023,1,REG,2023_01_LV_DEN,DEN,LV,0,0,0,0,0,0,0,0,0,0,0,0,,,0,0,0,0,0,0,0,,0,0,1,0,0,0,0,21,0,0,-0.8203219971619546,0,0.03125,0.15328467153284672,0.1541742700729927,0,0,0.0,0.0,training,0.0,0.0
00-0032211,T.Lockett,Tyler Lockett,WR,WR,"https://static.www.nfl.com/image/upload/f_auto,q_auto/league/gyhvviyep9iigeaobxmi",2023,1,REG,2023_01_LA_SEA,SEA,LA,0,0,0,0,0,0,0,0,0,0,0,0,,,0,0,0,0,0,0,0,,0,2,4,10,0,0,0,48,1,1,-0.4271246085624769,0,0.16666666666666666,0.3779527559055118,0.5145669291338583,0,0,1.0,3.0,training,3.0,0.0
00-0032385,S.Shepard,Sterling Shepard,WR,WR,"https://static.www.nfl.com/image/upload/f_auto,q_auto/league/l47czwi8aaznnit0se5h",2023,1,REG,2023_01_DAL_NYG,NYG,DAL,0,0,0,0,0,0,0,0,0,0,0,0,,,0,0,0,0,0,0,0,,0,0,1,0,0,0,0,11,0,0,-0.8376323052216321,0,0.034482758620689655,0.06432748538011696,0.09675337769711634,0,0,0.0,0.0,training,0.0,0.0
00-0032392,A.Hooper,Austin Hooper,TE,TE,"https://static.www.nfl.com/image/upload/f_auto,q_auto/league/dd0j9ccd8fxokl48alzg",2023,1,REG,2023_01_LV_DEN,LV,DEN,0,0,0,0,0,0,0,0,0,0,0,0,,,0,0,0,0,0,0,0,,0,1,1,20,0,0,0,19,1,1,1.352171919774264,0,0.038461538461538464,0.10382513661202186,0.130369903320723,0,0,2.0,3.0,training,3.0,0.0
00-0032398,C.Moore,Chris Moore,WR,WR,"https://static.www.nfl.com/image/upload/f_auto,q_auto/league/o0s29hnpztyxqotqdx8h",2023,1,REG,2023_01_TEN_NO,TEN,NO,0,0,0,0,0,0,0,0,0,0,0,0,,,0,0,0,0,0,0,0,,0,0,1,0,0,0,0,46,0,0,-3.54689296009019,0,0.030303030303030304,0.14838709677419354,0.1493255131964809,0,0,0.0,0.0,training,0.0,0.0
00-0032464,K.Raymond,Kalif Raymond,WR,WR,"https://static.www.nfl.com/image/upload/f_auto,q_auto/league/dpdv6dm0almcbjdppizx",2023,1,REG,2023_01_DET_KC,DET,KC,0,0,0,0,0,0,0,0,0,0,0,0,,,0,0,0,0,0,0,0,,0,1,1,20,0,0,0,17,3,0,1.7662795763462782,0,0.03125,0.07142857142857142,0.09687499999999999,0,0,2.0,3.0,training,3.0,0.0
00-0032764,D.Henry,Derrick Henry,RB,RB,"https://static.www.nfl.com/image/upload/f_auto,q_auto/league/tm79x0iknqg6hms3ypyt",2023,1,REG,2023_01_TEN_NO,TEN,NO,0,0,0,0,0,0,0,0,0,0,0,0,,,0,15,63,0,0,0,4,-1.353621941874735,0,2,3,56,0,0,0,-17,66,1,2.548351248144172,0,0.09090909090909091,-0.054838709677419356,0.0979765395894428,0,0,11.9,13.9,training,13.9,0.0
00-0032765,M.Thomas,Michael Thomas,WR,WR,"https://static.www.nfl.com/image/private/f_auto,q_auto/league/sxldsbuw65hfmkzqhw96",2023,1,REG,2023_01_TEN_NO,NO,TEN,0,0,0,0,0,0,0,0,0,0,0,0,,,0,0,0,0,0,0,0,,0,5,8,61,0,0,0,78,3,2,1.4517546306163682,0,0.24242424242424243,0.20634920634920634,0.5080808080808081,0,0,6.1000000000000005,11.100000000000001,training,11.1,-0.0
00-0033009,T.Boyd,Tyler Boyd,WR,WR,"https://static.www.nfl.com/image/upload/f_auto,q_auto/league/ttifog0hjxprlhkagugu",2023,1,REG,2023_01_CIN_CLE,CIN,CLE,0,0,0,0,0,0,0,0,0,0,0,0,,,0,0,0,0,0,0,0,,0,2,3,10,0,0,0,8,1,0,-1.289442045148462,0,0.0967741935483871,0.03389830508474576,0.16889010388190265,0,0,1.0,3.0,training,3.0,0.0
00-0033040,T.Hill,Tyreek Hill,WR,WR,"https://static.www.nfl.com/image/upload/f_auto,q_auto/league/gg73gnfivrn80oyqwazl",2023,1,REG,2023_01_MIA_LAC,MIA,LAC,0,0,0,0,0,0,0,0,0,0,0,0,,,0,0,0,0,0,0,0,,0,11,15,215,2,0,0,227,52,9,14.675944072019774,0,0.3409090909090909,0.4585858585858586,0.8323737373737374,0,0,33.5,44.5,training,44.5,0.0
00-0033045,E.Elliott,Ezekiel Elliott,RB,RB,"https://static.www.nfl.com/image/upload/f_auto,q_auto/league/d4yr6htg4dbs0bgcfqnd",2023,1,REG,2023_01_PHI_NE,NE,PHI,0,0,0,0,0,0,0,0,0,0,0,0,,,0,7,29,0,0,0,3,0.1507827295572497,0,5,7,14,0,1,1,-25,28,0,-10.636982139199972,0,0.12962962962962962,-0.062034739454094295,0.15102012682657842,0,1,2.3,7.3,training,7.3,0.0
00-0033077,D.Prescott,Dak Prescott,QB,QB,"https://static.www.nfl.com/image/upload/f_auto,q_auto/league/yvscmqq1qki8zfsemmcd",2023,1,REG,2023_01_DAL_NYG,DAL,NYG,13,24,143,0,0,0,0,0,0,161,71,8,4.17848433913809,-10.176300133268038,0,1,6,0,0,0,0,0.3368413212010637,0,0,0,0,0,0,0,0,0,0,,0,0.0,0.0,0.0,0,0,6.32,6.32,training,6.32,0.0
00-0033090,H.Henry,Hunter Henry,TE,TE,"https://static.www.nfl.com/image/upload/f_auto,q_auto/league/cvlunbqgztudbhjrug7l",2023,1,REG,2023_01_PHI_NE,NE,PHI,0,0,0,0,0,0,0,0,0,0,0,0,,,0,0,0,0,0,0,0,,0,5,6,56,1,0,0,62,7,5,6.925208239525091,0,0.1111111111111111,0.15384615384615385,0.2743589743589744,0,0,11.600000000000001,16.6,training,16.6,0.0
00-0033106,J.Goff,Jared Goff,QB,QB,"https://static.www.nfl.com/image/upload/f_auto,q_auto/league/kaicbot8qhzrvddilbtp",2023,1,REG,2023_01_DET_KC,DET,KC,22,35,253,1,0,1,-3,0,0,238,109,11,6.543756803672295,-0.11570891365408897,0,5,-1,0,0,0,1,-4.454753083118703,0,0,0,0,0,0,0,0,0,0,,0,0.0,0.0,0.0,0,0,14.020000000000001,14.020000000000001,training,14.02,-0.0
00-0033110,T.Higbee,Tyler Higbee,TE,TE,"https://static.www.nfl.com/image/upload/f_auto,q_auto/league/x1d4osiefibd04df6gow",2023,1,REG,2023_01_LA_SEA,LA,SEA,0,0,0,0,0,0,0,0,0,0,0,0,,,0,0,0,0,0,0,0,,0,3,3,49,0,0,0,37,12,3,5.905362465127837,0,0.08108108108108109,0.09046454767726161,0.18494680499570476,0,0,4.9,7.9,training,7.9,0.0
00-0033217,M.Alie-Cox,Mo Alie-Cox,TE,TE,"https://static.www.nfl.com/image/upload/f_auto,q_auto/league/ivdxijcqlhfwsydxh6ox",2023,1,REG,2023_01_JAX_IND,IND,JAX,0,0,0,0,0,0,0,0,0,0,0,0,,,0,0,0,0,0,0,0,,0,0,2,0,0,0,0,39,0,0,-4.13731337536592,0,0.05128205128205128,0.17889908256880735,0.20215243472124206,0,0,0.0,0.0,training,0.0,0.0
00-0033251,Z.Pascal,Zach Pascal,WR,WR,"https://static.www.nfl.com/image/upload/f_auto,q_auto/league/pfhgz8ofqgoubhnuqtme",2023,1,REG,2023_01_ARI_WAS,ARI,WAS,0,0,0,0,0,0,0,0,0,0,0,0,,,0,0,0,0,0,0,0,,0,0,1,0,0,0,0,8,0,0,-0.5793663724325597,0,0.03333333333333333,0.043010752688172046,0.08010752688172043,0,0,0.0,0.0,training,0.0,0.0
00-0033280,C.McCaffrey,Christian McCaffrey,RB,RB,"https://static.www.nfl.com/image/upload/f_auto,q_auto/league/st82s2ytyzanatcmkqck",2023,1,REG,2023_01_SF_PIT,SF,PIT,0,0,0,0,0,0,0,0,0,0,0,0,,,0,22,152,1,0,0,7,3.1503280447795987,0,3,5,17,0,1,0,12,8,1,-0.8095968209672719,0,0.17857142857142858,0.049586776859504134,0.30256788665879575,0,0,22.900000000000002,25.900000000000002,training,25.9,-0.0
00-0033282,C.Samuel,Curtis Samuel,WR,WR,"https://static.www.nfl.com/image/upload/f_auto,q_auto/league/vyibrxegz375ntjby5zs",2023,1,REG,2023_01_ARI_WAS,WAS,ARI,0,0,0,0,0,0,0,0,0,0,0,0,,,0,1,6,0,0,0,0,0.1888738968409598,0,5,5,54,0,0,0,27,27,2,-0.042015018640086055,0,0.1724137931034483,0.11842105263157894,0.3415154264972777,0,0,6.0,11.0,training,11.0,0.0
00-0033288,G.Kittle,George Kittle,TE,TE,"https://static.www.nfl.com/image/upload/f_auto,q_auto/league/vkicdglglkyukgyxtmpx",2023,1,REG,2023_01_SF_PIT,SF,PIT,0,0,0,0,0,0,0,0,0,0,0,0,,,0,0,0,0,0,0,0,,0,3,6,19,0,0,0,31,15,1,0.5234483280382678,0,0.21428571428571427,0.128099173553719,0.41109799291617466,0,0,1.9000000000000001,4.9,training,4.9,0.0
00-0033292,T.Taylor,Trent Taylor,WR,WR,"https://static.www.nfl.com/image/upload/f_auto,q_auto/league/ei3usgh5l8gikdvksulr",2023,1,REG,2023_01_GB_CHI,CHI,GB,0,0,0,0,0,0,0,0,0,0,0,0,,,0,0,0,0,0,0,0,,0,0,0,0,0,0,0,0,0,0,,0,0.0,0.0,0.0,0,0,0.0,0.0,training,0.0,0.0
00-0033293,A.Jones,Aaron Jones,RB,RB,"https://static.www.nfl.com/image/upload/f_auto,q_auto/league/bktkfvgfwujkdbzkcfim",2023,1,REG,2023_01_GB_CHI,GB,CHI,0,0,0,0,0,0,0,0,0,0,0,0,,,0,9,41,1,0,0,3,3.8320344160893,0,2,4,86,1,0,0,-4,85,2,8.40399501961656,0,0.14814814814814814,-0.014545454545454545,0.21204040404040403,0,0,24.700000000000003,26.700000000000003,training,26.7,-0.0
00-0033307,K.Bourne,Kendrick Bourne,WR,WR,"https://static.www.nfl.com/image/upload/f_auto,q_auto/league/yzfa94cmhpcqamrwzdzk",2023,1,REG,2023_01_PHI_NE,NE,PHI,0,0,0,0,0,0,0,0,0,0,0,0,,,0,0,0,0,0,0,0,,0,6,11,64,2,0,0,129,22,3,-6.485100407153368,0,0.2037037037037037,0.3200992555831266,0.5296250344637441,0,0,18.4,24.4,training,24.4,0.0
00-0033308,M.Breida,Matt Breida,RB,RB,"https://static.www.nfl.com/image/private/f_auto,q_auto/league/rc4m1xw0xmtsrxswd0bg",2023,1,REG,2023_01_DAL_NYG,NYG,DAL,0,0,0,0,0,0,0,0,0,0,0,0,,,0,2,9,0,0,0,1,0.7167448590043932,0,1,1,-3,0,1,0,-5,2,0,-0.9301488173659891,0,0.034482758620689655,-0.029239766081871343,0.03125630167372454,0,0,0.6000000000000001,1.6,training,1.6,0.0
00-0033357,T.Hill,Taysom Hill,TE,TE,"https://static.www.nfl.com/image/upload/f_auto,q_auto/league/q8itjlocg5do60qat4l3",2023,1,REG,2023_01_TEN_NO,NO,TEN,0,0,0,0,0,0,0,0,0,0,0,0,,,0,3,4,0,0,0,0,-1.6607610319042578,0,0,1,0,0,0,0,14,0,0,-0.8548920615576208,0,0.030303030303030304,0.037037037037037035,0.07138047138047138,0,0,0.4,0.4,training,0.4,0.0
00-0033466,I.McKenzie,Isaiah McKenzie,WR,WR,"https://static.www.nfl.com/image/upload/f_auto,q_auto/league/gy6grhpxsegfgklfadte",2023,1,REG,2023_01_JAX_IND,IND,JAX,0,0,0,0,0,0,0,0,0,0,0,0,,,0,0,0,0,0,0,0,,0,0,0,0,0,0,0,0,0,0,,0,0.0,0.0,0.0,0,0,0.0,0.0,training,0.0,0.0
00-0033526,S.Perine,Samaje Perine,RB,RB,"https://static.www.nfl.com/image/upload/f_auto,q_auto/league/fllwhcdovol5i7xxahf6",2023,1,REG,2023_01_LV_DEN,DEN,LV,0,0,0,0,0,0,0,0,0,0,0,0,,,0,8,41,0,0,0,3,-1.0450781197287142,0,4,4,37,0,0,0,4,33,2,2.426362491620239,0,0.125,0.029197080291970802,0.20793795620437955,0,0,7.800000000000001,11.8,training,11.8,0.0
00-0023459,A.Rodgers,Aaron Rodgers,QB,QB,"https://static.www.nfl.com/image/upload/f_auto,q_auto/league/dypvakakxhccxs67tb0y",2024,1,REG,2024_01_NYJ_SF,NYJ,SF,13,21,167,1,1,1,-5,0,0,164,93,8,3.2582827980513684,-5.897988662833259,0,1,-1,0,0,0,0,0.0,0,0,0,0,0,0,0,0,0,0,,0,0.0,0.0,0.0,0,0,8.58,8.58,validation,8.58,0.0
00-0026498,M.Stafford,Matthew Stafford,QB,QB,"https://static.www.nfl.com/image/upload/f_auto,q_auto/league/jwpkjfrkzufdyh8u1mg7",2024,1,REG,2024_01_LA_DET,LA,DET,34,49,317,1,1,2,-13,0,0,290,171,15,4.536420907523806,0.36535002291202545,0,0,0,0,0,0,0,,0,0,0,0,0,0,0,0,0,0,,0,0.0,0.0,0.0,0,0,14.68,14.68,validation,14.68,0.0
00-0027973,A.Dalton,Andy Dalton,QB,QB,"https://static.www.nfl.com/image/upload/f_auto,q_auto/league/sfsneh0bn46e2kwve7sr",2024,1,REG,2024_01_CAR_NO,CAR,NO,0,1,0,0,0,0,0,0,0,6,0,0,-0.6210238231578842,-71.0001289844513,0,0,0,0,0,0,0,,0,0,0,0,0,0,0,0,0,0,,0,0.0,0.0,0.0,0,0,0.0,0.0,validation,0.0,0.0
00-0028118,T.Taylor,Tyrod Taylor,QB,QB,"https://static.www.nfl.com/image/upload/f_auto,q_auto/league/whpztm9akd7yefplp37r",2024,1,REG,2024_01_NYJ_SF,NYJ,SF,6,8,36,1,0,0,0,0,0,31,24,3,2.263536552564008,7.9900480806827545,0,1,7,0,0,0,0,0.7727782372676302,0,0,0,0,0,0,0,0,0,0,,0,0.0,0.0,0.0,0,0,6.14,6.14,validation,6.14,0.0
00-0029604,K.Cousins,Kirk Cousins,QB,QB,"https://static.www.nfl.com/image/upload/f_auto,q_auto/league/za7cynvpwlsro1tsaijk",2024,1,REG,2024_01_PIT_ATL,ATL,PIT,16,26,155,1,2,2,-18,0,0,140,73,8,-11.084852608804018,-1.9854866940042246,0,1,0,0,0,0,0,-5.980316993081942,0,0,0,0,0,0,0,0,0,0,,0,0.0,0.0,0.0,0,0,6.199999999999999,6.199999999999999,validation,6.2,0.0
00-0030035,A.Thielen,Adam Thielen,WR,WR,"https://static.www.nfl.com/image/upload/f_auto,q_auto/league/pv6gajxtt6zhum2unnsl",2024,1,REG,2024_01_CAR_NO,CAR,NO,0,0,0,0,0,0,0,0,0,0,0,0,,,0,0,0,0,0,0,0,,0,3,4,49,0,0,0,64,18,2,4.642717063426971,0,0.13793103448275862,0.1671018276762402,0.32386783109750605,0,0,4.9,7.9,validation,7.9,0.0
00-0030061,Z.Ertz,Zach Ertz,TE,TE,"https://static.www.nfl.com/image/upload/f_auto,q_auto/league/xktmmeumuoglbuam75iz",2024,1,REG,2024_01_WAS_TB,WAS,TB,0,0,0,0,0,0,0,0,0,0,0,0,,,0,0,0,0,0,0,0,,0,3,4,28,0,0,0,28,7,1,0.7529512463370338,0,0.16666666666666666,0.224,0.4068,0,0,2.8000000000000003,5.800000000000001,validation,5.8,-0.0
00-0030279,K.Allen,Keenan Allen,WR,WR,"https://static.www.nfl.com/image/upload/f_auto,q_auto/league/ri267r6lzfwarh89hsn6",2024,1,REG,2024_01_TEN_CHI,CHI,TEN,0,0,0,0,0,0,0,0,0,0,0,0,,,0,0,0,0,0,0,0,,0,4,11,29,0,0,0,105,15,2,-2.8860872702037916,0,0.3793103448275862,0.49065420560747663,0.9124234611666129,0,0,2.9000000000000004,6.9,validation,6.9,0.0
00-0030506,T.Kelce,Travis Kelce,TE,TE,"https://static.www.nfl.com/image/upload/f_auto,q_auto/league/dpxovcfku6ud2aohgf6a",2024,1,REG,2024_01_BAL_KC,KC,BAL,0,0,0,0,0,0,0,0,0,0,0,0,,,0,0,0,0,0,0,0,,0,3,4,34,0,0,0,27,10,2,3.472915545338765,0,0.14814814814814814,0.16363636363636364,0.3367676767676767,0,0,3.4000000000000004,6.4,validation,6.4,0.0
00-0030564,D.Hopkins,DeAndre Hopkins,WR,WR,"https://static.www.nfl.com/image/upload/f_auto,q_auto/league/snvo6holyfdjmrlqxqxu",2024,1,REG,2024_01_TEN_CHI,TEN,CHI,0,0,0,0,0,0,0,0,0,0,0,0,,,0,0,0,0,0,0,0,,0,1,1,8,0,0,0,6,2,0,0.45323257707059383,0,0.037037037037037035,0.02666666666666667,0.07422222222222222,0,0,0.8,1.8,validation,1.8,0.0
00-0030565,G.Smith,Geno Smith,QB,QB,"https://static.www.nfl.com/image/upload/f_auto,q_auto/league/zppfqqcyjfma14jjif3a",2024,1,REG,2024_01_DEN_SEA,SEA,DEN,18,25,171,1,1,2,-13,0,0,167,67,11,-5.73969622205013,5.264541029930115,0,4,30,1,0,0,1,3.4203755585476756,0,0,0,0,0,0,0,0,0,0,,0,0.0,0.0,0.0,0,0,17.84,17.84,validation,17.84,0.0
00-0030578,C.Patterson,Cordarrelle Patterson,RB,RB,"https://static.www.nfl.com/image/upload/f_auto,q_auto/league/jktdrwmujfuqp94csnav",2024,1,REG,2024_01_PIT_ATL,PIT,ATL,0,0,0,0,0,0,0,0,0,0,0,0,,,0,4,13,0,0,0,0,-1.2048415065151992,0,0,0,0,0,0,0,0,0,0,,0,0.0,0.0,0.0,0,0,1.3,1.3,validation,1.3,0.0
00-0031236,B.Cooks,Brandin Cooks,WR,WR,"https://static.www.nfl.com/image/upload/f_auto,q_auto/league/krz3gv9jjs92arlctvqf",2024,1,REG,2024_01_DAL_CLE,DAL,CLE,0,0,0,0,0,0,0,0,0,0,0,0,,,0,1,5,0,0,0,0,-0.6799811701057479,0,4,7,40,1,0,0,79,5,2,-0.1152343629385073,0,0.22580645161290322,0.27241379310344827,0.5293993325917685,0,0,10.5,14.5,validation,14.5,0.0
00-0031280,D.Carr,Derek Carr,QB,QB,"https://static.www.nfl.com/image/upload/f_auto,q_auto/league/qsz1pyrlu6bmvby6maaf",2024,1,REG,2024_01_CAR_NO,NO,CAR,19,23,200,3,0,1,-1,0,0,200,96,7,8.547130642507241,13.704328174176423,0,2,13,0,0,0,1,-0.3252978891832754,0,0,0,0,0,0,0,0,0,0,,0,0.0,0.0,0.0,0,0,21.3,21.3,validation,21.3,0.0
00-0031299,J.Matthews,Jordan Matthews,TE,TE,"https://static.www.nfl.com/image/upload/f_auto,q_auto/league/b9rddikwsnwmfh9girgn",2024,1,REG,2024_01_CAR_NO,CAR,NO,0,0,0,0,0,0,0,0,0,0,0,0,,,0,0,0,0,0,0,0,,0,0,1,0,0,0,0,16,0,0,-0.5819352744147182,0,0.034482758620689655,0.04177545691906005,0.08096695777437651,0,0,0.0,0.0,validation,0.0,0.0
00-0031381,D.Adams,Davante Adams,WR,WR,"https://static.www.nfl.com/image/upload/f_auto,q_auto/league/tdzluk4xau3arxqk9zsl",2024,1,REG,2024_01_LV_LAC,LV,LAC,0,0,0,0,0,0,0,0,0,0,0,0,,,0,0,0,0,0,0,0,,0,5,6,59,0,0,0,58,24,3,6.3488748668460175,0,0.1875,0.38926174496644295,0.55373322147651,0,0,5.9,10.9,validation,10.9,0.0
00-0031408,M.Evans,Mike Evans,WR,WR,"https://static.www.nfl.com/image/upload/f_auto,q_auto/league/zc4ujpmndyxrbiyyjomz",2024,1,REG,2024_01_WAS_TB,TB,WAS,0,0,0,0,0,0,0,0,0,0,0,0,,,0,0,0,0,0,0,0,,0,5,6,61,2,0,0,64,8,4,6.770860794901006,0,0.2,0.45714285714285713,0.62,0,0,18.1,23.1,validation,23.1,0.0
00-0031544,A.Cooper,Amari Cooper,WR,WR,"https://static.www.nfl.com/image/upload/f_auto,q_auto/league/zmtzqznqui37unmo5xv9",2024,1,REG,2024_01_DAL_CLE,CLE,DAL,0,0,0,0,0,0,0,0,0,0,0,0,,,0,0,0,0,0,0,0,,0,2,9,16,0,0,0,170,5,2,-2.1645363598363474,0,0.20930232558139536,0.43037974683544306,0.6152193111569031,0,0,1.6,3.6,validation,3.6,0.0
00-0031549,N.Agholor,Nelson Agholor,WR,WR,"https://static.www.nfl.com/image/upload/f_auto,q_auto/league/wyxfkarcjgqdz3pl8nnr",2024,1,REG,2024_01_BAL_KC,BAL,KC,0,0,0,0,0,0,0,0,0,0,0,0,,,0,0,0,0,0,0,0,,0,1,1,6,0,0,0,6,0,0,0.1412735796184279,0,0.025,0.02247191011235955,0.053230337078651685,0,0,0.6000000000000001,1.6,validation,1.6,0.0
00-0031585,M.Pruitt,MyCole Pruitt,TE,TE,"https://static.www.nfl.com/image/upload/f_auto,q_auto/league/jazo8egu5luwyxxcpjh8",2024,1,REG,2024_01_PIT_ATL,PIT,ATL,0,0,0,0,0,0,0,0,0,0,0,0,,,0,0,0,0,0,0,0,,0,1,2,9,0,0,0,11,1,0,0.34306529350578785,0,0.09090909090909091,0.0859375,0.19651988636363635,0,0,0.9,1.9,validation,1.9,0.0
00-0031588,S.Diggs,Stefon Diggs,WR,WR,"https://static.www.nfl.com/image/upload/f_auto,q_auto/league/cemcexmscsarpvwhafln",2024,1,REG,2024_01_HOU_IND,HOU,IND,0,0,0,0,0,0,0,0,0,0,0,0,,,0,1,6,0,0,0,0,0.3075385419651866,0,6,6,33,2,0,0,9,24,3,7.194049567253445,0,0.1935483870967742,0.03571428571428571,0.3153225806451613,0,0,15.9,21.9,validation,21.9,0.0
00-0031687,R.Mostert,Raheem Mostert,RB,RB,"https://static.www.nfl.com/image/upload/f_auto,q_auto/league/fas5rkweusx2hl7abtzh",2024,1,REG,2024_01_JAX_MIA,MIA,JAX,0,0,0,0,0,0,0,0,0,0,0,0,,,0,6,9,0,0,0,0,-3.5911889554000753,0,2,3,10,0,0,0,-1,17,1,0.7969469305826351,0,0.08333333333333333,-0.0043859649122807015,0.12192982456140351,0,0,1.9000000000000001,3.9000000000000004,validation,3.9,-0.0
00-0031690,E.Tomlinson,Eric Tomlinson,TE,TE,"https://static.www.nfl.com/image/upload/f_auto,q_auto/league/i2n4shhc4sprxbsbhfcy",2024,1,REG,2024_01_LV_LAC,LAC,LV,0,0,0,0,0,0,0,0,0,0,0,0,,,0,0,0,0,0,0,0,,0,0,0,0,0,0,0,0,0,0,,0,0.0,0.0,0.0,0,0,0.0,0.0,validation,0.0,0.0
00-0031763,D.Carter,DeAndre Carter,WR,WR,"https://static.www.nfl.com/image/upload/f_auto,q_auto/league/jx4io3owliw3l5xve6ta",2024,1,REG,2024_01_TEN_CHI,CHI,TEN,0,0,0,0,0,0,0,0,0,0,0,0,,,0,0,0,0,0,0,0,,0,1,2,6,0,0,0,41,0,0,-1.831603385740891,0,0.06896551724137931,0.19158878504672897,0.23756042539477923,0,0,0.6000000000000001,1.6,validation,1.6,0.0
00-0031941,J.Crowder,Jamison Crowder,WR,WR,"https://static.www.nfl.com/image/upload/f_auto,q_auto/league/rfysbrjrvfdr72cx8who",2024,1,REG,2024_01_WAS_TB,WAS,TB,0,0,0,0,0,0,0,0,0,0,0,0,,,0,0,0,0,0,0,0,,0,1,1,5,0,0,0,-3,8,0,0.16020503407344222,0,0.041666666666666664,-0.024,0.045700000000000005,0,0,0.5,1.5,validation,1.5,0.0
00-0032104,A.Abdullah,Ameer Abdullah,RB,RB,"https://static.www.nfl.com/image/upload/f_auto,q_auto/league/k8teyeiqchljlm0h5te4",2024,1,REG,2024_01_LV_LAC,LV,LAC,0,0,0,0,0,0,0,0,0,0,0,0,,,0,0,0,0,0,0,0,,0,0,0,0,0,0,0,0,0,0,,0,0.0,0.0,0.0,0,0,0.0,0.0,validation,0.0,0.0
00-0032211,T.Lockett,Tyler Lockett,WR,WR,"https://static.www.nfl.com/image/upload/f_auto,q_auto/league/gyhvviyep9iigeaobxmi",2024,1,REG,2024_01_DEN_SEA,SEA,DEN,0,0,0,0,0,0,0,0,0,0,0,0,,,0,0,0,0,0,0,0,,0,6,7,77,0,0,0,87,8,5,-0.4783278905088082,0,0.28,0.5209580838323353,0.7846706586826347,0,0,7.7,13.7,validation,13.7,0.0
00-0032392,A.Hooper,Austin Hooper,TE,TE,"https://static.www.nfl.com/image/upload/f_auto,q_auto/league/dd0j9ccd8fxokl48alzg",2024,1,REG,2024_01_NE_CIN,NE,CIN,0,0,0,0,0,0,0,0,0,0,0,0,,,0,0,0,0,0,0,0,,0,2,4,31,0,0,0,18,31,2,1.2573429978219792,0,0.17391304347826086,0.11688311688311688,0.34268774703557314,0,0,3.1,5.1,validation,5.1,0.0
00-0032394,N.Vannett,Nick Vannett,TE,TE,"https://static.www.nfl.com/image/upload/f_auto,q_auto/league/srrlkx2mydsb8gfco6fp",2024,1,REG,2024_01_TEN_CHI,TEN,CHI,0,0,0,0,0,0,0,0,0,0,0,0,,,0,0,0,0,0,0,0,,0,2,2,11,0,0,0,0,11,0,0.4916011744644493,0,0.07407407407407407,0.0,0.1111111111111111,0,0,1.1,3.1,validation,3.1,0.0
00-0032434,B.Allen,Brandon Allen,QB,QB,"https://static.www.nfl.com/image/upload/f_auto,q_auto/league/zljq6177ohvxucfq7fl9",2024,1,REG,2024_01_NYJ_SF,SF,NYJ,0,0,0,0,0,0,0,0,0,0,0,0,,,0,1,-1,0,0,0,0,0.0,0,0,0,0,0,0,0,0,0,0,,0,0.0,0.0,0.0,0,0,-0.1,-0.1,validation,-0.1,0.0
00-0032464,K.Raymond,Kalif Raymond,WR,WR,"https://static.www.nfl.com/image/upload/f_auto,q_auto/league/dpdv6dm0almcbjdppizx",2024,1,REG,2024_01_LA_DET,DET,LA,0,0,0,0,0,0,0,0,0,0,0,0,,,0,1,12,0,0,0,1,0.6039272400084883,0,0,0,0,0,0,0,0,0,0,,0,0.0,0.0,0.0,0,0,1.2000000000000002,1.2000000000000002,validation,1.2,-0.0
00-0032764,D.Henry,Derrick Henry,RB,RB,"https://static.www.nfl.com/image/upload/f_auto,q_auto/league/tm79x0iknqg6hms3ypyt",2024,1,REG,2024_01_BAL_KC,BAL,KC,0,0,0,0,0,0,0,0,0,0,0,0,,,0,13,46,1,0,0,5,2.1925126482965425,0,0,2,0,0,0,0,-10,0,0,-1.4453137295786291,0,0.05,-0.03745318352059925,0.04878277153558054,0,0,10.600000000000001,10.600000000000001,validation,10.6,-0.0
00-0032775,D.Robinson,Demarcus Robinson,WR,WR,"https://static.www.nfl.com/image/upload/f_auto,q_auto/league/cokassoz2z7hb4wk2krh",2024,1,REG,2024_01_LA_DET,LA,DET,0,0,0,0,0,0,0,0,0,0,0,0,,,0,0,0,0,0,0,0,,0,4,7,42,0,0,0,77,8,3,3.9077626564831007,0,0.14583333333333334,0.2655172413793103,0.4046120689655172,0,0,4.2,8.2,validation,8.2,0.0
00-0033009,T.Boyd,Tyler Boyd,WR,WR,"https://static.www.nfl.com/image/upload/f_auto,q_auto/league/ttifog0hjxprlhkagugu",2024,1,REG,2024_01_TEN_CHI,TEN,CHI,0,0,0,0,0,0,0,0,0,0,0,0,,,0,0,0,0,0,0,0,,0,3,5,18,0,0,0,45,7,2,1.2476372873643413,0,0.18518518518518517,0.2,0.4177777777777778,0,0,1.8,4.8,validation,4.8,0.0
00-0033040,T.Hill,Tyreek Hill,WR,WR,"https://static.www.nfl.com/image/upload/f_auto,q_auto/league/gg73gnfivrn80oyqwazl",2024,1,REG,2024_01_JAX_MIA,MIA,JAX,0,0,0,0,0,0,0,0,0,0,0,0,,,0,0,0,0,0,0,0,,0,7,12,130,1,0,0,143,84,4,4.38648661084353,0,0.3333333333333333,0.6271929824561403,0.9390350877192981,0,0,19.0,26.0,validation,26.0,0.0
00-0033045,E.Elliott,Ezekiel Elliott,RB,RB,"https://static.www.nfl.com/image/upload/f_auto,q_auto/league/d4yr6htg4dbs0bgcfqnd",2024,1,REG,2024_01_DAL_CLE,DAL,CLE,0,0,0,0,0,0,0,0,0,0,0,0,,,0,10,40,1,0,0,2,0.9824691686953884,0,2,2,9,0,0,0,-4,13,1,-0.23635489497150486,0,0.06451612903225806,-0.013793103448275862,0.087119021134594,0,0,10.9,12.9,validation,12.9,0.0
00-0033077,D.Prescott,Dak Prescott,QB,QB,"https://static.www.nfl.com/image/upload/f_auto,q_auto/league/yvscmqq1qki8zfsemmcd",2024,1,REG,2024_01_DAL_CLE,DAL,CLE,19,32,179,1,0,3,-16,1,0,290,100,8,-6.667337795562192,-6.60680647819273,0,1,3,0,0,0,1,0.432151613291353,0,0,0,0,0,0,0,0,0,0,,0,0.0,0.0,0.0,0,0,11.46,11.46,validation,11.46,0.0
00-0033090,H.Henry,Hunter Henry,TE,TE,"https://static.www.nfl.com/image/upload/f_auto,q_auto/league/cvlunbqgztudbhjrug7l",2024,1,REG,2024_01_NE_CIN,NE,CIN,0,0,0,0,0,0,0,0,0,0,0,0,,,0,0,0,0,0,0,0,,0,2,3,18,0,0,0,26,4,1,2.0280498333158903,0,0.13043478260869565,0.16883116883116883,0.3138339920948616,0,0,1.8,3.8,validation,3.8,0.0
00-0033106,J.Goff,Jared Goff,QB,QB,"https://static.www.nfl.com/image/upload/f_auto,q_auto/league/kaicbot8qhzrvddilbtp",2024,1,REG,2024_01_LA_DET,DET,LA,18,28,217,1,1,2,-17,0,0,187,148,7,-4.808456408365052,-7.549819988863809,0,1,7,0,0,0,1,1.6095115458592772,0,0,0,0,0,0,0,0,0,0,,0,0.0,0.0,0.0,0,0,11.379999999999999,11.379999999999999,validation,11.38,0.0
00-0033119,J.Brissett,Jacoby Brissett,QB,QB,"https://static.www.nfl.com/image/upload/f_auto,q_auto/league/qjswiunczrn5xmdiqhlz",2024,1,REG,2024_01_NE_CIN,NE,CIN,15,24,121,0,0,1,-1,0,0,154,54,6,-1.9693797345901767,1.1327047710833342,0,7,32,0,0,0,3,2.131172084948048,0,0,0,0,0,0,0,0,0,0,,0,0.0,0.0,0.0,0,0,8.04,8.04,validation,8.04,0.0
00-0033217,M.Alie-Cox,Mo Alie-Cox,TE,TE,"https://static.www.nfl.com/image/upload/f_auto,q_auto/league/ivdxijcqlhfwsydxh6ox",2024,1,REG,2024_01_HOU_IND,IND,HOU,0,0,0,0,0,0,0,0,0,0,0,0,,,0,0,0,0,0,0,0,,0,0,1,0,0,0,0,6,0,0,-0.5029771563131362,0,0.05263157894736842,0.019230769230769232,0.0924089068825911,0,0,0.0,0.0,validation,0.0,0.0
00-0033246,J.Mundt,Johnny Mundt,TE,TE,"https://static.www.nfl.com/image/upload/f_auto,q_auto/league/gbsnomwbzavt5124vvaz",2024,1,REG,2024_01_MIN_NYG,MIN,NYG,0,0,0,0,0,0,0,0,0,0,0,0,,,0,0,0,0,0,0,0,,0,2,3,15,0,0,0,13,5,0,2.4391502510989085,0,0.13043478260869565,0.06666666666666667,0.24231884057971012,0,0,1.5,3.5,validation,3.5,0.0
00-0033282,C.Samuel,Curtis Samuel,WR,WR,"https://static.www.nfl.com/image/upload/f_auto,q_auto/league/vyibrxegz375ntjby5zs",2024,1,REG,2024_01_ARI_BUF,BUF,ARI,0,0,0,0,0,0,0,0,0,0,0,0,,,0,0,0,0,0,0,0,,0,2,2,15,0,0,0,3,12,0,0.546278192428872,0,0.08695652173913043,0.018072289156626505,0.1430853850183342,0,0,1.5,3.5,validation,3.5,0.0
00-0033288,G.Kittle,George Kittle,TE,TE,"https://static.www.nfl.com/image/upload/f_auto,q_auto/league/vkicdglglkyukgyxtmpx",2024,1,REG,2024_01_NYJ_SF,SF,NYJ,0,0,0,0,0,0,0,0,0,0,0,0,,,0,0,0,0,0,0,0,,0,4,5,40,0,0,0,26,9,1,1.2682899793144315,0,0.1724137931034483,0.09219858156028368,0.323159696747371,0,0,4.0,8.0,validation,8.0,0.0
00-0033293,A.Jones,Aaron Jones,RB,RB,"https://static.www.nfl.com/image/upload/f_auto,q_auto/league/bktkfvgfwujkdbzkcfim",2024,1,REG,2024_01_MIN_NYG,MIN,NYG,0,0,0,0,0,0,0,0,0,0,0,0,,,0,14,94,1,0,0,6,4.944571092433762,0,2,2,15,0,0,0,6,9,0,0.29790001665242016,0,0.08695652173913043,0.03076923076923077,0.15197324414715718,0,0,16.9,18.9,validation,18.9,0.0
00-0033357,T.Hill,Taysom Hill,TE,TE,"https://static.www.nfl.com/image/upload/f_auto,q_auto/league/q8itjlocg5do60qat4l3",2024,1,REG,2024_01_CAR_NO,NO,CAR,0,0,0,0,0,0,0,0,0,0,0,0,,,0,5,35,0,0,0,4,3.0437293307622895,0,1,2,1,0,0,0,22,1,0,0.8398953109281138,0,0.08333333333333333,0.10576923076923077,0.19903846153846155,0,0,3.6,4.6,validation,4.6,0.0
00-0033526,S.Perine,Samaje Perine,RB,RB,"https://static.www.nfl.com/image/upload/f_auto,q_auto/league/fllwhcdovol5i7xxahf6",2024,1,REG,2024_01_BAL_KC,KC,BAL,0,0,0,0,0,0,0,0,0,0,0,0,,,0,0,0,0,0,0,0,,0,1,2,10,0,0,0,-4,13,1,-0.7478708233684301,0,0.07407407407407407,-0.024242424242424242,0.09414141414141414,0,0,1.0,2.0,validation,2.0,0.0
00-0033537,D.Watson,Deshaun Watson,QB,QB,"https://static.www.nfl.com/image/private/f_auto,q_auto/league/otfs2docj6eahaebo5xn",2024,1,REG,2024_01_DAL_CLE,CLE,DAL,24,45,169,1,2,6,-32,1,0,395,102,8,-23.115656479087193,-7.962810612002085,0,5,39,0,0,0,2,3.497281379735796,0,0,0,0,0,0,0,0,0,0,,0,0.0,0.0,0.0,0,0,10.66,10.66,validation,10.66,0.0
00-0033553,J.Conner,James Conner,RB,RB,"https://static.www.nfl.com/image/upload/f_auto,q_auto/league/ka8wlhtteg8hsowsdofk",2024,1,REG,2024_01_ARI_BUF,ARI,BUF,0,0,0,0,0,0,0,0,0,0,0,0,,,0,16,50,1,0,0,3,-2.956040100313176,1,3,4,33,0,0,0,-10,37,1,1.6488681781338528,0,0.12903225806451613,-0.05235602094240838,0.15689917243708834,0,0,16.3,19.3,validation,19.3,0.0
00-0033555,M.Hollins,Mack Hollins,WR,WR,"https://static.www.nfl.com/image/upload/f_auto,q_auto/league/qbz7whjzsittudcecezw",2024,1,REG,2024_01_ARI_BUF,BUF,ARI,0,0,0,0,0,0,0,0,0,0,0,0,,,0,0,0,0,0,0,0,,0,2,2,25,1,0,0,24,1,2,3.8930812967009842,0,0.08695652173913043,0.14457831325301204,0.23163960188580407,0,0,8.5,10.5,validation,10.5,0.0
00-0033576,E.Saubert,Eric Saubert,TE,TE,"https://static.www.nfl.com/image/upload/f_auto,q_auto/league/czzieyox5rht6ae3g5tx",2024,1,REG,2024_01_NYJ_SF,SF,NYJ,0,0,0,0,0,0,0,0,0,0,0,0,,,0,0,0,0,0,0,0,,0,0,1,0,0,0,0,21,0,0,-2.4288409455297018,0,0.034482758620689655,0.07446808510638298,0.10385179750550255,0,0,0.0,0.0,validation,0.0,0.0
00-0033589,D.Moore,David Moore,WR,WR,"https://static.www.nfl.com/image/upload/f_auto,q_auto/league/iyawzolvibsds35fwapv",2024,1,REG,2024_01_CAR_NO,CAR,NO,0,0,0,0,0,0,0,0,0,0,0,0,,,0,0,0,0,0,0,0,,0,1,3,14,0,0,0,36,0,0,-5.675848814076744,0,0.10344827586206896,0.09399477806788512,0.22096875844062303,0,0,1.4000000000000001,2.4000000000000004,validation,2.4,-0.0
00-0033662,C.Rush,Cooper Rush,QB,QB,"https://static.www.nfl.com/image/upload/f_auto,q_auto/league/mwrtykpswz7nbfisqlmj",2024,1,REG,2024_01_DAL_CLE,DAL,CLE,0,0,0,0,0,0,0,0,0,0,0,0,,,0,1,-1,0,0,0,0,0.0,0,0,0,0,0,0,0,0,0,0,,0,0.0,0.0,0.0,0,0,-0.1,-0.1,validation,-0.1,0.0
00-0033699,A.Ekeler,Austin Ekeler,RB,RB,"https://static.www.nfl.com/image/upload/f_auto,q_auto/league/sldndpn2zwt4uhkj2zks",2024,1,REG,2024_01_WAS_TB,WAS,TB,0,0,0,0,0,0,0,0,0,0,0,0,,,0,2,10,0,0,0,1,0.4185505979694426,0,4,4,52,0,0,0,-3,55,2,2.5795065542915836,0,0.16666666666666666,-0.024,0.2332,0,0,6.2,10.2,validation,10.2,0.0
00-0033854,D.Ogunbowale,Dare Ogunbowale,RB,RB,"https://static.www.nfl.com/image/upload/f_auto,q_auto/league/bsm0k0jkytuiej2riudv",2024,1,REG,2024_01_HOU_IND,HOU,IND,0,0,0,0,0,0,0,0,0,0,0,0,,,0,0,0,0,0,0,0,,0,1,1,3,0,0,0,3,0,0,-0.9686914949155516,0,0.03225806451612903,0.011904761904761904,0.05672043010752688,0,0,0.30000000000000004,1.3,validation,1.3,0.0
00-0033857,J.Smith-Schuster,JuJu Smith-Schuster,WR,WR,"https://static.www.nfl.com/image/upload/f_auto,q_auto/league/fmjrhk2zt9z22uifctv0",2024,1,REG,2024_01_BAL_KC,KC,BAL,0,0,0,0,0,0,0,0,0,0,0,0,,,0,0,0,0,0,0,0,,0,0,1,0,0,0,0,13,0,0,-0.9560399792872145,0,0.037037037037037035,0.07878787878787878,0.1107070707070707,0,0,0.0,0.0,validation,0.0,0.0
00-0033858,J.Smith,Jonnu Smith,TE,TE,"https://static.www.nfl.com/image/upload/f_auto,q_auto/league/egd6llghj3n5wfdrqacw",2024,1,REG,2024_01_JAX_MIA,MIA,JAX,0,0,0,0,0,0,0,0,0,0,0,0,,,0,0,0,0,0,0,0,,0,1,2,7,0,0,0,2,1,0,-1.4904946510214359,0,0.05555555555555555,0.008771929824561403,0.08947368421052632,0,0,0.7000000000000001,1.7000000000000002,validation,1.7,-0.0
00-0033873,P.Mahomes,Patrick Mahomes,QB,QB,"https://static.www.nfl.com/image/upload/f_auto,q_auto/league/wdckwtob1lybvkmxnf7p",2024,1,REG,2024_01_BAL_KC,KC,BAL,20,28,291,1,1,2,-10,0,0,165,188,15,11.084406207205,4.191296409677576,0,2,3,0,0,0,1,1.0219926617573947,0,1,1,2,0,0,0,-1,3,0,-0.40306357806548476,0,0.037037037037037035,-0.006060606060606061,0.05131313131313131,0,0,14.14,15.14,validation,15.14,0.0
00-0033881,E.Engram,Evan Engram,TE,TE,"https://static.www.nfl.com/image/upload/f_auto,q_auto/league/nucl2dxmpvhlywhyro8o",2024,1,REG,2024_01_JAX_MIA,JAX,MIA,0,0,0,0,0,0,0,0,0,0,0,0,,,0,0,0,0,0,0,0,,0,1,4,5,0,0,0,30,1,0,-2.624323187803384,0,0.21052631578947367,0.14563106796116504,0.417731221257026,0,0,0.5,1.5,validation,1.5,0.0
00-0033885,D.Njoku,David Njoku,TE,TE,"https://static.www.nfl.com/image/upload/f_auto,q_auto/league/y4g1iayqrbrhdvkqywpx",2024,1,REG,2024_01_DAL_CLE,CLE,DAL,0,0,0,0,0,0,0,0,0,0,0,0,,,0,0,0,0,0,0,0,,0,4,5,44,0,0,0,21,28,1,1.0449793214793317,0,0.11627906976744186,0.053164556962025315,0.2116337945245805,0,0,4.4,8.4,validation,8.4,0.0
00-0033895,G.Everett,Gerald Everett,TE,TE,"https://static.www.nfl.com/image/upload/f_auto,q_auto/league/aayw74rhaupmfnnikzak",2024,1,REG,2024_01_TEN_CHI,CHI,TEN,0,0,0,0,0,0,0,0,0,0,0,0,,,0,0,0,0,0,0,0,,0,1,1,-1,0,0,0,-5,4,0,-0.7615683423355222,0,0.034482758620689655,-0.02336448598130841,0.0353689977441186,0,0,-0.1,0.9,validation,0.9,0.0
00-0033897,J.Mixon,Joe Mixon,RB,RB,"https://static.www.nfl.com/image/upload/f_auto,q_auto/league/gwyhozfhjgedwdmmjjcf",2024,1,REG,2024_01_HOU_IND,HOU,IND,0,0,0,0,0,0,0,0,0,0,0,0,,,0,30,159,1,0,0,9,2.5985510229221545,0,3,3,19,0,0,0,-7,26,1,-0.5995126497000456,0,0.0967741935483871,-0.027777777777777776,0.1257168458781362,0,0,23.8,26.8,validation,26.8,0.0
00-0033906,A.Kamara,Alvin Kamara,RB,RB,"https://static.www.nfl.com/image/upload/f_auto,q_auto/league/yxebpuskandivlh2iil4",2024,1,REG,2024_01_CAR_NO,NO,CAR,0,0,0,0,0,0,0,0,0,0,0,0,,,0,15,83,1,0,0,5,5.508878623251803,0,5,5,27,0,0,0,-17,44,0,-0.22240310779307038,0,0.20833333333333334,-0.08173076923076923,0.2552884615384615,0,0,17.0,22.0,validation,22.0,0.0
00-0023459,A.Rodgers,Aaron Rodgers,QB,QB,"https://static.www.nfl.com/image/upload/f_auto,q_auto/league/dypvakakxhccxs67tb0y",2025,1,REG,2025_01_PIT_NYJ,PIT,NYJ,22,30,244,4,0,4,-26,0,0,139,173,14,10.20475524963341,6.350380901632638,0,1,-1,0,0,0,0,-1.8739020673092455,0,0,0,0,0,0,0,0,0,0,,0,0.0,0.0,0.0,0,0,25.659999999999997,25.659999999999997,test,25.66,0.0
00-0026158,J.Flacco,Joe Flacco,QB,QB,"https://static.www.nfl.com/image/upload/f_auto,q_auto/league/dre1d2f2d6dxqohzn5l2",2025,1,REG,2025_01_CIN_CLE,CLE,CIN,31,45,290,1,2,2,-12,0,0,273,173,13,-1.8421275162300694,2.374263036818731,0,2,6,0,0,0,1,0.13438333320664242,0,0,0,0,0,0,0,0,0,0,,0,0.0,0.0,0.0,0,0,12.2,12.2,test,12.2,0.0
00-0026498,M.Stafford,Matthew Stafford,QB,QB,"https://static.www.nfl.com/image/upload/f_auto,q_auto/league/jwpkjfrkzufdyh8u1mg7",2025,1,REG,2025_01_HOU_LA,LA,HOU,21,29,245,1,0,3,-21,0,0,226,68,13,6.090108856966253,5.381516899381365,0,4,-2,0,1,0,0,-6.176066547748633,0,0,0,0,0,0,0,0,0,0,,0,0.0,0.0,0.0,0,0,13.600000000000001,13.600000000000001,test,13.6,-0.0
00-0029263,R.Wilson,Russell Wilson,QB,QB,"https://static.www.nfl.com/image/upload/f_auto,q_auto/league/vkstxj0evgkjiycu4glc",2025,1,REG,2025_01_NYG_WAS,NYG,WAS,17,37,168,0,0,2,-11,0,0,226,84,9,-11.39383654077999,-13.457901123911142,0,8,44,0,1,0,3,2.0431199607555754,0,0,0,0,0,0,0,0,0,0,,0,0.0,0.0,0.0,0,0,11.120000000000001,11.120000000000001,test,11.12,-0.0
00-0030035,A.Thielen,Adam Thielen,WR,WR,"https://static.www.nfl.com/image/upload/f_auto,q_auto/league/pv6gajxtt6zhum2unnsl",2025,1,REG,2025_01_MIN_CHI,MIN,CHI,0,0,0,0,0,0,0,0,0,0,0,0,,,0,0,0,0,0,0,0,,0,0,1,0,0,0,0,7,0,0,-0.6133485898170621,1,0.05,0.05982905982905983,0.11688034188034188,0,0,2.0,2.0,test,2.0,0.0
00-0030061,Z.Ertz,Zach Ertz,TE,TE,"https://static.www.nfl.com/image/upload/f_auto,q_auto/league/xktmmeumuoglbuam75iz",2025,1,REG,2025_01_NYG_WAS,WAS,NYG,0,0,0,0,0,0,0,0,0,0,0,0,,,0,0,0,0,0,0,0,,0,3,5,26,1,0,0,42,6,2,-0.26454022695543244,0,0.1724137931034483,0.15053763440860216,0.36399703374119396,0,0,8.6,11.6,test,11.6,0.0
00-0030279,K.Allen,Keenan Allen,WR,WR,"https://static.www.nfl.com/image/upload/f_auto,q_auto/league/ri267r6lzfwarh89hsn6",2025,1,REG,2025_01_KC_LAC,LAC,KC,0,0,0,0,0,0,0,0,0,0,0,0,,,0,0,0,0,0,0,0,,0,7,10,68,1,0,0,89,20,6,6.346878370424017,0,0.29411764705882354,0.260233918128655,0.6233402132782937,0,0,12.8,19.8,test,19.8,0.0
00-0030506,T.Kelce,Travis Kelce,TE,TE,"https://static.www.nfl.com/image/upload/f_auto,q_auto/league/dpxovcfku6ud2aohgf6a",2025,1,REG,2025_01_KC_LAC,KC,LAC,0,0,0,0,0,0,0,0,0,0,0,0,,,0,0,0,0,0,0,0,,0,2,4,47,1,0,0,24,24,2,2.9727956554852426,0,0.10526315789473684,0.08856088560885608,0.2198873567683045,0,0,10.7,12.7,test,12.7,0.0
00-0030564,D.Hopkins,DeAndre Hopkins,WR,WR,"https://static.www.nfl.com/image/upload/f_auto,q_auto/league/snvo6holyfdjmrlqxqxu",2025,1,REG,2025_01_BAL_BUF,BAL,BUF,0,0,0,0,0,0,0,0,0,0,0,0,,,0,0,0,0,0,0,0,,0,2,2,35,1,0,0,33,2,1,2.635307776858099,0,0.10526315789473684,0.1907514450867052,0.29142074840279886,0,0,9.5,11.5,test,11.5,0.0
00-0030565,G.Smith,Geno Smith,QB,QB,"https://static.www.nfl.com/image/upload/f_auto,q_auto/league/zppfqqcyjfma14jjif3a",2025,1,REG,2025_01_LV_NE,LV,NE,24,34,362,1,1,4,-29,0,0,350,140,17,14.945327814546477,9.620190027988318,0,2,10,0,0,0,1,0.11908065629540943,0,0,0,0,0,0,0,0,0,0,,0,0.0,0.0,0.0,0,0,17.48,17.48,test,17.48,0.0
00-0031236,B.Cooks,Brandin Cooks,WR,WR,"https://static.www.nfl.com/image/upload/f_auto,q_auto/league/krz3gv9jjs92arlctvqf",2025,1,REG,2025_01_ARI_NO,NO,ARI,0,0,0,0,0,0,0,0,0,0,0,0,,,0,0,0,0,0,0,0,,0,3,4,26,0,0,0,18,20,2,1.5354513814090751,0,0.0975609756097561,0.05357142857142857,0.18384146341463417,0,0,2.6,5.6,test,5.6,0.0
00-0031381,D.Adams,Davante Adams,WR,WR,"https://static.www.nfl.com/image/upload/f_auto,q_auto/league/tdzluk4xau3arxqk9zsl",2025,1,REG,2025_01_HOU_LA,LA,HOU,0,0,0,0,0,0,0,0,0,0,0,0,,,0,0,0,0,0,0,0,,0,4,8,51,0,0,0,70,8,4,3.7512083055917174,0,0.2857142857142857,0.30973451327433627,0.6453855878634639,0,0,5.1000000000000005,9.100000000000001,test,9.1,-0.0
00-0031408,M.Evans,Mike Evans,WR,WR,"https://static.www.nfl.com/image/upload/f_auto,q_auto/league/zc4ujpmndyxrbiyyjomz",2025,1,REG,2025_01_TB_ATL,TB,ATL,0,0,0,0,0,0,0,0,0,0,0,0,,,0,0,0,0,0,0,0,,0,5,8,51,0,0,0,106,4,4,3.750426472002874,0,0.26666666666666666,0.31736526946107785,0.6221556886227545,0,0,5.1000000000000005,10.100000000000001,test,10.1,-0.0
00-0031588,S.Diggs,Stefon Diggs,WR,WR,"https://static.www.nfl.com/image/upload/f_auto,q_auto/league/cemcexmscsarpvwhafln",2025,1,REG,2025_01_LV_NE,NE,LV,0,0,0,0,0,0,0,0,0,0,0,0,,,0,0,0,0,0,0,0,,0,6,7,57,0,0,0,61,19,3,0.6449347106691947,0,0.15555555555555556,0.17280453257790368,0.3542965061378659,0,0,5.7,11.7,test,11.7,0.0
00-0031763,D.Carter,DeAndre Carter,WR,WR,"https://static.www.nfl.com/image/upload/f_auto,q_auto/league/jx4io3owliw3l5xve6ta",2025,1,REG,2025_01_CIN_CLE,CLE,CIN,0,0,0,0,0,0,0,0,0,0,0,0,,,0,0,0,0,0,0,0,,0,0,0,0,0,0,0,0,0,0,,0,0.0,0.0,0.0,0,0,0.0,0.0,test,0.0,0.0
00-0032211,T.Lockett,Tyler Lockett,WR,WR,"https://static.www.nfl.com/image/upload/f_auto,q_auto/league/gyhvviyep9iigeaobxmi",2025,1,REG,2025_01_TEN_DEN,TEN,DEN,0,0,0,0,0,0,0,0,0,0,0,0,,,0,0,0,0,0,0,0,,0,0,1,0,0,0,0,16,0,0,-0.5364842391572893,0,0.04,0.05442176870748299,0.0980952380952381,0,0,0.0,0.0,test,0.0,0.0
00-0032385,S.Shepard,Sterling Shepard,WR,WR,"https://static.www.nfl.com/image/upload/f_auto,q_auto/league/l47czwi8aaznnit0se5h",2025,1,REG,2025_01_TB_ATL,TB,ATL,0,0,0,0,0,0,0,0,0,0,0,0,,,0,0,0,0,0,0,0,,0,3,6,39,0,0,0,86,8,3,0.8255228738998994,0,0.2,0.25748502994011974,0.48023952095808387,0,0,3.9000000000000004,6.9,test,6.9,0.0
00-0032392,A.Hooper,Austin Hooper,TE,TE,"https://static.www.nfl.com/image/upload/f_auto,q_auto/league/dd0j9ccd8fxokl48alzg",2025,1,REG,2025_01_LV_NE,NE,LV,0,0,0,0,0,0,0,0,0,0,0,0,,,0,0,0,0,0,0,0,,0,1,1,10,0,0,0,3,7,1,0.8265560761210509,0,0.022222222222222223,0.0084985835694051,0.0392823418319169,0,0,1.0,2.0,test,2.0,0.0
00-0032398,C.Moore,Chris Moore,WR,WR,"https://static.www.nfl.com/image/upload/f_auto,q_auto/league/o0s29hnpztyxqotqdx8h",2025,1,REG,2025_01_NYG_WAS,WAS,NYG,0,0,0,0,0,0,0,0,0,0,0,0,,,0,0,0,0,0,0,0,,0,1,1,34,0,0,0,34,0,1,2.441982574528083,0,0.034482758620689655,0.12186379928315412,0.13702879742924237,0,0,3.4000000000000004,4.4,test,4.4,0.0
00-0032464,K.Raymond,Kalif Raymond,WR,WR,"https://static.www.nfl.com/image/upload/f_auto,q_auto/league/dpdv6dm0almcbjdppizx",2025,1,REG,2025_01_DET_GB,DET,GB,0,0,0,0,0,0,0,0,0,0,0,0,,,0,0,0,0,0,0,0,,0,2,3,16,0,0,0,23,16,1,0.852945530670695,0,0.07894736842105263,0.1411042944785276,0.21719405876654824,0,0,1.6,3.6,test,3.6,0.0
00-0032764,D.Henry,Derrick Henry,RB,RB,"https://static.www.nfl.com/image/upload/f_auto,q_auto/league/tm79x0iknqg6hms3ypyt",2025,1,REG,2025_01_BAL_BUF,BAL,BUF,0,0,0,0,0,0,0,0,0,0,0,0,,,0,18,169,2,1,1,5,3.486422095389571,0,1,1,13,0,0,0,5,8,1,0.8707738592056558,0,0.05263157894736842,0.028901734104046242,0.09917858229388499,0,1,28.2,29.2,test,29.2,0.0
00-0033040,T.Hill,Tyreek Hill,WR,WR,"https://static.www.nfl.com/image/upload/f_auto,q_auto/league/gg73gnfivrn80oyqwazl",2025,1,REG,2025_01_MIA_IND,MIA,IND,0,0,0,0,0,0,0,0,0,0,0,0,,,0,0,0,0,0,0,0,,0,4,6,40,0,0,0,86,5,3,-0.7789576242212206,0,0.1935483870967742,0.36752136752136755,0.5475875379101185,0,0,4.0,8.0,test,8.0,0.0
00-0033077,D.Prescott,Dak Prescott,QB,QB,"https://static.www.nfl.com/image/upload/f_auto,q_auto/league/yvscmqq1qki8zfsemmcd",2025,1,REG,2025_01_DAL_PHI,DAL,PHI,21,34,188,0,0,0,0,0,0,329,75,9,1.6543752712656965,0.17288182720993506,0,1,3,0,0,0,0,-0.270603415730875,0,0,0,0,0,0,0,0,0,0,,0,0.0,0.0,0.0,0,0,7.82,7.82,test,7.82,0.0
00-0033090,H.Henry,Hunter Henry,TE,TE,"https://static.www.nfl.com/image/upload/f_auto,q_auto/league/cvlunbqgztudbhjrug7l",2025,1,REG,2025_01_LV_NE,NE,LV,0,0,0,0,0,0,0,0,0,0,0,0,,,0,0,0,0,0,0,0,,0,4,8,66,0,0,0,117,19,3,2.938989326969022,0,0.17777777777777778,0.3314447592067989,0.4986779981114259,0,0,6.6000000000000005,10.600000000000001,test,10.6,-0.0
00-0033106,J.Goff,Jared Goff,QB,QB,"https://static.www.nfl.com/image/upload/f_auto,q_auto/league/kaicbot8qhzrvddilbtp",2025,1,REG,2025_01_DET_GB,DET,GB,31,39,225,1,1,4,-25,0,0,163,121,13,1.3743778578947285,11.339418903777474,0,1,-1,0,0,0,0,0.0,0,0,0,0,0,0,0,0,0,0,,0,0.0,0.0,0.0,0,0,10.9,10.9,test,10.9,0.0
00-0033110,T.Higbee,Tyler Higbee,TE,TE,"https://static.www.nfl.com/image/upload/f_auto,q_auto/league/x1d4osiefibd04df6gow",2025,1,REG,2025_01_HOU_LA,LA,HOU,0,0,0,0,0,0,0,0,0,0,0,0,,,0,0,0,0,0,0,0,,0,0,0,0,0,0,0,0,0,0,,0,0.0,0.0,0.0,0,0,0.0,0.0,test,0.0,0.0
00-0033217,M.Alie-Cox,Mo Alie-Cox,TE,TE,"https://static.www.nfl.com/image/upload/f_auto,q_auto/league/ivdxijcqlhfwsydxh6ox",2025,1,REG,2025_01_MIA_IND,IND,MIA,0,0,0,0,0,0,0,0,0,0,0,0,,,0,0,0,0,0,0,0,,0,1,1,20,0,0,0,2,18,1,1.3617712380364537,0,0.034482758620689655,0.01020408163265306,0.05886699507389162,0,0,2.0,3.0,test,3.0,0.0
00-0033246,J.Mundt,Johnny Mundt,TE,TE,"https://static.www.nfl.com/image/upload/f_auto,q_auto/league/gbsnomwbzavt5124vvaz",2025,1,REG,2025_01_CAR_JAX,JAX,CAR,0,0,0,0,0,0,0,0,0,0,0,0,,,0,0,0,0,0,0,0,,0,0,1,0,0,0,0,-3,0,0,-0.563763843732886,0,0.034482758620689655,-0.013452914798206279,0.042307097572290085,0,0,0.0,0.0,test,0.0,0.0
00-0033280,C.McCaffrey,Christian McCaffrey,RB,RB,"https://static.www.nfl.com/image/upload/f_auto,q_auto/league/st82s2ytyzanatcmkqck",2025,1,REG,2025_01_SF_SEA,SF,SEA,0,0,0,0,0,0,0,0,0,0,0,0,,,0,22,69,0,0,0,6,-5.274798283557175,0,9,10,73,0,0,0,20,62,3,4.759142103773174,0,0.29411764705882354,0.07692307692307693,0.49502262443438916,0,0,14.200000000000001,23.200000000000003,test,23.2,-0.0
00-0033288,G.Kittle,George Kittle,TE,TE,"https://static.www.nfl.com/image/upload/f_auto,q_auto/league/vkicdglglkyukgyxtmpx",2025,1,REG,2025_01_SF_SEA,SF,SEA,0,0,0,0,0,0,0,0,0,0,0,0,,,0,0,0,0,0,0,0,,0,4,4,25,1,0,0,22,3,3,4.294481564022135,0,0.11764705882352941,0.08461538461538462,0.23570135746606333,0,0,8.5,12.5,test,12.5,0.0
00-0033293,A.Jones,Aaron Jones,RB,RB,"https://static.www.nfl.com/image/upload/f_auto,q_auto/league/bktkfvgfwujkdbzkcfim",2025,1,REG,2025_01_MIN_CHI,MIN,CHI,0,0,0,0,0,0,0,0,0,0,0,0,,,0,8,23,0,0,0,1,-1.3980494601419196,0,3,3,44,1,0,0,21,23,2,4.188290114689153,0,0.15,0.1794871794871795,0.3506410256410256,0,0,12.7,15.7,test,15.7,0.0
00-0033526,S.Perine,Samaje Perine,RB,RB,"https://static.www.nfl.com/image/upload/f_auto,q_auto/league/fllwhcdovol5i7xxahf6",2025,1,REG,2025_01_CIN_CLE,CIN,CLE,0,0,0,0,0,0,0,0,0,0,0,0,,,0,0,0,0,0,0,0,,0,2,2,6,0,0,0,2,4,1,0.286544852075167,0,0.08695652173913043,0.011834319526627219,0.1387188062773347,0,0,0.6000000000000001,2.6,test,2.6,0.0
00-0033553,J.Conner,James Conner,RB,RB,"https://static.www.nfl.com/image/upload/f_auto,q_auto/league/ka8wlhtteg8hsowsdofk",2025,1,REG,2025_01_ARI_NO,ARI,NO,0,0,0,0,0,0,0,0,0,0,0,0,,,0,12,39,0,0,0,1,-2.8264370815013535,0,4,4,5,1,0,0,-15,20,2,0.47025403601583093,0,0.13793103448275862,-0.09036144578313253,0.14364353967594518,0,0,10.4,14.4,test,14.4,0.0
00-0033555,M.Hollins,Mack Hollins,WR,WR,"https://static.www.nfl.com/image/upload/f_auto,q_auto/league/qbz7whjzsittudcecezw",2025,1,REG,2025_01_LV_NE,NE,LV,0,0,0,0,0,0,0,0,0,0,0,0,,,0,0,0,0,0,0,0,,0,1,2,3,0,0,0,13,0,1,0.9462303819600493,0,0.044444444444444446,0.036827195467422094,0.09244570349386214,0,0,0.30000000000000004,1.3,test,1.3,0.0
00-0033572,J.Agnew,Jamal Agnew,WR,WR,"https://static.www.nfl.com/image/upload/f_auto,q_auto/league/buapoaxrvjzwsr4l34mq",2025,1,REG,2025_01_TB_ATL,ATL,TB,0,0,0,0,0,0,0,0,0,0,0,0,,,0,0,0,0,0,0,0,,0,0,0,0,0,0,0,0,0,0,,0,0.0,0.0,0.0,0,0,0.0,0.0,test,0.0,0.0
00-0033576,E.Saubert,Eric Saubert,TE,TE,"https://static.www.nfl.com/image/upload/f_auto,q_auto/league/czzieyox5rht6ae3g5tx",2025,1,REG,2025_01_SF_SEA,SEA,SF,0,0,0,0,0,0,0,0,0,0,0,0,,,0,0,0,0,0,0,0,,0,0,0,0,0,0,0,0,0,0,,0,0.0,0.0,0.0,0,0,0.0,0.0,test,0.0,0.0
00-0033589,D.Moore,David Moore,WR,WR,"https://static.www.nfl.com/image/upload/f_auto,q_auto/league/iyawzolvibsds35fwapv",2025,1,REG,2025_01_CAR_JAX,CAR,JAX,0,0,0,0,0,0,0,0,0,0,0,0,,,0,0,0,0,0,0,0,,0,0,0,0,0,0,0,0,0,0,,0,0.0,0.0,0.0,0,0,0.0,0.0,test,0.0,0.0
00-0033591,N.Brown,Noah Brown,WR,WR,"https://static.www.nfl.com/image/upload/f_auto,q_auto/league/nv6ix0p8965yiugsuhwh",2025,1,REG,2025_01_NYG_WAS,WAS,NYG,0,0,0,0,0,0,0,0,0,0,0,0,,,0,0,0,0,0,0,0,,0,2,3,27,0,0,0,34,6,1,1.6061324301117565,0,0.10344827586206896,0.12186379928315412,0.24047707329131135,0,0,2.7,4.7,test,4.7,0.0
00-0033699,A.Ekeler,Austin Ekeler,RB,RB,"https://static.www.nfl.com/image/upload/f_auto,q_auto/league/sldndpn2zwt4uhkj2zks",2025,1,REG,2025_01_NYG_WAS,WAS,NYG,0,0,0,0,0,0,0,0,0,0,0,0,,,0,6,26,0,0,0,1,-0.24778196716215461,0,3,3,31,0,0,0,-7,38,2,2.6382721768168267,0,0.10344827586206896,-0.025089605734767026,0.13760968977876653,0,0,5.7,8.7,test,8.7,0.0
00-0033854,D.Ogunbowale,Dare Ogunbowale,RB,RB,"https://static.www.nfl.com/image/upload/f_auto,q_auto/league/bsm0k0jkytuiej2riudv",2025,1,REG,2025_01_HOU_LA,HOU,LA,0,0,0,0,0,0,0,0,0,0,0,0,,,0,2,9,0,0,0,0,-1.0871769601944834,0,2,2,17,0,1,1,5,12,1,-4.106586049252655,0,0.07407407407407407,0.029069767441860465,0.13145994832041344,0,1,0.6000000000000001,2.6,test,2.6,0.0
00-0033857,J.Smith-Schuster,JuJu Smith-Schuster,WR,WR,"https://static.www.nfl.com/image/upload/f_auto,q_auto/league/fmjrhk2zt9z22uifctv0",2025,1,REG,2025_01_KC_LAC,KC,LAC,0,0,0,0,0,0,0,0,0,0,0,0,,,0,0,0,0,0,0,0,,0,5,5,55,0,0,0,29,26,1,4.612270607263781,0,0.13157894736842105,0.1070110701107011,0.27227617013012234,0,0,5.5,10.5,test,10.5,0.0
00-0033858,J.Smith,Jonnu Smith,TE,TE,"https://static.www.nfl.com/image/upload/f_auto,q_auto/league/egd6llghj3n5wfdrqacw",2025,1,REG,2025_01_PIT_NYJ,PIT,NYJ,0,0,0,0,0,0,0,0,0,0,0,0,,,0,0,0,0,0,0,0,,0,5,6,15,1,0,0,-6,29,2,1.007067406086021,0,0.20689655172413793,-0.04316546762589928,0.2801290002480774,0,0,7.5,12.5,test,12.5,0.0
00-0033873,P.Mahomes,Patrick Mahomes,QB,QB,"https://static.www.nfl.com/image/upload/f_auto,q_auto/league/wdckwtob1lybvkmxnf7p",2025,1,REG,2025_01_KC_LAC,KC,LAC,24,39,258,1,0,2,-9,0,0,271,116,9,3.4485526789862906,-5.99277631232613,0,6,57,1,0,0,5,7.211467055254616,0,0,0,0,0,0,0,0,0,0,,0,0.0,0.0,0.0,0,0,26.02,26.02,test,26.02,0.0
00-0033881,E.Engram,Evan Engram,TE,TE,"https://static.www.nfl.com/image/upload/f_auto,q_auto/league/nucl2dxmpvhlywhyro8o",2025,1,REG,2025_01_TEN_DEN,DEN,TEN,0,0,0,0,0,0,0,0,0,0,0,0,,,0,0,0,0,0,0,0,,0,3,4,21,0,0,0,10,16,1,1.6787176717771217,0,0.10810810810810811,0.046948356807511735,0.1950260119274204,0,0,2.1,5.1,test,5.1,0.0
00-0033885,D.Njoku,David Njoku,TE,TE,"https://static.www.nfl.com/image/upload/f_auto,q_auto/league/y4g1iayqrbrhdvkqywpx",2025,1,REG,2025_01_CIN_CLE,CLE,CIN,0,0,0,0,0,0,0,0,0,0,0,0,,,0,0,0,0,0,0,0,,0,3,6,37,0,0,0,41,23,1,0.4488460258580744,0,0.14285714285714285,0.15018315018315018,0.3194139194139194,0,0,3.7,6.7,test,6.7,0.0
00-0033891,Z.Jones,Zay Jones,WR,WR,"https://static.www.nfl.com/image/upload/f_auto,q_auto/league/qihjjzfk0vwzoyrzztkq",2025,1,REG,2025_01_ARI_NO,ARI,NO,0,0,0,0,0,0,0,0,0,0,0,0,,,0,0,0,0,0,0,0,,0,1,1,4,0,0,0,2,2,0,0.06692167394794524,0,0.034482758620689655,0.012048192771084338,0.06015787287079352,0,0,0.4,1.4,test,1.4,0.0
00-0033906,A.Kamara,Alvin Kamara,RB,RB,"https://static.www.nfl.com/image/upload/f_auto,q_auto/league/yxebpuskandivlh2iil4",2025,1,REG,2025_01_ARI_NO,NO,ARI,0,0,0,0,0,0,0,0,0,0,0,0,,,0,11,45,1,0,0,3,-0.9219135475868825,0,2,2,12,0,0,0,-3,15,1,0.7563604727620259,0,0.04878048780487805,-0.008928571428571428,0.06692073170731708,0,0,11.7,13.7,test,13.7,0.0
00-0033908,C.Kupp,Cooper Kupp,WR,WR,"https://static.www.nfl.com/image/upload/f_auto,q_auto/league/kjixprihktsfog6wx9sq",2025,1,REG,2025_01_SF_SEA,SEA,SF,0,0,0,0,0,0,0,0,0,0,0,0,,,0,0,0,0,0,0,0,,0,2,3,15,0,0,0,20,3,0,-1.960867792888786,0,0.13636363636363635,0.10152284263959391,0.27561144439317026,0,0,1.5,3.5,test,3.5,0.0
00-0033923,K.Hunt,Kareem Hunt,RB,RB,"https://static.www.nfl.com/image/upload/f_auto,q_auto/league/hktvzf8hiupoycyg1kmc",2025,1,REG,2025_01_KC_LAC,KC,LAC,0,0,0,0,0,0,0,0,0,0,0,0,,,0,5,16,0,0,0,2,2.3410449299262837,0,2,3,10,0,0,0,-2,12,1,0.41320900770369917,0,0.07894736842105263,-0.007380073800738007,0.11325500097106234,0,0,2.6,4.6,test,4.6,0.0
00-0033943,J.Reynolds,Josh Reynolds,WR,WR,"https://static.www.nfl.com/image/upload/f_auto,q_auto/league/lf1fjsagcsvxmktl0bbn",2025,1,REG,2025_01_PIT_NYJ,NYJ,PIT,0,0,0,0,0,0,0,0,0,0,0,0,,,0,0,0,0,0,0,0,,0,2,3,18,0,0,0,30,2,0,0.9393312151078135,0,0.14285714285714285,0.17751479289940827,0.33854606931530007,0,0,1.8,3.8,test,3.8,0.0
00-0033955,J.McNichols,Jeremy McNichols,RB,RB,"https://static.www.nfl.com/image/upload/f_auto,q_auto/league/xcrgrtlk6ukrshtlnr5e",2025,1,REG,2025_01_NYG_WAS,WAS,NYG,0,0,0,0,0,0,0,0,0,0,0,0,,,0,4,25,0,0,0,2,-0.48945824248949066,0,0,0,0,0,0,0,0,0,0,,0,0.0,0.0,0.0,0,0,2.5,2.5,test,2.5,0.0
00-0034159,W.Dissly,Will Dissly,TE,TE,"https://static.www.nfl.com/image/upload/f_auto,q_auto/league/b2s1wwxsgkenwlxmncu3",2025,1,REG,2025_01_KC_LAC,LAC,KC,0,0,0,0,0,0,0,0,0,0,0,0,,,0,0,0,0,0,0,0,,0,1,1,18,0,0,0,5,13,1,1.1171776370611042,0,0.029411764705882353,0.014619883040935672,0.054351565187478496,0,0,1.8,2.8,test,2.8,0.0
00-0034270,T.Conklin,Tyler Conklin,TE,TE,"https://static.www.nfl.com/image/upload/f_auto,q_auto/league/knjuzxnzsfjxwcjxp5en",2025,1,REG,2025_01_KC_LAC,LAC,KC,0,0,0,0,0,0,0,0,0,0,0,0,,,0,1,2,0,0,0,1,0.5390934753813781,0,2,2,50,0,1,0,28,22,2,2.7055307659320533,0,0.058823529411764705,0.08187134502923976,0.1455452356381149,0,0,5.2,7.2,test,7.2,0.0
00-0034348,C.Sutton,Courtland Sutton,WR,WR,"https://static.www.nfl.com/image/upload/f_auto,q_auto/league/kqwmqcrlrwmqcvfuguhs",2025,1,REG,2025_01_TEN_DEN,DEN,TEN,0,0,0,0,0,0,0,0,0,0,0,0,,,0,0,0,0,0,0,0,,0,6,9,61,1,0,0,107,8,4,3.078325612761546,0,0.24324324324324326,0.5023474178403756,0.7165080573531278,0,0,12.100000000000001,18.1,test,18.1,0.0
00-0034351,D.Goedert,Dallas Goedert,TE,TE,"https://static.www.nfl.com/image/upload/f_auto,q_auto/league/bafepstxu7vvxb9v5vua",2025,1,REG,2025_01_DAL_PHI,PHI,DAL,0,0,0,0,0,0,0,0,0,0,0,0,,,0,0,0,0,0,0,0,,0,7,7,44,0,0,0,34,10,2,2.1053661364130676,0,0.35,0.30357142857142855,0.7374999999999998,0,0,4.4,11.4,test,11.4,0.0
00-0034383,D.Schultz,Dalton Schultz,TE,TE,"https://static.www.nfl.com/image/upload/f_auto,q_auto/league/ym8sbkev8l4scnrc0vd8",2025,1,REG,2025_01_HOU_LA,HOU,LA,0,0,0,0,0,0,0,0,0,0,0,0,,,0,0,0,0,0,0,0,,0,3,5,28,0,0,0,25,11,2,1.6341393941017128,0,0.18518518518518517,0.14534883720930233,0.37952196382428943,0,0,2.8000000000000003,5.800000000000001,test,5.8,-0.0
00-0034386,J.Watson,Justin Watson,WR,WR,"https://static.www.nfl.com/image/upload/f_auto,q_auto/league/qupxjfqxueke4sgmlrk3",2025,1,REG,2025_01_HOU_LA,HOU,LA,0,0,0,0,0,0,0,0,0,0,0,0,,,0,0,0,0,0,0,0,,0,2,2,27,0,0,0,14,13,1,2.830138952238485,0,0.07407407407407407,0.08139534883720931,0.1680878552971576,0,0,2.7,4.7,test,4.7,0.0
00-0034407,R.McCloud,Ray-Ray McCloud,WR,WR,"https://static.www.nfl.com/image/upload/f_auto,q_auto/league/nvwn3sdihyyd2itjt7vy",2025,1,REG,2025_01_TB_ATL,ATL,TB,0,0,0,0,0,0,0,0,0,0,0,0,,,0,0,0,0,0,0,0,,0,3,5,51,0,0,0,36,24,3,3.5406421051593497,0,0.11904761904761904,0.125,0.2660714285714285,0,0,5.1000000000000005,8.100000000000001,test,8.1,-0.0
00-0034487,T.Sherfield,Trent Sherfield,WR,WR,"https://static.www.nfl.com/image/upload/f_auto,q_auto/league/iiig88xbj5zeau59ifvv",2025,1,REG,2025_01_TEN_DEN,DEN,TEN,0,0,0,0,0,0,0,0,0,0,0,0,,,0,0,0,0,0,0,0,,0,1,1,3,0,0,0,-2,5,0,-0.24517847155220807,0,0.02702702702702703,-0.009389671361502348,0.0339677705874889,0,0,0.30000000000000004,1.3,test,1.3,0.0
